RUC,RAZON_SOCIAL,SUNAT_DEPARTAMENTO,SUNAT_PROVINCIA,SUNAT_DISTRITO,segmento_riesgo_final,nivel_riesgo,promedio_dias_atraso,maximo_dias_atraso,tendencia_creciente,tiene_ficha_maestro_clientes,status_regulatorio,alertas_regulatorias,facturas_pendientes_revision,accion_cobro_sugerida
,,,,,SIN_HISTORIAL_DE_FACTURACION,,,,,False,ALERTA — REVISIÓN HUMANA,['Cliente no encontrado en el maestro SUNAT (001_TBL_CLIENTES_B2B) -- no se puede validar SUNAT/Osiptel para este RUC.'],0,
,,,,,BAJO,BAJO,1.0,1.0,False,False,ALERTA — REVISIÓN HUMANA,['Cliente no encontrado en el maestro SUNAT (001_TBL_CLIENTES_B2B) -- no se puede validar SUNAT/Osiptel para este RUC.'],0,Mantener ciclo de facturación estándar; sin acción de cobranza adicional.
RUC_8ca6d6b78326,CLIENT_00326,HUANUCO,Huánuco,Huanuco,BAJO,BAJO,0.5,1.0,False,True,OK,[],0,Mantener ciclo de facturación estándar; sin acción de cobranza adicional.
RUC_396d38f985e6,CLIENT_00953,LIMA,Lima,San Isidro,BAJO,BAJO,-9.8,-3.0,False,True,OK,[],0,Mantener ciclo de facturación estándar; sin acción de cobranza adicional.
,,,,,SIN_HISTORIAL_DE_FACTURACION,,,,,False,ALERTA — REVISIÓN HUMANA,['Cliente no encontrado en el maestro SUNAT (001_TBL_CLIENTES_B2B) -- no se puede validar SUNAT/Osiptel para este RUC.'],0,
,,,,,SIN_HISTORIAL_DE_FACTURACION,,,,,False,ALERTA — REVISIÓN HUMANA,['Cliente no encontrado en el maestro SUNAT (001_TBL_CLIENTES_B2B) -- no se puede validar SUNAT/Osiptel para este RUC.'],0,
,,,,,SIN_HISTORIAL_DE_FACTURACION,,,,,False,ALERTA — REVISIÓN HUMANA,['Cliente no encontrado en el maestro SUNAT (001_TBL_CLIENTES_B2B) -- no se puede validar SUNAT/Osiptel para este RUC.'],0,
,,,,,SIN_HISTORIAL_DE_FACTURACION,,,,,False,ALERTA — REVISIÓN HUMANA,['Cliente no encontrado en el maestro SUNAT (001_TBL_CLIENTES_B2B) -- no se puede validar SUNAT/Osiptel para este RUC.'],0,
,,,,,SIN_HISTORIAL_DE_FACTURACION,,,,,False,ALERTA — REVISIÓN HUMANA,['Cliente no encontrado en el maestro SUNAT (001_TBL_CLIENTES_B2B) -- no se puede validar SUNAT/Osiptel para este RUC.'],0,
RUC_f6cd95a2a7dd,CLIENT_00084,JUNIN,Huancayo,Huancayo,BAJO,BAJO,-3.5,-2.0,False,True,OK,[],0,Mantener ciclo de facturación estándar; sin acción de cobranza adicional.
,,,,,SIN_HISTORIAL_DE_FACTURACION,,,,,False,ALERTA — REVISIÓN HUMANA,['Cliente no encontrado en el maestro SUNAT (001_TBL_CLIENTES_B2B) -- no se puede validar SUNAT/Osiptel para este RUC.'],0,
RUC_f05e9dc6587e,CLIENT_00975,LA LIBERTAD,Trujillo,Trujillo,BAJO,BAJO,-3.2,5.0,False,True,OK,[],0,Mantener ciclo de facturación estándar; sin acción de cobranza adicional.
RUC_bfd3a510f0a9,CLIENT_00092,ICA,Pisco,San Andrés,SIN_HISTORIAL_DE_FACTURACION,,,,,True,OK,[],0,
,,,,,SIN_HISTORIAL_DE_FACTURACION,,,,,False,ALERTA — REVISIÓN HUMANA,['Cliente no encontrado en el maestro SUNAT (001_TBL_CLIENTES_B2B) -- no se puede validar SUNAT/Osiptel para este RUC.'],0,
,,,,,SIN_HISTORIAL_DE_FACTURACION,,,,,False,ALERTA — REVISIÓN HUMANA,['Cliente no encontrado en el maestro SUNAT (001_TBL_CLIENTES_B2B) -- no se puede validar SUNAT/Osiptel para este RUC.'],0,
RUC_ab779ad05726,CLIENT_00966,LIMA,Lima,Jesús María,BAJO,BAJO,-3.5,-2.0,False,True,OK,[],0,Mantener ciclo de facturación estándar; sin acción de cobranza adicional.
,,,,,SIN_HISTORIAL_DE_FACTURACION,,,,,False,ALERTA — REVISIÓN HUMANA,['Cliente no encontrado en el maestro SUNAT (001_TBL_CLIENTES_B2B) -- no se puede validar SUNAT/Osiptel para este RUC.'],0,
,,,,,SIN_HISTORIAL_DE_FACTURACION,,,,,False,ALERTA — REVISIÓN HUMANA,['Cliente no encontrado en el maestro SUNAT (001_TBL_CLIENTES_B2B) -- no se puede validar SUNAT/Osiptel para este RUC.'],0,
RUC_228909407993,CLIENT_00722,LIMA,Lima,Independencia,BAJO,BAJO,-3.5,-2.0,True,True,OK,[],0,Mantener ciclo de facturación estándar; sin acción de cobranza adicional.
RUC_a01501c604bc,CLIENT_00787,LIMA,Lima,Miraflores,BAJO,BAJO,3.0,18.0,False,True,OK,[],1,Mantener ciclo de facturación estándar; sin acción de cobranza adicional.
RUC_0817254f5554,CLIENT_00498,LA LIBERTAD,Trujillo,El Porvenir,BAJO,BAJO,0.9,5.0,False,True,OK,[],1,Mantener ciclo de facturación estándar; sin acción de cobranza adicional.
,,,,,SIN_HISTORIAL_DE_FACTURACION,,,,,False,ALERTA — REVISIÓN HUMANA,['Cliente no encontrado en el maestro SUNAT (001_TBL_CLIENTES_B2B) -- no se puede validar SUNAT/Osiptel para este RUC.'],0,
,,,,,SIN_HISTORIAL_DE_FACTURACION,,,,,False,ALERTA — REVISIÓN HUMANA,['Cliente no encontrado en el maestro SUNAT (001_TBL_CLIENTES_B2B) -- no se puede validar SUNAT/Osiptel para este RUC.'],0,
,,,,,SIN_HISTORIAL_DE_FACTURACION,,,,,False,ALERTA — REVISIÓN HUMANA,['Cliente no encontrado en el maestro SUNAT (001_TBL_CLIENTES_B2B) -- no se puede validar SUNAT/Osiptel para este RUC.'],0,
,,,,,SIN_HISTORIAL_DE_FACTURACION,,,,,False,ALERTA — REVISIÓN HUMANA,['Cliente no encontrado en el maestro SUNAT (001_TBL_CLIENTES_B2B) -- no se puede validar SUNAT/Osiptel para este RUC.'],0,
,,,,,SIN_HISTORIAL_DE_FACTURACION,,,,,False,ALERTA — REVISIÓN HUMANA,['Cliente no encontrado en el maestro SUNAT (001_TBL_CLIENTES_B2B) -- no se puede validar SUNAT/Osiptel para este RUC.'],0,
,,,,,SIN_HISTORIAL_DE_FACTURACION,,,,,False,ALERTA — REVISIÓN HUMANA,['Cliente no encontrado en el maestro SUNAT (001_TBL_CLIENTES_B2B) -- no se puede validar SUNAT/Osiptel para este RUC.'],0,
,,,,,SIN_HISTORIAL_DE_FACTURACION,,,,,False,ALERTA — REVISIÓN HUMANA,['Cliente no encontrado en el maestro SUNAT (001_TBL_CLIENTES_B2B) -- no se puede validar SUNAT/Osiptel para este RUC.'],0,
,,,,,SIN_HISTORIAL_DE_FACTURACION,,,,,False,ALERTA — REVISIÓN HUMANA,['Cliente no encontrado en el maestro SUNAT (001_TBL_CLIENTES_B2B) -- no se puede validar SUNAT/Osiptel para este RUC.'],0,
,,,,,SIN_HISTORIAL_DE_FACTURACION,,,,,False,ALERTA — REVISIÓN HUMANA,['Cliente no encontrado en el maestro SUNAT (001_TBL_CLIENTES_B2B) -- no se puede validar SUNAT/Osiptel para este RUC.'],0,
,,,,,SIN_HISTORIAL_DE_FACTURACION,,,,,False,ALERTA — REVISIÓN HUMANA,['Cliente no encontrado en el maestro SUNAT (001_TBL_CLIENTES_B2B) -- no se puede validar SUNAT/Osiptel para este RUC.'],0,
,,,,,SIN_HISTORIAL_DE_FACTURACION,,,,,False,ALERTA — REVISIÓN HUMANA,['Cliente no encontrado en el maestro SUNAT (001_TBL_CLIENTES_B2B) -- no se puede validar SUNAT/Osiptel para este RUC.'],0,
,,,,,SIN_HISTORIAL_DE_FACTURACION,,,,,False,ALERTA — REVISIÓN HUMANA,['Cliente no encontrado en el maestro SUNAT (001_TBL_CLIENTES_B2B) -- no se puede validar SUNAT/Osiptel para este RUC.'],0,
,,,,,SIN_HISTORIAL_DE_FACTURACION,,,,,False,ALERTA — REVISIÓN HUMANA,['Cliente no encontrado en el maestro SUNAT (001_TBL_CLIENTES_B2B) -- no se puede validar SUNAT/Osiptel para este RUC.'],0,
,,,,,SIN_HISTORIAL_DE_FACTURACION,,,,,False,ALERTA — REVISIÓN HUMANA,['Cliente no encontrado en el maestro SUNAT (001_TBL_CLIENTES_B2B) -- no se puede validar SUNAT/Osiptel para este RUC.'],0,
,,,,,BAJO,BAJO,2.7,8.0,False,False,ALERTA — REVISIÓN HUMANA,['Cliente no encontrado en el maestro SUNAT (001_TBL_CLIENTES_B2B) -- no se puede validar SUNAT/Osiptel para este RUC.'],1,Mantener ciclo de facturación estándar; sin acción de cobranza adicional.
,,,,,BAJO,BAJO,-6.0,-3.0,True,False,ALERTA — REVISIÓN HUMANA,['Cliente no encontrado en el maestro SUNAT (001_TBL_CLIENTES_B2B) -- no se puede validar SUNAT/Osiptel para este RUC.'],0,Mantener ciclo de facturación estándar; sin acción de cobranza adicional.
,,,,,SIN_HISTORIAL_DE_FACTURACION,,,,,False,ALERTA — REVISIÓN HUMANA,['Cliente no encontrado en el maestro SUNAT (001_TBL_CLIENTES_B2B) -- no se puede validar SUNAT/Osiptel para este RUC.'],0,
RUC_488bec77afca,CLIENT_00553,LIMA,Huaura,Huacho,SIN_HISTORIAL_DE_FACTURACION,,,,,True,OK,[],0,
,,,,,SIN_HISTORIAL_DE_FACTURACION,,,,,False,ALERTA — REVISIÓN HUMANA,['Cliente no encontrado en el maestro SUNAT (001_TBL_CLIENTES_B2B) -- no se puede validar SUNAT/Osiptel para este RUC.'],0,
,,,,,BAJO,BAJO,-8.0,-8.0,False,False,ALERTA — REVISIÓN HUMANA,['Cliente no encontrado en el maestro SUNAT (001_TBL_CLIENTES_B2B) -- no se puede validar SUNAT/Osiptel para este RUC.'],0,Mantener ciclo de facturación estándar; sin acción de cobranza adicional.
,,,,,SIN_HISTORIAL_DE_FACTURACION,,,,,False,ALERTA — REVISIÓN HUMANA,['Cliente no encontrado en el maestro SUNAT (001_TBL_CLIENTES_B2B) -- no se puede validar SUNAT/Osiptel para este RUC.'],0,
,,,,,SIN_HISTORIAL_DE_FACTURACION,,,,,False,ALERTA — REVISIÓN HUMANA,['Cliente no encontrado en el maestro SUNAT (001_TBL_CLIENTES_B2B) -- no se puede validar SUNAT/Osiptel para este RUC.'],0,
,,,,,SIN_HISTORIAL_DE_FACTURACION,,,,,False,ALERTA — REVISIÓN HUMANA,['Cliente no encontrado en el maestro SUNAT (001_TBL_CLIENTES_B2B) -- no se puede validar SUNAT/Osiptel para este RUC.'],0,
RUC_06b3ef745c82,CLIENT_00467,CUSCO,Cusco,San Sebastian,SIN_HISTORIAL_DE_FACTURACION,,,,,True,OK,[],0,
RUC_5dfc219d9466,CLIENT_00168,CALLAO,Prov. Const. del Callao,Callao,BAJO,BAJO,2.8,3.0,False,True,OK,[],0,Mantener ciclo de facturación estándar; sin acción de cobranza adicional.
,,,,,SIN_HISTORIAL_DE_FACTURACION,,,,,False,ALERTA — REVISIÓN HUMANA,['Cliente no encontrado en el maestro SUNAT (001_TBL_CLIENTES_B2B) -- no se puede validar SUNAT/Osiptel para este RUC.'],0,
,,,,,SIN_HISTORIAL_DE_FACTURACION,,,,,False,ALERTA — REVISIÓN HUMANA,['Cliente no encontrado en el maestro SUNAT (001_TBL_CLIENTES_B2B) -- no se puede validar SUNAT/Osiptel para este RUC.'],0,
,,,,,SIN_HISTORIAL_DE_FACTURACION,,,,,False,ALERTA — REVISIÓN HUMANA,['Cliente no encontrado en el maestro SUNAT (001_TBL_CLIENTES_B2B) -- no se puede validar SUNAT/Osiptel para este RUC.'],0,
,,,,,SIN_HISTORIAL_DE_FACTURACION,,,,,False,ALERTA — REVISIÓN HUMANA,['Cliente no encontrado en el maestro SUNAT (001_TBL_CLIENTES_B2B) -- no se puede validar SUNAT/Osiptel para este RUC.'],0,
RUC_53c683d58be7,CLIENT_00510,LIMA,Lima,San Miguel,BAJO,BAJO,-9.5,-7.0,True,True,OK,[],0,Mantener ciclo de facturación estándar; sin acción de cobranza adicional.
,,,,,SIN_HISTORIAL_DE_FACTURACION,,,,,False,ALERTA — REVISIÓN HUMANA,['Cliente no encontrado en el maestro SUNAT (001_TBL_CLIENTES_B2B) -- no se puede validar SUNAT/Osiptel para este RUC.'],0,
,,,,,BAJO,BAJO,0.0,11.0,False,False,ALERTA — REVISIÓN HUMANA,['Cliente no encontrado en el maestro SUNAT (001_TBL_CLIENTES_B2B) -- no se puede validar SUNAT/Osiptel para este RUC.'],2,Mantener ciclo de facturación estándar; sin acción de cobranza adicional.
,,,,,SIN_HISTORIAL_DE_FACTURACION,,,,,False,ALERTA — REVISIÓN HUMANA,['Cliente no encontrado en el maestro SUNAT (001_TBL_CLIENTES_B2B) -- no se puede validar SUNAT/Osiptel para este RUC.'],0,
RUC_9a09a8089de3,CLIENT_00136,LIMA,Lima,Lima,SIN_HISTORIAL_DE_FACTURACION,,,,,True,OK,[],0,
RUC_d38b162d8a28,CLIENT_00943,LA LIBERTAD,Ascope,Paijan,SIN_HISTORIAL_DE_FACTURACION,,,,,True,OK,[],0,
,,,,,SIN_HISTORIAL_DE_FACTURACION,,,,,False,ALERTA — REVISIÓN HUMANA,['Cliente no encontrado en el maestro SUNAT (001_TBL_CLIENTES_B2B) -- no se puede validar SUNAT/Osiptel para este RUC.'],0,
,,,,,SIN_HISTORIAL_DE_FACTURACION,,,,,False,ALERTA — REVISIÓN HUMANA,['Cliente no encontrado en el maestro SUNAT (001_TBL_CLIENTES_B2B) -- no se puede validar SUNAT/Osiptel para este RUC.'],0,
,,,,,SIN_HISTORIAL_DE_FACTURACION,,,,,False,ALERTA — REVISIÓN HUMANA,['Cliente no encontrado en el maestro SUNAT (001_TBL_CLIENTES_B2B) -- no se puede validar SUNAT/Osiptel para este RUC.'],0,
,,,,,SIN_HISTORIAL_DE_FACTURACION,,,,,False,ALERTA — REVISIÓN HUMANA,['Cliente no encontrado en el maestro SUNAT (001_TBL_CLIENTES_B2B) -- no se puede validar SUNAT/Osiptel para este RUC.'],0,
,,,,,SIN_HISTORIAL_DE_FACTURACION,,,,,False,ALERTA — REVISIÓN HUMANA,['Cliente no encontrado en el maestro SUNAT (001_TBL_CLIENTES_B2B) -- no se puede validar SUNAT/Osiptel para este RUC.'],0,
,,,,,SIN_HISTORIAL_DE_FACTURACION,,,,,False,ALERTA — REVISIÓN HUMANA,['Cliente no encontrado en el maestro SUNAT (001_TBL_CLIENTES_B2B) -- no se puede validar SUNAT/Osiptel para este RUC.'],0,
,,,,,SIN_HISTORIAL_DE_FACTURACION,,,,,False,ALERTA — REVISIÓN HUMANA,['Cliente no encontrado en el maestro SUNAT (001_TBL_CLIENTES_B2B) -- no se puede validar SUNAT/Osiptel para este RUC.'],0,
,,,,,ALTO,ALTO,16.0,17.0,False,False,ALERTA — REVISIÓN HUMANA,['Cliente no encontrado en el maestro SUNAT (001_TBL_CLIENTES_B2B) -- no se puede validar SUNAT/Osiptel para este RUC.'],2,Contacto proactivo antes del vencimiento + oferta de plan de pago fraccionado; escalar a gestor de cuenta senior.
,,,,,SIN_HISTORIAL_DE_FACTURACION,,,,,False,ALERTA — REVISIÓN HUMANA,['Cliente no encontrado en el maestro SUNAT (001_TBL_CLIENTES_B2B) -- no se puede validar SUNAT/Osiptel para este RUC.'],0,
RUC_d11ab6573f00,CLIENT_00703,LIMA,Lima,Santiago de Surco,SIN_HISTORIAL_DE_FACTURACION,,,,,True,OK,[],0,
,,,,,BAJO,BAJO,-7.3,3.0,False,False,ALERTA — REVISIÓN HUMANA,['Cliente no encontrado en el maestro SUNAT (001_TBL_CLIENTES_B2B) -- no se puede validar SUNAT/Osiptel para este RUC.'],2,Mantener ciclo de facturación estándar; sin acción de cobranza adicional.
,,,,,SIN_HISTORIAL_DE_FACTURACION,,,,,False,ALERTA — REVISIÓN HUMANA,['Cliente no encontrado en el maestro SUNAT (001_TBL_CLIENTES_B2B) -- no se puede validar SUNAT/Osiptel para este RUC.'],0,
,,,,,BAJO,BAJO,1.2,16.0,False,False,ALERTA — REVISIÓN HUMANA,['Cliente no encontrado en el maestro SUNAT (001_TBL_CLIENTES_B2B) -- no se puede validar SUNAT/Osiptel para este RUC.'],1,Mantener ciclo de facturación estándar; sin acción de cobranza adicional.
,,,,,SIN_HISTORIAL_DE_FACTURACION,,,,,False,ALERTA — REVISIÓN HUMANA,['Cliente no encontrado en el maestro SUNAT (001_TBL_CLIENTES_B2B) -- no se puede validar SUNAT/Osiptel para este RUC.'],0,
,,,,,SIN_HISTORIAL_DE_FACTURACION,,,,,False,ALERTA — REVISIÓN HUMANA,['Cliente no encontrado en el maestro SUNAT (001_TBL_CLIENTES_B2B) -- no se puede validar SUNAT/Osiptel para este RUC.'],0,
RUC_dea73673d0e7,CLIENT_00989,LIMA,Lima,Lima,SIN_HISTORIAL_DE_FACTURACION,,,,,True,OK,[],0,
,,,,,SIN_HISTORIAL_DE_FACTURACION,,,,,False,ALERTA — REVISIÓN HUMANA,['Cliente no encontrado en el maestro SUNAT (001_TBL_CLIENTES_B2B) -- no se puede validar SUNAT/Osiptel para este RUC.'],0,
,,,,,MEDIO,MEDIO,10.3,16.0,False,False,ALERTA — REVISIÓN HUMANA,['Cliente no encontrado en el maestro SUNAT (001_TBL_CLIENTES_B2B) -- no se puede validar SUNAT/Osiptel para este RUC.'],1,Recordatorio automático 5 días antes del vencimiento por correo/WhatsApp; sin escalamiento humano todavía.
,,,,,MEDIO,MEDIO,7.0,16.0,False,False,ALERTA — REVISIÓN HUMANA,['Cliente no encontrado en el maestro SUNAT (001_TBL_CLIENTES_B2B) -- no se puede validar SUNAT/Osiptel para este RUC.'],1,Recordatorio automático 5 días antes del vencimiento por correo/WhatsApp; sin escalamiento humano todavía.
,,,,,ALTO,ALTO,15.0,20.0,True,False,ALERTA — REVISIÓN HUMANA,['Cliente no encontrado en el maestro SUNAT (001_TBL_CLIENTES_B2B) -- no se puede validar SUNAT/Osiptel para este RUC.'],0,Contacto proactivo antes del vencimiento + oferta de plan de pago fraccionado; escalar a gestor de cuenta senior.
,,,,,SIN_HISTORIAL_DE_FACTURACION,,,,,False,ALERTA — REVISIÓN HUMANA,['Cliente no encontrado en el maestro SUNAT (001_TBL_CLIENTES_B2B) -- no se puede validar SUNAT/Osiptel para este RUC.'],0,
RUC_4c5e452c9ee5,CLIENT_00012,CUSCO,Cusco,Cusco,BAJO,BAJO,0.0,2.0,False,True,OK,[],0,Mantener ciclo de facturación estándar; sin acción de cobranza adicional.
RUC_779b40e6f791,CLIENT_00908,LIMA,Lima,La Molina,BAJO,BAJO,-3.0,-2.0,False,True,OK,[],0,Mantener ciclo de facturación estándar; sin acción de cobranza adicional.
,,,,,SIN_HISTORIAL_DE_FACTURACION,,,,,False,ALERTA — REVISIÓN HUMANA,['Cliente no encontrado en el maestro SUNAT (001_TBL_CLIENTES_B2B) -- no se puede validar SUNAT/Osiptel para este RUC.'],0,
,,,,,BAJO,BAJO,-2.0,14.0,False,False,ALERTA — REVISIÓN HUMANA,['Cliente no encontrado en el maestro SUNAT (001_TBL_CLIENTES_B2B) -- no se puede validar SUNAT/Osiptel para este RUC.'],6,Mantener ciclo de facturación estándar; sin acción de cobranza adicional.
,,,,,SIN_HISTORIAL_DE_FACTURACION,,,,,False,ALERTA — REVISIÓN HUMANA,['Cliente no encontrado en el maestro SUNAT (001_TBL_CLIENTES_B2B) -- no se puede validar SUNAT/Osiptel para este RUC.'],0,
,,,,,SIN_HISTORIAL_DE_FACTURACION,,,,,False,ALERTA — REVISIÓN HUMANA,['Cliente no encontrado en el maestro SUNAT (001_TBL_CLIENTES_B2B) -- no se puede validar SUNAT/Osiptel para este RUC.'],0,
,,,,,SIN_HISTORIAL_DE_FACTURACION,,,,,False,ALERTA — REVISIÓN HUMANA,['Cliente no encontrado en el maestro SUNAT (001_TBL_CLIENTES_B2B) -- no se puede validar SUNAT/Osiptel para este RUC.'],0,
,,,,,SIN_HISTORIAL_DE_FACTURACION,,,,,False,ALERTA — REVISIÓN HUMANA,['Cliente no encontrado en el maestro SUNAT (001_TBL_CLIENTES_B2B) -- no se puede validar SUNAT/Osiptel para este RUC.'],0,
,,,,,SIN_HISTORIAL_DE_FACTURACION,,,,,False,ALERTA — REVISIÓN HUMANA,['Cliente no encontrado en el maestro SUNAT (001_TBL_CLIENTES_B2B) -- no se puede validar SUNAT/Osiptel para este RUC.'],0,
RUC_4dc445a5b759,CLIENT_00428,LIMA,Lima,San Miguel,SIN_HISTORIAL_DE_FACTURACION,,,,,True,OK,[],0,
RUC_e2f02736a47b,CLIENT_00816,LIMA,Lima,San Isidro,SIN_HISTORIAL_DE_FACTURACION,,,,,True,OK,[],0,
,,,,,SIN_HISTORIAL_DE_FACTURACION,,,,,False,ALERTA — REVISIÓN HUMANA,['Cliente no encontrado en el maestro SUNAT (001_TBL_CLIENTES_B2B) -- no se puede validar SUNAT/Osiptel para este RUC.'],0,
,,,,,SIN_HISTORIAL_DE_FACTURACION,,,,,False,ALERTA — REVISIÓN HUMANA,['Cliente no encontrado en el maestro SUNAT (001_TBL_CLIENTES_B2B) -- no se puede validar SUNAT/Osiptel para este RUC.'],0,
,,,,,SIN_HISTORIAL_DE_FACTURACION,,,,,False,ALERTA — REVISIÓN HUMANA,['Cliente no encontrado en el maestro SUNAT (001_TBL_CLIENTES_B2B) -- no se puede validar SUNAT/Osiptel para este RUC.'],0,
,,,,,SIN_HISTORIAL_DE_FACTURACION,,,,,False,ALERTA — REVISIÓN HUMANA,['Cliente no encontrado en el maestro SUNAT (001_TBL_CLIENTES_B2B) -- no se puede validar SUNAT/Osiptel para este RUC.'],0,
,,,,,SIN_HISTORIAL_DE_FACTURACION,,,,,False,ALERTA — REVISIÓN HUMANA,['Cliente no encontrado en el maestro SUNAT (001_TBL_CLIENTES_B2B) -- no se puede validar SUNAT/Osiptel para este RUC.'],0,
,,,,,ALTO,ALTO,52.3,149.0,False,False,ALERTA — REVISIÓN HUMANA,['Cliente no encontrado en el maestro SUNAT (001_TBL_CLIENTES_B2B) -- no se puede validar SUNAT/Osiptel para este RUC.'],3,Contacto proactivo antes del vencimiento + oferta de plan de pago fraccionado; escalar a gestor de cuenta senior.
RUC_6d2f75d0b1e4,CLIENT_00915,LIMA,Lima,Santiago de Surco,ALTO,ALTO,50.0,50.0,False,True,OK,[],0,Contacto proactivo antes del vencimiento + oferta de plan de pago fraccionado; escalar a gestor de cuenta senior.
,,,,,ALTO,ALTO,19.7,23.0,False,False,ALERTA — REVISIÓN HUMANA,['Cliente no encontrado en el maestro SUNAT (001_TBL_CLIENTES_B2B) -- no se puede validar SUNAT/Osiptel para este RUC.'],1,Contacto proactivo antes del vencimiento + oferta de plan de pago fraccionado; escalar a gestor de cuenta senior.
,,,,,SIN_HISTORIAL_DE_FACTURACION,,,,,False,ALERTA — REVISIÓN HUMANA,['Cliente no encontrado en el maestro SUNAT (001_TBL_CLIENTES_B2B) -- no se puede validar SUNAT/Osiptel para este RUC.'],0,
RUC_bbc6d7adc11e,CLIENT_00016,LIMA,Lima,San Isidro,SIN_HISTORIAL_DE_FACTURACION,,,,,True,OK,[],0,
,,,,,SIN_HISTORIAL_DE_FACTURACION,,,,,False,ALERTA — REVISIÓN HUMANA,['Cliente no encontrado en el maestro SUNAT (001_TBL_CLIENTES_B2B) -- no se puede validar SUNAT/Osiptel para este RUC.'],0,
,,,,,BAJO,BAJO,-8.3,6.0,False,False,ALERTA — REVISIÓN HUMANA,['Cliente no encontrado en el maestro SUNAT (001_TBL_CLIENTES_B2B) -- no se puede validar SUNAT/Osiptel para este RUC.'],4,Mantener ciclo de facturación estándar; sin acción de cobranza adicional.
RUC_250e5da0f9cd,CLIENT_00222,LAMBAYEQUE,Chiclayo,Chiclayo,ALTO,BAJO,-1.0,-1.0,False,True,ALERTA — REVISIÓN HUMANA,"['SUNAT_ESTADO_RUC=NO HABIDO (no HABIDO)', 'SUNAT_ESTADO_CONTRIBUYENTE=BAJA DE OFICIO (no ACTIVO)']",0,Mantener ciclo de facturación estándar; sin acción de cobranza adicional.
,,,,,SIN_HISTORIAL_DE_FACTURACION,,,,,False,ALERTA — REVISIÓN HUMANA,['Cliente no encontrado en el maestro SUNAT (001_TBL_CLIENTES_B2B) -- no se puede validar SUNAT/Osiptel para este RUC.'],0,
RUC_fcd4dc53f906,CLIENT_00750,LA LIBERTAD,Trujillo,Trujillo,BAJO,BAJO,-5.0,-5.0,False,True,OK,[],0,Mantener ciclo de facturación estándar; sin acción de cobranza adicional.
,,,,,BAJO,BAJO,-6.0,5.0,False,False,ALERTA — REVISIÓN HUMANA,['Cliente no encontrado en el maestro SUNAT (001_TBL_CLIENTES_B2B) -- no se puede validar SUNAT/Osiptel para este RUC.'],2,Mantener ciclo de facturación estándar; sin acción de cobranza adicional.
,,,,,SIN_HISTORIAL_DE_FACTURACION,,,,,False,ALERTA — REVISIÓN HUMANA,['Cliente no encontrado en el maestro SUNAT (001_TBL_CLIENTES_B2B) -- no se puede validar SUNAT/Osiptel para este RUC.'],0,
RUC_8e9e94536483,CLIENT_00817,LIMA,Lima,Ate,MEDIO,MEDIO,9.5,10.0,True,True,OK,[],1,Recordatorio automático 5 días antes del vencimiento por correo/WhatsApp; sin escalamiento humano todavía.
,,,,,SIN_HISTORIAL_DE_FACTURACION,,,,,False,ALERTA — REVISIÓN HUMANA,['Cliente no encontrado en el maestro SUNAT (001_TBL_CLIENTES_B2B) -- no se puede validar SUNAT/Osiptel para este RUC.'],0,
,,,,,SIN_HISTORIAL_DE_FACTURACION,,,,,False,ALERTA — REVISIÓN HUMANA,['Cliente no encontrado en el maestro SUNAT (001_TBL_CLIENTES_B2B) -- no se puede validar SUNAT/Osiptel para este RUC.'],0,
,,,,,BAJO,BAJO,-6.3,4.0,False,False,ALERTA — REVISIÓN HUMANA,['Cliente no encontrado en el maestro SUNAT (001_TBL_CLIENTES_B2B) -- no se puede validar SUNAT/Osiptel para este RUC.'],2,Mantener ciclo de facturación estándar; sin acción de cobranza adicional.
,,,,,SIN_HISTORIAL_DE_FACTURACION,,,,,False,ALERTA — REVISIÓN HUMANA,['Cliente no encontrado en el maestro SUNAT (001_TBL_CLIENTES_B2B) -- no se puede validar SUNAT/Osiptel para este RUC.'],0,
,,,,,MEDIO,MEDIO,13.0,52.0,False,False,ALERTA — REVISIÓN HUMANA,['Cliente no encontrado en el maestro SUNAT (001_TBL_CLIENTES_B2B) -- no se puede validar SUNAT/Osiptel para este RUC.'],1,Recordatorio automático 5 días antes del vencimiento por correo/WhatsApp; sin escalamiento humano todavía.
,,,,,SIN_HISTORIAL_DE_FACTURACION,,,,,False,ALERTA — REVISIÓN HUMANA,['Cliente no encontrado en el maestro SUNAT (001_TBL_CLIENTES_B2B) -- no se puede validar SUNAT/Osiptel para este RUC.'],0,
RUC_55618e4ed0a7,CLIENT_00658,LIMA,Lima,Lince,SIN_HISTORIAL_DE_FACTURACION,,,,,True,OK,[],0,
RUC_213f69b9aa75,CLIENT_00457,LIMA,Lima,Villa El Salvador,SIN_HISTORIAL_DE_FACTURACION,,,,,True,OK,[],0,
,,,,,SIN_HISTORIAL_DE_FACTURACION,,,,,False,ALERTA — REVISIÓN HUMANA,['Cliente no encontrado en el maestro SUNAT (001_TBL_CLIENTES_B2B) -- no se puede validar SUNAT/Osiptel para este RUC.'],0,
,,,,,BAJO,BAJO,-13.5,-11.0,False,False,ALERTA — REVISIÓN HUMANA,['Cliente no encontrado en el maestro SUNAT (001_TBL_CLIENTES_B2B) -- no se puede validar SUNAT/Osiptel para este RUC.'],0,Mantener ciclo de facturación estándar; sin acción de cobranza adicional.
RUC_a8b06557cf6a,CLIENT_00005,CAJAMARCA,Cajamarca,Cajamarca,ALTO,BAJO,-1.5,-1.0,True,True,ALERTA — REVISIÓN HUMANA,['SUNAT_ESTADO_CONTRIBUYENTE=SUSPENSION TEMPORAL (no ACTIVO)'],0,Mantener ciclo de facturación estándar; sin acción de cobranza adicional.
RUC_519ceb2127dc,CLIENT_00749,CALLAO,Prov. Const. del Callao,Callao,SIN_HISTORIAL_DE_FACTURACION,,,,,True,OK,[],0,
,,,,,BAJO,BAJO,-7.0,-3.0,True,False,ALERTA — REVISIÓN HUMANA,['Cliente no encontrado en el maestro SUNAT (001_TBL_CLIENTES_B2B) -- no se puede validar SUNAT/Osiptel para este RUC.'],0,Mantener ciclo de facturación estándar; sin acción de cobranza adicional.
RUC_92e0a82b44fc,CLIENT_00928,LIMA,Lima,Lurigancho,BAJO,BAJO,-6.0,-6.0,False,True,OK,[],0,Mantener ciclo de facturación estándar; sin acción de cobranza adicional.
,,,,,SIN_HISTORIAL_DE_FACTURACION,,,,,False,ALERTA — REVISIÓN HUMANA,['Cliente no encontrado en el maestro SUNAT (001_TBL_CLIENTES_B2B) -- no se puede validar SUNAT/Osiptel para este RUC.'],0,
RUC_620ff13830fc,CLIENT_00974,LA LIBERTAD,Trujillo,Trujillo,SIN_HISTORIAL_DE_FACTURACION,,,,,True,OK,[],0,
,,,,,BAJO,BAJO,-5.0,4.0,False,False,ALERTA — REVISIÓN HUMANA,['Cliente no encontrado en el maestro SUNAT (001_TBL_CLIENTES_B2B) -- no se puede validar SUNAT/Osiptel para este RUC.'],2,Mantener ciclo de facturación estándar; sin acción de cobranza adicional.
,,,,,SIN_HISTORIAL_DE_FACTURACION,,,,,False,ALERTA — REVISIÓN HUMANA,['Cliente no encontrado en el maestro SUNAT (001_TBL_CLIENTES_B2B) -- no se puede validar SUNAT/Osiptel para este RUC.'],0,
RUC_d569b26be4fc,CLIENT_00273,LIMA,Lima,Santiago de Surco,BAJO,BAJO,-6.5,-1.0,False,True,OK,[],0,Mantener ciclo de facturación estándar; sin acción de cobranza adicional.
,,,,,SIN_HISTORIAL_DE_FACTURACION,,,,,False,ALERTA — REVISIÓN HUMANA,['Cliente no encontrado en el maestro SUNAT (001_TBL_CLIENTES_B2B) -- no se puede validar SUNAT/Osiptel para este RUC.'],0,
,,,,,SIN_HISTORIAL_DE_FACTURACION,,,,,False,ALERTA — REVISIÓN HUMANA,['Cliente no encontrado en el maestro SUNAT (001_TBL_CLIENTES_B2B) -- no se puede validar SUNAT/Osiptel para este RUC.'],0,
RUC_bbb3ede7757d,CLIENT_00020,PIURA,Sullana,Querecotillo,BAJO,BAJO,-5.0,4.0,True,True,OK,[],0,Mantener ciclo de facturación estándar; sin acción de cobranza adicional.
,,,,,SIN_HISTORIAL_DE_FACTURACION,,,,,False,ALERTA — REVISIÓN HUMANA,['Cliente no encontrado en el maestro SUNAT (001_TBL_CLIENTES_B2B) -- no se puede validar SUNAT/Osiptel para este RUC.'],0,
,,,,,SIN_HISTORIAL_DE_FACTURACION,,,,,False,ALERTA — REVISIÓN HUMANA,['Cliente no encontrado en el maestro SUNAT (001_TBL_CLIENTES_B2B) -- no se puede validar SUNAT/Osiptel para este RUC.'],0,
,,,,,SIN_HISTORIAL_DE_FACTURACION,,,,,False,ALERTA — REVISIÓN HUMANA,['Cliente no encontrado en el maestro SUNAT (001_TBL_CLIENTES_B2B) -- no se puede validar SUNAT/Osiptel para este RUC.'],0,
RUC_b190f836d868,CLIENT_00887,LIMA,Lima,Ate,SIN_HISTORIAL_DE_FACTURACION,,,,,True,OK,[],0,
,,,,,SIN_HISTORIAL_DE_FACTURACION,,,,,False,ALERTA — REVISIÓN HUMANA,['Cliente no encontrado en el maestro SUNAT (001_TBL_CLIENTES_B2B) -- no se puede validar SUNAT/Osiptel para este RUC.'],0,
,,,,,BAJO,BAJO,-0.2,9.0,False,False,ALERTA — REVISIÓN HUMANA,['Cliente no encontrado en el maestro SUNAT (001_TBL_CLIENTES_B2B) -- no se puede validar SUNAT/Osiptel para este RUC.'],3,Mantener ciclo de facturación estándar; sin acción de cobranza adicional.
RUC_c29a789e3ee3,CLIENT_00632,PIURA,Piura,Castilla,ALTO,ALTO,116.0,116.0,False,True,OK,[],1,Contacto proactivo antes del vencimiento + oferta de plan de pago fraccionado; escalar a gestor de cuenta senior.
,,,,,SIN_HISTORIAL_DE_FACTURACION,,,,,False,ALERTA — REVISIÓN HUMANA,['Cliente no encontrado en el maestro SUNAT (001_TBL_CLIENTES_B2B) -- no se puede validar SUNAT/Osiptel para este RUC.'],0,
,,,,,SIN_HISTORIAL_DE_FACTURACION,,,,,False,ALERTA — REVISIÓN HUMANA,['Cliente no encontrado en el maestro SUNAT (001_TBL_CLIENTES_B2B) -- no se puede validar SUNAT/Osiptel para este RUC.'],0,
,,,,,SIN_HISTORIAL_DE_FACTURACION,,,,,False,ALERTA — REVISIÓN HUMANA,['Cliente no encontrado en el maestro SUNAT (001_TBL_CLIENTES_B2B) -- no se puede validar SUNAT/Osiptel para este RUC.'],0,
RUC_96bd26cec8c2,CLIENT_00976,UCAYALI,Coronel Portillo,Calleria,ALTO,,,,,True,ALERTA — REVISIÓN HUMANA,['SUNAT_ESTADO_CONTRIBUYENTE=BAJA DE OFICIO (no ACTIVO)'],0,
,,,,,SIN_HISTORIAL_DE_FACTURACION,,,,,False,ALERTA — REVISIÓN HUMANA,['Cliente no encontrado en el maestro SUNAT (001_TBL_CLIENTES_B2B) -- no se puede validar SUNAT/Osiptel para este RUC.'],0,
RUC_c8a6c5d92899,CLIENT_00013,LA LIBERTAD,Trujillo,Trujillo,ALTO,BAJO,-1.0,4.0,False,True,ALERTA — REVISIÓN HUMANA,['SUNAT_ESTADO_CONTRIBUYENTE=BAJA DE OFICIO (no ACTIVO)'],0,Mantener ciclo de facturación estándar; sin acción de cobranza adicional.
,,,,,SIN_HISTORIAL_DE_FACTURACION,,,,,False,ALERTA — REVISIÓN HUMANA,['Cliente no encontrado en el maestro SUNAT (001_TBL_CLIENTES_B2B) -- no se puede validar SUNAT/Osiptel para este RUC.'],0,
,,,,,SIN_HISTORIAL_DE_FACTURACION,,,,,False,ALERTA — REVISIÓN HUMANA,['Cliente no encontrado en el maestro SUNAT (001_TBL_CLIENTES_B2B) -- no se puede validar SUNAT/Osiptel para este RUC.'],0,
RUC_65122111ddd7,CLIENT_00694,LIMA,Lima,Chorrillos,BAJO,BAJO,3.0,3.0,False,True,OK,[],0,Mantener ciclo de facturación estándar; sin acción de cobranza adicional.
,,,,,SIN_HISTORIAL_DE_FACTURACION,,,,,False,ALERTA — REVISIÓN HUMANA,['Cliente no encontrado en el maestro SUNAT (001_TBL_CLIENTES_B2B) -- no se puede validar SUNAT/Osiptel para este RUC.'],0,
,,,,,SIN_HISTORIAL_DE_FACTURACION,,,,,False,ALERTA — REVISIÓN HUMANA,['Cliente no encontrado en el maestro SUNAT (001_TBL_CLIENTES_B2B) -- no se puede validar SUNAT/Osiptel para este RUC.'],0,
,,,,,MEDIO,MEDIO,6.0,52.0,False,False,ALERTA — REVISIÓN HUMANA,['Cliente no encontrado en el maestro SUNAT (001_TBL_CLIENTES_B2B) -- no se puede validar SUNAT/Osiptel para este RUC.'],4,Recordatorio automático 5 días antes del vencimiento por correo/WhatsApp; sin escalamiento humano todavía.
,,,,,SIN_HISTORIAL_DE_FACTURACION,,,,,False,ALERTA — REVISIÓN HUMANA,['Cliente no encontrado en el maestro SUNAT (001_TBL_CLIENTES_B2B) -- no se puede validar SUNAT/Osiptel para este RUC.'],0,
,,,,,SIN_HISTORIAL_DE_FACTURACION,,,,,False,ALERTA — REVISIÓN HUMANA,['Cliente no encontrado en el maestro SUNAT (001_TBL_CLIENTES_B2B) -- no se puede validar SUNAT/Osiptel para este RUC.'],0,
,,,,,SIN_HISTORIAL_DE_FACTURACION,,,,,False,ALERTA — REVISIÓN HUMANA,['Cliente no encontrado en el maestro SUNAT (001_TBL_CLIENTES_B2B) -- no se puede validar SUNAT/Osiptel para este RUC.'],0,
,,,,,SIN_HISTORIAL_DE_FACTURACION,,,,,False,ALERTA — REVISIÓN HUMANA,['Cliente no encontrado en el maestro SUNAT (001_TBL_CLIENTES_B2B) -- no se puede validar SUNAT/Osiptel para este RUC.'],0,
,,,,,BAJO,BAJO,-0.5,0.0,False,False,ALERTA — REVISIÓN HUMANA,['Cliente no encontrado en el maestro SUNAT (001_TBL_CLIENTES_B2B) -- no se puede validar SUNAT/Osiptel para este RUC.'],2,Mantener ciclo de facturación estándar; sin acción de cobranza adicional.
RUC_0643ddb83ff8,CLIENT_00243,CALLAO,Prov. Const. del Callao,Ventanilla,ALTO,BAJO,-1.3,0.0,False,True,ALERTA — REVISIÓN HUMANA,['Todas sus líneas (fija/móvil) están inactivas o suspendidas'],0,Mantener ciclo de facturación estándar; sin acción de cobranza adicional.
,,,,,SIN_HISTORIAL_DE_FACTURACION,,,,,False,ALERTA — REVISIÓN HUMANA,['Cliente no encontrado en el maestro SUNAT (001_TBL_CLIENTES_B2B) -- no se puede validar SUNAT/Osiptel para este RUC.'],0,
,,,,,SIN_HISTORIAL_DE_FACTURACION,,,,,False,ALERTA — REVISIÓN HUMANA,['Cliente no encontrado en el maestro SUNAT (001_TBL_CLIENTES_B2B) -- no se puede validar SUNAT/Osiptel para este RUC.'],0,
RUC_4b120f5042f5,CLIENT_00732,CUSCO,Cusco,San Sebastian,SIN_HISTORIAL_DE_FACTURACION,,,,,True,OK,[],0,
,,,,,SIN_HISTORIAL_DE_FACTURACION,,,,,False,ALERTA — REVISIÓN HUMANA,['Cliente no encontrado en el maestro SUNAT (001_TBL_CLIENTES_B2B) -- no se puede validar SUNAT/Osiptel para este RUC.'],0,
,,,,,SIN_HISTORIAL_DE_FACTURACION,,,,,False,ALERTA — REVISIÓN HUMANA,['Cliente no encontrado en el maestro SUNAT (001_TBL_CLIENTES_B2B) -- no se puede validar SUNAT/Osiptel para este RUC.'],0,
,,,,,ALTO,ALTO,15.3,23.0,False,False,ALERTA — REVISIÓN HUMANA,['Cliente no encontrado en el maestro SUNAT (001_TBL_CLIENTES_B2B) -- no se puede validar SUNAT/Osiptel para este RUC.'],2,Contacto proactivo antes del vencimiento + oferta de plan de pago fraccionado; escalar a gestor de cuenta senior.
RUC_cb9c56f94fde,CLIENT_00435,LIMA,Lima,San Isidro,BAJO,BAJO,-5.8,2.0,False,True,OK,[],2,Mantener ciclo de facturación estándar; sin acción de cobranza adicional.
,,,,,SIN_HISTORIAL_DE_FACTURACION,,,,,False,ALERTA — REVISIÓN HUMANA,['Cliente no encontrado en el maestro SUNAT (001_TBL_CLIENTES_B2B) -- no se puede validar SUNAT/Osiptel para este RUC.'],0,
RUC_ed7d47ca0040,CLIENT_00973,LIMA,Lima,Miraflores,SIN_HISTORIAL_DE_FACTURACION,,,,,True,OK,[],0,
,,,,,SIN_HISTORIAL_DE_FACTURACION,,,,,False,ALERTA — REVISIÓN HUMANA,['Cliente no encontrado en el maestro SUNAT (001_TBL_CLIENTES_B2B) -- no se puede validar SUNAT/Osiptel para este RUC.'],0,
,,,,,SIN_HISTORIAL_DE_FACTURACION,,,,,False,ALERTA — REVISIÓN HUMANA,['Cliente no encontrado en el maestro SUNAT (001_TBL_CLIENTES_B2B) -- no se puede validar SUNAT/Osiptel para este RUC.'],0,
,,,,,BAJO,BAJO,-11.0,-10.0,False,False,ALERTA — REVISIÓN HUMANA,['Cliente no encontrado en el maestro SUNAT (001_TBL_CLIENTES_B2B) -- no se puede validar SUNAT/Osiptel para este RUC.'],0,Mantener ciclo de facturación estándar; sin acción de cobranza adicional.
RUC_e193b20df8bb,CLIENT_00842,LIMA,Lima,Santiago de Surco,ALTO,BAJO,0.0,0.0,False,True,ALERTA — REVISIÓN HUMANA,['SUNAT_ESTADO_CONTRIBUYENTE=BAJA PROV. POR OFICI (no ACTIVO)'],0,Mantener ciclo de facturación estándar; sin acción de cobranza adicional.
,,,,,SIN_HISTORIAL_DE_FACTURACION,,,,,False,ALERTA — REVISIÓN HUMANA,['Cliente no encontrado en el maestro SUNAT (001_TBL_CLIENTES_B2B) -- no se puede validar SUNAT/Osiptel para este RUC.'],0,
,,,,,SIN_HISTORIAL_DE_FACTURACION,,,,,False,ALERTA — REVISIÓN HUMANA,['Cliente no encontrado en el maestro SUNAT (001_TBL_CLIENTES_B2B) -- no se puede validar SUNAT/Osiptel para este RUC.'],0,
,,,,,SIN_HISTORIAL_DE_FACTURACION,,,,,False,ALERTA — REVISIÓN HUMANA,['Cliente no encontrado en el maestro SUNAT (001_TBL_CLIENTES_B2B) -- no se puede validar SUNAT/Osiptel para este RUC.'],0,
,,,,,SIN_HISTORIAL_DE_FACTURACION,,,,,False,ALERTA — REVISIÓN HUMANA,['Cliente no encontrado en el maestro SUNAT (001_TBL_CLIENTES_B2B) -- no se puede validar SUNAT/Osiptel para este RUC.'],0,
RUC_6a0715216a71,CLIENT_00120,CAJAMARCA,San Ignacio,San Ignacio,BAJO,BAJO,-10.5,-8.0,True,True,OK,[],0,Mantener ciclo de facturación estándar; sin acción de cobranza adicional.
,,,,,SIN_HISTORIAL_DE_FACTURACION,,,,,False,ALERTA — REVISIÓN HUMANA,['Cliente no encontrado en el maestro SUNAT (001_TBL_CLIENTES_B2B) -- no se puede validar SUNAT/Osiptel para este RUC.'],0,
RUC_0f7985045192,CLIENT_00090,LIMA,Lima,Lince,SIN_HISTORIAL_DE_FACTURACION,,,,,True,OK,[],0,
RUC_3104096fdf60,CLIENT_00568,LIMA,Lima,Santiago de Surco,ALTO,BAJO,-4.0,-2.0,False,True,ALERTA — REVISIÓN HUMANA,['SUNAT_ESTADO_CONTRIBUYENTE=BAJA DE OFICIO (no ACTIVO)'],0,Mantener ciclo de facturación estándar; sin acción de cobranza adicional.
,,,,,SIN_HISTORIAL_DE_FACTURACION,,,,,False,ALERTA — REVISIÓN HUMANA,['Cliente no encontrado en el maestro SUNAT (001_TBL_CLIENTES_B2B) -- no se puede validar SUNAT/Osiptel para este RUC.'],0,
RUC_e74c36a5e757,CLIENT_00746,LA LIBERTAD,Chepén,Chepen,SIN_HISTORIAL_DE_FACTURACION,,,,,True,OK,[],0,
RUC_7b830c79e205,CLIENT_00954,LIMA,Lima,Lurigancho,BAJO,BAJO,1.5,3.0,False,True,OK,[],0,Mantener ciclo de facturación estándar; sin acción de cobranza adicional.
,,,,,SIN_HISTORIAL_DE_FACTURACION,,,,,False,ALERTA — REVISIÓN HUMANA,['Cliente no encontrado en el maestro SUNAT (001_TBL_CLIENTES_B2B) -- no se puede validar SUNAT/Osiptel para este RUC.'],0,
,,,,,SIN_HISTORIAL_DE_FACTURACION,,,,,False,ALERTA — REVISIÓN HUMANA,['Cliente no encontrado en el maestro SUNAT (001_TBL_CLIENTES_B2B) -- no se puede validar SUNAT/Osiptel para este RUC.'],0,
RUC_1a0cd07ebb27,CLIENT_00085,LIMA,Lima,Miraflores,ALTO,,,,,True,ALERTA — REVISIÓN HUMANA,['SUNAT_ESTADO_CONTRIBUYENTE=SUSPENSION TEMPORAL (no ACTIVO)'],0,
,,,,,SIN_HISTORIAL_DE_FACTURACION,,,,,False,ALERTA — REVISIÓN HUMANA,['Cliente no encontrado en el maestro SUNAT (001_TBL_CLIENTES_B2B) -- no se puede validar SUNAT/Osiptel para este RUC.'],0,
,,,,,SIN_HISTORIAL_DE_FACTURACION,,,,,False,ALERTA — REVISIÓN HUMANA,['Cliente no encontrado en el maestro SUNAT (001_TBL_CLIENTES_B2B) -- no se puede validar SUNAT/Osiptel para este RUC.'],0,
,,,,,SIN_HISTORIAL_DE_FACTURACION,,,,,False,ALERTA — REVISIÓN HUMANA,['Cliente no encontrado en el maestro SUNAT (001_TBL_CLIENTES_B2B) -- no se puede validar SUNAT/Osiptel para este RUC.'],0,
RUC_7a9561d01f07,CLIENT_00948,LIMA,Lima,San Isidro,SIN_HISTORIAL_DE_FACTURACION,,,,,True,OK,[],0,
,,,,,SIN_HISTORIAL_DE_FACTURACION,,,,,False,ALERTA — REVISIÓN HUMANA,['Cliente no encontrado en el maestro SUNAT (001_TBL_CLIENTES_B2B) -- no se puede validar SUNAT/Osiptel para este RUC.'],0,
,,,,,SIN_HISTORIAL_DE_FACTURACION,,,,,False,ALERTA — REVISIÓN HUMANA,['Cliente no encontrado en el maestro SUNAT (001_TBL_CLIENTES_B2B) -- no se puede validar SUNAT/Osiptel para este RUC.'],0,
,,,,,SIN_HISTORIAL_DE_FACTURACION,,,,,False,ALERTA — REVISIÓN HUMANA,['Cliente no encontrado en el maestro SUNAT (001_TBL_CLIENTES_B2B) -- no se puede validar SUNAT/Osiptel para este RUC.'],0,
,,,,,SIN_HISTORIAL_DE_FACTURACION,,,,,False,ALERTA — REVISIÓN HUMANA,['Cliente no encontrado en el maestro SUNAT (001_TBL_CLIENTES_B2B) -- no se puede validar SUNAT/Osiptel para este RUC.'],0,
,,,,,BAJO,BAJO,2.5,7.0,True,False,ALERTA — REVISIÓN HUMANA,['Cliente no encontrado en el maestro SUNAT (001_TBL_CLIENTES_B2B) -- no se puede validar SUNAT/Osiptel para este RUC.'],0,Mantener ciclo de facturación estándar; sin acción de cobranza adicional.
,,,,,SIN_HISTORIAL_DE_FACTURACION,,,,,False,ALERTA — REVISIÓN HUMANA,['Cliente no encontrado en el maestro SUNAT (001_TBL_CLIENTES_B2B) -- no se puede validar SUNAT/Osiptel para este RUC.'],0,
RUC_4c0dca51e6b6,CLIENT_00422,AREQUIPA,Arequipa,Yanahuara,SIN_HISTORIAL_DE_FACTURACION,,,,,True,OK,[],0,
,,,,,BAJO,BAJO,0.5,2.0,True,False,ALERTA — REVISIÓN HUMANA,['Cliente no encontrado en el maestro SUNAT (001_TBL_CLIENTES_B2B) -- no se puede validar SUNAT/Osiptel para este RUC.'],1,Mantener ciclo de facturación estándar; sin acción de cobranza adicional.
,,,,,SIN_HISTORIAL_DE_FACTURACION,,,,,False,ALERTA — REVISIÓN HUMANA,['Cliente no encontrado en el maestro SUNAT (001_TBL_CLIENTES_B2B) -- no se puede validar SUNAT/Osiptel para este RUC.'],0,
RUC_1fe80dab041e,CLIENT_00427,LIMA,Lima,San Borja,SIN_HISTORIAL_DE_FACTURACION,,,,,True,OK,[],0,
RUC_e2351a865f23,CLIENT_00180,LIMA,Lima,Santiago de Surco,BAJO,BAJO,-5.8,0.0,False,True,OK,[],1,Mantener ciclo de facturación estándar; sin acción de cobranza adicional.
,,,,,SIN_HISTORIAL_DE_FACTURACION,,,,,False,ALERTA — REVISIÓN HUMANA,['Cliente no encontrado en el maestro SUNAT (001_TBL_CLIENTES_B2B) -- no se puede validar SUNAT/Osiptel para este RUC.'],0,
,,,,,SIN_HISTORIAL_DE_FACTURACION,,,,,False,ALERTA — REVISIÓN HUMANA,['Cliente no encontrado en el maestro SUNAT (001_TBL_CLIENTES_B2B) -- no se puede validar SUNAT/Osiptel para este RUC.'],0,
,,,,,SIN_HISTORIAL_DE_FACTURACION,,,,,False,ALERTA — REVISIÓN HUMANA,['Cliente no encontrado en el maestro SUNAT (001_TBL_CLIENTES_B2B) -- no se puede validar SUNAT/Osiptel para este RUC.'],0,
RUC_cb9a8f87a733,CLIENT_00006,LIMA,Lima,Jesús María,ALTO,BAJO,0.0,0.0,False,True,ALERTA — REVISIÓN HUMANA,['SUNAT_ESTADO_CONTRIBUYENTE=BAJA DE OFICIO (no ACTIVO)'],0,Mantener ciclo de facturación estándar; sin acción de cobranza adicional.
RUC_75111c4847e6,CLIENT_00211,LIMA,Lima,Lince,BAJO,BAJO,0.7,31.0,False,True,OK,[],3,Mantener ciclo de facturación estándar; sin acción de cobranza adicional.
,,,,,SIN_HISTORIAL_DE_FACTURACION,,,,,False,ALERTA — REVISIÓN HUMANA,['Cliente no encontrado en el maestro SUNAT (001_TBL_CLIENTES_B2B) -- no se puede validar SUNAT/Osiptel para este RUC.'],0,
RUC_1e09b2b748ae,CLIENT_00773,LIMA,Lima,Santiago de Surco,SIN_HISTORIAL_DE_FACTURACION,,,,,True,OK,[],0,
,,,,,SIN_HISTORIAL_DE_FACTURACION,,,,,False,ALERTA — REVISIÓN HUMANA,['Cliente no encontrado en el maestro SUNAT (001_TBL_CLIENTES_B2B) -- no se puede validar SUNAT/Osiptel para este RUC.'],0,
,,,,,SIN_HISTORIAL_DE_FACTURACION,,,,,False,ALERTA — REVISIÓN HUMANA,['Cliente no encontrado en el maestro SUNAT (001_TBL_CLIENTES_B2B) -- no se puede validar SUNAT/Osiptel para este RUC.'],0,
RUC_3889df9af41e,CLIENT_00592,CALLAO,Prov. Const. del Callao,Bellavista,MEDIO,MEDIO,12.5,22.0,False,True,OK,[],0,Recordatorio automático 5 días antes del vencimiento por correo/WhatsApp; sin escalamiento humano todavía.
,,,,,SIN_HISTORIAL_DE_FACTURACION,,,,,False,ALERTA — REVISIÓN HUMANA,['Cliente no encontrado en el maestro SUNAT (001_TBL_CLIENTES_B2B) -- no se puede validar SUNAT/Osiptel para este RUC.'],0,
RUC_86932f3fa545,CLIENT_00017,LIMA,Lima,Miraflores,BAJO,BAJO,-9.0,-9.0,False,True,OK,[],0,Mantener ciclo de facturación estándar; sin acción de cobranza adicional.
,,,,,SIN_HISTORIAL_DE_FACTURACION,,,,,False,ALERTA — REVISIÓN HUMANA,['Cliente no encontrado en el maestro SUNAT (001_TBL_CLIENTES_B2B) -- no se puede validar SUNAT/Osiptel para este RUC.'],0,
,,,,,SIN_HISTORIAL_DE_FACTURACION,,,,,False,ALERTA — REVISIÓN HUMANA,['Cliente no encontrado en el maestro SUNAT (001_TBL_CLIENTES_B2B) -- no se puede validar SUNAT/Osiptel para este RUC.'],0,
RUC_9833dcf7ec86,CLIENT_00818,LIMA,Lima,Surquillo,BAJO,BAJO,4.0,5.0,True,True,OK,[],0,Mantener ciclo de facturación estándar; sin acción de cobranza adicional.
,,,,,SIN_HISTORIAL_DE_FACTURACION,,,,,False,ALERTA — REVISIÓN HUMANA,['Cliente no encontrado en el maestro SUNAT (001_TBL_CLIENTES_B2B) -- no se puede validar SUNAT/Osiptel para este RUC.'],0,
,,,,,SIN_HISTORIAL_DE_FACTURACION,,,,,False,ALERTA — REVISIÓN HUMANA,['Cliente no encontrado en el maestro SUNAT (001_TBL_CLIENTES_B2B) -- no se puede validar SUNAT/Osiptel para este RUC.'],0,
,,,,,SIN_HISTORIAL_DE_FACTURACION,,,,,False,ALERTA — REVISIÓN HUMANA,['Cliente no encontrado en el maestro SUNAT (001_TBL_CLIENTES_B2B) -- no se puede validar SUNAT/Osiptel para este RUC.'],0,
RUC_712c4a4f9daa,CLIENT_00494,LIMA,Lima,Lima,SIN_HISTORIAL_DE_FACTURACION,,,,,True,OK,[],0,
,,,,,SIN_HISTORIAL_DE_FACTURACION,,,,,False,ALERTA — REVISIÓN HUMANA,['Cliente no encontrado en el maestro SUNAT (001_TBL_CLIENTES_B2B) -- no se puede validar SUNAT/Osiptel para este RUC.'],0,
RUC_9b27a2b39f04,CLIENT_00776,LIMA,Lima,San Martín de Porres,MEDIO,MEDIO,8.0,10.0,False,True,OK,[],0,Recordatorio automático 5 días antes del vencimiento por correo/WhatsApp; sin escalamiento humano todavía.
,,,,,SIN_HISTORIAL_DE_FACTURACION,,,,,False,ALERTA — REVISIÓN HUMANA,['Cliente no encontrado en el maestro SUNAT (001_TBL_CLIENTES_B2B) -- no se puede validar SUNAT/Osiptel para este RUC.'],0,
,,,,,BAJO,BAJO,2.0,4.0,False,False,ALERTA — REVISIÓN HUMANA,['Cliente no encontrado en el maestro SUNAT (001_TBL_CLIENTES_B2B) -- no se puede validar SUNAT/Osiptel para este RUC.'],0,Mantener ciclo de facturación estándar; sin acción de cobranza adicional.
RUC_72ee8f40adc8,CLIENT_00883,LIMA,Lima,Barranco,BAJO,BAJO,2.5,3.0,False,True,OK,[],0,Mantener ciclo de facturación estándar; sin acción de cobranza adicional.
,,,,,SIN_HISTORIAL_DE_FACTURACION,,,,,False,ALERTA — REVISIÓN HUMANA,['Cliente no encontrado en el maestro SUNAT (001_TBL_CLIENTES_B2B) -- no se puede validar SUNAT/Osiptel para este RUC.'],0,
,,,,,SIN_HISTORIAL_DE_FACTURACION,,,,,False,ALERTA — REVISIÓN HUMANA,['Cliente no encontrado en el maestro SUNAT (001_TBL_CLIENTES_B2B) -- no se puede validar SUNAT/Osiptel para este RUC.'],0,
RUC_4f122f7d19bf,CLIENT_00715,LIMA,Lima,San Isidro,SIN_HISTORIAL_DE_FACTURACION,,,,,True,OK,[],0,
,,,,,SIN_HISTORIAL_DE_FACTURACION,,,,,False,ALERTA — REVISIÓN HUMANA,['Cliente no encontrado en el maestro SUNAT (001_TBL_CLIENTES_B2B) -- no se puede validar SUNAT/Osiptel para este RUC.'],0,
,,,,,SIN_HISTORIAL_DE_FACTURACION,,,,,False,ALERTA — REVISIÓN HUMANA,['Cliente no encontrado en el maestro SUNAT (001_TBL_CLIENTES_B2B) -- no se puede validar SUNAT/Osiptel para este RUC.'],0,
RUC_6d5649ba63de,CLIENT_00830,AREQUIPA,Arequipa,Miraflores,BAJO,BAJO,2.0,2.0,False,True,OK,[],0,Mantener ciclo de facturación estándar; sin acción de cobranza adicional.
,,,,,BAJO,BAJO,1.0,3.0,False,False,ALERTA — REVISIÓN HUMANA,['Cliente no encontrado en el maestro SUNAT (001_TBL_CLIENTES_B2B) -- no se puede validar SUNAT/Osiptel para este RUC.'],0,Mantener ciclo de facturación estándar; sin acción de cobranza adicional.
,,,,,SIN_HISTORIAL_DE_FACTURACION,,,,,False,ALERTA — REVISIÓN HUMANA,['Cliente no encontrado en el maestro SUNAT (001_TBL_CLIENTES_B2B) -- no se puede validar SUNAT/Osiptel para este RUC.'],0,
RUC_efa04f1726ed,CLIENT_00073,LIMA,Lima,San Isidro,BAJO,BAJO,-5.0,-3.0,True,True,OK,[],0,Mantener ciclo de facturación estándar; sin acción de cobranza adicional.
,,,,,BAJO,BAJO,3.0,3.0,False,False,ALERTA — REVISIÓN HUMANA,['Cliente no encontrado en el maestro SUNAT (001_TBL_CLIENTES_B2B) -- no se puede validar SUNAT/Osiptel para este RUC.'],0,Mantener ciclo de facturación estándar; sin acción de cobranza adicional.
RUC_2605aee04f0f,CLIENT_00419,LIMA,Lima,San Borja,SIN_HISTORIAL_DE_FACTURACION,,,,,True,OK,[],0,
,,,,,SIN_HISTORIAL_DE_FACTURACION,,,,,False,ALERTA — REVISIÓN HUMANA,['Cliente no encontrado en el maestro SUNAT (001_TBL_CLIENTES_B2B) -- no se puede validar SUNAT/Osiptel para este RUC.'],0,
,,,,,SIN_HISTORIAL_DE_FACTURACION,,,,,False,ALERTA — REVISIÓN HUMANA,['Cliente no encontrado en el maestro SUNAT (001_TBL_CLIENTES_B2B) -- no se puede validar SUNAT/Osiptel para este RUC.'],0,
,,,,,SIN_HISTORIAL_DE_FACTURACION,,,,,False,ALERTA — REVISIÓN HUMANA,['Cliente no encontrado en el maestro SUNAT (001_TBL_CLIENTES_B2B) -- no se puede validar SUNAT/Osiptel para este RUC.'],0,
,,,,,BAJO,BAJO,-4.0,-1.0,True,False,ALERTA — REVISIÓN HUMANA,['Cliente no encontrado en el maestro SUNAT (001_TBL_CLIENTES_B2B) -- no se puede validar SUNAT/Osiptel para este RUC.'],0,Mantener ciclo de facturación estándar; sin acción de cobranza adicional.
,,,,,SIN_HISTORIAL_DE_FACTURACION,,,,,False,ALERTA — REVISIÓN HUMANA,['Cliente no encontrado en el maestro SUNAT (001_TBL_CLIENTES_B2B) -- no se puede validar SUNAT/Osiptel para este RUC.'],0,
,,,,,SIN_HISTORIAL_DE_FACTURACION,,,,,False,ALERTA — REVISIÓN HUMANA,['Cliente no encontrado en el maestro SUNAT (001_TBL_CLIENTES_B2B) -- no se puede validar SUNAT/Osiptel para este RUC.'],0,
,,,,,MEDIO,MEDIO,6.0,7.0,True,False,ALERTA — REVISIÓN HUMANA,['Cliente no encontrado en el maestro SUNAT (001_TBL_CLIENTES_B2B) -- no se puede validar SUNAT/Osiptel para este RUC.'],2,Recordatorio automático 5 días antes del vencimiento por correo/WhatsApp; sin escalamiento humano todavía.
RUC_c0a31b4c385e,CLIENT_00291,LORETO,Maynas,Iquitos,BAJO,BAJO,3.0,4.0,False,True,OK,[],0,Mantener ciclo de facturación estándar; sin acción de cobranza adicional.
,,,,,SIN_HISTORIAL_DE_FACTURACION,,,,,False,ALERTA — REVISIÓN HUMANA,['Cliente no encontrado en el maestro SUNAT (001_TBL_CLIENTES_B2B) -- no se puede validar SUNAT/Osiptel para este RUC.'],0,
,,,,,SIN_HISTORIAL_DE_FACTURACION,,,,,False,ALERTA — REVISIÓN HUMANA,['Cliente no encontrado en el maestro SUNAT (001_TBL_CLIENTES_B2B) -- no se puede validar SUNAT/Osiptel para este RUC.'],0,
RUC_e64d4adc9511,CLIENT_00228,LIMA,Lima,San Martín de Porres,SIN_HISTORIAL_DE_FACTURACION,,,,,True,OK,[],0,
RUC_ada4c0dc9224,CLIENT_00406,LIMA,Lima,Magdalena del Mar,BAJO,BAJO,-4.0,-4.0,False,True,OK,[],0,Mantener ciclo de facturación estándar; sin acción de cobranza adicional.
,,,,,SIN_HISTORIAL_DE_FACTURACION,,,,,False,ALERTA — REVISIÓN HUMANA,['Cliente no encontrado en el maestro SUNAT (001_TBL_CLIENTES_B2B) -- no se puede validar SUNAT/Osiptel para este RUC.'],0,
,,,,,SIN_HISTORIAL_DE_FACTURACION,,,,,False,ALERTA — REVISIÓN HUMANA,['Cliente no encontrado en el maestro SUNAT (001_TBL_CLIENTES_B2B) -- no se puede validar SUNAT/Osiptel para este RUC.'],0,
,,,,,SIN_HISTORIAL_DE_FACTURACION,,,,,False,ALERTA — REVISIÓN HUMANA,['Cliente no encontrado en el maestro SUNAT (001_TBL_CLIENTES_B2B) -- no se puede validar SUNAT/Osiptel para este RUC.'],0,
,,,,,SIN_HISTORIAL_DE_FACTURACION,,,,,False,ALERTA — REVISIÓN HUMANA,['Cliente no encontrado en el maestro SUNAT (001_TBL_CLIENTES_B2B) -- no se puede validar SUNAT/Osiptel para este RUC.'],0,
,,,,,SIN_HISTORIAL_DE_FACTURACION,,,,,False,ALERTA — REVISIÓN HUMANA,['Cliente no encontrado en el maestro SUNAT (001_TBL_CLIENTES_B2B) -- no se puede validar SUNAT/Osiptel para este RUC.'],0,
,,,,,BAJO,BAJO,-6.0,-4.0,True,False,ALERTA — REVISIÓN HUMANA,['Cliente no encontrado en el maestro SUNAT (001_TBL_CLIENTES_B2B) -- no se puede validar SUNAT/Osiptel para este RUC.'],0,Mantener ciclo de facturación estándar; sin acción de cobranza adicional.
,,,,,SIN_HISTORIAL_DE_FACTURACION,,,,,False,ALERTA — REVISIÓN HUMANA,['Cliente no encontrado en el maestro SUNAT (001_TBL_CLIENTES_B2B) -- no se puede validar SUNAT/Osiptel para este RUC.'],0,
,,,,,SIN_HISTORIAL_DE_FACTURACION,,,,,False,ALERTA — REVISIÓN HUMANA,['Cliente no encontrado en el maestro SUNAT (001_TBL_CLIENTES_B2B) -- no se puede validar SUNAT/Osiptel para este RUC.'],0,
,,,,,SIN_HISTORIAL_DE_FACTURACION,,,,,False,ALERTA — REVISIÓN HUMANA,['Cliente no encontrado en el maestro SUNAT (001_TBL_CLIENTES_B2B) -- no se puede validar SUNAT/Osiptel para este RUC.'],0,
RUC_26de1cc9bf07,CLIENT_00789,LIMA,Lima,Lima,BAJO,BAJO,2.0,2.0,False,True,OK,[],1,Mantener ciclo de facturación estándar; sin acción de cobranza adicional.
,,,,,BAJO,BAJO,1.2,3.0,False,False,ALERTA — REVISIÓN HUMANA,['Cliente no encontrado en el maestro SUNAT (001_TBL_CLIENTES_B2B) -- no se puede validar SUNAT/Osiptel para este RUC.'],0,Mantener ciclo de facturación estándar; sin acción de cobranza adicional.
,,,,,SIN_HISTORIAL_DE_FACTURACION,,,,,False,ALERTA — REVISIÓN HUMANA,['Cliente no encontrado en el maestro SUNAT (001_TBL_CLIENTES_B2B) -- no se puede validar SUNAT/Osiptel para este RUC.'],0,
,,,,,SIN_HISTORIAL_DE_FACTURACION,,,,,False,ALERTA — REVISIÓN HUMANA,['Cliente no encontrado en el maestro SUNAT (001_TBL_CLIENTES_B2B) -- no se puede validar SUNAT/Osiptel para este RUC.'],0,
,,,,,SIN_HISTORIAL_DE_FACTURACION,,,,,False,ALERTA — REVISIÓN HUMANA,['Cliente no encontrado en el maestro SUNAT (001_TBL_CLIENTES_B2B) -- no se puede validar SUNAT/Osiptel para este RUC.'],0,
RUC_3ac268b148dd,CLIENT_00911,LIMA,Lima,San Juan de Miraflores,BAJO,BAJO,3.0,3.0,False,True,OK,[],0,Mantener ciclo de facturación estándar; sin acción de cobranza adicional.
,,,,,SIN_HISTORIAL_DE_FACTURACION,,,,,False,ALERTA — REVISIÓN HUMANA,['Cliente no encontrado en el maestro SUNAT (001_TBL_CLIENTES_B2B) -- no se puede validar SUNAT/Osiptel para este RUC.'],0,
,,,,,SIN_HISTORIAL_DE_FACTURACION,,,,,False,ALERTA — REVISIÓN HUMANA,['Cliente no encontrado en el maestro SUNAT (001_TBL_CLIENTES_B2B) -- no se puede validar SUNAT/Osiptel para este RUC.'],0,
RUC_e4d87dc8803e,CLIENT_00662,LIMA,Lima,Lima,BAJO,BAJO,1.7,141.0,False,True,OK,[],4,Mantener ciclo de facturación estándar; sin acción de cobranza adicional.
,,,,,SIN_HISTORIAL_DE_FACTURACION,,,,,False,ALERTA — REVISIÓN HUMANA,['Cliente no encontrado en el maestro SUNAT (001_TBL_CLIENTES_B2B) -- no se puede validar SUNAT/Osiptel para este RUC.'],0,
,,,,,BAJO,BAJO,-5.0,-4.0,False,False,ALERTA — REVISIÓN HUMANA,['Cliente no encontrado en el maestro SUNAT (001_TBL_CLIENTES_B2B) -- no se puede validar SUNAT/Osiptel para este RUC.'],0,Mantener ciclo de facturación estándar; sin acción de cobranza adicional.
,,,,,SIN_HISTORIAL_DE_FACTURACION,,,,,False,ALERTA — REVISIÓN HUMANA,['Cliente no encontrado en el maestro SUNAT (001_TBL_CLIENTES_B2B) -- no se puede validar SUNAT/Osiptel para este RUC.'],0,
,,,,,SIN_HISTORIAL_DE_FACTURACION,,,,,False,ALERTA — REVISIÓN HUMANA,['Cliente no encontrado en el maestro SUNAT (001_TBL_CLIENTES_B2B) -- no se puede validar SUNAT/Osiptel para este RUC.'],0,
,,,,,SIN_HISTORIAL_DE_FACTURACION,,,,,False,ALERTA — REVISIÓN HUMANA,['Cliente no encontrado en el maestro SUNAT (001_TBL_CLIENTES_B2B) -- no se puede validar SUNAT/Osiptel para este RUC.'],0,
RUC_de470bcc3ba0,CLIENT_00405,LIMA,Lima,Ate,BAJO,BAJO,-8.5,-7.0,True,True,OK,[],0,Mantener ciclo de facturación estándar; sin acción de cobranza adicional.
,,,,,SIN_HISTORIAL_DE_FACTURACION,,,,,False,ALERTA — REVISIÓN HUMANA,['Cliente no encontrado en el maestro SUNAT (001_TBL_CLIENTES_B2B) -- no se puede validar SUNAT/Osiptel para este RUC.'],0,
,,,,,SIN_HISTORIAL_DE_FACTURACION,,,,,False,ALERTA — REVISIÓN HUMANA,['Cliente no encontrado en el maestro SUNAT (001_TBL_CLIENTES_B2B) -- no se puede validar SUNAT/Osiptel para este RUC.'],0,
,,,,,SIN_HISTORIAL_DE_FACTURACION,,,,,False,ALERTA — REVISIÓN HUMANA,['Cliente no encontrado en el maestro SUNAT (001_TBL_CLIENTES_B2B) -- no se puede validar SUNAT/Osiptel para este RUC.'],0,
RUC_82f9e9c65d96,CLIENT_00644,LIMA,Lima,La Victoria,SIN_HISTORIAL_DE_FACTURACION,,,,,True,OK,[],0,
RUC_30664acece98,CLIENT_00278,LIMA,Lima,San Miguel,SIN_HISTORIAL_DE_FACTURACION,,,,,True,OK,[],0,
,,,,,SIN_HISTORIAL_DE_FACTURACION,,,,,False,ALERTA — REVISIÓN HUMANA,['Cliente no encontrado en el maestro SUNAT (001_TBL_CLIENTES_B2B) -- no se puede validar SUNAT/Osiptel para este RUC.'],0,
,,,,,SIN_HISTORIAL_DE_FACTURACION,,,,,False,ALERTA — REVISIÓN HUMANA,['Cliente no encontrado en el maestro SUNAT (001_TBL_CLIENTES_B2B) -- no se puede validar SUNAT/Osiptel para este RUC.'],0,
,,,,,SIN_HISTORIAL_DE_FACTURACION,,,,,False,ALERTA — REVISIÓN HUMANA,['Cliente no encontrado en el maestro SUNAT (001_TBL_CLIENTES_B2B) -- no se puede validar SUNAT/Osiptel para este RUC.'],0,
,,,,,SIN_HISTORIAL_DE_FACTURACION,,,,,False,ALERTA — REVISIÓN HUMANA,['Cliente no encontrado en el maestro SUNAT (001_TBL_CLIENTES_B2B) -- no se puede validar SUNAT/Osiptel para este RUC.'],0,
,,,,,BAJO,BAJO,2.5,3.0,False,False,ALERTA — REVISIÓN HUMANA,['Cliente no encontrado en el maestro SUNAT (001_TBL_CLIENTES_B2B) -- no se puede validar SUNAT/Osiptel para este RUC.'],0,Mantener ciclo de facturación estándar; sin acción de cobranza adicional.
RUC_52777dadee80,CLIENT_00359,LIMA,Lima,San Juan de Lurigancho,BAJO,BAJO,4.5,8.0,True,True,OK,[],0,Mantener ciclo de facturación estándar; sin acción de cobranza adicional.
,,,,,SIN_HISTORIAL_DE_FACTURACION,,,,,False,ALERTA — REVISIÓN HUMANA,['Cliente no encontrado en el maestro SUNAT (001_TBL_CLIENTES_B2B) -- no se puede validar SUNAT/Osiptel para este RUC.'],0,
,,,,,BAJO,BAJO,3.0,55.0,False,False,ALERTA — REVISIÓN HUMANA,['Cliente no encontrado en el maestro SUNAT (001_TBL_CLIENTES_B2B) -- no se puede validar SUNAT/Osiptel para este RUC.'],5,Mantener ciclo de facturación estándar; sin acción de cobranza adicional.
,,,,,BAJO,BAJO,-7.2,16.0,False,False,ALERTA — REVISIÓN HUMANA,['Cliente no encontrado en el maestro SUNAT (001_TBL_CLIENTES_B2B) -- no se puede validar SUNAT/Osiptel para este RUC.'],1,Mantener ciclo de facturación estándar; sin acción de cobranza adicional.
RUC_c843e73146da,CLIENT_00037,LIMA,Lima,Chorrillos,BAJO,BAJO,3.0,4.0,True,True,OK,[],1,Mantener ciclo de facturación estándar; sin acción de cobranza adicional.
,,,,,SIN_HISTORIAL_DE_FACTURACION,,,,,False,ALERTA — REVISIÓN HUMANA,['Cliente no encontrado en el maestro SUNAT (001_TBL_CLIENTES_B2B) -- no se puede validar SUNAT/Osiptel para este RUC.'],0,
RUC_0fa4a61d1107,CLIENT_00639,ANCASH,Huaraz,Huaraz,BAJO,BAJO,0.8,2.0,False,True,OK,[],0,Mantener ciclo de facturación estándar; sin acción de cobranza adicional.
,,,,,SIN_HISTORIAL_DE_FACTURACION,,,,,False,ALERTA — REVISIÓN HUMANA,['Cliente no encontrado en el maestro SUNAT (001_TBL_CLIENTES_B2B) -- no se puede validar SUNAT/Osiptel para este RUC.'],0,
,,,,,SIN_HISTORIAL_DE_FACTURACION,,,,,False,ALERTA — REVISIÓN HUMANA,['Cliente no encontrado en el maestro SUNAT (001_TBL_CLIENTES_B2B) -- no se puede validar SUNAT/Osiptel para este RUC.'],0,
,,,,,SIN_HISTORIAL_DE_FACTURACION,,,,,False,ALERTA — REVISIÓN HUMANA,['Cliente no encontrado en el maestro SUNAT (001_TBL_CLIENTES_B2B) -- no se puede validar SUNAT/Osiptel para este RUC.'],0,
,,,,,SIN_HISTORIAL_DE_FACTURACION,,,,,False,ALERTA — REVISIÓN HUMANA,['Cliente no encontrado en el maestro SUNAT (001_TBL_CLIENTES_B2B) -- no se puede validar SUNAT/Osiptel para este RUC.'],0,
RUC_408b58949c93,CLIENT_00618,LIMA,Lima,San Juan de Lurigancho,SIN_HISTORIAL_DE_FACTURACION,,,,,True,OK,[],0,
,,,,,SIN_HISTORIAL_DE_FACTURACION,,,,,False,ALERTA — REVISIÓN HUMANA,['Cliente no encontrado en el maestro SUNAT (001_TBL_CLIENTES_B2B) -- no se puede validar SUNAT/Osiptel para este RUC.'],0,
,,,,,SIN_HISTORIAL_DE_FACTURACION,,,,,False,ALERTA — REVISIÓN HUMANA,['Cliente no encontrado en el maestro SUNAT (001_TBL_CLIENTES_B2B) -- no se puede validar SUNAT/Osiptel para este RUC.'],0,
,,,,,SIN_HISTORIAL_DE_FACTURACION,,,,,False,ALERTA — REVISIÓN HUMANA,['Cliente no encontrado en el maestro SUNAT (001_TBL_CLIENTES_B2B) -- no se puede validar SUNAT/Osiptel para este RUC.'],0,
,,,,,SIN_HISTORIAL_DE_FACTURACION,,,,,False,ALERTA — REVISIÓN HUMANA,['Cliente no encontrado en el maestro SUNAT (001_TBL_CLIENTES_B2B) -- no se puede validar SUNAT/Osiptel para este RUC.'],0,
,,,,,SIN_HISTORIAL_DE_FACTURACION,,,,,False,ALERTA — REVISIÓN HUMANA,['Cliente no encontrado en el maestro SUNAT (001_TBL_CLIENTES_B2B) -- no se puede validar SUNAT/Osiptel para este RUC.'],0,
RUC_5bd82489fd12,CLIENT_00708,LIMA,Lima,Miraflores,ALTO,ALTO,132.5,133.0,False,True,OK,[],0,Contacto proactivo antes del vencimiento + oferta de plan de pago fraccionado; escalar a gestor de cuenta senior.
,,,,,SIN_HISTORIAL_DE_FACTURACION,,,,,False,ALERTA — REVISIÓN HUMANA,['Cliente no encontrado en el maestro SUNAT (001_TBL_CLIENTES_B2B) -- no se puede validar SUNAT/Osiptel para este RUC.'],0,
,,,,,SIN_HISTORIAL_DE_FACTURACION,,,,,False,ALERTA — REVISIÓN HUMANA,['Cliente no encontrado en el maestro SUNAT (001_TBL_CLIENTES_B2B) -- no se puede validar SUNAT/Osiptel para este RUC.'],0,
RUC_0e88a821394f,CLIENT_00108,LIMA,Lima,San Borja,SIN_HISTORIAL_DE_FACTURACION,,,,,True,OK,[],0,
RUC_37b24a8318ee,CLIENT_00418,PIURA,Piura,Piura,BAJO,BAJO,-3.8,12.0,False,True,OK,[],2,Mantener ciclo de facturación estándar; sin acción de cobranza adicional.
,,,,,SIN_HISTORIAL_DE_FACTURACION,,,,,False,ALERTA — REVISIÓN HUMANA,['Cliente no encontrado en el maestro SUNAT (001_TBL_CLIENTES_B2B) -- no se puede validar SUNAT/Osiptel para este RUC.'],0,
,,,,,SIN_HISTORIAL_DE_FACTURACION,,,,,False,ALERTA — REVISIÓN HUMANA,['Cliente no encontrado en el maestro SUNAT (001_TBL_CLIENTES_B2B) -- no se puede validar SUNAT/Osiptel para este RUC.'],0,
,,,,,SIN_HISTORIAL_DE_FACTURACION,,,,,False,ALERTA — REVISIÓN HUMANA,['Cliente no encontrado en el maestro SUNAT (001_TBL_CLIENTES_B2B) -- no se puede validar SUNAT/Osiptel para este RUC.'],0,
,,,,,SIN_HISTORIAL_DE_FACTURACION,,,,,False,ALERTA — REVISIÓN HUMANA,['Cliente no encontrado en el maestro SUNAT (001_TBL_CLIENTES_B2B) -- no se puede validar SUNAT/Osiptel para este RUC.'],0,
,,,,,SIN_HISTORIAL_DE_FACTURACION,,,,,False,ALERTA — REVISIÓN HUMANA,['Cliente no encontrado en el maestro SUNAT (001_TBL_CLIENTES_B2B) -- no se puede validar SUNAT/Osiptel para este RUC.'],0,
,,,,,SIN_HISTORIAL_DE_FACTURACION,,,,,False,ALERTA — REVISIÓN HUMANA,['Cliente no encontrado en el maestro SUNAT (001_TBL_CLIENTES_B2B) -- no se puede validar SUNAT/Osiptel para este RUC.'],0,
RUC_580e2a0d983d,CLIENT_00268,LIMA,Lima,Santiago de Surco,BAJO,BAJO,3.0,3.0,False,True,OK,[],1,Mantener ciclo de facturación estándar; sin acción de cobranza adicional.
,,,,,SIN_HISTORIAL_DE_FACTURACION,,,,,False,ALERTA — REVISIÓN HUMANA,['Cliente no encontrado en el maestro SUNAT (001_TBL_CLIENTES_B2B) -- no se puede validar SUNAT/Osiptel para este RUC.'],0,
,,,,,SIN_HISTORIAL_DE_FACTURACION,,,,,False,ALERTA — REVISIÓN HUMANA,['Cliente no encontrado en el maestro SUNAT (001_TBL_CLIENTES_B2B) -- no se puede validar SUNAT/Osiptel para este RUC.'],0,
,,,,,SIN_HISTORIAL_DE_FACTURACION,,,,,False,ALERTA — REVISIÓN HUMANA,['Cliente no encontrado en el maestro SUNAT (001_TBL_CLIENTES_B2B) -- no se puede validar SUNAT/Osiptel para este RUC.'],0,
RUC_9e373a0bd40c,CLIENT_00493,UCAYALI,Coronel Portillo,Calleria,ALTO,,,,,True,ALERTA — REVISIÓN HUMANA,['SUNAT_ESTADO_CONTRIBUYENTE=BAJA DE OFICIO (no ACTIVO)'],0,
,,,,,SIN_HISTORIAL_DE_FACTURACION,,,,,False,ALERTA — REVISIÓN HUMANA,['Cliente no encontrado en el maestro SUNAT (001_TBL_CLIENTES_B2B) -- no se puede validar SUNAT/Osiptel para este RUC.'],0,
RUC_c35c7f846a54,CLIENT_00438,LIMA,Lima,Rímac,ALTO,ALTO,45.5,61.0,False,True,ALERTA — REVISIÓN HUMANA,['SUNAT_ESTADO_CONTRIBUYENTE=BAJA DE OFICIO (no ACTIVO)'],2,Contacto proactivo antes del vencimiento + oferta de plan de pago fraccionado; escalar a gestor de cuenta senior.
,,,,,SIN_HISTORIAL_DE_FACTURACION,,,,,False,ALERTA — REVISIÓN HUMANA,['Cliente no encontrado en el maestro SUNAT (001_TBL_CLIENTES_B2B) -- no se puede validar SUNAT/Osiptel para este RUC.'],0,
,,,,,SIN_HISTORIAL_DE_FACTURACION,,,,,False,ALERTA — REVISIÓN HUMANA,['Cliente no encontrado en el maestro SUNAT (001_TBL_CLIENTES_B2B) -- no se puede validar SUNAT/Osiptel para este RUC.'],0,
RUC_eb38a4c614c4,CLIENT_00407,LIMA,Lima,Chorrillos,SIN_HISTORIAL_DE_FACTURACION,,,,,True,OK,[],0,
,,,,,SIN_HISTORIAL_DE_FACTURACION,,,,,False,ALERTA — REVISIÓN HUMANA,['Cliente no encontrado en el maestro SUNAT (001_TBL_CLIENTES_B2B) -- no se puede validar SUNAT/Osiptel para este RUC.'],0,
,,,,,SIN_HISTORIAL_DE_FACTURACION,,,,,False,ALERTA — REVISIÓN HUMANA,['Cliente no encontrado en el maestro SUNAT (001_TBL_CLIENTES_B2B) -- no se puede validar SUNAT/Osiptel para este RUC.'],0,
,,,,,SIN_HISTORIAL_DE_FACTURACION,,,,,False,ALERTA — REVISIÓN HUMANA,['Cliente no encontrado en el maestro SUNAT (001_TBL_CLIENTES_B2B) -- no se puede validar SUNAT/Osiptel para este RUC.'],0,
RUC_8d32a5c47455,CLIENT_00411,LIMA,Lima,San Juan de Miraflores,BAJO,BAJO,-2.0,-1.0,False,True,OK,[],0,Mantener ciclo de facturación estándar; sin acción de cobranza adicional.
RUC_c5d134e23e04,CLIENT_00253,LIMA,Lima,San Juan de Lurigancho,SIN_HISTORIAL_DE_FACTURACION,,,,,True,OK,[],0,
,,,,,SIN_HISTORIAL_DE_FACTURACION,,,,,False,ALERTA — REVISIÓN HUMANA,['Cliente no encontrado en el maestro SUNAT (001_TBL_CLIENTES_B2B) -- no se puede validar SUNAT/Osiptel para este RUC.'],0,
RUC_35ecdc1e8108,CLIENT_00339,LIMA,Lima,Lima,SIN_HISTORIAL_DE_FACTURACION,,,,,True,OK,[],0,
,,,,,SIN_HISTORIAL_DE_FACTURACION,,,,,False,ALERTA — REVISIÓN HUMANA,['Cliente no encontrado en el maestro SUNAT (001_TBL_CLIENTES_B2B) -- no se puede validar SUNAT/Osiptel para este RUC.'],0,
,,,,,SIN_HISTORIAL_DE_FACTURACION,,,,,False,ALERTA — REVISIÓN HUMANA,['Cliente no encontrado en el maestro SUNAT (001_TBL_CLIENTES_B2B) -- no se puede validar SUNAT/Osiptel para este RUC.'],0,
,,,,,SIN_HISTORIAL_DE_FACTURACION,,,,,False,ALERTA — REVISIÓN HUMANA,['Cliente no encontrado en el maestro SUNAT (001_TBL_CLIENTES_B2B) -- no se puede validar SUNAT/Osiptel para este RUC.'],0,
RUC_7a7dd64f8587,CLIENT_00611,LA LIBERTAD,Trujillo,Victor Larco Herrera,SIN_HISTORIAL_DE_FACTURACION,,,,,True,OK,[],0,
,,,,,SIN_HISTORIAL_DE_FACTURACION,,,,,False,ALERTA — REVISIÓN HUMANA,['Cliente no encontrado en el maestro SUNAT (001_TBL_CLIENTES_B2B) -- no se puede validar SUNAT/Osiptel para este RUC.'],0,
RUC_c60e17137706,CLIENT_00823,LIMA,Lima,San Miguel,SIN_HISTORIAL_DE_FACTURACION,,,,,True,OK,[],0,
,,,,,SIN_HISTORIAL_DE_FACTURACION,,,,,False,ALERTA — REVISIÓN HUMANA,['Cliente no encontrado en el maestro SUNAT (001_TBL_CLIENTES_B2B) -- no se puede validar SUNAT/Osiptel para este RUC.'],0,
,,,,,SIN_HISTORIAL_DE_FACTURACION,,,,,False,ALERTA — REVISIÓN HUMANA,['Cliente no encontrado en el maestro SUNAT (001_TBL_CLIENTES_B2B) -- no se puede validar SUNAT/Osiptel para este RUC.'],0,
,,,,,BAJO,BAJO,-5.0,24.0,False,False,ALERTA — REVISIÓN HUMANA,['Cliente no encontrado en el maestro SUNAT (001_TBL_CLIENTES_B2B) -- no se puede validar SUNAT/Osiptel para este RUC.'],3,Mantener ciclo de facturación estándar; sin acción de cobranza adicional.
,,,,,SIN_HISTORIAL_DE_FACTURACION,,,,,False,ALERTA — REVISIÓN HUMANA,['Cliente no encontrado en el maestro SUNAT (001_TBL_CLIENTES_B2B) -- no se puede validar SUNAT/Osiptel para este RUC.'],0,
,,,,,SIN_HISTORIAL_DE_FACTURACION,,,,,False,ALERTA — REVISIÓN HUMANA,['Cliente no encontrado en el maestro SUNAT (001_TBL_CLIENTES_B2B) -- no se puede validar SUNAT/Osiptel para este RUC.'],0,
RUC_7a300d1e5463,CLIENT_00007,LIMA,Lima,Villa El Salvador,SIN_HISTORIAL_DE_FACTURACION,,,,,True,OK,[],0,
,,,,,SIN_HISTORIAL_DE_FACTURACION,,,,,False,ALERTA — REVISIÓN HUMANA,['Cliente no encontrado en el maestro SUNAT (001_TBL_CLIENTES_B2B) -- no se puede validar SUNAT/Osiptel para este RUC.'],0,
RUC_bd6dd81ff490,CLIENT_00695,HUANUCO,Huánuco,Huanuco,BAJO,BAJO,-2.8,-1.0,False,True,OK,[],0,Mantener ciclo de facturación estándar; sin acción de cobranza adicional.
,,,,,SIN_HISTORIAL_DE_FACTURACION,,,,,False,ALERTA — REVISIÓN HUMANA,['Cliente no encontrado en el maestro SUNAT (001_TBL_CLIENTES_B2B) -- no se puede validar SUNAT/Osiptel para este RUC.'],0,
,,,,,MEDIO,MEDIO,7.7,23.0,False,False,ALERTA — REVISIÓN HUMANA,['Cliente no encontrado en el maestro SUNAT (001_TBL_CLIENTES_B2B) -- no se puede validar SUNAT/Osiptel para este RUC.'],2,Recordatorio automático 5 días antes del vencimiento por correo/WhatsApp; sin escalamiento humano todavía.
,,,,,SIN_HISTORIAL_DE_FACTURACION,,,,,False,ALERTA — REVISIÓN HUMANA,['Cliente no encontrado en el maestro SUNAT (001_TBL_CLIENTES_B2B) -- no se puede validar SUNAT/Osiptel para este RUC.'],0,
RUC_592b5a5f4daf,CLIENT_00244,SAN MARTIN,San Martín,Tarapoto,SIN_HISTORIAL_DE_FACTURACION,,,,,True,OK,[],0,
,,,,,SIN_HISTORIAL_DE_FACTURACION,,,,,False,ALERTA — REVISIÓN HUMANA,['Cliente no encontrado en el maestro SUNAT (001_TBL_CLIENTES_B2B) -- no se puede validar SUNAT/Osiptel para este RUC.'],0,
RUC_fdb52a3cc627,CLIENT_00069,LORETO,Maynas,Iquitos,BAJO,BAJO,-7.5,-6.0,True,True,OK,[],0,Mantener ciclo de facturación estándar; sin acción de cobranza adicional.
,,,,,SIN_HISTORIAL_DE_FACTURACION,,,,,False,ALERTA — REVISIÓN HUMANA,['Cliente no encontrado en el maestro SUNAT (001_TBL_CLIENTES_B2B) -- no se puede validar SUNAT/Osiptel para este RUC.'],0,
RUC_6e383921737a,CLIENT_00443,LIMA,Lima,Breña,SIN_HISTORIAL_DE_FACTURACION,,,,,True,OK,[],0,
RUC_bc2e3552a644,CLIENT_00593,LIMA,Lima,La Victoria,ALTO,BAJO,0.5,1.0,False,True,ALERTA — REVISIÓN HUMANA,['SUNAT_ESTADO_CONTRIBUYENTE=SUSPENSION TEMPORAL (no ACTIVO)'],1,Mantener ciclo de facturación estándar; sin acción de cobranza adicional.
,,,,,SIN_HISTORIAL_DE_FACTURACION,,,,,False,ALERTA — REVISIÓN HUMANA,['Cliente no encontrado en el maestro SUNAT (001_TBL_CLIENTES_B2B) -- no se puede validar SUNAT/Osiptel para este RUC.'],0,
,,,,,SIN_HISTORIAL_DE_FACTURACION,,,,,False,ALERTA — REVISIÓN HUMANA,['Cliente no encontrado en el maestro SUNAT (001_TBL_CLIENTES_B2B) -- no se puede validar SUNAT/Osiptel para este RUC.'],0,
,,,,,SIN_HISTORIAL_DE_FACTURACION,,,,,False,ALERTA — REVISIÓN HUMANA,['Cliente no encontrado en el maestro SUNAT (001_TBL_CLIENTES_B2B) -- no se puede validar SUNAT/Osiptel para este RUC.'],0,
,,,,,BAJO,BAJO,-9.5,-9.0,True,False,ALERTA — REVISIÓN HUMANA,['Cliente no encontrado en el maestro SUNAT (001_TBL_CLIENTES_B2B) -- no se puede validar SUNAT/Osiptel para este RUC.'],0,Mantener ciclo de facturación estándar; sin acción de cobranza adicional.
,,,,,BAJO,BAJO,-4.0,-4.0,False,False,ALERTA — REVISIÓN HUMANA,['Cliente no encontrado en el maestro SUNAT (001_TBL_CLIENTES_B2B) -- no se puede validar SUNAT/Osiptel para este RUC.'],0,Mantener ciclo de facturación estándar; sin acción de cobranza adicional.
RUC_2e2c69bc6014,CLIENT_00288,LIMA,Lima,San Miguel,BAJO,BAJO,-6.0,-6.0,False,True,OK,[],0,Mantener ciclo de facturación estándar; sin acción de cobranza adicional.
RUC_066003c3fc67,CLIENT_00999,LIMA,Lima,Santiago de Surco,BAJO,BAJO,2.3,25.0,False,True,OK,[],3,Mantener ciclo de facturación estándar; sin acción de cobranza adicional.
RUC_1fb32a8352f9,CLIENT_00241,LA LIBERTAD,Trujillo,El Porvenir,BAJO,BAJO,2.0,3.0,True,True,OK,[],0,Mantener ciclo de facturación estándar; sin acción de cobranza adicional.
,,,,,SIN_HISTORIAL_DE_FACTURACION,,,,,False,ALERTA — REVISIÓN HUMANA,['Cliente no encontrado en el maestro SUNAT (001_TBL_CLIENTES_B2B) -- no se puede validar SUNAT/Osiptel para este RUC.'],0,
RUC_e3aa802a0649,CLIENT_00582,TACNA,Tacna,Tacna,BAJO,BAJO,-3.2,23.0,False,True,OK,[],3,Mantener ciclo de facturación estándar; sin acción de cobranza adicional.
RUC_c944ee1d1762,CLIENT_00121,LORETO,Maynas,Iquitos,SIN_HISTORIAL_DE_FACTURACION,,,,,True,OK,[],0,
,,,,,SIN_HISTORIAL_DE_FACTURACION,,,,,False,ALERTA — REVISIÓN HUMANA,['Cliente no encontrado en el maestro SUNAT (001_TBL_CLIENTES_B2B) -- no se puede validar SUNAT/Osiptel para este RUC.'],0,
,,,,,SIN_HISTORIAL_DE_FACTURACION,,,,,False,ALERTA — REVISIÓN HUMANA,['Cliente no encontrado en el maestro SUNAT (001_TBL_CLIENTES_B2B) -- no se puede validar SUNAT/Osiptel para este RUC.'],0,
,,,,,SIN_HISTORIAL_DE_FACTURACION,,,,,False,ALERTA — REVISIÓN HUMANA,['Cliente no encontrado en el maestro SUNAT (001_TBL_CLIENTES_B2B) -- no se puede validar SUNAT/Osiptel para este RUC.'],0,
,,,,,SIN_HISTORIAL_DE_FACTURACION,,,,,False,ALERTA — REVISIÓN HUMANA,['Cliente no encontrado en el maestro SUNAT (001_TBL_CLIENTES_B2B) -- no se puede validar SUNAT/Osiptel para este RUC.'],0,
,,,,,SIN_HISTORIAL_DE_FACTURACION,,,,,False,ALERTA — REVISIÓN HUMANA,['Cliente no encontrado en el maestro SUNAT (001_TBL_CLIENTES_B2B) -- no se puede validar SUNAT/Osiptel para este RUC.'],0,
,,,,,SIN_HISTORIAL_DE_FACTURACION,,,,,False,ALERTA — REVISIÓN HUMANA,['Cliente no encontrado en el maestro SUNAT (001_TBL_CLIENTES_B2B) -- no se puede validar SUNAT/Osiptel para este RUC.'],0,
RUC_a29016ea433d,CLIENT_00170,LIMA,Lima,Lima,ALTO,ALTO,29.5,45.0,False,True,ALERTA — REVISIÓN HUMANA,"['SUNAT_ESTADO_RUC=NO HABIDO (no HABIDO)', 'Todas sus líneas (fija/móvil) están inactivas o suspendidas']",2,Contacto proactivo antes del vencimiento + oferta de plan de pago fraccionado; escalar a gestor de cuenta senior.
,,,,,SIN_HISTORIAL_DE_FACTURACION,,,,,False,ALERTA — REVISIÓN HUMANA,['Cliente no encontrado en el maestro SUNAT (001_TBL_CLIENTES_B2B) -- no se puede validar SUNAT/Osiptel para este RUC.'],0,
,,,,,BAJO,BAJO,-5.7,3.0,False,False,ALERTA — REVISIÓN HUMANA,['Cliente no encontrado en el maestro SUNAT (001_TBL_CLIENTES_B2B) -- no se puede validar SUNAT/Osiptel para este RUC.'],0,Mantener ciclo de facturación estándar; sin acción de cobranza adicional.
,,,,,SIN_HISTORIAL_DE_FACTURACION,,,,,False,ALERTA — REVISIÓN HUMANA,['Cliente no encontrado en el maestro SUNAT (001_TBL_CLIENTES_B2B) -- no se puede validar SUNAT/Osiptel para este RUC.'],0,
,,,,,SIN_HISTORIAL_DE_FACTURACION,,,,,False,ALERTA — REVISIÓN HUMANA,['Cliente no encontrado en el maestro SUNAT (001_TBL_CLIENTES_B2B) -- no se puede validar SUNAT/Osiptel para este RUC.'],0,
,,,,,SIN_HISTORIAL_DE_FACTURACION,,,,,False,ALERTA — REVISIÓN HUMANA,['Cliente no encontrado en el maestro SUNAT (001_TBL_CLIENTES_B2B) -- no se puede validar SUNAT/Osiptel para este RUC.'],0,
,,,,,SIN_HISTORIAL_DE_FACTURACION,,,,,False,ALERTA — REVISIÓN HUMANA,['Cliente no encontrado en el maestro SUNAT (001_TBL_CLIENTES_B2B) -- no se puede validar SUNAT/Osiptel para este RUC.'],0,
RUC_c5fd4cc3c445,CLIENT_00164,LIMA,Lima,Lima,BAJO,BAJO,-1.0,-1.0,False,True,OK,[],0,Mantener ciclo de facturación estándar; sin acción de cobranza adicional.
,,,,,SIN_HISTORIAL_DE_FACTURACION,,,,,False,ALERTA — REVISIÓN HUMANA,['Cliente no encontrado en el maestro SUNAT (001_TBL_CLIENTES_B2B) -- no se puede validar SUNAT/Osiptel para este RUC.'],0,
,,,,,SIN_HISTORIAL_DE_FACTURACION,,,,,False,ALERTA — REVISIÓN HUMANA,['Cliente no encontrado en el maestro SUNAT (001_TBL_CLIENTES_B2B) -- no se puede validar SUNAT/Osiptel para este RUC.'],0,
,,,,,ALTO,ALTO,22.5,23.0,True,False,ALERTA — REVISIÓN HUMANA,['Cliente no encontrado en el maestro SUNAT (001_TBL_CLIENTES_B2B) -- no se puede validar SUNAT/Osiptel para este RUC.'],2,Contacto proactivo antes del vencimiento + oferta de plan de pago fraccionado; escalar a gestor de cuenta senior.
RUC_fe103d5d6fb9,CLIENT_00705,LIMA,Lima,Santiago de Surco,ALTO,ALTO,180.0,180.0,False,True,ALERTA — REVISIÓN HUMANA,"['SUNAT_ESTADO_RUC=NO HABIDO (no HABIDO)', 'SUNAT_ESTADO_CONTRIBUYENTE=SUSPENSION TEMPORAL (no ACTIVO)']",1,Contacto proactivo antes del vencimiento + oferta de plan de pago fraccionado; escalar a gestor de cuenta senior.
RUC_d9686baad734,CLIENT_00640,LIMA,Lima,La Victoria,SIN_HISTORIAL_DE_FACTURACION,,,,,True,OK,[],0,
RUC_a493e8f4687e,CLIENT_00532,LIMA,Lima,San Isidro,BAJO,BAJO,-1.0,-1.0,False,True,OK,[],1,Mantener ciclo de facturación estándar; sin acción de cobranza adicional.
RUC_6889305af663,CLIENT_00144,LIMA,Lima,San Borja,SIN_HISTORIAL_DE_FACTURACION,,,,,True,OK,[],0,
,,,,,SIN_HISTORIAL_DE_FACTURACION,,,,,False,ALERTA — REVISIÓN HUMANA,['Cliente no encontrado en el maestro SUNAT (001_TBL_CLIENTES_B2B) -- no se puede validar SUNAT/Osiptel para este RUC.'],0,
,,,,,SIN_HISTORIAL_DE_FACTURACION,,,,,False,ALERTA — REVISIÓN HUMANA,['Cliente no encontrado en el maestro SUNAT (001_TBL_CLIENTES_B2B) -- no se puede validar SUNAT/Osiptel para este RUC.'],0,
,,,,,SIN_HISTORIAL_DE_FACTURACION,,,,,False,ALERTA — REVISIÓN HUMANA,['Cliente no encontrado en el maestro SUNAT (001_TBL_CLIENTES_B2B) -- no se puede validar SUNAT/Osiptel para este RUC.'],0,
,,,,,SIN_HISTORIAL_DE_FACTURACION,,,,,False,ALERTA — REVISIÓN HUMANA,['Cliente no encontrado en el maestro SUNAT (001_TBL_CLIENTES_B2B) -- no se puede validar SUNAT/Osiptel para este RUC.'],0,
,,,,,SIN_HISTORIAL_DE_FACTURACION,,,,,False,ALERTA — REVISIÓN HUMANA,['Cliente no encontrado en el maestro SUNAT (001_TBL_CLIENTES_B2B) -- no se puede validar SUNAT/Osiptel para este RUC.'],0,
,,,,,SIN_HISTORIAL_DE_FACTURACION,,,,,False,ALERTA — REVISIÓN HUMANA,['Cliente no encontrado en el maestro SUNAT (001_TBL_CLIENTES_B2B) -- no se puede validar SUNAT/Osiptel para este RUC.'],0,
,,,,,SIN_HISTORIAL_DE_FACTURACION,,,,,False,ALERTA — REVISIÓN HUMANA,['Cliente no encontrado en el maestro SUNAT (001_TBL_CLIENTES_B2B) -- no se puede validar SUNAT/Osiptel para este RUC.'],0,
,,,,,BAJO,BAJO,-8.7,5.0,False,False,ALERTA — REVISIÓN HUMANA,['Cliente no encontrado en el maestro SUNAT (001_TBL_CLIENTES_B2B) -- no se puede validar SUNAT/Osiptel para este RUC.'],2,Mantener ciclo de facturación estándar; sin acción de cobranza adicional.
,,,,,SIN_HISTORIAL_DE_FACTURACION,,,,,False,ALERTA — REVISIÓN HUMANA,['Cliente no encontrado en el maestro SUNAT (001_TBL_CLIENTES_B2B) -- no se puede validar SUNAT/Osiptel para este RUC.'],0,
,,,,,SIN_HISTORIAL_DE_FACTURACION,,,,,False,ALERTA — REVISIÓN HUMANA,['Cliente no encontrado en el maestro SUNAT (001_TBL_CLIENTES_B2B) -- no se puede validar SUNAT/Osiptel para este RUC.'],0,
,,,,,SIN_HISTORIAL_DE_FACTURACION,,,,,False,ALERTA — REVISIÓN HUMANA,['Cliente no encontrado en el maestro SUNAT (001_TBL_CLIENTES_B2B) -- no se puede validar SUNAT/Osiptel para este RUC.'],0,
,,,,,SIN_HISTORIAL_DE_FACTURACION,,,,,False,ALERTA — REVISIÓN HUMANA,['Cliente no encontrado en el maestro SUNAT (001_TBL_CLIENTES_B2B) -- no se puede validar SUNAT/Osiptel para este RUC.'],0,
,,,,,SIN_HISTORIAL_DE_FACTURACION,,,,,False,ALERTA — REVISIÓN HUMANA,['Cliente no encontrado en el maestro SUNAT (001_TBL_CLIENTES_B2B) -- no se puede validar SUNAT/Osiptel para este RUC.'],0,
,,,,,SIN_HISTORIAL_DE_FACTURACION,,,,,False,ALERTA — REVISIÓN HUMANA,['Cliente no encontrado en el maestro SUNAT (001_TBL_CLIENTES_B2B) -- no se puede validar SUNAT/Osiptel para este RUC.'],0,
,,,,,SIN_HISTORIAL_DE_FACTURACION,,,,,False,ALERTA — REVISIÓN HUMANA,['Cliente no encontrado en el maestro SUNAT (001_TBL_CLIENTES_B2B) -- no se puede validar SUNAT/Osiptel para este RUC.'],0,
,,,,,SIN_HISTORIAL_DE_FACTURACION,,,,,False,ALERTA — REVISIÓN HUMANA,['Cliente no encontrado en el maestro SUNAT (001_TBL_CLIENTES_B2B) -- no se puede validar SUNAT/Osiptel para este RUC.'],0,
,,,,,SIN_HISTORIAL_DE_FACTURACION,,,,,False,ALERTA — REVISIÓN HUMANA,['Cliente no encontrado en el maestro SUNAT (001_TBL_CLIENTES_B2B) -- no se puede validar SUNAT/Osiptel para este RUC.'],0,
,,,,,SIN_HISTORIAL_DE_FACTURACION,,,,,False,ALERTA — REVISIÓN HUMANA,['Cliente no encontrado en el maestro SUNAT (001_TBL_CLIENTES_B2B) -- no se puede validar SUNAT/Osiptel para este RUC.'],0,
,,,,,SIN_HISTORIAL_DE_FACTURACION,,,,,False,ALERTA — REVISIÓN HUMANA,['Cliente no encontrado en el maestro SUNAT (001_TBL_CLIENTES_B2B) -- no se puede validar SUNAT/Osiptel para este RUC.'],0,
RUC_ed5383efe05b,CLIENT_00151,ANCASH,Santa,Chimbote,ALTO,ALTO,58.5,103.0,False,True,OK,[],3,Contacto proactivo antes del vencimiento + oferta de plan de pago fraccionado; escalar a gestor de cuenta senior.
,,,,,SIN_HISTORIAL_DE_FACTURACION,,,,,False,ALERTA — REVISIÓN HUMANA,['Cliente no encontrado en el maestro SUNAT (001_TBL_CLIENTES_B2B) -- no se puede validar SUNAT/Osiptel para este RUC.'],0,
RUC_4b2e3f78cf2d,CLIENT_00686,LIMA,Lima,Lima,ALTO,MEDIO,11.0,11.0,False,True,ALERTA — REVISIÓN HUMANA,['SUNAT_ESTADO_CONTRIBUYENTE=BAJA DE OFICIO (no ACTIVO)'],0,Recordatorio automático 5 días antes del vencimiento por correo/WhatsApp; sin escalamiento humano todavía.
RUC_288bdd994be3,CLIENT_00967,SAN MARTIN,Moyobamba,Moyobamba,MEDIO,MEDIO,10.7,22.0,False,True,OK,[],1,Recordatorio automático 5 días antes del vencimiento por correo/WhatsApp; sin escalamiento humano todavía.
,,,,,SIN_HISTORIAL_DE_FACTURACION,,,,,False,ALERTA — REVISIÓN HUMANA,['Cliente no encontrado en el maestro SUNAT (001_TBL_CLIENTES_B2B) -- no se puede validar SUNAT/Osiptel para este RUC.'],0,
,,,,,SIN_HISTORIAL_DE_FACTURACION,,,,,False,ALERTA — REVISIÓN HUMANA,['Cliente no encontrado en el maestro SUNAT (001_TBL_CLIENTES_B2B) -- no se puede validar SUNAT/Osiptel para este RUC.'],0,
RUC_47fd9b8dddf3,CLIENT_00275,CALLAO,Prov. Const. del Callao,Callao,BAJO,BAJO,-1.5,-1.0,False,True,OK,[],0,Mantener ciclo de facturación estándar; sin acción de cobranza adicional.
,,,,,BAJO,BAJO,-7.5,-7.0,True,False,ALERTA — REVISIÓN HUMANA,['Cliente no encontrado en el maestro SUNAT (001_TBL_CLIENTES_B2B) -- no se puede validar SUNAT/Osiptel para este RUC.'],0,Mantener ciclo de facturación estándar; sin acción de cobranza adicional.
RUC_e4bcf0830792,CLIENT_00403,LIMA,Lima,San Martín de Porres,SIN_HISTORIAL_DE_FACTURACION,,,,,True,OK,[],0,
,,,,,SIN_HISTORIAL_DE_FACTURACION,,,,,False,ALERTA — REVISIÓN HUMANA,['Cliente no encontrado en el maestro SUNAT (001_TBL_CLIENTES_B2B) -- no se puede validar SUNAT/Osiptel para este RUC.'],0,
RUC_2010394d5997,CLIENT_00261,LIMA,Lima,Santiago de Surco,ALTO,ALTO,22.5,23.0,True,True,ALERTA — REVISIÓN HUMANA,['SUNAT_ESTADO_CONTRIBUYENTE=BAJA DE OFICIO (no ACTIVO)'],2,Contacto proactivo antes del vencimiento + oferta de plan de pago fraccionado; escalar a gestor de cuenta senior.
,,,,,SIN_HISTORIAL_DE_FACTURACION,,,,,False,ALERTA — REVISIÓN HUMANA,['Cliente no encontrado en el maestro SUNAT (001_TBL_CLIENTES_B2B) -- no se puede validar SUNAT/Osiptel para este RUC.'],0,
,,,,,SIN_HISTORIAL_DE_FACTURACION,,,,,False,ALERTA — REVISIÓN HUMANA,['Cliente no encontrado en el maestro SUNAT (001_TBL_CLIENTES_B2B) -- no se puede validar SUNAT/Osiptel para este RUC.'],0,
,,,,,SIN_HISTORIAL_DE_FACTURACION,,,,,False,ALERTA — REVISIÓN HUMANA,['Cliente no encontrado en el maestro SUNAT (001_TBL_CLIENTES_B2B) -- no se puede validar SUNAT/Osiptel para este RUC.'],0,
,,,,,SIN_HISTORIAL_DE_FACTURACION,,,,,False,ALERTA — REVISIÓN HUMANA,['Cliente no encontrado en el maestro SUNAT (001_TBL_CLIENTES_B2B) -- no se puede validar SUNAT/Osiptel para este RUC.'],0,
,,,,,SIN_HISTORIAL_DE_FACTURACION,,,,,False,ALERTA — REVISIÓN HUMANA,['Cliente no encontrado en el maestro SUNAT (001_TBL_CLIENTES_B2B) -- no se puede validar SUNAT/Osiptel para este RUC.'],0,
,,,,,BAJO,BAJO,-2.5,-2.0,False,False,ALERTA — REVISIÓN HUMANA,['Cliente no encontrado en el maestro SUNAT (001_TBL_CLIENTES_B2B) -- no se puede validar SUNAT/Osiptel para este RUC.'],0,Mantener ciclo de facturación estándar; sin acción de cobranza adicional.
RUC_ef36fe8e6a7c,CLIENT_00524,LIMA,Lima,San Miguel,SIN_HISTORIAL_DE_FACTURACION,,,,,True,OK,[],0,
,,,,,BAJO,BAJO,-1.0,3.0,True,False,ALERTA — REVISIÓN HUMANA,['Cliente no encontrado en el maestro SUNAT (001_TBL_CLIENTES_B2B) -- no se puede validar SUNAT/Osiptel para este RUC.'],0,Mantener ciclo de facturación estándar; sin acción de cobranza adicional.
,,,,,ALTO,ALTO,586.5,1163.0,False,False,ALERTA — REVISIÓN HUMANA,['Cliente no encontrado en el maestro SUNAT (001_TBL_CLIENTES_B2B) -- no se puede validar SUNAT/Osiptel para este RUC.'],2,Contacto proactivo antes del vencimiento + oferta de plan de pago fraccionado; escalar a gestor de cuenta senior.
,,,,,SIN_HISTORIAL_DE_FACTURACION,,,,,False,ALERTA — REVISIÓN HUMANA,['Cliente no encontrado en el maestro SUNAT (001_TBL_CLIENTES_B2B) -- no se puede validar SUNAT/Osiptel para este RUC.'],0,
,,,,,SIN_HISTORIAL_DE_FACTURACION,,,,,False,ALERTA — REVISIÓN HUMANA,['Cliente no encontrado en el maestro SUNAT (001_TBL_CLIENTES_B2B) -- no se puede validar SUNAT/Osiptel para este RUC.'],0,
RUC_27c4f12e11c7,CLIENT_00940,LIMA,Lima,Barranco,SIN_HISTORIAL_DE_FACTURACION,,,,,True,OK,[],0,
,,,,,SIN_HISTORIAL_DE_FACTURACION,,,,,False,ALERTA — REVISIÓN HUMANA,['Cliente no encontrado en el maestro SUNAT (001_TBL_CLIENTES_B2B) -- no se puede validar SUNAT/Osiptel para este RUC.'],0,
RUC_5765c34e5a1b,CLIENT_00392,LIMA,Lima,San Juan de Lurigancho,SIN_HISTORIAL_DE_FACTURACION,,,,,True,OK,[],0,
,,,,,SIN_HISTORIAL_DE_FACTURACION,,,,,False,ALERTA — REVISIÓN HUMANA,['Cliente no encontrado en el maestro SUNAT (001_TBL_CLIENTES_B2B) -- no se puede validar SUNAT/Osiptel para este RUC.'],0,
,,,,,SIN_HISTORIAL_DE_FACTURACION,,,,,False,ALERTA — REVISIÓN HUMANA,['Cliente no encontrado en el maestro SUNAT (001_TBL_CLIENTES_B2B) -- no se puede validar SUNAT/Osiptel para este RUC.'],0,
,,,,,SIN_HISTORIAL_DE_FACTURACION,,,,,False,ALERTA — REVISIÓN HUMANA,['Cliente no encontrado en el maestro SUNAT (001_TBL_CLIENTES_B2B) -- no se puede validar SUNAT/Osiptel para este RUC.'],0,
RUC_b0826e187b79,CLIENT_00723,LIMA,Lima,San Isidro,BAJO,BAJO,-3.2,3.0,False,True,OK,[],0,Mantener ciclo de facturación estándar; sin acción de cobranza adicional.
,,,,,SIN_HISTORIAL_DE_FACTURACION,,,,,False,ALERTA — REVISIÓN HUMANA,['Cliente no encontrado en el maestro SUNAT (001_TBL_CLIENTES_B2B) -- no se puede validar SUNAT/Osiptel para este RUC.'],0,
,,,,,SIN_HISTORIAL_DE_FACTURACION,,,,,False,ALERTA — REVISIÓN HUMANA,['Cliente no encontrado en el maestro SUNAT (001_TBL_CLIENTES_B2B) -- no se puede validar SUNAT/Osiptel para este RUC.'],0,
,,,,,SIN_HISTORIAL_DE_FACTURACION,,,,,False,ALERTA — REVISIÓN HUMANA,['Cliente no encontrado en el maestro SUNAT (001_TBL_CLIENTES_B2B) -- no se puede validar SUNAT/Osiptel para este RUC.'],0,
RUC_0aee3d8d253f,CLIENT_00839,LIMA,Lima,Ate,BAJO,BAJO,-10.8,-2.0,False,True,OK,[],0,Mantener ciclo de facturación estándar; sin acción de cobranza adicional.
,,,,,SIN_HISTORIAL_DE_FACTURACION,,,,,False,ALERTA — REVISIÓN HUMANA,['Cliente no encontrado en el maestro SUNAT (001_TBL_CLIENTES_B2B) -- no se puede validar SUNAT/Osiptel para este RUC.'],0,
,,,,,SIN_HISTORIAL_DE_FACTURACION,,,,,False,ALERTA — REVISIÓN HUMANA,['Cliente no encontrado en el maestro SUNAT (001_TBL_CLIENTES_B2B) -- no se puede validar SUNAT/Osiptel para este RUC.'],0,
,,,,,SIN_HISTORIAL_DE_FACTURACION,,,,,False,ALERTA — REVISIÓN HUMANA,['Cliente no encontrado en el maestro SUNAT (001_TBL_CLIENTES_B2B) -- no se puede validar SUNAT/Osiptel para este RUC.'],0,
RUC_addbaba35823,CLIENT_00495,LA LIBERTAD,Trujillo,Trujillo,ALTO,ALTO,56.0,56.0,False,True,OK,[],1,Contacto proactivo antes del vencimiento + oferta de plan de pago fraccionado; escalar a gestor de cuenta senior.
,,,,,SIN_HISTORIAL_DE_FACTURACION,,,,,False,ALERTA — REVISIÓN HUMANA,['Cliente no encontrado en el maestro SUNAT (001_TBL_CLIENTES_B2B) -- no se puede validar SUNAT/Osiptel para este RUC.'],0,
,,,,,SIN_HISTORIAL_DE_FACTURACION,,,,,False,ALERTA — REVISIÓN HUMANA,['Cliente no encontrado en el maestro SUNAT (001_TBL_CLIENTES_B2B) -- no se puede validar SUNAT/Osiptel para este RUC.'],0,
,,,,,SIN_HISTORIAL_DE_FACTURACION,,,,,False,ALERTA — REVISIÓN HUMANA,['Cliente no encontrado en el maestro SUNAT (001_TBL_CLIENTES_B2B) -- no se puede validar SUNAT/Osiptel para este RUC.'],0,
,,,,,SIN_HISTORIAL_DE_FACTURACION,,,,,False,ALERTA — REVISIÓN HUMANA,['Cliente no encontrado en el maestro SUNAT (001_TBL_CLIENTES_B2B) -- no se puede validar SUNAT/Osiptel para este RUC.'],0,
,,,,,SIN_HISTORIAL_DE_FACTURACION,,,,,False,ALERTA — REVISIÓN HUMANA,['Cliente no encontrado en el maestro SUNAT (001_TBL_CLIENTES_B2B) -- no se puede validar SUNAT/Osiptel para este RUC.'],0,
,,,,,SIN_HISTORIAL_DE_FACTURACION,,,,,False,ALERTA — REVISIÓN HUMANA,['Cliente no encontrado en el maestro SUNAT (001_TBL_CLIENTES_B2B) -- no se puede validar SUNAT/Osiptel para este RUC.'],0,
,,,,,SIN_HISTORIAL_DE_FACTURACION,,,,,False,ALERTA — REVISIÓN HUMANA,['Cliente no encontrado en el maestro SUNAT (001_TBL_CLIENTES_B2B) -- no se puede validar SUNAT/Osiptel para este RUC.'],0,
,,,,,SIN_HISTORIAL_DE_FACTURACION,,,,,False,ALERTA — REVISIÓN HUMANA,['Cliente no encontrado en el maestro SUNAT (001_TBL_CLIENTES_B2B) -- no se puede validar SUNAT/Osiptel para este RUC.'],0,
,,,,,SIN_HISTORIAL_DE_FACTURACION,,,,,False,ALERTA — REVISIÓN HUMANA,['Cliente no encontrado en el maestro SUNAT (001_TBL_CLIENTES_B2B) -- no se puede validar SUNAT/Osiptel para este RUC.'],0,
,,,,,SIN_HISTORIAL_DE_FACTURACION,,,,,False,ALERTA — REVISIÓN HUMANA,['Cliente no encontrado en el maestro SUNAT (001_TBL_CLIENTES_B2B) -- no se puede validar SUNAT/Osiptel para este RUC.'],0,
,,,,,SIN_HISTORIAL_DE_FACTURACION,,,,,False,ALERTA — REVISIÓN HUMANA,['Cliente no encontrado en el maestro SUNAT (001_TBL_CLIENTES_B2B) -- no se puede validar SUNAT/Osiptel para este RUC.'],0,
,,,,,SIN_HISTORIAL_DE_FACTURACION,,,,,False,ALERTA — REVISIÓN HUMANA,['Cliente no encontrado en el maestro SUNAT (001_TBL_CLIENTES_B2B) -- no se puede validar SUNAT/Osiptel para este RUC.'],0,
,,,,,SIN_HISTORIAL_DE_FACTURACION,,,,,False,ALERTA — REVISIÓN HUMANA,['Cliente no encontrado en el maestro SUNAT (001_TBL_CLIENTES_B2B) -- no se puede validar SUNAT/Osiptel para este RUC.'],0,
,,,,,SIN_HISTORIAL_DE_FACTURACION,,,,,False,ALERTA — REVISIÓN HUMANA,['Cliente no encontrado en el maestro SUNAT (001_TBL_CLIENTES_B2B) -- no se puede validar SUNAT/Osiptel para este RUC.'],0,
,,,,,SIN_HISTORIAL_DE_FACTURACION,,,,,False,ALERTA — REVISIÓN HUMANA,['Cliente no encontrado en el maestro SUNAT (001_TBL_CLIENTES_B2B) -- no se puede validar SUNAT/Osiptel para este RUC.'],0,
RUC_c81861e46a3e,CLIENT_00252,LIMA,Lima,La Molina,BAJO,BAJO,1.0,7.0,True,True,OK,[],0,Mantener ciclo de facturación estándar; sin acción de cobranza adicional.
RUC_c154e36f5f55,CLIENT_00404,LIMA,Lima,Los Olivos,BAJO,BAJO,2.5,4.0,False,True,OK,[],1,Mantener ciclo de facturación estándar; sin acción de cobranza adicional.
,,,,,SIN_HISTORIAL_DE_FACTURACION,,,,,False,ALERTA — REVISIÓN HUMANA,['Cliente no encontrado en el maestro SUNAT (001_TBL_CLIENTES_B2B) -- no se puede validar SUNAT/Osiptel para este RUC.'],0,
RUC_85e2f5800574,CLIENT_00556,LIMA,Lima,Los Olivos,SIN_HISTORIAL_DE_FACTURACION,,,,,True,OK,[],0,
RUC_5088ae0f6587,CLIENT_00113,LAMBAYEQUE,Chiclayo,José Leonardo Ortiz,BAJO,BAJO,-3.3,4.0,False,True,OK,[],0,Mantener ciclo de facturación estándar; sin acción de cobranza adicional.
,,,,,SIN_HISTORIAL_DE_FACTURACION,,,,,False,ALERTA — REVISIÓN HUMANA,['Cliente no encontrado en el maestro SUNAT (001_TBL_CLIENTES_B2B) -- no se puede validar SUNAT/Osiptel para este RUC.'],0,
RUC_1345489f884e,CLIENT_00782,LA LIBERTAD,Trujillo,Victor Larco Herrera,ALTO,ALTO,25.0,25.0,False,True,OK,[],1,Contacto proactivo antes del vencimiento + oferta de plan de pago fraccionado; escalar a gestor de cuenta senior.
RUC_f5b4ae44320f,CLIENT_00938,LIMA,Lima,Miraflores,SIN_HISTORIAL_DE_FACTURACION,,,,,True,OK,[],0,
,,,,,BAJO,BAJO,-0.6,2.0,False,False,ALERTA — REVISIÓN HUMANA,['Cliente no encontrado en el maestro SUNAT (001_TBL_CLIENTES_B2B) -- no se puede validar SUNAT/Osiptel para este RUC.'],0,Mantener ciclo de facturación estándar; sin acción de cobranza adicional.
,,,,,SIN_HISTORIAL_DE_FACTURACION,,,,,False,ALERTA — REVISIÓN HUMANA,['Cliente no encontrado en el maestro SUNAT (001_TBL_CLIENTES_B2B) -- no se puede validar SUNAT/Osiptel para este RUC.'],0,
RUC_0ea23b65bf4b,CLIENT_00002,LIMA,Lima,San Isidro,SIN_HISTORIAL_DE_FACTURACION,,,,,True,OK,[],0,
,,,,,BAJO,BAJO,-4.0,3.0,False,False,ALERTA — REVISIÓN HUMANA,['Cliente no encontrado en el maestro SUNAT (001_TBL_CLIENTES_B2B) -- no se puede validar SUNAT/Osiptel para este RUC.'],0,Mantener ciclo de facturación estándar; sin acción de cobranza adicional.
RUC_016fa7d4563d,CLIENT_00313,LIMA,Lima,Chorrillos,SIN_HISTORIAL_DE_FACTURACION,,,,,True,OK,[],0,
RUC_63b8974fe8cd,CLIENT_00677,LIMA,Lima,Santiago de Surco,SIN_HISTORIAL_DE_FACTURACION,,,,,True,OK,[],0,
RUC_652e6e6b9bd3,CLIENT_00046,LIMA,Lima,Magdalena del Mar,BAJO,BAJO,1.7,3.0,False,True,OK,[],1,Mantener ciclo de facturación estándar; sin acción de cobranza adicional.
,,,,,SIN_HISTORIAL_DE_FACTURACION,,,,,False,ALERTA — REVISIÓN HUMANA,['Cliente no encontrado en el maestro SUNAT (001_TBL_CLIENTES_B2B) -- no se puede validar SUNAT/Osiptel para este RUC.'],0,
,,,,,SIN_HISTORIAL_DE_FACTURACION,,,,,False,ALERTA — REVISIÓN HUMANA,['Cliente no encontrado en el maestro SUNAT (001_TBL_CLIENTES_B2B) -- no se puede validar SUNAT/Osiptel para este RUC.'],0,
,,,,,SIN_HISTORIAL_DE_FACTURACION,,,,,False,ALERTA — REVISIÓN HUMANA,['Cliente no encontrado en el maestro SUNAT (001_TBL_CLIENTES_B2B) -- no se puede validar SUNAT/Osiptel para este RUC.'],0,
,,,,,SIN_HISTORIAL_DE_FACTURACION,,,,,False,ALERTA — REVISIÓN HUMANA,['Cliente no encontrado en el maestro SUNAT (001_TBL_CLIENTES_B2B) -- no se puede validar SUNAT/Osiptel para este RUC.'],0,
,,,,,BAJO,BAJO,1.8,16.0,False,False,ALERTA — REVISIÓN HUMANA,['Cliente no encontrado en el maestro SUNAT (001_TBL_CLIENTES_B2B) -- no se puede validar SUNAT/Osiptel para este RUC.'],2,Mantener ciclo de facturación estándar; sin acción de cobranza adicional.
RUC_48a21b5ce97b,CLIENT_00088,LIMA,Lima,San Miguel,BAJO,BAJO,-8.7,2.0,False,True,OK,[],0,Mantener ciclo de facturación estándar; sin acción de cobranza adicional.
,,,,,BAJO,BAJO,1.5,2.0,False,False,ALERTA — REVISIÓN HUMANA,['Cliente no encontrado en el maestro SUNAT (001_TBL_CLIENTES_B2B) -- no se puede validar SUNAT/Osiptel para este RUC.'],0,Mantener ciclo de facturación estándar; sin acción de cobranza adicional.
RUC_a3ce57ac7236,CLIENT_00396,ICA,Pisco,San Clemente,BAJO,BAJO,-0.5,0.0,True,True,OK,[],0,Mantener ciclo de facturación estándar; sin acción de cobranza adicional.
RUC_5d5ff5997162,CLIENT_00490,LIMA,Lima,Lince,SIN_HISTORIAL_DE_FACTURACION,,,,,True,OK,[],0,
,,,,,SIN_HISTORIAL_DE_FACTURACION,,,,,False,ALERTA — REVISIÓN HUMANA,['Cliente no encontrado en el maestro SUNAT (001_TBL_CLIENTES_B2B) -- no se puede validar SUNAT/Osiptel para este RUC.'],0,
,,,,,SIN_HISTORIAL_DE_FACTURACION,,,,,False,ALERTA — REVISIÓN HUMANA,['Cliente no encontrado en el maestro SUNAT (001_TBL_CLIENTES_B2B) -- no se puede validar SUNAT/Osiptel para este RUC.'],0,
,,,,,BAJO,BAJO,-2.5,-2.0,True,False,ALERTA — REVISIÓN HUMANA,['Cliente no encontrado en el maestro SUNAT (001_TBL_CLIENTES_B2B) -- no se puede validar SUNAT/Osiptel para este RUC.'],0,Mantener ciclo de facturación estándar; sin acción de cobranza adicional.
,,,,,BAJO,BAJO,-7.5,-7.0,True,False,ALERTA — REVISIÓN HUMANA,['Cliente no encontrado en el maestro SUNAT (001_TBL_CLIENTES_B2B) -- no se puede validar SUNAT/Osiptel para este RUC.'],0,Mantener ciclo de facturación estándar; sin acción de cobranza adicional.
,,,,,SIN_HISTORIAL_DE_FACTURACION,,,,,False,ALERTA — REVISIÓN HUMANA,['Cliente no encontrado en el maestro SUNAT (001_TBL_CLIENTES_B2B) -- no se puede validar SUNAT/Osiptel para este RUC.'],0,
,,,,,SIN_HISTORIAL_DE_FACTURACION,,,,,False,ALERTA — REVISIÓN HUMANA,['Cliente no encontrado en el maestro SUNAT (001_TBL_CLIENTES_B2B) -- no se puede validar SUNAT/Osiptel para este RUC.'],0,
,,,,,SIN_HISTORIAL_DE_FACTURACION,,,,,False,ALERTA — REVISIÓN HUMANA,['Cliente no encontrado en el maestro SUNAT (001_TBL_CLIENTES_B2B) -- no se puede validar SUNAT/Osiptel para este RUC.'],0,
,,,,,SIN_HISTORIAL_DE_FACTURACION,,,,,False,ALERTA — REVISIÓN HUMANA,['Cliente no encontrado en el maestro SUNAT (001_TBL_CLIENTES_B2B) -- no se puede validar SUNAT/Osiptel para este RUC.'],0,
,,,,,ALTO,ALTO,25.5,26.0,False,False,ALERTA — REVISIÓN HUMANA,['Cliente no encontrado en el maestro SUNAT (001_TBL_CLIENTES_B2B) -- no se puede validar SUNAT/Osiptel para este RUC.'],0,Contacto proactivo antes del vencimiento + oferta de plan de pago fraccionado; escalar a gestor de cuenta senior.
RUC_34e84469c394,CLIENT_00661,AREQUIPA,Arequipa,Arequipa,SIN_HISTORIAL_DE_FACTURACION,,,,,True,OK,[],0,
,,,,,SIN_HISTORIAL_DE_FACTURACION,,,,,False,ALERTA — REVISIÓN HUMANA,['Cliente no encontrado en el maestro SUNAT (001_TBL_CLIENTES_B2B) -- no se puede validar SUNAT/Osiptel para este RUC.'],0,
,,,,,SIN_HISTORIAL_DE_FACTURACION,,,,,False,ALERTA — REVISIÓN HUMANA,['Cliente no encontrado en el maestro SUNAT (001_TBL_CLIENTES_B2B) -- no se puede validar SUNAT/Osiptel para este RUC.'],0,
,,,,,SIN_HISTORIAL_DE_FACTURACION,,,,,False,ALERTA — REVISIÓN HUMANA,['Cliente no encontrado en el maestro SUNAT (001_TBL_CLIENTES_B2B) -- no se puede validar SUNAT/Osiptel para este RUC.'],0,
,,,,,SIN_HISTORIAL_DE_FACTURACION,,,,,False,ALERTA — REVISIÓN HUMANA,['Cliente no encontrado en el maestro SUNAT (001_TBL_CLIENTES_B2B) -- no se puede validar SUNAT/Osiptel para este RUC.'],0,
,,,,,BAJO,BAJO,-4.0,-3.0,False,False,ALERTA — REVISIÓN HUMANA,['Cliente no encontrado en el maestro SUNAT (001_TBL_CLIENTES_B2B) -- no se puede validar SUNAT/Osiptel para este RUC.'],0,Mantener ciclo de facturación estándar; sin acción de cobranza adicional.
RUC_80b8922c0f21,CLIENT_00079,PIURA,Sullana,Marcavelica,BAJO,BAJO,-1.0,2.0,False,True,OK,[],0,Mantener ciclo de facturación estándar; sin acción de cobranza adicional.
RUC_b6a229b26b11,CLIENT_00350,JUNIN,Huancayo,El Tambo,SIN_HISTORIAL_DE_FACTURACION,,,,,True,OK,[],0,
,,,,,SIN_HISTORIAL_DE_FACTURACION,,,,,False,ALERTA — REVISIÓN HUMANA,['Cliente no encontrado en el maestro SUNAT (001_TBL_CLIENTES_B2B) -- no se puede validar SUNAT/Osiptel para este RUC.'],0,
RUC_989ea3e11629,CLIENT_00349,LIMA,Lima,Lima,ALTO,BAJO,-7.5,-7.0,True,True,ALERTA — REVISIÓN HUMANA,"['SUNAT_ESTADO_RUC=NO HABIDO (no HABIDO)', 'SUNAT_ESTADO_CONTRIBUYENTE=BAJA DE OFICIO (no ACTIVO)']",0,Mantener ciclo de facturación estándar; sin acción de cobranza adicional.
,,,,,SIN_HISTORIAL_DE_FACTURACION,,,,,False,ALERTA — REVISIÓN HUMANA,['Cliente no encontrado en el maestro SUNAT (001_TBL_CLIENTES_B2B) -- no se puede validar SUNAT/Osiptel para este RUC.'],0,
,,,,,SIN_HISTORIAL_DE_FACTURACION,,,,,False,ALERTA — REVISIÓN HUMANA,['Cliente no encontrado en el maestro SUNAT (001_TBL_CLIENTES_B2B) -- no se puede validar SUNAT/Osiptel para este RUC.'],0,
RUC_01f1e50726fe,CLIENT_00737,PIURA,Talara,Mancora,BAJO,BAJO,-7.0,5.0,False,True,OK,[],2,Mantener ciclo de facturación estándar; sin acción de cobranza adicional.
RUC_205a6139d32c,CLIENT_00601,CALLAO,Prov. Const. del Callao,Callao,ALTO,,,,,True,ALERTA — REVISIÓN HUMANA,"['SUNAT_ESTADO_RUC=NO HABIDO (no HABIDO)', 'SUNAT_ESTADO_CONTRIBUYENTE=BAJA DE OFICIO (no ACTIVO)']",0,
RUC_cf091de32049,CLIENT_00293,LIMA,Lima,Santiago de Surco,ALTO,ALTO,37.8,190.0,False,True,OK,[],1,Contacto proactivo antes del vencimiento + oferta de plan de pago fraccionado; escalar a gestor de cuenta senior.
,,,,,SIN_HISTORIAL_DE_FACTURACION,,,,,False,ALERTA — REVISIÓN HUMANA,['Cliente no encontrado en el maestro SUNAT (001_TBL_CLIENTES_B2B) -- no se puede validar SUNAT/Osiptel para este RUC.'],0,
RUC_d4d9ee6cb1d2,CLIENT_00065,LIMA,Lima,San Isidro,SIN_HISTORIAL_DE_FACTURACION,,,,,True,OK,[],0,
,,,,,BAJO,BAJO,3.0,3.0,False,False,ALERTA — REVISIÓN HUMANA,['Cliente no encontrado en el maestro SUNAT (001_TBL_CLIENTES_B2B) -- no se puede validar SUNAT/Osiptel para este RUC.'],0,Mantener ciclo de facturación estándar; sin acción de cobranza adicional.
,,,,,SIN_HISTORIAL_DE_FACTURACION,,,,,False,ALERTA — REVISIÓN HUMANA,['Cliente no encontrado en el maestro SUNAT (001_TBL_CLIENTES_B2B) -- no se puede validar SUNAT/Osiptel para este RUC.'],0,
,,,,,SIN_HISTORIAL_DE_FACTURACION,,,,,False,ALERTA — REVISIÓN HUMANA,['Cliente no encontrado en el maestro SUNAT (001_TBL_CLIENTES_B2B) -- no se puede validar SUNAT/Osiptel para este RUC.'],0,
RUC_19d8fce70ebb,CLIENT_00234,LIMA,Lima,San Borja,BAJO,BAJO,-3.0,-3.0,False,True,OK,[],0,Mantener ciclo de facturación estándar; sin acción de cobranza adicional.
RUC_decea93efe1f,CLIENT_00597,LIMA,Lima,Santiago de Surco,BAJO,BAJO,-0.5,0.0,True,True,OK,[],1,Mantener ciclo de facturación estándar; sin acción de cobranza adicional.
,,,,,ALTO,ALTO,28.3,64.0,False,False,ALERTA — REVISIÓN HUMANA,['Cliente no encontrado en el maestro SUNAT (001_TBL_CLIENTES_B2B) -- no se puede validar SUNAT/Osiptel para este RUC.'],3,Contacto proactivo antes del vencimiento + oferta de plan de pago fraccionado; escalar a gestor de cuenta senior.
,,,,,SIN_HISTORIAL_DE_FACTURACION,,,,,False,ALERTA — REVISIÓN HUMANA,['Cliente no encontrado en el maestro SUNAT (001_TBL_CLIENTES_B2B) -- no se puede validar SUNAT/Osiptel para este RUC.'],0,
RUC_157dc93b3e91,CLIENT_00264,LORETO,Maynas,Punchana,ALTO,ALTO,115.5,131.0,False,True,OK,[],1,Contacto proactivo antes del vencimiento + oferta de plan de pago fraccionado; escalar a gestor de cuenta senior.
RUC_d81cabb3d1d1,CLIENT_00424,LIMA,Lima,La Victoria,BAJO,BAJO,1.0,3.0,False,True,OK,[],0,Mantener ciclo de facturación estándar; sin acción de cobranza adicional.
,,,,,SIN_HISTORIAL_DE_FACTURACION,,,,,False,ALERTA — REVISIÓN HUMANA,['Cliente no encontrado en el maestro SUNAT (001_TBL_CLIENTES_B2B) -- no se puede validar SUNAT/Osiptel para este RUC.'],0,
RUC_e95f3eae1f08,CLIENT_00988,LIMA,Lima,Santiago de Surco,SIN_HISTORIAL_DE_FACTURACION,,,,,True,OK,[],0,
,,,,,BAJO,BAJO,-8.5,-4.0,False,False,ALERTA — REVISIÓN HUMANA,['Cliente no encontrado en el maestro SUNAT (001_TBL_CLIENTES_B2B) -- no se puede validar SUNAT/Osiptel para este RUC.'],0,Mantener ciclo de facturación estándar; sin acción de cobranza adicional.
,,,,,SIN_HISTORIAL_DE_FACTURACION,,,,,False,ALERTA — REVISIÓN HUMANA,['Cliente no encontrado en el maestro SUNAT (001_TBL_CLIENTES_B2B) -- no se puede validar SUNAT/Osiptel para este RUC.'],0,
,,,,,BAJO,BAJO,-0.5,2.0,False,False,ALERTA — REVISIÓN HUMANA,['Cliente no encontrado en el maestro SUNAT (001_TBL_CLIENTES_B2B) -- no se puede validar SUNAT/Osiptel para este RUC.'],0,Mantener ciclo de facturación estándar; sin acción de cobranza adicional.
,,,,,SIN_HISTORIAL_DE_FACTURACION,,,,,False,ALERTA — REVISIÓN HUMANA,['Cliente no encontrado en el maestro SUNAT (001_TBL_CLIENTES_B2B) -- no se puede validar SUNAT/Osiptel para este RUC.'],0,
,,,,,SIN_HISTORIAL_DE_FACTURACION,,,,,False,ALERTA — REVISIÓN HUMANA,['Cliente no encontrado en el maestro SUNAT (001_TBL_CLIENTES_B2B) -- no se puede validar SUNAT/Osiptel para este RUC.'],0,
,,,,,BAJO,BAJO,-6.7,5.0,False,False,ALERTA — REVISIÓN HUMANA,['Cliente no encontrado en el maestro SUNAT (001_TBL_CLIENTES_B2B) -- no se puede validar SUNAT/Osiptel para este RUC.'],2,Mantener ciclo de facturación estándar; sin acción de cobranza adicional.
,,,,,SIN_HISTORIAL_DE_FACTURACION,,,,,False,ALERTA — REVISIÓN HUMANA,['Cliente no encontrado en el maestro SUNAT (001_TBL_CLIENTES_B2B) -- no se puede validar SUNAT/Osiptel para este RUC.'],0,
RUC_5d31d3f64319,CLIENT_00303,LIMA,Lima,San Isidro,BAJO,BAJO,-3.2,3.0,False,True,OK,[],0,Mantener ciclo de facturación estándar; sin acción de cobranza adicional.
,,,,,BAJO,BAJO,-2.0,2.0,False,False,ALERTA — REVISIÓN HUMANA,['Cliente no encontrado en el maestro SUNAT (001_TBL_CLIENTES_B2B) -- no se puede validar SUNAT/Osiptel para este RUC.'],0,Mantener ciclo de facturación estándar; sin acción de cobranza adicional.
,,,,,SIN_HISTORIAL_DE_FACTURACION,,,,,False,ALERTA — REVISIÓN HUMANA,['Cliente no encontrado en el maestro SUNAT (001_TBL_CLIENTES_B2B) -- no se puede validar SUNAT/Osiptel para este RUC.'],0,
RUC_b13a75d02525,CLIENT_00029,LIMA,Lima,Cieneguilla,BAJO,BAJO,1.0,1.0,False,True,OK,[],0,Mantener ciclo de facturación estándar; sin acción de cobranza adicional.
,,,,,SIN_HISTORIAL_DE_FACTURACION,,,,,False,ALERTA — REVISIÓN HUMANA,['Cliente no encontrado en el maestro SUNAT (001_TBL_CLIENTES_B2B) -- no se puede validar SUNAT/Osiptel para este RUC.'],0,
,,,,,SIN_HISTORIAL_DE_FACTURACION,,,,,False,ALERTA — REVISIÓN HUMANA,['Cliente no encontrado en el maestro SUNAT (001_TBL_CLIENTES_B2B) -- no se puede validar SUNAT/Osiptel para este RUC.'],0,
,,,,,SIN_HISTORIAL_DE_FACTURACION,,,,,False,ALERTA — REVISIÓN HUMANA,['Cliente no encontrado en el maestro SUNAT (001_TBL_CLIENTES_B2B) -- no se puede validar SUNAT/Osiptel para este RUC.'],0,
RUC_27145106e65a,CLIENT_00135,LIMA,Lima,San Borja,MEDIO,MEDIO,8.5,10.0,True,True,OK,[],0,Recordatorio automático 5 días antes del vencimiento por correo/WhatsApp; sin escalamiento humano todavía.
,,,,,SIN_HISTORIAL_DE_FACTURACION,,,,,False,ALERTA — REVISIÓN HUMANA,['Cliente no encontrado en el maestro SUNAT (001_TBL_CLIENTES_B2B) -- no se puede validar SUNAT/Osiptel para este RUC.'],0,
RUC_7b767547d303,CLIENT_00927,CALLAO,Prov. Const. del Callao,Callao,BAJO,BAJO,0.0,0.0,False,True,OK,[],0,Mantener ciclo de facturación estándar; sin acción de cobranza adicional.
RUC_d51c2566c64f,CLIENT_00251,JUNIN,Huancayo,Huancayo,SIN_HISTORIAL_DE_FACTURACION,,,,,True,OK,[],0,
,,,,,BAJO,BAJO,-4.3,6.0,False,False,ALERTA — REVISIÓN HUMANA,['Cliente no encontrado en el maestro SUNAT (001_TBL_CLIENTES_B2B) -- no se puede validar SUNAT/Osiptel para este RUC.'],2,Mantener ciclo de facturación estándar; sin acción de cobranza adicional.
,,,,,SIN_HISTORIAL_DE_FACTURACION,,,,,False,ALERTA — REVISIÓN HUMANA,['Cliente no encontrado en el maestro SUNAT (001_TBL_CLIENTES_B2B) -- no se puede validar SUNAT/Osiptel para este RUC.'],0,
,,,,,SIN_HISTORIAL_DE_FACTURACION,,,,,False,ALERTA — REVISIÓN HUMANA,['Cliente no encontrado en el maestro SUNAT (001_TBL_CLIENTES_B2B) -- no se puede validar SUNAT/Osiptel para este RUC.'],0,
RUC_1b72c0f3e2b8,CLIENT_00507,TACNA,Tacna,Tacna,BAJO,BAJO,1.0,1.0,False,True,OK,[],0,Mantener ciclo de facturación estándar; sin acción de cobranza adicional.
,,,,,SIN_HISTORIAL_DE_FACTURACION,,,,,False,ALERTA — REVISIÓN HUMANA,['Cliente no encontrado en el maestro SUNAT (001_TBL_CLIENTES_B2B) -- no se puede validar SUNAT/Osiptel para este RUC.'],0,
,,,,,SIN_HISTORIAL_DE_FACTURACION,,,,,False,ALERTA — REVISIÓN HUMANA,['Cliente no encontrado en el maestro SUNAT (001_TBL_CLIENTES_B2B) -- no se puede validar SUNAT/Osiptel para este RUC.'],0,
,,,,,SIN_HISTORIAL_DE_FACTURACION,,,,,False,ALERTA — REVISIÓN HUMANA,['Cliente no encontrado en el maestro SUNAT (001_TBL_CLIENTES_B2B) -- no se puede validar SUNAT/Osiptel para este RUC.'],0,
,,,,,SIN_HISTORIAL_DE_FACTURACION,,,,,False,ALERTA — REVISIÓN HUMANA,['Cliente no encontrado en el maestro SUNAT (001_TBL_CLIENTES_B2B) -- no se puede validar SUNAT/Osiptel para este RUC.'],0,
RUC_91f9ae3e6dd5,CLIENT_00900,ICA,Nasca,Vista Alegre,ALTO,,,,,True,ALERTA — REVISIÓN HUMANA,['SUNAT_ESTADO_CONTRIBUYENTE=SUSPENSION TEMPORAL (no ACTIVO)'],0,
,,,,,SIN_HISTORIAL_DE_FACTURACION,,,,,False,ALERTA — REVISIÓN HUMANA,['Cliente no encontrado en el maestro SUNAT (001_TBL_CLIENTES_B2B) -- no se puede validar SUNAT/Osiptel para este RUC.'],0,
,,,,,BAJO,BAJO,-1.4,4.0,False,False,ALERTA — REVISIÓN HUMANA,['Cliente no encontrado en el maestro SUNAT (001_TBL_CLIENTES_B2B) -- no se puede validar SUNAT/Osiptel para este RUC.'],0,Mantener ciclo de facturación estándar; sin acción de cobranza adicional.
,,,,,BAJO,BAJO,2.0,4.0,False,False,ALERTA — REVISIÓN HUMANA,['Cliente no encontrado en el maestro SUNAT (001_TBL_CLIENTES_B2B) -- no se puede validar SUNAT/Osiptel para este RUC.'],0,Mantener ciclo de facturación estándar; sin acción de cobranza adicional.
,,,,,BAJO,BAJO,4.5,5.0,False,False,ALERTA — REVISIÓN HUMANA,['Cliente no encontrado en el maestro SUNAT (001_TBL_CLIENTES_B2B) -- no se puede validar SUNAT/Osiptel para este RUC.'],0,Mantener ciclo de facturación estándar; sin acción de cobranza adicional.
,,,,,SIN_HISTORIAL_DE_FACTURACION,,,,,False,ALERTA — REVISIÓN HUMANA,['Cliente no encontrado en el maestro SUNAT (001_TBL_CLIENTES_B2B) -- no se puede validar SUNAT/Osiptel para este RUC.'],0,
,,,,,SIN_HISTORIAL_DE_FACTURACION,,,,,False,ALERTA — REVISIÓN HUMANA,['Cliente no encontrado en el maestro SUNAT (001_TBL_CLIENTES_B2B) -- no se puede validar SUNAT/Osiptel para este RUC.'],0,
,,,,,SIN_HISTORIAL_DE_FACTURACION,,,,,False,ALERTA — REVISIÓN HUMANA,['Cliente no encontrado en el maestro SUNAT (001_TBL_CLIENTES_B2B) -- no se puede validar SUNAT/Osiptel para este RUC.'],0,
,,,,,SIN_HISTORIAL_DE_FACTURACION,,,,,False,ALERTA — REVISIÓN HUMANA,['Cliente no encontrado en el maestro SUNAT (001_TBL_CLIENTES_B2B) -- no se puede validar SUNAT/Osiptel para este RUC.'],0,
,,,,,SIN_HISTORIAL_DE_FACTURACION,,,,,False,ALERTA — REVISIÓN HUMANA,['Cliente no encontrado en el maestro SUNAT (001_TBL_CLIENTES_B2B) -- no se puede validar SUNAT/Osiptel para este RUC.'],0,
RUC_81e523137eaf,CLIENT_00890,ICA,Chincha,Pueblo Nuevo,SIN_HISTORIAL_DE_FACTURACION,,,,,True,OK,[],0,
RUC_fc17c6215cfc,CLIENT_00271,LIMA,Lima,San Martín de Porres,SIN_HISTORIAL_DE_FACTURACION,,,,,True,OK,[],0,
,,,,,SIN_HISTORIAL_DE_FACTURACION,,,,,False,ALERTA — REVISIÓN HUMANA,['Cliente no encontrado en el maestro SUNAT (001_TBL_CLIENTES_B2B) -- no se puede validar SUNAT/Osiptel para este RUC.'],0,
,,,,,SIN_HISTORIAL_DE_FACTURACION,,,,,False,ALERTA — REVISIÓN HUMANA,['Cliente no encontrado en el maestro SUNAT (001_TBL_CLIENTES_B2B) -- no se puede validar SUNAT/Osiptel para este RUC.'],0,
,,,,,SIN_HISTORIAL_DE_FACTURACION,,,,,False,ALERTA — REVISIÓN HUMANA,['Cliente no encontrado en el maestro SUNAT (001_TBL_CLIENTES_B2B) -- no se puede validar SUNAT/Osiptel para este RUC.'],0,
,,,,,SIN_HISTORIAL_DE_FACTURACION,,,,,False,ALERTA — REVISIÓN HUMANA,['Cliente no encontrado en el maestro SUNAT (001_TBL_CLIENTES_B2B) -- no se puede validar SUNAT/Osiptel para este RUC.'],0,
,,,,,SIN_HISTORIAL_DE_FACTURACION,,,,,False,ALERTA — REVISIÓN HUMANA,['Cliente no encontrado en el maestro SUNAT (001_TBL_CLIENTES_B2B) -- no se puede validar SUNAT/Osiptel para este RUC.'],0,
,,,,,SIN_HISTORIAL_DE_FACTURACION,,,,,False,ALERTA — REVISIÓN HUMANA,['Cliente no encontrado en el maestro SUNAT (001_TBL_CLIENTES_B2B) -- no se puede validar SUNAT/Osiptel para este RUC.'],0,
,,,,,SIN_HISTORIAL_DE_FACTURACION,,,,,False,ALERTA — REVISIÓN HUMANA,['Cliente no encontrado en el maestro SUNAT (001_TBL_CLIENTES_B2B) -- no se puede validar SUNAT/Osiptel para este RUC.'],0,
,,,,,SIN_HISTORIAL_DE_FACTURACION,,,,,False,ALERTA — REVISIÓN HUMANA,['Cliente no encontrado en el maestro SUNAT (001_TBL_CLIENTES_B2B) -- no se puede validar SUNAT/Osiptel para este RUC.'],0,
,,,,,SIN_HISTORIAL_DE_FACTURACION,,,,,False,ALERTA — REVISIÓN HUMANA,['Cliente no encontrado en el maestro SUNAT (001_TBL_CLIENTES_B2B) -- no se puede validar SUNAT/Osiptel para este RUC.'],0,
,,,,,SIN_HISTORIAL_DE_FACTURACION,,,,,False,ALERTA — REVISIÓN HUMANA,['Cliente no encontrado en el maestro SUNAT (001_TBL_CLIENTES_B2B) -- no se puede validar SUNAT/Osiptel para este RUC.'],0,
RUC_609a3cdfe130,CLIENT_00551,LIMA,Lima,Los Olivos,BAJO,BAJO,-5.0,-3.0,False,True,OK,[],0,Mantener ciclo de facturación estándar; sin acción de cobranza adicional.
,,,,,SIN_HISTORIAL_DE_FACTURACION,,,,,False,ALERTA — REVISIÓN HUMANA,['Cliente no encontrado en el maestro SUNAT (001_TBL_CLIENTES_B2B) -- no se puede validar SUNAT/Osiptel para este RUC.'],0,
,,,,,BAJO,BAJO,-2.0,3.0,False,False,ALERTA — REVISIÓN HUMANA,['Cliente no encontrado en el maestro SUNAT (001_TBL_CLIENTES_B2B) -- no se puede validar SUNAT/Osiptel para este RUC.'],1,Mantener ciclo de facturación estándar; sin acción de cobranza adicional.
,,,,,BAJO,BAJO,1.0,1.0,False,False,ALERTA — REVISIÓN HUMANA,['Cliente no encontrado en el maestro SUNAT (001_TBL_CLIENTES_B2B) -- no se puede validar SUNAT/Osiptel para este RUC.'],0,Mantener ciclo de facturación estándar; sin acción de cobranza adicional.
,,,,,SIN_HISTORIAL_DE_FACTURACION,,,,,False,ALERTA — REVISIÓN HUMANA,['Cliente no encontrado en el maestro SUNAT (001_TBL_CLIENTES_B2B) -- no se puede validar SUNAT/Osiptel para este RUC.'],0,
,,,,,SIN_HISTORIAL_DE_FACTURACION,,,,,False,ALERTA — REVISIÓN HUMANA,['Cliente no encontrado en el maestro SUNAT (001_TBL_CLIENTES_B2B) -- no se puede validar SUNAT/Osiptel para este RUC.'],0,
,,,,,SIN_HISTORIAL_DE_FACTURACION,,,,,False,ALERTA — REVISIÓN HUMANA,['Cliente no encontrado en el maestro SUNAT (001_TBL_CLIENTES_B2B) -- no se puede validar SUNAT/Osiptel para este RUC.'],0,
RUC_f5f98286f153,CLIENT_00751,LA LIBERTAD,Trujillo,Trujillo,BAJO,BAJO,-6.5,-6.0,False,True,OK,[],0,Mantener ciclo de facturación estándar; sin acción de cobranza adicional.
,,,,,SIN_HISTORIAL_DE_FACTURACION,,,,,False,ALERTA — REVISIÓN HUMANA,['Cliente no encontrado en el maestro SUNAT (001_TBL_CLIENTES_B2B) -- no se puede validar SUNAT/Osiptel para este RUC.'],0,
,,,,,SIN_HISTORIAL_DE_FACTURACION,,,,,False,ALERTA — REVISIÓN HUMANA,['Cliente no encontrado en el maestro SUNAT (001_TBL_CLIENTES_B2B) -- no se puede validar SUNAT/Osiptel para este RUC.'],0,
,,,,,SIN_HISTORIAL_DE_FACTURACION,,,,,False,ALERTA — REVISIÓN HUMANA,['Cliente no encontrado en el maestro SUNAT (001_TBL_CLIENTES_B2B) -- no se puede validar SUNAT/Osiptel para este RUC.'],0,
,,,,,MEDIO,MEDIO,9.2,17.0,False,False,ALERTA — REVISIÓN HUMANA,['Cliente no encontrado en el maestro SUNAT (001_TBL_CLIENTES_B2B) -- no se puede validar SUNAT/Osiptel para este RUC.'],2,Recordatorio automático 5 días antes del vencimiento por correo/WhatsApp; sin escalamiento humano todavía.
,,,,,BAJO,BAJO,-10.5,5.0,False,False,ALERTA — REVISIÓN HUMANA,['Cliente no encontrado en el maestro SUNAT (001_TBL_CLIENTES_B2B) -- no se puede validar SUNAT/Osiptel para este RUC.'],2,Mantener ciclo de facturación estándar; sin acción de cobranza adicional.
RUC_9e02dd0c8e65,CLIENT_00437,CUSCO,Cusco,Cusco,SIN_HISTORIAL_DE_FACTURACION,,,,,True,OK,[],0,
,,,,,SIN_HISTORIAL_DE_FACTURACION,,,,,False,ALERTA — REVISIÓN HUMANA,['Cliente no encontrado en el maestro SUNAT (001_TBL_CLIENTES_B2B) -- no se puede validar SUNAT/Osiptel para este RUC.'],0,
,,,,,SIN_HISTORIAL_DE_FACTURACION,,,,,False,ALERTA — REVISIÓN HUMANA,['Cliente no encontrado en el maestro SUNAT (001_TBL_CLIENTES_B2B) -- no se puede validar SUNAT/Osiptel para este RUC.'],0,
,,,,,SIN_HISTORIAL_DE_FACTURACION,,,,,False,ALERTA — REVISIÓN HUMANA,['Cliente no encontrado en el maestro SUNAT (001_TBL_CLIENTES_B2B) -- no se puede validar SUNAT/Osiptel para este RUC.'],0,
RUC_f36d7128e4a0,CLIENT_00214,ANCASH,Huaraz,Huaraz,SIN_HISTORIAL_DE_FACTURACION,,,,,True,OK,[],0,
RUC_676094161508,CLIENT_00512,LIMA,Lima,La Victoria,SIN_HISTORIAL_DE_FACTURACION,,,,,True,OK,[],0,
,,,,,SIN_HISTORIAL_DE_FACTURACION,,,,,False,ALERTA — REVISIÓN HUMANA,['Cliente no encontrado en el maestro SUNAT (001_TBL_CLIENTES_B2B) -- no se puede validar SUNAT/Osiptel para este RUC.'],0,
,,,,,BAJO,BAJO,-8.5,-8.0,True,False,ALERTA — REVISIÓN HUMANA,['Cliente no encontrado en el maestro SUNAT (001_TBL_CLIENTES_B2B) -- no se puede validar SUNAT/Osiptel para este RUC.'],0,Mantener ciclo de facturación estándar; sin acción de cobranza adicional.
RUC_1a27790fd830,CLIENT_00043,CUSCO,Cusco,Cusco,SIN_HISTORIAL_DE_FACTURACION,,,,,True,OK,[],0,
RUC_bc6bc94b5222,CLIENT_00387,PIURA,Piura,Castilla,SIN_HISTORIAL_DE_FACTURACION,,,,,True,OK,[],0,
RUC_376f2558c598,CLIENT_00166,LIMA,Lima,Lurigancho,SIN_HISTORIAL_DE_FACTURACION,,,,,True,OK,[],0,
,,,,,SIN_HISTORIAL_DE_FACTURACION,,,,,False,ALERTA — REVISIÓN HUMANA,['Cliente no encontrado en el maestro SUNAT (001_TBL_CLIENTES_B2B) -- no se puede validar SUNAT/Osiptel para este RUC.'],0,
,,,,,SIN_HISTORIAL_DE_FACTURACION,,,,,False,ALERTA — REVISIÓN HUMANA,['Cliente no encontrado en el maestro SUNAT (001_TBL_CLIENTES_B2B) -- no se puede validar SUNAT/Osiptel para este RUC.'],0,
RUC_405125813a3e,CLIENT_00420,LIMA,Lima,Miraflores,BAJO,BAJO,4.5,5.0,False,True,OK,[],0,Mantener ciclo de facturación estándar; sin acción de cobranza adicional.
,,,,,SIN_HISTORIAL_DE_FACTURACION,,,,,False,ALERTA — REVISIÓN HUMANA,['Cliente no encontrado en el maestro SUNAT (001_TBL_CLIENTES_B2B) -- no se puede validar SUNAT/Osiptel para este RUC.'],0,
,,,,,SIN_HISTORIAL_DE_FACTURACION,,,,,False,ALERTA — REVISIÓN HUMANA,['Cliente no encontrado en el maestro SUNAT (001_TBL_CLIENTES_B2B) -- no se puede validar SUNAT/Osiptel para este RUC.'],0,
RUC_e19bba23b2cf,CLIENT_00993,LIMA,Lima,Chorrillos,SIN_HISTORIAL_DE_FACTURACION,,,,,True,OK,[],0,
RUC_c511ce54b9d2,CLIENT_00875,LIMA,Lima,Lima,SIN_HISTORIAL_DE_FACTURACION,,,,,True,OK,[],0,
RUC_4c3b91ef8d92,CLIENT_00769,LIMA,Lima,Lince,SIN_HISTORIAL_DE_FACTURACION,,,,,True,OK,[],0,
,,,,,BAJO,BAJO,-6.0,-1.0,False,False,ALERTA — REVISIÓN HUMANA,['Cliente no encontrado en el maestro SUNAT (001_TBL_CLIENTES_B2B) -- no se puede validar SUNAT/Osiptel para este RUC.'],1,Mantener ciclo de facturación estándar; sin acción de cobranza adicional.
,,,,,SIN_HISTORIAL_DE_FACTURACION,,,,,False,ALERTA — REVISIÓN HUMANA,['Cliente no encontrado en el maestro SUNAT (001_TBL_CLIENTES_B2B) -- no se puede validar SUNAT/Osiptel para este RUC.'],0,
,,,,,SIN_HISTORIAL_DE_FACTURACION,,,,,False,ALERTA — REVISIÓN HUMANA,['Cliente no encontrado en el maestro SUNAT (001_TBL_CLIENTES_B2B) -- no se puede validar SUNAT/Osiptel para este RUC.'],0,
,,,,,SIN_HISTORIAL_DE_FACTURACION,,,,,False,ALERTA — REVISIÓN HUMANA,['Cliente no encontrado en el maestro SUNAT (001_TBL_CLIENTES_B2B) -- no se puede validar SUNAT/Osiptel para este RUC.'],0,
,,,,,SIN_HISTORIAL_DE_FACTURACION,,,,,False,ALERTA — REVISIÓN HUMANA,['Cliente no encontrado en el maestro SUNAT (001_TBL_CLIENTES_B2B) -- no se puede validar SUNAT/Osiptel para este RUC.'],0,
,,,,,SIN_HISTORIAL_DE_FACTURACION,,,,,False,ALERTA — REVISIÓN HUMANA,['Cliente no encontrado en el maestro SUNAT (001_TBL_CLIENTES_B2B) -- no se puede validar SUNAT/Osiptel para este RUC.'],0,
RUC_340678496592,CLIENT_00340,LIMA,Lima,Puente Piedra,ALTO,ALTO,19.0,19.0,False,True,OK,[],1,Contacto proactivo antes del vencimiento + oferta de plan de pago fraccionado; escalar a gestor de cuenta senior.
,,,,,SIN_HISTORIAL_DE_FACTURACION,,,,,False,ALERTA — REVISIÓN HUMANA,['Cliente no encontrado en el maestro SUNAT (001_TBL_CLIENTES_B2B) -- no se puede validar SUNAT/Osiptel para este RUC.'],0,
RUC_3325bec3f324,CLIENT_00674,LIMA,Lima,Lima,SIN_HISTORIAL_DE_FACTURACION,,,,,True,OK,[],0,
,,,,,MEDIO,MEDIO,14.3,44.0,False,False,ALERTA — REVISIÓN HUMANA,['Cliente no encontrado en el maestro SUNAT (001_TBL_CLIENTES_B2B) -- no se puede validar SUNAT/Osiptel para este RUC.'],2,Recordatorio automático 5 días antes del vencimiento por correo/WhatsApp; sin escalamiento humano todavía.
RUC_48fb0bd955e1,CLIENT_00520,AREQUIPA,Arequipa,Miraflores,MEDIO,MEDIO,9.3,19.0,False,True,OK,[],1,Recordatorio automático 5 días antes del vencimiento por correo/WhatsApp; sin escalamiento humano todavía.
,,,,,SIN_HISTORIAL_DE_FACTURACION,,,,,False,ALERTA — REVISIÓN HUMANA,['Cliente no encontrado en el maestro SUNAT (001_TBL_CLIENTES_B2B) -- no se puede validar SUNAT/Osiptel para este RUC.'],0,
RUC_9f60ee686fa0,CLIENT_00804,LIMA,Lima,Villa El Salvador,SIN_HISTORIAL_DE_FACTURACION,,,,,True,OK,[],0,
,,,,,SIN_HISTORIAL_DE_FACTURACION,,,,,False,ALERTA — REVISIÓN HUMANA,['Cliente no encontrado en el maestro SUNAT (001_TBL_CLIENTES_B2B) -- no se puede validar SUNAT/Osiptel para este RUC.'],0,
,,,,,SIN_HISTORIAL_DE_FACTURACION,,,,,False,ALERTA — REVISIÓN HUMANA,['Cliente no encontrado en el maestro SUNAT (001_TBL_CLIENTES_B2B) -- no se puede validar SUNAT/Osiptel para este RUC.'],0,
,,,,,SIN_HISTORIAL_DE_FACTURACION,,,,,False,ALERTA — REVISIÓN HUMANA,['Cliente no encontrado en el maestro SUNAT (001_TBL_CLIENTES_B2B) -- no se puede validar SUNAT/Osiptel para este RUC.'],0,
RUC_259fb2435c79,CLIENT_00254,APURIMAC,Abancay,Abancay,SIN_HISTORIAL_DE_FACTURACION,,,,,True,OK,[],0,
,,,,,SIN_HISTORIAL_DE_FACTURACION,,,,,False,ALERTA — REVISIÓN HUMANA,['Cliente no encontrado en el maestro SUNAT (001_TBL_CLIENTES_B2B) -- no se puede validar SUNAT/Osiptel para este RUC.'],0,
RUC_da45d90d52ff,CLIENT_00247,LIMA,Lima,Los Olivos,ALTO,ALTO,190.3,524.0,False,True,OK,[],3,Contacto proactivo antes del vencimiento + oferta de plan de pago fraccionado; escalar a gestor de cuenta senior.
,,,,,SIN_HISTORIAL_DE_FACTURACION,,,,,False,ALERTA — REVISIÓN HUMANA,['Cliente no encontrado en el maestro SUNAT (001_TBL_CLIENTES_B2B) -- no se puede validar SUNAT/Osiptel para este RUC.'],0,
,,,,,SIN_HISTORIAL_DE_FACTURACION,,,,,False,ALERTA — REVISIÓN HUMANA,['Cliente no encontrado en el maestro SUNAT (001_TBL_CLIENTES_B2B) -- no se puede validar SUNAT/Osiptel para este RUC.'],0,
RUC_13b90817a90d,CLIENT_00696,CAJAMARCA,Cajamarca,Cajamarca,BAJO,BAJO,-18.5,-17.0,False,True,OK,[],0,Mantener ciclo de facturación estándar; sin acción de cobranza adicional.
,,,,,SIN_HISTORIAL_DE_FACTURACION,,,,,False,ALERTA — REVISIÓN HUMANA,['Cliente no encontrado en el maestro SUNAT (001_TBL_CLIENTES_B2B) -- no se puede validar SUNAT/Osiptel para este RUC.'],0,
,,,,,SIN_HISTORIAL_DE_FACTURACION,,,,,False,ALERTA — REVISIÓN HUMANA,['Cliente no encontrado en el maestro SUNAT (001_TBL_CLIENTES_B2B) -- no se puede validar SUNAT/Osiptel para este RUC.'],0,
RUC_5f4ae89f238f,CLIENT_00346,LIMA,Lima,Ate,SIN_HISTORIAL_DE_FACTURACION,,,,,True,OK,[],0,
,,,,,SIN_HISTORIAL_DE_FACTURACION,,,,,False,ALERTA — REVISIÓN HUMANA,['Cliente no encontrado en el maestro SUNAT (001_TBL_CLIENTES_B2B) -- no se puede validar SUNAT/Osiptel para este RUC.'],0,
,,,,,SIN_HISTORIAL_DE_FACTURACION,,,,,False,ALERTA — REVISIÓN HUMANA,['Cliente no encontrado en el maestro SUNAT (001_TBL_CLIENTES_B2B) -- no se puede validar SUNAT/Osiptel para este RUC.'],0,
,,,,,SIN_HISTORIAL_DE_FACTURACION,,,,,False,ALERTA — REVISIÓN HUMANA,['Cliente no encontrado en el maestro SUNAT (001_TBL_CLIENTES_B2B) -- no se puede validar SUNAT/Osiptel para este RUC.'],0,
,,,,,SIN_HISTORIAL_DE_FACTURACION,,,,,False,ALERTA — REVISIÓN HUMANA,['Cliente no encontrado en el maestro SUNAT (001_TBL_CLIENTES_B2B) -- no se puede validar SUNAT/Osiptel para este RUC.'],0,
RUC_3d7c9b1a586a,CLIENT_00819,LIMA,Lima,Villa María del Triunfo,MEDIO,MEDIO,7.0,8.0,False,True,OK,[],0,Recordatorio automático 5 días antes del vencimiento por correo/WhatsApp; sin escalamiento humano todavía.
,,,,,SIN_HISTORIAL_DE_FACTURACION,,,,,False,ALERTA — REVISIÓN HUMANA,['Cliente no encontrado en el maestro SUNAT (001_TBL_CLIENTES_B2B) -- no se puede validar SUNAT/Osiptel para este RUC.'],0,
,,,,,BAJO,BAJO,-4.7,1.0,False,False,ALERTA — REVISIÓN HUMANA,['Cliente no encontrado en el maestro SUNAT (001_TBL_CLIENTES_B2B) -- no se puede validar SUNAT/Osiptel para este RUC.'],0,Mantener ciclo de facturación estándar; sin acción de cobranza adicional.
RUC_d012bc844bc3,CLIENT_00439,UCAYALI,Coronel Portillo,Calleria,ALTO,BAJO,-6.0,-1.0,True,True,ALERTA — REVISIÓN HUMANA,['SUNAT_ESTADO_RUC=NO HABIDO (no HABIDO)'],0,Mantener ciclo de facturación estándar; sin acción de cobranza adicional.
,,,,,SIN_HISTORIAL_DE_FACTURACION,,,,,False,ALERTA — REVISIÓN HUMANA,['Cliente no encontrado en el maestro SUNAT (001_TBL_CLIENTES_B2B) -- no se puede validar SUNAT/Osiptel para este RUC.'],0,
,,,,,SIN_HISTORIAL_DE_FACTURACION,,,,,False,ALERTA — REVISIÓN HUMANA,['Cliente no encontrado en el maestro SUNAT (001_TBL_CLIENTES_B2B) -- no se puede validar SUNAT/Osiptel para este RUC.'],0,
,,,,,SIN_HISTORIAL_DE_FACTURACION,,,,,False,ALERTA — REVISIÓN HUMANA,['Cliente no encontrado en el maestro SUNAT (001_TBL_CLIENTES_B2B) -- no se puede validar SUNAT/Osiptel para este RUC.'],0,
,,,,,SIN_HISTORIAL_DE_FACTURACION,,,,,False,ALERTA — REVISIÓN HUMANA,['Cliente no encontrado en el maestro SUNAT (001_TBL_CLIENTES_B2B) -- no se puede validar SUNAT/Osiptel para este RUC.'],0,
,,,,,SIN_HISTORIAL_DE_FACTURACION,,,,,False,ALERTA — REVISIÓN HUMANA,['Cliente no encontrado en el maestro SUNAT (001_TBL_CLIENTES_B2B) -- no se puede validar SUNAT/Osiptel para este RUC.'],0,
RUC_e29581fc96da,CLIENT_00897,AREQUIPA,Arequipa,Arequipa,SIN_HISTORIAL_DE_FACTURACION,,,,,True,OK,[],0,
,,,,,SIN_HISTORIAL_DE_FACTURACION,,,,,False,ALERTA — REVISIÓN HUMANA,['Cliente no encontrado en el maestro SUNAT (001_TBL_CLIENTES_B2B) -- no se puede validar SUNAT/Osiptel para este RUC.'],0,
,,,,,SIN_HISTORIAL_DE_FACTURACION,,,,,False,ALERTA — REVISIÓN HUMANA,['Cliente no encontrado en el maestro SUNAT (001_TBL_CLIENTES_B2B) -- no se puede validar SUNAT/Osiptel para este RUC.'],0,
,,,,,SIN_HISTORIAL_DE_FACTURACION,,,,,False,ALERTA — REVISIÓN HUMANA,['Cliente no encontrado en el maestro SUNAT (001_TBL_CLIENTES_B2B) -- no se puede validar SUNAT/Osiptel para este RUC.'],0,
,,,,,SIN_HISTORIAL_DE_FACTURACION,,,,,False,ALERTA — REVISIÓN HUMANA,['Cliente no encontrado en el maestro SUNAT (001_TBL_CLIENTES_B2B) -- no se puede validar SUNAT/Osiptel para este RUC.'],0,
,,,,,BAJO,BAJO,0.4,22.0,False,False,ALERTA — REVISIÓN HUMANA,['Cliente no encontrado en el maestro SUNAT (001_TBL_CLIENTES_B2B) -- no se puede validar SUNAT/Osiptel para este RUC.'],2,Mantener ciclo de facturación estándar; sin acción de cobranza adicional.
,,,,,SIN_HISTORIAL_DE_FACTURACION,,,,,False,ALERTA — REVISIÓN HUMANA,['Cliente no encontrado en el maestro SUNAT (001_TBL_CLIENTES_B2B) -- no se puede validar SUNAT/Osiptel para este RUC.'],0,
,,,,,SIN_HISTORIAL_DE_FACTURACION,,,,,False,ALERTA — REVISIÓN HUMANA,['Cliente no encontrado en el maestro SUNAT (001_TBL_CLIENTES_B2B) -- no se puede validar SUNAT/Osiptel para este RUC.'],0,
,,,,,SIN_HISTORIAL_DE_FACTURACION,,,,,False,ALERTA — REVISIÓN HUMANA,['Cliente no encontrado en el maestro SUNAT (001_TBL_CLIENTES_B2B) -- no se puede validar SUNAT/Osiptel para este RUC.'],0,
,,,,,SIN_HISTORIAL_DE_FACTURACION,,,,,False,ALERTA — REVISIÓN HUMANA,['Cliente no encontrado en el maestro SUNAT (001_TBL_CLIENTES_B2B) -- no se puede validar SUNAT/Osiptel para este RUC.'],0,
,,,,,SIN_HISTORIAL_DE_FACTURACION,,,,,False,ALERTA — REVISIÓN HUMANA,['Cliente no encontrado en el maestro SUNAT (001_TBL_CLIENTES_B2B) -- no se puede validar SUNAT/Osiptel para este RUC.'],0,
,,,,,BAJO,BAJO,-12.0,-11.0,True,False,ALERTA — REVISIÓN HUMANA,['Cliente no encontrado en el maestro SUNAT (001_TBL_CLIENTES_B2B) -- no se puede validar SUNAT/Osiptel para este RUC.'],0,Mantener ciclo de facturación estándar; sin acción de cobranza adicional.
,,,,,SIN_HISTORIAL_DE_FACTURACION,,,,,False,ALERTA — REVISIÓN HUMANA,['Cliente no encontrado en el maestro SUNAT (001_TBL_CLIENTES_B2B) -- no se puede validar SUNAT/Osiptel para este RUC.'],0,
,,,,,BAJO,BAJO,2.0,6.0,False,False,ALERTA — REVISIÓN HUMANA,['Cliente no encontrado en el maestro SUNAT (001_TBL_CLIENTES_B2B) -- no se puede validar SUNAT/Osiptel para este RUC.'],0,Mantener ciclo de facturación estándar; sin acción de cobranza adicional.
,,,,,SIN_HISTORIAL_DE_FACTURACION,,,,,False,ALERTA — REVISIÓN HUMANA,['Cliente no encontrado en el maestro SUNAT (001_TBL_CLIENTES_B2B) -- no se puede validar SUNAT/Osiptel para este RUC.'],0,
RUC_23b855bb211d,CLIENT_00221,JUNIN,Huancayo,Huancayo,ALTO,,,,,True,ALERTA — REVISIÓN HUMANA,['SUNAT_ESTADO_CONTRIBUYENTE=BAJA DE OFICIO (no ACTIVO)'],0,
,,,,,SIN_HISTORIAL_DE_FACTURACION,,,,,False,ALERTA — REVISIÓN HUMANA,['Cliente no encontrado en el maestro SUNAT (001_TBL_CLIENTES_B2B) -- no se puede validar SUNAT/Osiptel para este RUC.'],0,
,,,,,SIN_HISTORIAL_DE_FACTURACION,,,,,False,ALERTA — REVISIÓN HUMANA,['Cliente no encontrado en el maestro SUNAT (001_TBL_CLIENTES_B2B) -- no se puede validar SUNAT/Osiptel para este RUC.'],0,
,,,,,SIN_HISTORIAL_DE_FACTURACION,,,,,False,ALERTA — REVISIÓN HUMANA,['Cliente no encontrado en el maestro SUNAT (001_TBL_CLIENTES_B2B) -- no se puede validar SUNAT/Osiptel para este RUC.'],0,
,,,,,SIN_HISTORIAL_DE_FACTURACION,,,,,False,ALERTA — REVISIÓN HUMANA,['Cliente no encontrado en el maestro SUNAT (001_TBL_CLIENTES_B2B) -- no se puede validar SUNAT/Osiptel para este RUC.'],0,
,,,,,BAJO,BAJO,0.0,2.0,False,False,ALERTA — REVISIÓN HUMANA,['Cliente no encontrado en el maestro SUNAT (001_TBL_CLIENTES_B2B) -- no se puede validar SUNAT/Osiptel para este RUC.'],0,Mantener ciclo de facturación estándar; sin acción de cobranza adicional.
,,,,,BAJO,BAJO,-1.0,0.0,False,False,ALERTA — REVISIÓN HUMANA,['Cliente no encontrado en el maestro SUNAT (001_TBL_CLIENTES_B2B) -- no se puede validar SUNAT/Osiptel para este RUC.'],0,Mantener ciclo de facturación estándar; sin acción de cobranza adicional.
,,,,,SIN_HISTORIAL_DE_FACTURACION,,,,,False,ALERTA — REVISIÓN HUMANA,['Cliente no encontrado en el maestro SUNAT (001_TBL_CLIENTES_B2B) -- no se puede validar SUNAT/Osiptel para este RUC.'],0,
,,,,,SIN_HISTORIAL_DE_FACTURACION,,,,,False,ALERTA — REVISIÓN HUMANA,['Cliente no encontrado en el maestro SUNAT (001_TBL_CLIENTES_B2B) -- no se puede validar SUNAT/Osiptel para este RUC.'],0,
,,,,,SIN_HISTORIAL_DE_FACTURACION,,,,,False,ALERTA — REVISIÓN HUMANA,['Cliente no encontrado en el maestro SUNAT (001_TBL_CLIENTES_B2B) -- no se puede validar SUNAT/Osiptel para este RUC.'],0,
,,,,,SIN_HISTORIAL_DE_FACTURACION,,,,,False,ALERTA — REVISIÓN HUMANA,['Cliente no encontrado en el maestro SUNAT (001_TBL_CLIENTES_B2B) -- no se puede validar SUNAT/Osiptel para este RUC.'],0,
,,,,,SIN_HISTORIAL_DE_FACTURACION,,,,,False,ALERTA — REVISIÓN HUMANA,['Cliente no encontrado en el maestro SUNAT (001_TBL_CLIENTES_B2B) -- no se puede validar SUNAT/Osiptel para este RUC.'],0,
RUC_9ca954290f55,CLIENT_00255,CUSCO,Cusco,San Jerónimo,SIN_HISTORIAL_DE_FACTURACION,,,,,True,OK,[],0,
,,,,,SIN_HISTORIAL_DE_FACTURACION,,,,,False,ALERTA — REVISIÓN HUMANA,['Cliente no encontrado en el maestro SUNAT (001_TBL_CLIENTES_B2B) -- no se puede validar SUNAT/Osiptel para este RUC.'],0,
,,,,,SIN_HISTORIAL_DE_FACTURACION,,,,,False,ALERTA — REVISIÓN HUMANA,['Cliente no encontrado en el maestro SUNAT (001_TBL_CLIENTES_B2B) -- no se puede validar SUNAT/Osiptel para este RUC.'],0,
,,,,,SIN_HISTORIAL_DE_FACTURACION,,,,,False,ALERTA — REVISIÓN HUMANA,['Cliente no encontrado en el maestro SUNAT (001_TBL_CLIENTES_B2B) -- no se puede validar SUNAT/Osiptel para este RUC.'],0,
RUC_9127a22688d7,CLIENT_00659,LIMA,Lima,Lima,ALTO,ALTO,17.0,18.0,True,True,OK,[],2,Contacto proactivo antes del vencimiento + oferta de plan de pago fraccionado; escalar a gestor de cuenta senior.
RUC_05801f976efc,CLIENT_00609,CUSCO,Cusco,Santiago,SIN_HISTORIAL_DE_FACTURACION,,,,,True,OK,[],0,
,,,,,BAJO,BAJO,-1.1,38.0,False,False,ALERTA — REVISIÓN HUMANA,['Cliente no encontrado en el maestro SUNAT (001_TBL_CLIENTES_B2B) -- no se puede validar SUNAT/Osiptel para este RUC.'],1,Mantener ciclo de facturación estándar; sin acción de cobranza adicional.
RUC_6bdf98dee347,CLIENT_00478,LIMA,Lima,San Juan de Lurigancho,SIN_HISTORIAL_DE_FACTURACION,,,,,True,OK,[],0,
,,,,,SIN_HISTORIAL_DE_FACTURACION,,,,,False,ALERTA — REVISIÓN HUMANA,['Cliente no encontrado en el maestro SUNAT (001_TBL_CLIENTES_B2B) -- no se puede validar SUNAT/Osiptel para este RUC.'],0,
RUC_17204b7aa380,CLIENT_00320,SAN MARTIN,Bellavista,Bellavista,BAJO,BAJO,-1.5,-1.0,False,True,OK,[],0,Mantener ciclo de facturación estándar; sin acción de cobranza adicional.
,,,,,BAJO,BAJO,-3.5,0.0,True,False,ALERTA — REVISIÓN HUMANA,['Cliente no encontrado en el maestro SUNAT (001_TBL_CLIENTES_B2B) -- no se puede validar SUNAT/Osiptel para este RUC.'],0,Mantener ciclo de facturación estándar; sin acción de cobranza adicional.
,,,,,SIN_HISTORIAL_DE_FACTURACION,,,,,False,ALERTA — REVISIÓN HUMANA,['Cliente no encontrado en el maestro SUNAT (001_TBL_CLIENTES_B2B) -- no se puede validar SUNAT/Osiptel para este RUC.'],0,
RUC_2ea2c216cd88,CLIENT_00998,LIMA,Lima,La Molina,SIN_HISTORIAL_DE_FACTURACION,,,,,True,OK,[],0,
,,,,,SIN_HISTORIAL_DE_FACTURACION,,,,,False,ALERTA — REVISIÓN HUMANA,['Cliente no encontrado en el maestro SUNAT (001_TBL_CLIENTES_B2B) -- no se puede validar SUNAT/Osiptel para este RUC.'],0,
RUC_e89d8add1d98,CLIENT_00540,LIMA,Lima,Santa Anita,SIN_HISTORIAL_DE_FACTURACION,,,,,True,OK,[],0,
RUC_363efad67744,CLIENT_00971,LIMA,Lima,Santiago de Surco,BAJO,BAJO,-7.5,-5.0,False,True,OK,[],0,Mantener ciclo de facturación estándar; sin acción de cobranza adicional.
,,,,,SIN_HISTORIAL_DE_FACTURACION,,,,,False,ALERTA — REVISIÓN HUMANA,['Cliente no encontrado en el maestro SUNAT (001_TBL_CLIENTES_B2B) -- no se puede validar SUNAT/Osiptel para este RUC.'],0,
,,,,,SIN_HISTORIAL_DE_FACTURACION,,,,,False,ALERTA — REVISIÓN HUMANA,['Cliente no encontrado en el maestro SUNAT (001_TBL_CLIENTES_B2B) -- no se puede validar SUNAT/Osiptel para este RUC.'],0,
,,,,,SIN_HISTORIAL_DE_FACTURACION,,,,,False,ALERTA — REVISIÓN HUMANA,['Cliente no encontrado en el maestro SUNAT (001_TBL_CLIENTES_B2B) -- no se puede validar SUNAT/Osiptel para este RUC.'],0,
RUC_4cdb053f6b84,CLIENT_00391,SAN MARTIN,San Martín,La Banda de Shilcayo,SIN_HISTORIAL_DE_FACTURACION,,,,,True,OK,[],0,
,,,,,BAJO,BAJO,-5.7,4.0,False,False,ALERTA — REVISIÓN HUMANA,['Cliente no encontrado en el maestro SUNAT (001_TBL_CLIENTES_B2B) -- no se puede validar SUNAT/Osiptel para este RUC.'],2,Mantener ciclo de facturación estándar; sin acción de cobranza adicional.
,,,,,SIN_HISTORIAL_DE_FACTURACION,,,,,False,ALERTA — REVISIÓN HUMANA,['Cliente no encontrado en el maestro SUNAT (001_TBL_CLIENTES_B2B) -- no se puede validar SUNAT/Osiptel para este RUC.'],0,
,,,,,BAJO,BAJO,0.5,1.0,True,False,ALERTA — REVISIÓN HUMANA,['Cliente no encontrado en el maestro SUNAT (001_TBL_CLIENTES_B2B) -- no se puede validar SUNAT/Osiptel para este RUC.'],0,Mantener ciclo de facturación estándar; sin acción de cobranza adicional.
RUC_fe4361b21eb6,CLIENT_00882,LIMA,Lima,Villa María del Triunfo,SIN_HISTORIAL_DE_FACTURACION,,,,,True,OK,[],0,
,,,,,SIN_HISTORIAL_DE_FACTURACION,,,,,False,ALERTA — REVISIÓN HUMANA,['Cliente no encontrado en el maestro SUNAT (001_TBL_CLIENTES_B2B) -- no se puede validar SUNAT/Osiptel para este RUC.'],0,
,,,,,SIN_HISTORIAL_DE_FACTURACION,,,,,False,ALERTA — REVISIÓN HUMANA,['Cliente no encontrado en el maestro SUNAT (001_TBL_CLIENTES_B2B) -- no se puede validar SUNAT/Osiptel para este RUC.'],0,
,,,,,SIN_HISTORIAL_DE_FACTURACION,,,,,False,ALERTA — REVISIÓN HUMANA,['Cliente no encontrado en el maestro SUNAT (001_TBL_CLIENTES_B2B) -- no se puede validar SUNAT/Osiptel para este RUC.'],0,
,,,,,SIN_HISTORIAL_DE_FACTURACION,,,,,False,ALERTA — REVISIÓN HUMANA,['Cliente no encontrado en el maestro SUNAT (001_TBL_CLIENTES_B2B) -- no se puede validar SUNAT/Osiptel para este RUC.'],0,
,,,,,SIN_HISTORIAL_DE_FACTURACION,,,,,False,ALERTA — REVISIÓN HUMANA,['Cliente no encontrado en el maestro SUNAT (001_TBL_CLIENTES_B2B) -- no se puede validar SUNAT/Osiptel para este RUC.'],0,
,,,,,SIN_HISTORIAL_DE_FACTURACION,,,,,False,ALERTA — REVISIÓN HUMANA,['Cliente no encontrado en el maestro SUNAT (001_TBL_CLIENTES_B2B) -- no se puede validar SUNAT/Osiptel para este RUC.'],0,
RUC_b2bb414ee455,CLIENT_00970,LIMA,Lima,San Juan de Lurigancho,BAJO,BAJO,0.5,2.0,False,True,OK,[],0,Mantener ciclo de facturación estándar; sin acción de cobranza adicional.
,,,,,SIN_HISTORIAL_DE_FACTURACION,,,,,False,ALERTA — REVISIÓN HUMANA,['Cliente no encontrado en el maestro SUNAT (001_TBL_CLIENTES_B2B) -- no se puede validar SUNAT/Osiptel para este RUC.'],0,
,,,,,SIN_HISTORIAL_DE_FACTURACION,,,,,False,ALERTA — REVISIÓN HUMANA,['Cliente no encontrado en el maestro SUNAT (001_TBL_CLIENTES_B2B) -- no se puede validar SUNAT/Osiptel para este RUC.'],0,
,,,,,SIN_HISTORIAL_DE_FACTURACION,,,,,False,ALERTA — REVISIÓN HUMANA,['Cliente no encontrado en el maestro SUNAT (001_TBL_CLIENTES_B2B) -- no se puede validar SUNAT/Osiptel para este RUC.'],0,
,,,,,ALTO,ALTO,14.5,25.0,True,False,ALERTA — REVISIÓN HUMANA,['Cliente no encontrado en el maestro SUNAT (001_TBL_CLIENTES_B2B) -- no se puede validar SUNAT/Osiptel para este RUC.'],0,Contacto proactivo antes del vencimiento + oferta de plan de pago fraccionado; escalar a gestor de cuenta senior.
,,,,,SIN_HISTORIAL_DE_FACTURACION,,,,,False,ALERTA — REVISIÓN HUMANA,['Cliente no encontrado en el maestro SUNAT (001_TBL_CLIENTES_B2B) -- no se puede validar SUNAT/Osiptel para este RUC.'],0,
,,,,,SIN_HISTORIAL_DE_FACTURACION,,,,,False,ALERTA — REVISIÓN HUMANA,['Cliente no encontrado en el maestro SUNAT (001_TBL_CLIENTES_B2B) -- no se puede validar SUNAT/Osiptel para este RUC.'],0,
RUC_4cdcc04d8359,CLIENT_00236,LIMA,Lima,San Martín de Porres,BAJO,BAJO,-2.0,4.0,False,True,OK,[],0,Mantener ciclo de facturación estándar; sin acción de cobranza adicional.
RUC_32e588880c4a,CLIENT_00417,LIMA,Lima,Santiago de Surco,SIN_HISTORIAL_DE_FACTURACION,,,,,True,OK,[],0,
,,,,,SIN_HISTORIAL_DE_FACTURACION,,,,,False,ALERTA — REVISIÓN HUMANA,['Cliente no encontrado en el maestro SUNAT (001_TBL_CLIENTES_B2B) -- no se puede validar SUNAT/Osiptel para este RUC.'],0,
,,,,,SIN_HISTORIAL_DE_FACTURACION,,,,,False,ALERTA — REVISIÓN HUMANA,['Cliente no encontrado en el maestro SUNAT (001_TBL_CLIENTES_B2B) -- no se puede validar SUNAT/Osiptel para este RUC.'],0,
,,,,,SIN_HISTORIAL_DE_FACTURACION,,,,,False,ALERTA — REVISIÓN HUMANA,['Cliente no encontrado en el maestro SUNAT (001_TBL_CLIENTES_B2B) -- no se puede validar SUNAT/Osiptel para este RUC.'],0,
,,,,,BAJO,BAJO,0.2,20.0,False,False,ALERTA — REVISIÓN HUMANA,['Cliente no encontrado en el maestro SUNAT (001_TBL_CLIENTES_B2B) -- no se puede validar SUNAT/Osiptel para este RUC.'],4,Mantener ciclo de facturación estándar; sin acción de cobranza adicional.
RUC_b1b79ae4207c,CLIENT_00414,LIMA,Lima,San Martín de Porres,BAJO,BAJO,-5.3,6.0,False,True,OK,[],2,Mantener ciclo de facturación estándar; sin acción de cobranza adicional.
RUC_2722fadbb3a3,CLIENT_00299,LIMA,Lima,Jesús María,SIN_HISTORIAL_DE_FACTURACION,,,,,True,OK,[],0,
RUC_2aaccebd1bf7,CLIENT_00866,AREQUIPA,Camaná,Samuel Pastor,BAJO,BAJO,1.5,4.0,False,True,OK,[],1,Mantener ciclo de facturación estándar; sin acción de cobranza adicional.
,,,,,SIN_HISTORIAL_DE_FACTURACION,,,,,False,ALERTA — REVISIÓN HUMANA,['Cliente no encontrado en el maestro SUNAT (001_TBL_CLIENTES_B2B) -- no se puede validar SUNAT/Osiptel para este RUC.'],0,
,,,,,SIN_HISTORIAL_DE_FACTURACION,,,,,False,ALERTA — REVISIÓN HUMANA,['Cliente no encontrado en el maestro SUNAT (001_TBL_CLIENTES_B2B) -- no se puede validar SUNAT/Osiptel para este RUC.'],0,
,,,,,SIN_HISTORIAL_DE_FACTURACION,,,,,False,ALERTA — REVISIÓN HUMANA,['Cliente no encontrado en el maestro SUNAT (001_TBL_CLIENTES_B2B) -- no se puede validar SUNAT/Osiptel para este RUC.'],0,
,,,,,SIN_HISTORIAL_DE_FACTURACION,,,,,False,ALERTA — REVISIÓN HUMANA,['Cliente no encontrado en el maestro SUNAT (001_TBL_CLIENTES_B2B) -- no se puede validar SUNAT/Osiptel para este RUC.'],0,
,,,,,BAJO,BAJO,-2.9,16.0,False,False,ALERTA — REVISIÓN HUMANA,['Cliente no encontrado en el maestro SUNAT (001_TBL_CLIENTES_B2B) -- no se puede validar SUNAT/Osiptel para este RUC.'],6,Mantener ciclo de facturación estándar; sin acción de cobranza adicional.
RUC_855a5cc3c8b3,CLIENT_00957,ANCASH,Huaraz,Huaraz,SIN_HISTORIAL_DE_FACTURACION,,,,,True,OK,[],0,
,,,,,SIN_HISTORIAL_DE_FACTURACION,,,,,False,ALERTA — REVISIÓN HUMANA,['Cliente no encontrado en el maestro SUNAT (001_TBL_CLIENTES_B2B) -- no se puede validar SUNAT/Osiptel para este RUC.'],0,
,,,,,SIN_HISTORIAL_DE_FACTURACION,,,,,False,ALERTA — REVISIÓN HUMANA,['Cliente no encontrado en el maestro SUNAT (001_TBL_CLIENTES_B2B) -- no se puede validar SUNAT/Osiptel para este RUC.'],0,
,,,,,SIN_HISTORIAL_DE_FACTURACION,,,,,False,ALERTA — REVISIÓN HUMANA,['Cliente no encontrado en el maestro SUNAT (001_TBL_CLIENTES_B2B) -- no se puede validar SUNAT/Osiptel para este RUC.'],0,
,,,,,SIN_HISTORIAL_DE_FACTURACION,,,,,False,ALERTA — REVISIÓN HUMANA,['Cliente no encontrado en el maestro SUNAT (001_TBL_CLIENTES_B2B) -- no se puede validar SUNAT/Osiptel para este RUC.'],0,
,,,,,SIN_HISTORIAL_DE_FACTURACION,,,,,False,ALERTA — REVISIÓN HUMANA,['Cliente no encontrado en el maestro SUNAT (001_TBL_CLIENTES_B2B) -- no se puede validar SUNAT/Osiptel para este RUC.'],0,
,,,,,SIN_HISTORIAL_DE_FACTURACION,,,,,False,ALERTA — REVISIÓN HUMANA,['Cliente no encontrado en el maestro SUNAT (001_TBL_CLIENTES_B2B) -- no se puede validar SUNAT/Osiptel para este RUC.'],0,
,,,,,ALTO,ALTO,83.3,153.0,False,False,ALERTA — REVISIÓN HUMANA,['Cliente no encontrado en el maestro SUNAT (001_TBL_CLIENTES_B2B) -- no se puede validar SUNAT/Osiptel para este RUC.'],6,Contacto proactivo antes del vencimiento + oferta de plan de pago fraccionado; escalar a gestor de cuenta senior.
RUC_e3fd02c1e877,CLIENT_00400,LIMA,Lima,San Martín de Porres,SIN_HISTORIAL_DE_FACTURACION,,,,,True,OK,[],0,
,,,,,SIN_HISTORIAL_DE_FACTURACION,,,,,False,ALERTA — REVISIÓN HUMANA,['Cliente no encontrado en el maestro SUNAT (001_TBL_CLIENTES_B2B) -- no se puede validar SUNAT/Osiptel para este RUC.'],0,
RUC_ba363387a846,CLIENT_00289,LIMA,Lima,Los Olivos,SIN_HISTORIAL_DE_FACTURACION,,,,,True,OK,[],0,
,,,,,SIN_HISTORIAL_DE_FACTURACION,,,,,False,ALERTA — REVISIÓN HUMANA,['Cliente no encontrado en el maestro SUNAT (001_TBL_CLIENTES_B2B) -- no se puede validar SUNAT/Osiptel para este RUC.'],0,
RUC_599d94ec251d,CLIENT_00107,LIMA,Lima,Surquillo,ALTO,ALTO,16.0,16.0,False,True,OK,[],0,Contacto proactivo antes del vencimiento + oferta de plan de pago fraccionado; escalar a gestor de cuenta senior.
,,,,,SIN_HISTORIAL_DE_FACTURACION,,,,,False,ALERTA — REVISIÓN HUMANA,['Cliente no encontrado en el maestro SUNAT (001_TBL_CLIENTES_B2B) -- no se puede validar SUNAT/Osiptel para este RUC.'],0,
,,,,,SIN_HISTORIAL_DE_FACTURACION,,,,,False,ALERTA — REVISIÓN HUMANA,['Cliente no encontrado en el maestro SUNAT (001_TBL_CLIENTES_B2B) -- no se puede validar SUNAT/Osiptel para este RUC.'],0,
,,,,,SIN_HISTORIAL_DE_FACTURACION,,,,,False,ALERTA — REVISIÓN HUMANA,['Cliente no encontrado en el maestro SUNAT (001_TBL_CLIENTES_B2B) -- no se puede validar SUNAT/Osiptel para este RUC.'],0,
,,,,,BAJO,BAJO,-2.2,5.0,False,False,ALERTA — REVISIÓN HUMANA,['Cliente no encontrado en el maestro SUNAT (001_TBL_CLIENTES_B2B) -- no se puede validar SUNAT/Osiptel para este RUC.'],2,Mantener ciclo de facturación estándar; sin acción de cobranza adicional.
RUC_fa9f3fd85e67,CLIENT_00926,LIMA,Lima,Miraflores,SIN_HISTORIAL_DE_FACTURACION,,,,,True,OK,[],0,
RUC_8c4ddda26394,CLIENT_00014,LIMA,Lima,San Borja,SIN_HISTORIAL_DE_FACTURACION,,,,,True,OK,[],0,
,,,,,SIN_HISTORIAL_DE_FACTURACION,,,,,False,ALERTA — REVISIÓN HUMANA,['Cliente no encontrado en el maestro SUNAT (001_TBL_CLIENTES_B2B) -- no se puede validar SUNAT/Osiptel para este RUC.'],0,
RUC_00357ffca88e,CLIENT_00586,LIMA,Lima,La Victoria,SIN_HISTORIAL_DE_FACTURACION,,,,,True,OK,[],0,
,,,,,SIN_HISTORIAL_DE_FACTURACION,,,,,False,ALERTA — REVISIÓN HUMANA,['Cliente no encontrado en el maestro SUNAT (001_TBL_CLIENTES_B2B) -- no se puede validar SUNAT/Osiptel para este RUC.'],0,
,,,,,SIN_HISTORIAL_DE_FACTURACION,,,,,False,ALERTA — REVISIÓN HUMANA,['Cliente no encontrado en el maestro SUNAT (001_TBL_CLIENTES_B2B) -- no se puede validar SUNAT/Osiptel para este RUC.'],0,
,,,,,SIN_HISTORIAL_DE_FACTURACION,,,,,False,ALERTA — REVISIÓN HUMANA,['Cliente no encontrado en el maestro SUNAT (001_TBL_CLIENTES_B2B) -- no se puede validar SUNAT/Osiptel para este RUC.'],0,
,,,,,SIN_HISTORIAL_DE_FACTURACION,,,,,False,ALERTA — REVISIÓN HUMANA,['Cliente no encontrado en el maestro SUNAT (001_TBL_CLIENTES_B2B) -- no se puede validar SUNAT/Osiptel para este RUC.'],0,
,,,,,SIN_HISTORIAL_DE_FACTURACION,,,,,False,ALERTA — REVISIÓN HUMANA,['Cliente no encontrado en el maestro SUNAT (001_TBL_CLIENTES_B2B) -- no se puede validar SUNAT/Osiptel para este RUC.'],0,
,,,,,SIN_HISTORIAL_DE_FACTURACION,,,,,False,ALERTA — REVISIÓN HUMANA,['Cliente no encontrado en el maestro SUNAT (001_TBL_CLIENTES_B2B) -- no se puede validar SUNAT/Osiptel para este RUC.'],0,
,,,,,SIN_HISTORIAL_DE_FACTURACION,,,,,False,ALERTA — REVISIÓN HUMANA,['Cliente no encontrado en el maestro SUNAT (001_TBL_CLIENTES_B2B) -- no se puede validar SUNAT/Osiptel para este RUC.'],0,
,,,,,SIN_HISTORIAL_DE_FACTURACION,,,,,False,ALERTA — REVISIÓN HUMANA,['Cliente no encontrado en el maestro SUNAT (001_TBL_CLIENTES_B2B) -- no se puede validar SUNAT/Osiptel para este RUC.'],0,
,,,,,SIN_HISTORIAL_DE_FACTURACION,,,,,False,ALERTA — REVISIÓN HUMANA,['Cliente no encontrado en el maestro SUNAT (001_TBL_CLIENTES_B2B) -- no se puede validar SUNAT/Osiptel para este RUC.'],0,
RUC_9d4f0f4ac5cd,CLIENT_00852,UCAYALI,Coronel Portillo,Calleria,BAJO,BAJO,0.5,3.0,False,True,OK,[],0,Mantener ciclo de facturación estándar; sin acción de cobranza adicional.
,,,,,SIN_HISTORIAL_DE_FACTURACION,,,,,False,ALERTA — REVISIÓN HUMANA,['Cliente no encontrado en el maestro SUNAT (001_TBL_CLIENTES_B2B) -- no se puede validar SUNAT/Osiptel para este RUC.'],0,
,,,,,BAJO,BAJO,-2.9,22.0,False,False,ALERTA — REVISIÓN HUMANA,['Cliente no encontrado en el maestro SUNAT (001_TBL_CLIENTES_B2B) -- no se puede validar SUNAT/Osiptel para este RUC.'],4,Mantener ciclo de facturación estándar; sin acción de cobranza adicional.
,,,,,SIN_HISTORIAL_DE_FACTURACION,,,,,False,ALERTA — REVISIÓN HUMANA,['Cliente no encontrado en el maestro SUNAT (001_TBL_CLIENTES_B2B) -- no se puede validar SUNAT/Osiptel para este RUC.'],0,
,,,,,SIN_HISTORIAL_DE_FACTURACION,,,,,False,ALERTA — REVISIÓN HUMANA,['Cliente no encontrado en el maestro SUNAT (001_TBL_CLIENTES_B2B) -- no se puede validar SUNAT/Osiptel para este RUC.'],0,
,,,,,BAJO,BAJO,2.5,3.0,True,False,ALERTA — REVISIÓN HUMANA,['Cliente no encontrado en el maestro SUNAT (001_TBL_CLIENTES_B2B) -- no se puede validar SUNAT/Osiptel para este RUC.'],0,Mantener ciclo de facturación estándar; sin acción de cobranza adicional.
,,,,,SIN_HISTORIAL_DE_FACTURACION,,,,,False,ALERTA — REVISIÓN HUMANA,['Cliente no encontrado en el maestro SUNAT (001_TBL_CLIENTES_B2B) -- no se puede validar SUNAT/Osiptel para este RUC.'],0,
RUC_cbaa9b5817c2,CLIENT_00324,LIMA,Lima,Lince,BAJO,BAJO,-13.0,-12.0,False,True,OK,[],0,Mantener ciclo de facturación estándar; sin acción de cobranza adicional.
,,,,,SIN_HISTORIAL_DE_FACTURACION,,,,,False,ALERTA — REVISIÓN HUMANA,['Cliente no encontrado en el maestro SUNAT (001_TBL_CLIENTES_B2B) -- no se puede validar SUNAT/Osiptel para este RUC.'],0,
,,,,,SIN_HISTORIAL_DE_FACTURACION,,,,,False,ALERTA — REVISIÓN HUMANA,['Cliente no encontrado en el maestro SUNAT (001_TBL_CLIENTES_B2B) -- no se puede validar SUNAT/Osiptel para este RUC.'],0,
RUC_8625d1f67b83,CLIENT_00047,LIMA,Lima,San Isidro,BAJO,BAJO,4.5,7.0,False,True,OK,[],1,Mantener ciclo de facturación estándar; sin acción de cobranza adicional.
,,,,,SIN_HISTORIAL_DE_FACTURACION,,,,,False,ALERTA — REVISIÓN HUMANA,['Cliente no encontrado en el maestro SUNAT (001_TBL_CLIENTES_B2B) -- no se puede validar SUNAT/Osiptel para este RUC.'],0,
RUC_57bdec905a36,CLIENT_00561,LIMA,Lima,Santiago de Surco,BAJO,BAJO,2.7,62.0,False,True,OK,[],3,Mantener ciclo de facturación estándar; sin acción de cobranza adicional.
,,,,,SIN_HISTORIAL_DE_FACTURACION,,,,,False,ALERTA — REVISIÓN HUMANA,['Cliente no encontrado en el maestro SUNAT (001_TBL_CLIENTES_B2B) -- no se puede validar SUNAT/Osiptel para este RUC.'],0,
,,,,,SIN_HISTORIAL_DE_FACTURACION,,,,,False,ALERTA — REVISIÓN HUMANA,['Cliente no encontrado en el maestro SUNAT (001_TBL_CLIENTES_B2B) -- no se puede validar SUNAT/Osiptel para este RUC.'],0,
,,,,,SIN_HISTORIAL_DE_FACTURACION,,,,,False,ALERTA — REVISIÓN HUMANA,['Cliente no encontrado en el maestro SUNAT (001_TBL_CLIENTES_B2B) -- no se puede validar SUNAT/Osiptel para este RUC.'],0,
RUC_e66afe32a1da,CLIENT_00111,LIMA,Lima,San Martín de Porres,SIN_HISTORIAL_DE_FACTURACION,,,,,True,OK,[],0,
,,,,,SIN_HISTORIAL_DE_FACTURACION,,,,,False,ALERTA — REVISIÓN HUMANA,['Cliente no encontrado en el maestro SUNAT (001_TBL_CLIENTES_B2B) -- no se puede validar SUNAT/Osiptel para este RUC.'],0,
,,,,,BAJO,BAJO,3.0,3.0,False,False,ALERTA — REVISIÓN HUMANA,['Cliente no encontrado en el maestro SUNAT (001_TBL_CLIENTES_B2B) -- no se puede validar SUNAT/Osiptel para este RUC.'],0,Mantener ciclo de facturación estándar; sin acción de cobranza adicional.
,,,,,SIN_HISTORIAL_DE_FACTURACION,,,,,False,ALERTA — REVISIÓN HUMANA,['Cliente no encontrado en el maestro SUNAT (001_TBL_CLIENTES_B2B) -- no se puede validar SUNAT/Osiptel para este RUC.'],0,
,,,,,BAJO,BAJO,4.9,103.0,False,False,ALERTA — REVISIÓN HUMANA,['Cliente no encontrado en el maestro SUNAT (001_TBL_CLIENTES_B2B) -- no se puede validar SUNAT/Osiptel para este RUC.'],2,Mantener ciclo de facturación estándar; sin acción de cobranza adicional.
,,,,,SIN_HISTORIAL_DE_FACTURACION,,,,,False,ALERTA — REVISIÓN HUMANA,['Cliente no encontrado en el maestro SUNAT (001_TBL_CLIENTES_B2B) -- no se puede validar SUNAT/Osiptel para este RUC.'],0,
,,,,,SIN_HISTORIAL_DE_FACTURACION,,,,,False,ALERTA — REVISIÓN HUMANA,['Cliente no encontrado en el maestro SUNAT (001_TBL_CLIENTES_B2B) -- no se puede validar SUNAT/Osiptel para este RUC.'],0,
RUC_302c87191086,CLIENT_00534,LIMA,Lima,Lima,SIN_HISTORIAL_DE_FACTURACION,,,,,True,OK,[],0,
,,,,,SIN_HISTORIAL_DE_FACTURACION,,,,,False,ALERTA — REVISIÓN HUMANA,['Cliente no encontrado en el maestro SUNAT (001_TBL_CLIENTES_B2B) -- no se puede validar SUNAT/Osiptel para este RUC.'],0,
,,,,,BAJO,BAJO,-5.0,6.0,False,False,ALERTA — REVISIÓN HUMANA,['Cliente no encontrado en el maestro SUNAT (001_TBL_CLIENTES_B2B) -- no se puede validar SUNAT/Osiptel para este RUC.'],2,Mantener ciclo de facturación estándar; sin acción de cobranza adicional.
,,,,,SIN_HISTORIAL_DE_FACTURACION,,,,,False,ALERTA — REVISIÓN HUMANA,['Cliente no encontrado en el maestro SUNAT (001_TBL_CLIENTES_B2B) -- no se puede validar SUNAT/Osiptel para este RUC.'],0,
RUC_e1a73e407c30,CLIENT_00854,LIMA,Barranca,Barranca,SIN_HISTORIAL_DE_FACTURACION,,,,,True,OK,[],0,
RUC_41b67815f1f2,CLIENT_00535,LIMA,Lima,Santiago de Surco,BAJO,BAJO,-6.3,-2.0,False,True,OK,[],3,Mantener ciclo de facturación estándar; sin acción de cobranza adicional.
,,,,,SIN_HISTORIAL_DE_FACTURACION,,,,,False,ALERTA — REVISIÓN HUMANA,['Cliente no encontrado en el maestro SUNAT (001_TBL_CLIENTES_B2B) -- no se puede validar SUNAT/Osiptel para este RUC.'],0,
RUC_0f39d640aa30,CLIENT_00614,LIMA,Lima,Chorrillos,ALTO,ALTO,35.0,99.0,False,True,OK,[],1,Contacto proactivo antes del vencimiento + oferta de plan de pago fraccionado; escalar a gestor de cuenta senior.
,,,,,SIN_HISTORIAL_DE_FACTURACION,,,,,False,ALERTA — REVISIÓN HUMANA,['Cliente no encontrado en el maestro SUNAT (001_TBL_CLIENTES_B2B) -- no se puede validar SUNAT/Osiptel para este RUC.'],0,
,,,,,SIN_HISTORIAL_DE_FACTURACION,,,,,False,ALERTA — REVISIÓN HUMANA,['Cliente no encontrado en el maestro SUNAT (001_TBL_CLIENTES_B2B) -- no se puede validar SUNAT/Osiptel para este RUC.'],0,
RUC_d96126f195d7,CLIENT_00189,AREQUIPA,Arequipa,Jacobo Hunter,BAJO,BAJO,5.0,7.0,False,True,OK,[],4,Mantener ciclo de facturación estándar; sin acción de cobranza adicional.
,,,,,BAJO,BAJO,-0.2,4.0,False,False,ALERTA — REVISIÓN HUMANA,['Cliente no encontrado en el maestro SUNAT (001_TBL_CLIENTES_B2B) -- no se puede validar SUNAT/Osiptel para este RUC.'],0,Mantener ciclo de facturación estándar; sin acción de cobranza adicional.
,,,,,SIN_HISTORIAL_DE_FACTURACION,,,,,False,ALERTA — REVISIÓN HUMANA,['Cliente no encontrado en el maestro SUNAT (001_TBL_CLIENTES_B2B) -- no se puede validar SUNAT/Osiptel para este RUC.'],0,
,,,,,SIN_HISTORIAL_DE_FACTURACION,,,,,False,ALERTA — REVISIÓN HUMANA,['Cliente no encontrado en el maestro SUNAT (001_TBL_CLIENTES_B2B) -- no se puede validar SUNAT/Osiptel para este RUC.'],0,
RUC_3cbeae84055b,CLIENT_00706,JUNIN,Huancayo,Huancayo,SIN_HISTORIAL_DE_FACTURACION,,,,,True,OK,[],0,
,,,,,SIN_HISTORIAL_DE_FACTURACION,,,,,False,ALERTA — REVISIÓN HUMANA,['Cliente no encontrado en el maestro SUNAT (001_TBL_CLIENTES_B2B) -- no se puede validar SUNAT/Osiptel para este RUC.'],0,
,,,,,SIN_HISTORIAL_DE_FACTURACION,,,,,False,ALERTA — REVISIÓN HUMANA,['Cliente no encontrado en el maestro SUNAT (001_TBL_CLIENTES_B2B) -- no se puede validar SUNAT/Osiptel para este RUC.'],0,
,,,,,SIN_HISTORIAL_DE_FACTURACION,,,,,False,ALERTA — REVISIÓN HUMANA,['Cliente no encontrado en el maestro SUNAT (001_TBL_CLIENTES_B2B) -- no se puede validar SUNAT/Osiptel para este RUC.'],0,
,,,,,SIN_HISTORIAL_DE_FACTURACION,,,,,False,ALERTA — REVISIÓN HUMANA,['Cliente no encontrado en el maestro SUNAT (001_TBL_CLIENTES_B2B) -- no se puede validar SUNAT/Osiptel para este RUC.'],0,
RUC_5e93b43c3515,CLIENT_00179,UCAYALI,Coronel Portillo,Manantay,SIN_HISTORIAL_DE_FACTURACION,,,,,True,OK,[],0,
,,,,,BAJO,BAJO,3.0,4.0,False,False,ALERTA — REVISIÓN HUMANA,['Cliente no encontrado en el maestro SUNAT (001_TBL_CLIENTES_B2B) -- no se puede validar SUNAT/Osiptel para este RUC.'],0,Mantener ciclo de facturación estándar; sin acción de cobranza adicional.
,,,,,SIN_HISTORIAL_DE_FACTURACION,,,,,False,ALERTA — REVISIÓN HUMANA,['Cliente no encontrado en el maestro SUNAT (001_TBL_CLIENTES_B2B) -- no se puede validar SUNAT/Osiptel para este RUC.'],0,
,,,,,SIN_HISTORIAL_DE_FACTURACION,,,,,False,ALERTA — REVISIÓN HUMANA,['Cliente no encontrado en el maestro SUNAT (001_TBL_CLIENTES_B2B) -- no se puede validar SUNAT/Osiptel para este RUC.'],0,
,,,,,SIN_HISTORIAL_DE_FACTURACION,,,,,False,ALERTA — REVISIÓN HUMANA,['Cliente no encontrado en el maestro SUNAT (001_TBL_CLIENTES_B2B) -- no se puede validar SUNAT/Osiptel para este RUC.'],0,
,,,,,SIN_HISTORIAL_DE_FACTURACION,,,,,False,ALERTA — REVISIÓN HUMANA,['Cliente no encontrado en el maestro SUNAT (001_TBL_CLIENTES_B2B) -- no se puede validar SUNAT/Osiptel para este RUC.'],0,
,,,,,SIN_HISTORIAL_DE_FACTURACION,,,,,False,ALERTA — REVISIÓN HUMANA,['Cliente no encontrado en el maestro SUNAT (001_TBL_CLIENTES_B2B) -- no se puede validar SUNAT/Osiptel para este RUC.'],0,
,,,,,BAJO,BAJO,-1.0,2.0,False,False,ALERTA — REVISIÓN HUMANA,['Cliente no encontrado en el maestro SUNAT (001_TBL_CLIENTES_B2B) -- no se puede validar SUNAT/Osiptel para este RUC.'],0,Mantener ciclo de facturación estándar; sin acción de cobranza adicional.
,,,,,SIN_HISTORIAL_DE_FACTURACION,,,,,False,ALERTA — REVISIÓN HUMANA,['Cliente no encontrado en el maestro SUNAT (001_TBL_CLIENTES_B2B) -- no se puede validar SUNAT/Osiptel para este RUC.'],0,
,,,,,SIN_HISTORIAL_DE_FACTURACION,,,,,False,ALERTA — REVISIÓN HUMANA,['Cliente no encontrado en el maestro SUNAT (001_TBL_CLIENTES_B2B) -- no se puede validar SUNAT/Osiptel para este RUC.'],0,
RUC_5246c89dcd6f,CLIENT_00381,LIMA,Lima,Santa Anita,BAJO,BAJO,1.5,3.0,True,True,OK,[],2,Mantener ciclo de facturación estándar; sin acción de cobranza adicional.
,,,,,SIN_HISTORIAL_DE_FACTURACION,,,,,False,ALERTA — REVISIÓN HUMANA,['Cliente no encontrado en el maestro SUNAT (001_TBL_CLIENTES_B2B) -- no se puede validar SUNAT/Osiptel para este RUC.'],0,
RUC_fa76110b9236,CLIENT_00146,UCAYALI,Coronel Portillo,Calleria,ALTO,,,,,True,ALERTA — REVISIÓN HUMANA,['Todas sus líneas (fija/móvil) están inactivas o suspendidas'],0,
,,,,,SIN_HISTORIAL_DE_FACTURACION,,,,,False,ALERTA — REVISIÓN HUMANA,['Cliente no encontrado en el maestro SUNAT (001_TBL_CLIENTES_B2B) -- no se puede validar SUNAT/Osiptel para este RUC.'],0,
RUC_7b213c161de9,CLIENT_00454,LA LIBERTAD,Trujillo,Trujillo,ALTO,ALTO,18.0,18.0,False,True,OK,[],1,Contacto proactivo antes del vencimiento + oferta de plan de pago fraccionado; escalar a gestor de cuenta senior.
RUC_fcdf9b248303,CLIENT_00176,LIMA,Lima,Magdalena del Mar,BAJO,BAJO,-11.5,-10.0,False,True,OK,[],0,Mantener ciclo de facturación estándar; sin acción de cobranza adicional.
RUC_489ab2e51778,CLIENT_00845,LIMA,Lima,San Isidro,MEDIO,MEDIO,6.3,18.0,False,True,OK,[],1,Recordatorio automático 5 días antes del vencimiento por correo/WhatsApp; sin escalamiento humano todavía.
,,,,,ALTO,ALTO,18.3,23.0,False,False,ALERTA — REVISIÓN HUMANA,['Cliente no encontrado en el maestro SUNAT (001_TBL_CLIENTES_B2B) -- no se puede validar SUNAT/Osiptel para este RUC.'],2,Contacto proactivo antes del vencimiento + oferta de plan de pago fraccionado; escalar a gestor de cuenta senior.
,,,,,SIN_HISTORIAL_DE_FACTURACION,,,,,False,ALERTA — REVISIÓN HUMANA,['Cliente no encontrado en el maestro SUNAT (001_TBL_CLIENTES_B2B) -- no se puede validar SUNAT/Osiptel para este RUC.'],0,
,,,,,SIN_HISTORIAL_DE_FACTURACION,,,,,False,ALERTA — REVISIÓN HUMANA,['Cliente no encontrado en el maestro SUNAT (001_TBL_CLIENTES_B2B) -- no se puede validar SUNAT/Osiptel para este RUC.'],0,
,,,,,SIN_HISTORIAL_DE_FACTURACION,,,,,False,ALERTA — REVISIÓN HUMANA,['Cliente no encontrado en el maestro SUNAT (001_TBL_CLIENTES_B2B) -- no se puede validar SUNAT/Osiptel para este RUC.'],0,
,,,,,SIN_HISTORIAL_DE_FACTURACION,,,,,False,ALERTA — REVISIÓN HUMANA,['Cliente no encontrado en el maestro SUNAT (001_TBL_CLIENTES_B2B) -- no se puede validar SUNAT/Osiptel para este RUC.'],0,
,,,,,SIN_HISTORIAL_DE_FACTURACION,,,,,False,ALERTA — REVISIÓN HUMANA,['Cliente no encontrado en el maestro SUNAT (001_TBL_CLIENTES_B2B) -- no se puede validar SUNAT/Osiptel para este RUC.'],0,
RUC_7376cfc7db1e,CLIENT_00814,AREQUIPA,Arequipa,Yanahuara,SIN_HISTORIAL_DE_FACTURACION,,,,,True,OK,[],0,
,,,,,SIN_HISTORIAL_DE_FACTURACION,,,,,False,ALERTA — REVISIÓN HUMANA,['Cliente no encontrado en el maestro SUNAT (001_TBL_CLIENTES_B2B) -- no se puede validar SUNAT/Osiptel para este RUC.'],0,
,,,,,SIN_HISTORIAL_DE_FACTURACION,,,,,False,ALERTA — REVISIÓN HUMANA,['Cliente no encontrado en el maestro SUNAT (001_TBL_CLIENTES_B2B) -- no se puede validar SUNAT/Osiptel para este RUC.'],0,
,,,,,SIN_HISTORIAL_DE_FACTURACION,,,,,False,ALERTA — REVISIÓN HUMANA,['Cliente no encontrado en el maestro SUNAT (001_TBL_CLIENTES_B2B) -- no se puede validar SUNAT/Osiptel para este RUC.'],0,
,,,,,SIN_HISTORIAL_DE_FACTURACION,,,,,False,ALERTA — REVISIÓN HUMANA,['Cliente no encontrado en el maestro SUNAT (001_TBL_CLIENTES_B2B) -- no se puede validar SUNAT/Osiptel para este RUC.'],0,
RUC_818bca8dd7f3,CLIENT_00471,PUNO,San Román,Juliaca,BAJO,BAJO,-5.0,4.0,False,True,OK,[],0,Mantener ciclo de facturación estándar; sin acción de cobranza adicional.
,,,,,BAJO,BAJO,-11.5,-11.0,False,False,ALERTA — REVISIÓN HUMANA,['Cliente no encontrado en el maestro SUNAT (001_TBL_CLIENTES_B2B) -- no se puede validar SUNAT/Osiptel para este RUC.'],0,Mantener ciclo de facturación estándar; sin acción de cobranza adicional.
,,,,,SIN_HISTORIAL_DE_FACTURACION,,,,,False,ALERTA — REVISIÓN HUMANA,['Cliente no encontrado en el maestro SUNAT (001_TBL_CLIENTES_B2B) -- no se puede validar SUNAT/Osiptel para este RUC.'],0,
,,,,,SIN_HISTORIAL_DE_FACTURACION,,,,,False,ALERTA — REVISIÓN HUMANA,['Cliente no encontrado en el maestro SUNAT (001_TBL_CLIENTES_B2B) -- no se puede validar SUNAT/Osiptel para este RUC.'],0,
RUC_22c0c9dde835,CLIENT_00067,LA LIBERTAD,Trujillo,Trujillo,SIN_HISTORIAL_DE_FACTURACION,,,,,True,OK,[],0,
RUC_1c0c6d92573b,CLIENT_00332,LIMA,Lima,Magdalena del Mar,BAJO,BAJO,1.0,2.0,False,True,OK,[],0,Mantener ciclo de facturación estándar; sin acción de cobranza adicional.
RUC_89c9e3002b3d,CLIENT_00201,CAJAMARCA,Cajamarca,Cajamarca,MEDIO,MEDIO,10.0,13.0,False,True,OK,[],0,Recordatorio automático 5 días antes del vencimiento por correo/WhatsApp; sin escalamiento humano todavía.
RUC_5ba3b5b15f57,CLIENT_00572,JUNIN,Huancayo,El Tambo,BAJO,BAJO,4.0,4.0,False,True,OK,[],0,Mantener ciclo de facturación estándar; sin acción de cobranza adicional.
,,,,,SIN_HISTORIAL_DE_FACTURACION,,,,,False,ALERTA — REVISIÓN HUMANA,['Cliente no encontrado en el maestro SUNAT (001_TBL_CLIENTES_B2B) -- no se puede validar SUNAT/Osiptel para este RUC.'],0,
,,,,,SIN_HISTORIAL_DE_FACTURACION,,,,,False,ALERTA — REVISIÓN HUMANA,['Cliente no encontrado en el maestro SUNAT (001_TBL_CLIENTES_B2B) -- no se puede validar SUNAT/Osiptel para este RUC.'],0,
RUC_d867e0121c80,CLIENT_00918,PUNO,San Román,Juliaca,ALTO,ALTO,23.5,27.0,False,True,OK,[],2,Contacto proactivo antes del vencimiento + oferta de plan de pago fraccionado; escalar a gestor de cuenta senior.
,,,,,SIN_HISTORIAL_DE_FACTURACION,,,,,False,ALERTA — REVISIÓN HUMANA,['Cliente no encontrado en el maestro SUNAT (001_TBL_CLIENTES_B2B) -- no se puede validar SUNAT/Osiptel para este RUC.'],0,
,,,,,SIN_HISTORIAL_DE_FACTURACION,,,,,False,ALERTA — REVISIÓN HUMANA,['Cliente no encontrado en el maestro SUNAT (001_TBL_CLIENTES_B2B) -- no se puede validar SUNAT/Osiptel para este RUC.'],0,
,,,,,SIN_HISTORIAL_DE_FACTURACION,,,,,False,ALERTA — REVISIÓN HUMANA,['Cliente no encontrado en el maestro SUNAT (001_TBL_CLIENTES_B2B) -- no se puede validar SUNAT/Osiptel para este RUC.'],0,
,,,,,SIN_HISTORIAL_DE_FACTURACION,,,,,False,ALERTA — REVISIÓN HUMANA,['Cliente no encontrado en el maestro SUNAT (001_TBL_CLIENTES_B2B) -- no se puede validar SUNAT/Osiptel para este RUC.'],0,
,,,,,BAJO,BAJO,-3.7,1.0,False,False,ALERTA — REVISIÓN HUMANA,['Cliente no encontrado en el maestro SUNAT (001_TBL_CLIENTES_B2B) -- no se puede validar SUNAT/Osiptel para este RUC.'],0,Mantener ciclo de facturación estándar; sin acción de cobranza adicional.
,,,,,SIN_HISTORIAL_DE_FACTURACION,,,,,False,ALERTA — REVISIÓN HUMANA,['Cliente no encontrado en el maestro SUNAT (001_TBL_CLIENTES_B2B) -- no se puede validar SUNAT/Osiptel para este RUC.'],0,
,,,,,SIN_HISTORIAL_DE_FACTURACION,,,,,False,ALERTA — REVISIÓN HUMANA,['Cliente no encontrado en el maestro SUNAT (001_TBL_CLIENTES_B2B) -- no se puede validar SUNAT/Osiptel para este RUC.'],0,
,,,,,SIN_HISTORIAL_DE_FACTURACION,,,,,False,ALERTA — REVISIÓN HUMANA,['Cliente no encontrado en el maestro SUNAT (001_TBL_CLIENTES_B2B) -- no se puede validar SUNAT/Osiptel para este RUC.'],0,
RUC_dbd12c0dff88,CLIENT_00127,LIMA,Lima,Miraflores,SIN_HISTORIAL_DE_FACTURACION,,,,,True,OK,[],0,
,,,,,SIN_HISTORIAL_DE_FACTURACION,,,,,False,ALERTA — REVISIÓN HUMANA,['Cliente no encontrado en el maestro SUNAT (001_TBL_CLIENTES_B2B) -- no se puede validar SUNAT/Osiptel para este RUC.'],0,
,,,,,SIN_HISTORIAL_DE_FACTURACION,,,,,False,ALERTA — REVISIÓN HUMANA,['Cliente no encontrado en el maestro SUNAT (001_TBL_CLIENTES_B2B) -- no se puede validar SUNAT/Osiptel para este RUC.'],0,
RUC_e172ca268bfc,CLIENT_00446,LIMA,Lima,Surquillo,ALTO,BAJO,-4.7,6.0,False,True,ALERTA — REVISIÓN HUMANA,"['SUNAT_ESTADO_RUC=NO HABIDO (no HABIDO)', 'SUNAT_ESTADO_CONTRIBUYENTE=BAJA DE OFICIO (no ACTIVO)']",2,Mantener ciclo de facturación estándar; sin acción de cobranza adicional.
RUC_d2835136eee8,CLIENT_00116,LIMA,Lima,San Isidro,BAJO,BAJO,-3.5,0.0,True,True,OK,[],0,Mantener ciclo de facturación estándar; sin acción de cobranza adicional.
,,,,,SIN_HISTORIAL_DE_FACTURACION,,,,,False,ALERTA — REVISIÓN HUMANA,['Cliente no encontrado en el maestro SUNAT (001_TBL_CLIENTES_B2B) -- no se puede validar SUNAT/Osiptel para este RUC.'],0,
,,,,,SIN_HISTORIAL_DE_FACTURACION,,,,,False,ALERTA — REVISIÓN HUMANA,['Cliente no encontrado en el maestro SUNAT (001_TBL_CLIENTES_B2B) -- no se puede validar SUNAT/Osiptel para este RUC.'],0,
,,,,,SIN_HISTORIAL_DE_FACTURACION,,,,,False,ALERTA — REVISIÓN HUMANA,['Cliente no encontrado en el maestro SUNAT (001_TBL_CLIENTES_B2B) -- no se puede validar SUNAT/Osiptel para este RUC.'],0,
,,,,,SIN_HISTORIAL_DE_FACTURACION,,,,,False,ALERTA — REVISIÓN HUMANA,['Cliente no encontrado en el maestro SUNAT (001_TBL_CLIENTES_B2B) -- no se puede validar SUNAT/Osiptel para este RUC.'],0,
,,,,,SIN_HISTORIAL_DE_FACTURACION,,,,,False,ALERTA — REVISIÓN HUMANA,['Cliente no encontrado en el maestro SUNAT (001_TBL_CLIENTES_B2B) -- no se puede validar SUNAT/Osiptel para este RUC.'],0,
,,,,,BAJO,BAJO,0.3,10.0,False,False,ALERTA — REVISIÓN HUMANA,['Cliente no encontrado en el maestro SUNAT (001_TBL_CLIENTES_B2B) -- no se puede validar SUNAT/Osiptel para este RUC.'],3,Mantener ciclo de facturación estándar; sin acción de cobranza adicional.
,,,,,SIN_HISTORIAL_DE_FACTURACION,,,,,False,ALERTA — REVISIÓN HUMANA,['Cliente no encontrado en el maestro SUNAT (001_TBL_CLIENTES_B2B) -- no se puede validar SUNAT/Osiptel para este RUC.'],0,
RUC_e9e128c2acaa,CLIENT_00820,LIMA,Lima,El Agustino,BAJO,BAJO,-4.5,-1.0,True,True,OK,[],0,Mantener ciclo de facturación estándar; sin acción de cobranza adicional.
,,,,,SIN_HISTORIAL_DE_FACTURACION,,,,,False,ALERTA — REVISIÓN HUMANA,['Cliente no encontrado en el maestro SUNAT (001_TBL_CLIENTES_B2B) -- no se puede validar SUNAT/Osiptel para este RUC.'],0,
RUC_81b69dd4acac,CLIENT_00286,UCAYALI,Coronel Portillo,Calleria,BAJO,BAJO,1.0,1.0,False,True,OK,[],0,Mantener ciclo de facturación estándar; sin acción de cobranza adicional.
RUC_9823f8e7bced,CLIENT_00537,LIMA,Lima,Ate,ALTO,BAJO,-10.5,-7.0,False,True,ALERTA — REVISIÓN HUMANA,['SUNAT_ESTADO_CONTRIBUYENTE=BAJA DE OFICIO (no ACTIVO)'],0,Mantener ciclo de facturación estándar; sin acción de cobranza adicional.
RUC_83c181146b3b,CLIENT_00298,AREQUIPA,Arequipa,Arequipa,SIN_HISTORIAL_DE_FACTURACION,,,,,True,OK,[],0,
RUC_75c8777c26ea,CLIENT_00939,JUNIN,Tarma,Tarma,SIN_HISTORIAL_DE_FACTURACION,,,,,True,OK,[],0,
RUC_34f8bb27a7f9,CLIENT_00304,LIMA,Lima,Surquillo,ALTO,BAJO,-11.0,-10.0,False,True,ALERTA — REVISIÓN HUMANA,['SUNAT_ESTADO_CONTRIBUYENTE=BAJA DE OFICIO (no ACTIVO)'],0,Mantener ciclo de facturación estándar; sin acción de cobranza adicional.
,,,,,SIN_HISTORIAL_DE_FACTURACION,,,,,False,ALERTA — REVISIÓN HUMANA,['Cliente no encontrado en el maestro SUNAT (001_TBL_CLIENTES_B2B) -- no se puede validar SUNAT/Osiptel para este RUC.'],0,
,,,,,SIN_HISTORIAL_DE_FACTURACION,,,,,False,ALERTA — REVISIÓN HUMANA,['Cliente no encontrado en el maestro SUNAT (001_TBL_CLIENTES_B2B) -- no se puede validar SUNAT/Osiptel para este RUC.'],0,
,,,,,SIN_HISTORIAL_DE_FACTURACION,,,,,False,ALERTA — REVISIÓN HUMANA,['Cliente no encontrado en el maestro SUNAT (001_TBL_CLIENTES_B2B) -- no se puede validar SUNAT/Osiptel para este RUC.'],0,
,,,,,BAJO,BAJO,-1.2,9.0,False,False,ALERTA — REVISIÓN HUMANA,['Cliente no encontrado en el maestro SUNAT (001_TBL_CLIENTES_B2B) -- no se puede validar SUNAT/Osiptel para este RUC.'],2,Mantener ciclo de facturación estándar; sin acción de cobranza adicional.
,,,,,SIN_HISTORIAL_DE_FACTURACION,,,,,False,ALERTA — REVISIÓN HUMANA,['Cliente no encontrado en el maestro SUNAT (001_TBL_CLIENTES_B2B) -- no se puede validar SUNAT/Osiptel para este RUC.'],0,
,,,,,BAJO,BAJO,-10.5,-4.0,False,False,ALERTA — REVISIÓN HUMANA,['Cliente no encontrado en el maestro SUNAT (001_TBL_CLIENTES_B2B) -- no se puede validar SUNAT/Osiptel para este RUC.'],0,Mantener ciclo de facturación estándar; sin acción de cobranza adicional.
RUC_6b8a7c8edc42,CLIENT_00157,UCAYALI,Coronel Portillo,Calleria,SIN_HISTORIAL_DE_FACTURACION,,,,,True,OK,[],0,
,,,,,SIN_HISTORIAL_DE_FACTURACION,,,,,False,ALERTA — REVISIÓN HUMANA,['Cliente no encontrado en el maestro SUNAT (001_TBL_CLIENTES_B2B) -- no se puede validar SUNAT/Osiptel para este RUC.'],0,
,,,,,SIN_HISTORIAL_DE_FACTURACION,,,,,False,ALERTA — REVISIÓN HUMANA,['Cliente no encontrado en el maestro SUNAT (001_TBL_CLIENTES_B2B) -- no se puede validar SUNAT/Osiptel para este RUC.'],0,
,,,,,SIN_HISTORIAL_DE_FACTURACION,,,,,False,ALERTA — REVISIÓN HUMANA,['Cliente no encontrado en el maestro SUNAT (001_TBL_CLIENTES_B2B) -- no se puede validar SUNAT/Osiptel para este RUC.'],0,
RUC_9368acf1c482,CLIENT_00266,LIMA,Lima,Lurigancho,SIN_HISTORIAL_DE_FACTURACION,,,,,True,OK,[],0,
,,,,,BAJO,BAJO,2.0,21.0,False,False,ALERTA — REVISIÓN HUMANA,['Cliente no encontrado en el maestro SUNAT (001_TBL_CLIENTES_B2B) -- no se puede validar SUNAT/Osiptel para este RUC.'],1,Mantener ciclo de facturación estándar; sin acción de cobranza adicional.
,,,,,SIN_HISTORIAL_DE_FACTURACION,,,,,False,ALERTA — REVISIÓN HUMANA,['Cliente no encontrado en el maestro SUNAT (001_TBL_CLIENTES_B2B) -- no se puede validar SUNAT/Osiptel para este RUC.'],0,
,,,,,SIN_HISTORIAL_DE_FACTURACION,,,,,False,ALERTA — REVISIÓN HUMANA,['Cliente no encontrado en el maestro SUNAT (001_TBL_CLIENTES_B2B) -- no se puede validar SUNAT/Osiptel para este RUC.'],0,
,,,,,BAJO,BAJO,-6.5,7.0,False,False,ALERTA — REVISIÓN HUMANA,['Cliente no encontrado en el maestro SUNAT (001_TBL_CLIENTES_B2B) -- no se puede validar SUNAT/Osiptel para este RUC.'],2,Mantener ciclo de facturación estándar; sin acción de cobranza adicional.
RUC_371c77cbb207,CLIENT_00003,LIMA,Lima,Ate,SIN_HISTORIAL_DE_FACTURACION,,,,,True,OK,[],0,
,,,,,SIN_HISTORIAL_DE_FACTURACION,,,,,False,ALERTA — REVISIÓN HUMANA,['Cliente no encontrado en el maestro SUNAT (001_TBL_CLIENTES_B2B) -- no se puede validar SUNAT/Osiptel para este RUC.'],0,
,,,,,SIN_HISTORIAL_DE_FACTURACION,,,,,False,ALERTA — REVISIÓN HUMANA,['Cliente no encontrado en el maestro SUNAT (001_TBL_CLIENTES_B2B) -- no se puede validar SUNAT/Osiptel para este RUC.'],0,
,,,,,MEDIO,MEDIO,11.3,30.0,False,False,ALERTA — REVISIÓN HUMANA,['Cliente no encontrado en el maestro SUNAT (001_TBL_CLIENTES_B2B) -- no se puede validar SUNAT/Osiptel para este RUC.'],1,Recordatorio automático 5 días antes del vencimiento por correo/WhatsApp; sin escalamiento humano todavía.
,,,,,MEDIO,MEDIO,9.2,23.0,False,False,ALERTA — REVISIÓN HUMANA,['Cliente no encontrado en el maestro SUNAT (001_TBL_CLIENTES_B2B) -- no se puede validar SUNAT/Osiptel para este RUC.'],0,Recordatorio automático 5 días antes del vencimiento por correo/WhatsApp; sin escalamiento humano todavía.
,,,,,SIN_HISTORIAL_DE_FACTURACION,,,,,False,ALERTA — REVISIÓN HUMANA,['Cliente no encontrado en el maestro SUNAT (001_TBL_CLIENTES_B2B) -- no se puede validar SUNAT/Osiptel para este RUC.'],0,
,,,,,SIN_HISTORIAL_DE_FACTURACION,,,,,False,ALERTA — REVISIÓN HUMANA,['Cliente no encontrado en el maestro SUNAT (001_TBL_CLIENTES_B2B) -- no se puede validar SUNAT/Osiptel para este RUC.'],0,
RUC_6aaf39136f51,CLIENT_00756,LIMA,Lima,San Isidro,SIN_HISTORIAL_DE_FACTURACION,,,,,True,OK,[],0,
RUC_b00b571419f4,CLIENT_00909,LIMA,Lima,Jesús María,SIN_HISTORIAL_DE_FACTURACION,,,,,True,OK,[],0,
,,,,,SIN_HISTORIAL_DE_FACTURACION,,,,,False,ALERTA — REVISIÓN HUMANA,['Cliente no encontrado en el maestro SUNAT (001_TBL_CLIENTES_B2B) -- no se puede validar SUNAT/Osiptel para este RUC.'],0,
,,,,,SIN_HISTORIAL_DE_FACTURACION,,,,,False,ALERTA — REVISIÓN HUMANA,['Cliente no encontrado en el maestro SUNAT (001_TBL_CLIENTES_B2B) -- no se puede validar SUNAT/Osiptel para este RUC.'],0,
,,,,,SIN_HISTORIAL_DE_FACTURACION,,,,,False,ALERTA — REVISIÓN HUMANA,['Cliente no encontrado en el maestro SUNAT (001_TBL_CLIENTES_B2B) -- no se puede validar SUNAT/Osiptel para este RUC.'],0,
,,,,,SIN_HISTORIAL_DE_FACTURACION,,,,,False,ALERTA — REVISIÓN HUMANA,['Cliente no encontrado en el maestro SUNAT (001_TBL_CLIENTES_B2B) -- no se puede validar SUNAT/Osiptel para este RUC.'],0,
,,,,,SIN_HISTORIAL_DE_FACTURACION,,,,,False,ALERTA — REVISIÓN HUMANA,['Cliente no encontrado en el maestro SUNAT (001_TBL_CLIENTES_B2B) -- no se puede validar SUNAT/Osiptel para este RUC.'],0,
RUC_4d2db5df5f1d,CLIENT_00492,PIURA,Piura,Piura,ALTO,,,,,True,ALERTA — REVISIÓN HUMANA,['SUNAT_ESTADO_CONTRIBUYENTE=BAJA DE OFICIO (no ACTIVO)'],0,
,,,,,SIN_HISTORIAL_DE_FACTURACION,,,,,False,ALERTA — REVISIÓN HUMANA,['Cliente no encontrado en el maestro SUNAT (001_TBL_CLIENTES_B2B) -- no se puede validar SUNAT/Osiptel para este RUC.'],0,
,,,,,SIN_HISTORIAL_DE_FACTURACION,,,,,False,ALERTA — REVISIÓN HUMANA,['Cliente no encontrado en el maestro SUNAT (001_TBL_CLIENTES_B2B) -- no se puede validar SUNAT/Osiptel para este RUC.'],0,
,,,,,SIN_HISTORIAL_DE_FACTURACION,,,,,False,ALERTA — REVISIÓN HUMANA,['Cliente no encontrado en el maestro SUNAT (001_TBL_CLIENTES_B2B) -- no se puede validar SUNAT/Osiptel para este RUC.'],0,
,,,,,SIN_HISTORIAL_DE_FACTURACION,,,,,False,ALERTA — REVISIÓN HUMANA,['Cliente no encontrado en el maestro SUNAT (001_TBL_CLIENTES_B2B) -- no se puede validar SUNAT/Osiptel para este RUC.'],0,
RUC_a302a9e88cd6,CLIENT_00569,LIMA,Lima,Ate,BAJO,BAJO,-11.0,-4.0,False,True,OK,[],0,Mantener ciclo de facturación estándar; sin acción de cobranza adicional.
,,,,,SIN_HISTORIAL_DE_FACTURACION,,,,,False,ALERTA — REVISIÓN HUMANA,['Cliente no encontrado en el maestro SUNAT (001_TBL_CLIENTES_B2B) -- no se puede validar SUNAT/Osiptel para este RUC.'],0,
,,,,,BAJO,BAJO,-5.0,-2.0,True,False,ALERTA — REVISIÓN HUMANA,['Cliente no encontrado en el maestro SUNAT (001_TBL_CLIENTES_B2B) -- no se puede validar SUNAT/Osiptel para este RUC.'],0,Mantener ciclo de facturación estándar; sin acción de cobranza adicional.
,,,,,BAJO,BAJO,-5.9,-3.0,True,False,ALERTA — REVISIÓN HUMANA,['Cliente no encontrado en el maestro SUNAT (001_TBL_CLIENTES_B2B) -- no se puede validar SUNAT/Osiptel para este RUC.'],0,Mantener ciclo de facturación estándar; sin acción de cobranza adicional.
,,,,,SIN_HISTORIAL_DE_FACTURACION,,,,,False,ALERTA — REVISIÓN HUMANA,['Cliente no encontrado en el maestro SUNAT (001_TBL_CLIENTES_B2B) -- no se puede validar SUNAT/Osiptel para este RUC.'],0,
,,,,,BAJO,BAJO,-8.0,-5.0,True,False,ALERTA — REVISIÓN HUMANA,['Cliente no encontrado en el maestro SUNAT (001_TBL_CLIENTES_B2B) -- no se puede validar SUNAT/Osiptel para este RUC.'],0,Mantener ciclo de facturación estándar; sin acción de cobranza adicional.
,,,,,SIN_HISTORIAL_DE_FACTURACION,,,,,False,ALERTA — REVISIÓN HUMANA,['Cliente no encontrado en el maestro SUNAT (001_TBL_CLIENTES_B2B) -- no se puede validar SUNAT/Osiptel para este RUC.'],0,
,,,,,SIN_HISTORIAL_DE_FACTURACION,,,,,False,ALERTA — REVISIÓN HUMANA,['Cliente no encontrado en el maestro SUNAT (001_TBL_CLIENTES_B2B) -- no se puede validar SUNAT/Osiptel para este RUC.'],0,
,,,,,SIN_HISTORIAL_DE_FACTURACION,,,,,False,ALERTA — REVISIÓN HUMANA,['Cliente no encontrado en el maestro SUNAT (001_TBL_CLIENTES_B2B) -- no se puede validar SUNAT/Osiptel para este RUC.'],0,
,,,,,SIN_HISTORIAL_DE_FACTURACION,,,,,False,ALERTA — REVISIÓN HUMANA,['Cliente no encontrado en el maestro SUNAT (001_TBL_CLIENTES_B2B) -- no se puede validar SUNAT/Osiptel para este RUC.'],0,
,,,,,SIN_HISTORIAL_DE_FACTURACION,,,,,False,ALERTA — REVISIÓN HUMANA,['Cliente no encontrado en el maestro SUNAT (001_TBL_CLIENTES_B2B) -- no se puede validar SUNAT/Osiptel para este RUC.'],0,
,,,,,SIN_HISTORIAL_DE_FACTURACION,,,,,False,ALERTA — REVISIÓN HUMANA,['Cliente no encontrado en el maestro SUNAT (001_TBL_CLIENTES_B2B) -- no se puede validar SUNAT/Osiptel para este RUC.'],0,
RUC_478ab649b951,CLIENT_00238,LIMA,Lima,Santiago de Surco,MEDIO,MEDIO,6.0,21.0,False,True,OK,[],1,Recordatorio automático 5 días antes del vencimiento por correo/WhatsApp; sin escalamiento humano todavía.
,,,,,SIN_HISTORIAL_DE_FACTURACION,,,,,False,ALERTA — REVISIÓN HUMANA,['Cliente no encontrado en el maestro SUNAT (001_TBL_CLIENTES_B2B) -- no se puede validar SUNAT/Osiptel para este RUC.'],0,
,,,,,BAJO,BAJO,4.5,16.0,False,False,ALERTA — REVISIÓN HUMANA,['Cliente no encontrado en el maestro SUNAT (001_TBL_CLIENTES_B2B) -- no se puede validar SUNAT/Osiptel para este RUC.'],1,Mantener ciclo de facturación estándar; sin acción de cobranza adicional.
,,,,,SIN_HISTORIAL_DE_FACTURACION,,,,,False,ALERTA — REVISIÓN HUMANA,['Cliente no encontrado en el maestro SUNAT (001_TBL_CLIENTES_B2B) -- no se puede validar SUNAT/Osiptel para este RUC.'],0,
,,,,,SIN_HISTORIAL_DE_FACTURACION,,,,,False,ALERTA — REVISIÓN HUMANA,['Cliente no encontrado en el maestro SUNAT (001_TBL_CLIENTES_B2B) -- no se puede validar SUNAT/Osiptel para este RUC.'],0,
RUC_7fcf7a687fdf,CLIENT_00698,JUNIN,Huancayo,El Tambo,MEDIO,MEDIO,11.0,12.0,False,True,OK,[],0,Recordatorio automático 5 días antes del vencimiento por correo/WhatsApp; sin escalamiento humano todavía.
RUC_b07ce0f2ee21,CLIENT_00132,LA LIBERTAD,Trujillo,Trujillo,BAJO,BAJO,3.0,5.0,False,True,OK,[],0,Mantener ciclo de facturación estándar; sin acción de cobranza adicional.
RUC_7fd14397f8b6,CLIENT_00232,LIMA,Lima,Santiago de Surco,SIN_HISTORIAL_DE_FACTURACION,,,,,True,OK,[],0,
,,,,,BAJO,BAJO,2.5,3.0,False,False,ALERTA — REVISIÓN HUMANA,['Cliente no encontrado en el maestro SUNAT (001_TBL_CLIENTES_B2B) -- no se puede validar SUNAT/Osiptel para este RUC.'],1,Mantener ciclo de facturación estándar; sin acción de cobranza adicional.
,,,,,SIN_HISTORIAL_DE_FACTURACION,,,,,False,ALERTA — REVISIÓN HUMANA,['Cliente no encontrado en el maestro SUNAT (001_TBL_CLIENTES_B2B) -- no se puede validar SUNAT/Osiptel para este RUC.'],0,
RUC_81d4fcb2d51a,CLIENT_00509,LIMA,Lima,Lima,SIN_HISTORIAL_DE_FACTURACION,,,,,True,OK,[],0,
,,,,,SIN_HISTORIAL_DE_FACTURACION,,,,,False,ALERTA — REVISIÓN HUMANA,['Cliente no encontrado en el maestro SUNAT (001_TBL_CLIENTES_B2B) -- no se puede validar SUNAT/Osiptel para este RUC.'],0,
,,,,,SIN_HISTORIAL_DE_FACTURACION,,,,,False,ALERTA — REVISIÓN HUMANA,['Cliente no encontrado en el maestro SUNAT (001_TBL_CLIENTES_B2B) -- no se puede validar SUNAT/Osiptel para este RUC.'],0,
,,,,,SIN_HISTORIAL_DE_FACTURACION,,,,,False,ALERTA — REVISIÓN HUMANA,['Cliente no encontrado en el maestro SUNAT (001_TBL_CLIENTES_B2B) -- no se puede validar SUNAT/Osiptel para este RUC.'],0,
RUC_bcdd72f03db0,CLIENT_00727,LA LIBERTAD,Trujillo,Trujillo,SIN_HISTORIAL_DE_FACTURACION,,,,,True,OK,[],0,
,,,,,SIN_HISTORIAL_DE_FACTURACION,,,,,False,ALERTA — REVISIÓN HUMANA,['Cliente no encontrado en el maestro SUNAT (001_TBL_CLIENTES_B2B) -- no se puede validar SUNAT/Osiptel para este RUC.'],0,
,,,,,SIN_HISTORIAL_DE_FACTURACION,,,,,False,ALERTA — REVISIÓN HUMANA,['Cliente no encontrado en el maestro SUNAT (001_TBL_CLIENTES_B2B) -- no se puede validar SUNAT/Osiptel para este RUC.'],0,
RUC_bf62287b61cf,CLIENT_00511,LIMA,Lima,San Juan de Lurigancho,SIN_HISTORIAL_DE_FACTURACION,,,,,True,OK,[],0,
,,,,,SIN_HISTORIAL_DE_FACTURACION,,,,,False,ALERTA — REVISIÓN HUMANA,['Cliente no encontrado en el maestro SUNAT (001_TBL_CLIENTES_B2B) -- no se puede validar SUNAT/Osiptel para este RUC.'],0,
,,,,,BAJO,BAJO,3.8,25.0,False,False,ALERTA — REVISIÓN HUMANA,['Cliente no encontrado en el maestro SUNAT (001_TBL_CLIENTES_B2B) -- no se puede validar SUNAT/Osiptel para este RUC.'],2,Mantener ciclo de facturación estándar; sin acción de cobranza adicional.
,,,,,SIN_HISTORIAL_DE_FACTURACION,,,,,False,ALERTA — REVISIÓN HUMANA,['Cliente no encontrado en el maestro SUNAT (001_TBL_CLIENTES_B2B) -- no se puede validar SUNAT/Osiptel para este RUC.'],0,
RUC_62e52dcb3e95,CLIENT_00124,LIMA,Lima,Villa El Salvador,SIN_HISTORIAL_DE_FACTURACION,,,,,True,OK,[],0,
,,,,,SIN_HISTORIAL_DE_FACTURACION,,,,,False,ALERTA — REVISIÓN HUMANA,['Cliente no encontrado en el maestro SUNAT (001_TBL_CLIENTES_B2B) -- no se puede validar SUNAT/Osiptel para este RUC.'],0,
RUC_1dd820318c97,CLIENT_00315,AREQUIPA,Arequipa,Cerro Colorado,SIN_HISTORIAL_DE_FACTURACION,,,,,True,OK,[],0,
,,,,,SIN_HISTORIAL_DE_FACTURACION,,,,,False,ALERTA — REVISIÓN HUMANA,['Cliente no encontrado en el maestro SUNAT (001_TBL_CLIENTES_B2B) -- no se puede validar SUNAT/Osiptel para este RUC.'],0,
RUC_6f88f5cb46df,CLIENT_00335,CALLAO,Prov. Const. del Callao,Callao,ALTO,,,,,True,ALERTA — REVISIÓN HUMANA,"['SUNAT_ESTADO_RUC=NO HABIDO (no HABIDO)', 'SUNAT_ESTADO_CONTRIBUYENTE=BAJA DE OFICIO (no ACTIVO)']",0,
,,,,,SIN_HISTORIAL_DE_FACTURACION,,,,,False,ALERTA — REVISIÓN HUMANA,['Cliente no encontrado en el maestro SUNAT (001_TBL_CLIENTES_B2B) -- no se puede validar SUNAT/Osiptel para este RUC.'],0,
,,,,,MEDIO,MEDIO,6.0,7.0,False,False,ALERTA — REVISIÓN HUMANA,['Cliente no encontrado en el maestro SUNAT (001_TBL_CLIENTES_B2B) -- no se puede validar SUNAT/Osiptel para este RUC.'],1,Recordatorio automático 5 días antes del vencimiento por correo/WhatsApp; sin escalamiento humano todavía.
RUC_fed34b9bcc43,CLIENT_00963,LIMA,Lima,Villa María del Triunfo,SIN_HISTORIAL_DE_FACTURACION,,,,,True,OK,[],0,
RUC_ca9fa6c47d2f,CLIENT_00714,LIMA,Lima,Miraflores,ALTO,ALTO,17.4,38.0,False,True,OK,[],1,Contacto proactivo antes del vencimiento + oferta de plan de pago fraccionado; escalar a gestor de cuenta senior.
RUC_24e62f31eee8,CLIENT_00504,LIMA,Lima,Lima,SIN_HISTORIAL_DE_FACTURACION,,,,,True,OK,[],0,
,,,,,SIN_HISTORIAL_DE_FACTURACION,,,,,False,ALERTA — REVISIÓN HUMANA,['Cliente no encontrado en el maestro SUNAT (001_TBL_CLIENTES_B2B) -- no se puede validar SUNAT/Osiptel para este RUC.'],0,
,,,,,BAJO,BAJO,-5.9,-3.0,False,False,ALERTA — REVISIÓN HUMANA,['Cliente no encontrado en el maestro SUNAT (001_TBL_CLIENTES_B2B) -- no se puede validar SUNAT/Osiptel para este RUC.'],0,Mantener ciclo de facturación estándar; sin acción de cobranza adicional.
,,,,,SIN_HISTORIAL_DE_FACTURACION,,,,,False,ALERTA — REVISIÓN HUMANA,['Cliente no encontrado en el maestro SUNAT (001_TBL_CLIENTES_B2B) -- no se puede validar SUNAT/Osiptel para este RUC.'],0,
,,,,,SIN_HISTORIAL_DE_FACTURACION,,,,,False,ALERTA — REVISIÓN HUMANA,['Cliente no encontrado en el maestro SUNAT (001_TBL_CLIENTES_B2B) -- no se puede validar SUNAT/Osiptel para este RUC.'],0,
,,,,,SIN_HISTORIAL_DE_FACTURACION,,,,,False,ALERTA — REVISIÓN HUMANA,['Cliente no encontrado en el maestro SUNAT (001_TBL_CLIENTES_B2B) -- no se puede validar SUNAT/Osiptel para este RUC.'],0,
,,,,,SIN_HISTORIAL_DE_FACTURACION,,,,,False,ALERTA — REVISIÓN HUMANA,['Cliente no encontrado en el maestro SUNAT (001_TBL_CLIENTES_B2B) -- no se puede validar SUNAT/Osiptel para este RUC.'],0,
,,,,,SIN_HISTORIAL_DE_FACTURACION,,,,,False,ALERTA — REVISIÓN HUMANA,['Cliente no encontrado en el maestro SUNAT (001_TBL_CLIENTES_B2B) -- no se puede validar SUNAT/Osiptel para este RUC.'],0,
,,,,,SIN_HISTORIAL_DE_FACTURACION,,,,,False,ALERTA — REVISIÓN HUMANA,['Cliente no encontrado en el maestro SUNAT (001_TBL_CLIENTES_B2B) -- no se puede validar SUNAT/Osiptel para este RUC.'],0,
RUC_fb99fe7093f3,CLIENT_00853,ANCASH,Santa,Chimbote,SIN_HISTORIAL_DE_FACTURACION,,,,,True,OK,[],0,
RUC_212a9d935629,CLIENT_00412,SAN MARTIN,San Martín,Tarapoto,SIN_HISTORIAL_DE_FACTURACION,,,,,True,OK,[],0,
RUC_0272d7041d98,CLIENT_00984,LIMA,Lima,Surquillo,SIN_HISTORIAL_DE_FACTURACION,,,,,True,OK,[],0,
,,,,,SIN_HISTORIAL_DE_FACTURACION,,,,,False,ALERTA — REVISIÓN HUMANA,['Cliente no encontrado en el maestro SUNAT (001_TBL_CLIENTES_B2B) -- no se puede validar SUNAT/Osiptel para este RUC.'],0,
,,,,,SIN_HISTORIAL_DE_FACTURACION,,,,,False,ALERTA — REVISIÓN HUMANA,['Cliente no encontrado en el maestro SUNAT (001_TBL_CLIENTES_B2B) -- no se puede validar SUNAT/Osiptel para este RUC.'],0,
,,,,,SIN_HISTORIAL_DE_FACTURACION,,,,,False,ALERTA — REVISIÓN HUMANA,['Cliente no encontrado en el maestro SUNAT (001_TBL_CLIENTES_B2B) -- no se puede validar SUNAT/Osiptel para este RUC.'],0,
RUC_7f1fc42829ad,CLIENT_00919,LIMA,Lima,La Molina,SIN_HISTORIAL_DE_FACTURACION,,,,,True,OK,[],0,
,,,,,BAJO,BAJO,2.5,3.0,False,False,ALERTA — REVISIÓN HUMANA,['Cliente no encontrado en el maestro SUNAT (001_TBL_CLIENTES_B2B) -- no se puede validar SUNAT/Osiptel para este RUC.'],0,Mantener ciclo de facturación estándar; sin acción de cobranza adicional.
,,,,,SIN_HISTORIAL_DE_FACTURACION,,,,,False,ALERTA — REVISIÓN HUMANA,['Cliente no encontrado en el maestro SUNAT (001_TBL_CLIENTES_B2B) -- no se puede validar SUNAT/Osiptel para este RUC.'],0,
,,,,,SIN_HISTORIAL_DE_FACTURACION,,,,,False,ALERTA — REVISIÓN HUMANA,['Cliente no encontrado en el maestro SUNAT (001_TBL_CLIENTES_B2B) -- no se puede validar SUNAT/Osiptel para este RUC.'],0,
,,,,,SIN_HISTORIAL_DE_FACTURACION,,,,,False,ALERTA — REVISIÓN HUMANA,['Cliente no encontrado en el maestro SUNAT (001_TBL_CLIENTES_B2B) -- no se puede validar SUNAT/Osiptel para este RUC.'],0,
,,,,,SIN_HISTORIAL_DE_FACTURACION,,,,,False,ALERTA — REVISIÓN HUMANA,['Cliente no encontrado en el maestro SUNAT (001_TBL_CLIENTES_B2B) -- no se puede validar SUNAT/Osiptel para este RUC.'],0,
RUC_188a78a3723b,CLIENT_00367,AREQUIPA,Islay,Mollendo,BAJO,BAJO,-3.8,3.0,False,True,OK,[],0,Mantener ciclo de facturación estándar; sin acción de cobranza adicional.
,,,,,SIN_HISTORIAL_DE_FACTURACION,,,,,False,ALERTA — REVISIÓN HUMANA,['Cliente no encontrado en el maestro SUNAT (001_TBL_CLIENTES_B2B) -- no se puede validar SUNAT/Osiptel para este RUC.'],0,
,,,,,SIN_HISTORIAL_DE_FACTURACION,,,,,False,ALERTA — REVISIÓN HUMANA,['Cliente no encontrado en el maestro SUNAT (001_TBL_CLIENTES_B2B) -- no se puede validar SUNAT/Osiptel para este RUC.'],0,
RUC_914aeca00508,CLIENT_00912,ANCASH,Casma,Casma,SIN_HISTORIAL_DE_FACTURACION,,,,,True,OK,[],0,
,,,,,BAJO,BAJO,-5.5,0.0,False,False,ALERTA — REVISIÓN HUMANA,['Cliente no encontrado en el maestro SUNAT (001_TBL_CLIENTES_B2B) -- no se puede validar SUNAT/Osiptel para este RUC.'],0,Mantener ciclo de facturación estándar; sin acción de cobranza adicional.
RUC_7ee5a8a7e2af,CLIENT_00075,LA LIBERTAD,Trujillo,Trujillo,BAJO,BAJO,1.8,3.0,False,True,OK,[],0,Mantener ciclo de facturación estándar; sin acción de cobranza adicional.
,,,,,SIN_HISTORIAL_DE_FACTURACION,,,,,False,ALERTA — REVISIÓN HUMANA,['Cliente no encontrado en el maestro SUNAT (001_TBL_CLIENTES_B2B) -- no se puede validar SUNAT/Osiptel para este RUC.'],0,
RUC_791dd7e1d9fb,CLIENT_00095,LIMA,Lima,Villa El Salvador,SIN_HISTORIAL_DE_FACTURACION,,,,,True,OK,[],0,
,,,,,SIN_HISTORIAL_DE_FACTURACION,,,,,False,ALERTA — REVISIÓN HUMANA,['Cliente no encontrado en el maestro SUNAT (001_TBL_CLIENTES_B2B) -- no se puede validar SUNAT/Osiptel para este RUC.'],0,
,,,,,SIN_HISTORIAL_DE_FACTURACION,,,,,False,ALERTA — REVISIÓN HUMANA,['Cliente no encontrado en el maestro SUNAT (001_TBL_CLIENTES_B2B) -- no se puede validar SUNAT/Osiptel para este RUC.'],0,
RUC_c20455659ebc,CLIENT_00267,LIMA,Lima,Ate,SIN_HISTORIAL_DE_FACTURACION,,,,,True,OK,[],0,
,,,,,SIN_HISTORIAL_DE_FACTURACION,,,,,False,ALERTA — REVISIÓN HUMANA,['Cliente no encontrado en el maestro SUNAT (001_TBL_CLIENTES_B2B) -- no se puede validar SUNAT/Osiptel para este RUC.'],0,
RUC_b09032ab5bfb,CLIENT_00130,CALLAO,Prov. Const. del Callao,Ventanilla,SIN_HISTORIAL_DE_FACTURACION,,,,,True,OK,[],0,
,,,,,BAJO,BAJO,0.5,1.0,True,False,ALERTA — REVISIÓN HUMANA,['Cliente no encontrado en el maestro SUNAT (001_TBL_CLIENTES_B2B) -- no se puede validar SUNAT/Osiptel para este RUC.'],0,Mantener ciclo de facturación estándar; sin acción de cobranza adicional.
RUC_79a55bd0c161,CLIENT_00590,LIMA,Lima,San Juan de Miraflores,BAJO,BAJO,-4.0,-4.0,False,True,OK,[],0,Mantener ciclo de facturación estándar; sin acción de cobranza adicional.
,,,,,SIN_HISTORIAL_DE_FACTURACION,,,,,False,ALERTA — REVISIÓN HUMANA,['Cliente no encontrado en el maestro SUNAT (001_TBL_CLIENTES_B2B) -- no se puede validar SUNAT/Osiptel para este RUC.'],0,
,,,,,SIN_HISTORIAL_DE_FACTURACION,,,,,False,ALERTA — REVISIÓN HUMANA,['Cliente no encontrado en el maestro SUNAT (001_TBL_CLIENTES_B2B) -- no se puede validar SUNAT/Osiptel para este RUC.'],0,
,,,,,SIN_HISTORIAL_DE_FACTURACION,,,,,False,ALERTA — REVISIÓN HUMANA,['Cliente no encontrado en el maestro SUNAT (001_TBL_CLIENTES_B2B) -- no se puede validar SUNAT/Osiptel para este RUC.'],0,
RUC_e6a3d9adf832,CLIENT_00057,LIMA,Lima,Magdalena del Mar,SIN_HISTORIAL_DE_FACTURACION,,,,,True,OK,[],0,
,,,,,SIN_HISTORIAL_DE_FACTURACION,,,,,False,ALERTA — REVISIÓN HUMANA,['Cliente no encontrado en el maestro SUNAT (001_TBL_CLIENTES_B2B) -- no se puede validar SUNAT/Osiptel para este RUC.'],0,
,,,,,SIN_HISTORIAL_DE_FACTURACION,,,,,False,ALERTA — REVISIÓN HUMANA,['Cliente no encontrado en el maestro SUNAT (001_TBL_CLIENTES_B2B) -- no se puede validar SUNAT/Osiptel para este RUC.'],0,
,,,,,SIN_HISTORIAL_DE_FACTURACION,,,,,False,ALERTA — REVISIÓN HUMANA,['Cliente no encontrado en el maestro SUNAT (001_TBL_CLIENTES_B2B) -- no se puede validar SUNAT/Osiptel para este RUC.'],0,
,,,,,SIN_HISTORIAL_DE_FACTURACION,,,,,False,ALERTA — REVISIÓN HUMANA,['Cliente no encontrado en el maestro SUNAT (001_TBL_CLIENTES_B2B) -- no se puede validar SUNAT/Osiptel para este RUC.'],0,
RUC_536bf24e55f3,CLIENT_00466,PIURA,Piura,Piura,BAJO,BAJO,-2.5,6.0,False,True,OK,[],0,Mantener ciclo de facturación estándar; sin acción de cobranza adicional.
,,,,,SIN_HISTORIAL_DE_FACTURACION,,,,,False,ALERTA — REVISIÓN HUMANA,['Cliente no encontrado en el maestro SUNAT (001_TBL_CLIENTES_B2B) -- no se puede validar SUNAT/Osiptel para este RUC.'],0,
,,,,,SIN_HISTORIAL_DE_FACTURACION,,,,,False,ALERTA — REVISIÓN HUMANA,['Cliente no encontrado en el maestro SUNAT (001_TBL_CLIENTES_B2B) -- no se puede validar SUNAT/Osiptel para este RUC.'],0,
,,,,,SIN_HISTORIAL_DE_FACTURACION,,,,,False,ALERTA — REVISIÓN HUMANA,['Cliente no encontrado en el maestro SUNAT (001_TBL_CLIENTES_B2B) -- no se puede validar SUNAT/Osiptel para este RUC.'],0,
RUC_2c354a22cb10,CLIENT_00401,LIMA,Lima,Ate,BAJO,BAJO,1.5,13.0,False,True,OK,[],0,Mantener ciclo de facturación estándar; sin acción de cobranza adicional.
,,,,,SIN_HISTORIAL_DE_FACTURACION,,,,,False,ALERTA — REVISIÓN HUMANA,['Cliente no encontrado en el maestro SUNAT (001_TBL_CLIENTES_B2B) -- no se puede validar SUNAT/Osiptel para este RUC.'],0,
RUC_96d258f3a327,CLIENT_00216,CAJAMARCA,Cajamarca,Cajamarca,BAJO,BAJO,0.0,0.0,False,True,OK,[],0,Mantener ciclo de facturación estándar; sin acción de cobranza adicional.
RUC_b09ad7ed9349,CLIENT_00430,JUNIN,Huancayo,El Tambo,BAJO,BAJO,-5.0,-3.0,False,True,OK,[],0,Mantener ciclo de facturación estándar; sin acción de cobranza adicional.
,,,,,SIN_HISTORIAL_DE_FACTURACION,,,,,False,ALERTA — REVISIÓN HUMANA,['Cliente no encontrado en el maestro SUNAT (001_TBL_CLIENTES_B2B) -- no se puede validar SUNAT/Osiptel para este RUC.'],0,
,,,,,SIN_HISTORIAL_DE_FACTURACION,,,,,False,ALERTA — REVISIÓN HUMANA,['Cliente no encontrado en el maestro SUNAT (001_TBL_CLIENTES_B2B) -- no se puede validar SUNAT/Osiptel para este RUC.'],0,
,,,,,SIN_HISTORIAL_DE_FACTURACION,,,,,False,ALERTA — REVISIÓN HUMANA,['Cliente no encontrado en el maestro SUNAT (001_TBL_CLIENTES_B2B) -- no se puede validar SUNAT/Osiptel para este RUC.'],0,
,,,,,SIN_HISTORIAL_DE_FACTURACION,,,,,False,ALERTA — REVISIÓN HUMANA,['Cliente no encontrado en el maestro SUNAT (001_TBL_CLIENTES_B2B) -- no se puede validar SUNAT/Osiptel para este RUC.'],0,
,,,,,SIN_HISTORIAL_DE_FACTURACION,,,,,False,ALERTA — REVISIÓN HUMANA,['Cliente no encontrado en el maestro SUNAT (001_TBL_CLIENTES_B2B) -- no se puede validar SUNAT/Osiptel para este RUC.'],0,
RUC_3a83d2fe0e61,CLIENT_00930,LIMA,Lima,Santiago de Surco,ALTO,ALTO,374.0,374.0,False,True,OK,[],1,Contacto proactivo antes del vencimiento + oferta de plan de pago fraccionado; escalar a gestor de cuenta senior.
,,,,,SIN_HISTORIAL_DE_FACTURACION,,,,,False,ALERTA — REVISIÓN HUMANA,['Cliente no encontrado en el maestro SUNAT (001_TBL_CLIENTES_B2B) -- no se puede validar SUNAT/Osiptel para este RUC.'],0,
,,,,,SIN_HISTORIAL_DE_FACTURACION,,,,,False,ALERTA — REVISIÓN HUMANA,['Cliente no encontrado en el maestro SUNAT (001_TBL_CLIENTES_B2B) -- no se puede validar SUNAT/Osiptel para este RUC.'],0,
,,,,,SIN_HISTORIAL_DE_FACTURACION,,,,,False,ALERTA — REVISIÓN HUMANA,['Cliente no encontrado en el maestro SUNAT (001_TBL_CLIENTES_B2B) -- no se puede validar SUNAT/Osiptel para este RUC.'],0,
,,,,,SIN_HISTORIAL_DE_FACTURACION,,,,,False,ALERTA — REVISIÓN HUMANA,['Cliente no encontrado en el maestro SUNAT (001_TBL_CLIENTES_B2B) -- no se puede validar SUNAT/Osiptel para este RUC.'],0,
RUC_7837324cac04,CLIENT_00100,PUNO,San Román,Juliaca,ALTO,ALTO,11.0,13.0,True,True,OK,[],0,Contacto proactivo antes del vencimiento + oferta de plan de pago fraccionado; escalar a gestor de cuenta senior.
RUC_523d9c30c89e,CLIENT_00317,LIMA,Lima,Lima,BAJO,BAJO,-13.0,-13.0,False,True,OK,[],0,Mantener ciclo de facturación estándar; sin acción de cobranza adicional.
RUC_87e5eeb442cb,CLIENT_00916,LIMA,Lima,San Isidro,BAJO,BAJO,-3.5,1.0,False,True,OK,[],0,Mantener ciclo de facturación estándar; sin acción de cobranza adicional.
,,,,,SIN_HISTORIAL_DE_FACTURACION,,,,,False,ALERTA — REVISIÓN HUMANA,['Cliente no encontrado en el maestro SUNAT (001_TBL_CLIENTES_B2B) -- no se puede validar SUNAT/Osiptel para este RUC.'],0,
,,,,,SIN_HISTORIAL_DE_FACTURACION,,,,,False,ALERTA — REVISIÓN HUMANA,['Cliente no encontrado en el maestro SUNAT (001_TBL_CLIENTES_B2B) -- no se puede validar SUNAT/Osiptel para este RUC.'],0,
RUC_260d1598c66f,CLIENT_00858,LIMA,Lima,Miraflores,ALTO,ALTO,19.0,19.0,False,True,ALERTA — REVISIÓN HUMANA,['SUNAT_ESTADO_CONTRIBUYENTE=BAJA DE OFICIO (no ACTIVO)'],1,Contacto proactivo antes del vencimiento + oferta de plan de pago fraccionado; escalar a gestor de cuenta senior.
,,,,,SIN_HISTORIAL_DE_FACTURACION,,,,,False,ALERTA — REVISIÓN HUMANA,['Cliente no encontrado en el maestro SUNAT (001_TBL_CLIENTES_B2B) -- no se puede validar SUNAT/Osiptel para este RUC.'],0,
,,,,,BAJO,BAJO,0.8,7.0,False,False,ALERTA — REVISIÓN HUMANA,['Cliente no encontrado en el maestro SUNAT (001_TBL_CLIENTES_B2B) -- no se puede validar SUNAT/Osiptel para este RUC.'],0,Mantener ciclo de facturación estándar; sin acción de cobranza adicional.
RUC_4d8b36f11cfa,CLIENT_00028,LIMA,Lima,Lurigancho,BAJO,BAJO,-2.5,4.0,False,True,OK,[],0,Mantener ciclo de facturación estándar; sin acción de cobranza adicional.
,,,,,SIN_HISTORIAL_DE_FACTURACION,,,,,False,ALERTA — REVISIÓN HUMANA,['Cliente no encontrado en el maestro SUNAT (001_TBL_CLIENTES_B2B) -- no se puede validar SUNAT/Osiptel para este RUC.'],0,
,,,,,BAJO,BAJO,4.5,5.0,False,False,ALERTA — REVISIÓN HUMANA,['Cliente no encontrado en el maestro SUNAT (001_TBL_CLIENTES_B2B) -- no se puede validar SUNAT/Osiptel para este RUC.'],1,Mantener ciclo de facturación estándar; sin acción de cobranza adicional.
,,,,,BAJO,BAJO,2.5,4.0,True,False,ALERTA — REVISIÓN HUMANA,['Cliente no encontrado en el maestro SUNAT (001_TBL_CLIENTES_B2B) -- no se puede validar SUNAT/Osiptel para este RUC.'],0,Mantener ciclo de facturación estándar; sin acción de cobranza adicional.
,,,,,SIN_HISTORIAL_DE_FACTURACION,,,,,False,ALERTA — REVISIÓN HUMANA,['Cliente no encontrado en el maestro SUNAT (001_TBL_CLIENTES_B2B) -- no se puede validar SUNAT/Osiptel para este RUC.'],0,
RUC_79366282b2a3,CLIENT_00981,LIMA,Lima,Magdalena del Mar,SIN_HISTORIAL_DE_FACTURACION,,,,,True,OK,[],0,
RUC_6e91c2310c6c,CLIENT_00626,LA LIBERTAD,Trujillo,Victor Larco Herrera,MEDIO,MEDIO,15.0,15.0,False,True,OK,[],1,Recordatorio automático 5 días antes del vencimiento por correo/WhatsApp; sin escalamiento humano todavía.
,,,,,SIN_HISTORIAL_DE_FACTURACION,,,,,False,ALERTA — REVISIÓN HUMANA,['Cliente no encontrado en el maestro SUNAT (001_TBL_CLIENTES_B2B) -- no se puede validar SUNAT/Osiptel para este RUC.'],0,
,,,,,SIN_HISTORIAL_DE_FACTURACION,,,,,False,ALERTA — REVISIÓN HUMANA,['Cliente no encontrado en el maestro SUNAT (001_TBL_CLIENTES_B2B) -- no se puede validar SUNAT/Osiptel para este RUC.'],0,
,,,,,SIN_HISTORIAL_DE_FACTURACION,,,,,False,ALERTA — REVISIÓN HUMANA,['Cliente no encontrado en el maestro SUNAT (001_TBL_CLIENTES_B2B) -- no se puede validar SUNAT/Osiptel para este RUC.'],0,
,,,,,SIN_HISTORIAL_DE_FACTURACION,,,,,False,ALERTA — REVISIÓN HUMANA,['Cliente no encontrado en el maestro SUNAT (001_TBL_CLIENTES_B2B) -- no se puede validar SUNAT/Osiptel para este RUC.'],0,
,,,,,SIN_HISTORIAL_DE_FACTURACION,,,,,False,ALERTA — REVISIÓN HUMANA,['Cliente no encontrado en el maestro SUNAT (001_TBL_CLIENTES_B2B) -- no se puede validar SUNAT/Osiptel para este RUC.'],0,
,,,,,MEDIO,MEDIO,7.7,18.0,False,False,ALERTA — REVISIÓN HUMANA,['Cliente no encontrado en el maestro SUNAT (001_TBL_CLIENTES_B2B) -- no se puede validar SUNAT/Osiptel para este RUC.'],2,Recordatorio automático 5 días antes del vencimiento por correo/WhatsApp; sin escalamiento humano todavía.
,,,,,SIN_HISTORIAL_DE_FACTURACION,,,,,False,ALERTA — REVISIÓN HUMANA,['Cliente no encontrado en el maestro SUNAT (001_TBL_CLIENTES_B2B) -- no se puede validar SUNAT/Osiptel para este RUC.'],0,
,,,,,SIN_HISTORIAL_DE_FACTURACION,,,,,False,ALERTA — REVISIÓN HUMANA,['Cliente no encontrado en el maestro SUNAT (001_TBL_CLIENTES_B2B) -- no se puede validar SUNAT/Osiptel para este RUC.'],0,
,,,,,SIN_HISTORIAL_DE_FACTURACION,,,,,False,ALERTA — REVISIÓN HUMANA,['Cliente no encontrado en el maestro SUNAT (001_TBL_CLIENTES_B2B) -- no se puede validar SUNAT/Osiptel para este RUC.'],0,
,,,,,BAJO,BAJO,2.0,3.0,True,False,ALERTA — REVISIÓN HUMANA,['Cliente no encontrado en el maestro SUNAT (001_TBL_CLIENTES_B2B) -- no se puede validar SUNAT/Osiptel para este RUC.'],0,Mantener ciclo de facturación estándar; sin acción de cobranza adicional.
RUC_bdd668c7d24f,CLIENT_00122,LORETO,Maynas,Punchana,BAJO,BAJO,-1.0,6.0,False,True,OK,[],0,Mantener ciclo de facturación estándar; sin acción de cobranza adicional.
RUC_0cd60d079b30,CLIENT_00408,LIMA,Lima,Ancón,SIN_HISTORIAL_DE_FACTURACION,,,,,True,OK,[],0,
,,,,,SIN_HISTORIAL_DE_FACTURACION,,,,,False,ALERTA — REVISIÓN HUMANA,['Cliente no encontrado en el maestro SUNAT (001_TBL_CLIENTES_B2B) -- no se puede validar SUNAT/Osiptel para este RUC.'],0,
,,,,,SIN_HISTORIAL_DE_FACTURACION,,,,,False,ALERTA — REVISIÓN HUMANA,['Cliente no encontrado en el maestro SUNAT (001_TBL_CLIENTES_B2B) -- no se puede validar SUNAT/Osiptel para este RUC.'],0,
RUC_c804b204bf51,CLIENT_00836,CALLAO,Prov. Const. del Callao,Callao,SIN_HISTORIAL_DE_FACTURACION,,,,,True,OK,[],0,
RUC_69542de1e580,CLIENT_00755,LIMA,Lima,San Miguel,SIN_HISTORIAL_DE_FACTURACION,,,,,True,OK,[],0,
,,,,,SIN_HISTORIAL_DE_FACTURACION,,,,,False,ALERTA — REVISIÓN HUMANA,['Cliente no encontrado en el maestro SUNAT (001_TBL_CLIENTES_B2B) -- no se puede validar SUNAT/Osiptel para este RUC.'],0,
,,,,,SIN_HISTORIAL_DE_FACTURACION,,,,,False,ALERTA — REVISIÓN HUMANA,['Cliente no encontrado en el maestro SUNAT (001_TBL_CLIENTES_B2B) -- no se puede validar SUNAT/Osiptel para este RUC.'],0,
RUC_3966d4596d37,CLIENT_00355,LA LIBERTAD,Pacasmayo,Pacasmayo,BAJO,BAJO,-18.7,1.0,False,True,OK,[],2,Mantener ciclo de facturación estándar; sin acción de cobranza adicional.
,,,,,SIN_HISTORIAL_DE_FACTURACION,,,,,False,ALERTA — REVISIÓN HUMANA,['Cliente no encontrado en el maestro SUNAT (001_TBL_CLIENTES_B2B) -- no se puede validar SUNAT/Osiptel para este RUC.'],0,
,,,,,MEDIO,MEDIO,6.5,22.0,False,False,ALERTA — REVISIÓN HUMANA,['Cliente no encontrado en el maestro SUNAT (001_TBL_CLIENTES_B2B) -- no se puede validar SUNAT/Osiptel para este RUC.'],2,Recordatorio automático 5 días antes del vencimiento por correo/WhatsApp; sin escalamiento humano todavía.
,,,,,BAJO,BAJO,-10.0,-9.0,False,False,ALERTA — REVISIÓN HUMANA,['Cliente no encontrado en el maestro SUNAT (001_TBL_CLIENTES_B2B) -- no se puede validar SUNAT/Osiptel para este RUC.'],0,Mantener ciclo de facturación estándar; sin acción de cobranza adicional.
RUC_6771f4b3bbfd,CLIENT_00533,LIMA,Lima,Chorrillos,SIN_HISTORIAL_DE_FACTURACION,,,,,True,OK,[],0,
,,,,,SIN_HISTORIAL_DE_FACTURACION,,,,,False,ALERTA — REVISIÓN HUMANA,['Cliente no encontrado en el maestro SUNAT (001_TBL_CLIENTES_B2B) -- no se puede validar SUNAT/Osiptel para este RUC.'],0,
,,,,,SIN_HISTORIAL_DE_FACTURACION,,,,,False,ALERTA — REVISIÓN HUMANA,['Cliente no encontrado en el maestro SUNAT (001_TBL_CLIENTES_B2B) -- no se puede validar SUNAT/Osiptel para este RUC.'],0,
,,,,,SIN_HISTORIAL_DE_FACTURACION,,,,,False,ALERTA — REVISIÓN HUMANA,['Cliente no encontrado en el maestro SUNAT (001_TBL_CLIENTES_B2B) -- no se puede validar SUNAT/Osiptel para este RUC.'],0,
,,,,,MEDIO,MEDIO,5.7,42.0,False,False,ALERTA — REVISIÓN HUMANA,['Cliente no encontrado en el maestro SUNAT (001_TBL_CLIENTES_B2B) -- no se puede validar SUNAT/Osiptel para este RUC.'],3,Recordatorio automático 5 días antes del vencimiento por correo/WhatsApp; sin escalamiento humano todavía.
,,,,,SIN_HISTORIAL_DE_FACTURACION,,,,,False,ALERTA — REVISIÓN HUMANA,['Cliente no encontrado en el maestro SUNAT (001_TBL_CLIENTES_B2B) -- no se puede validar SUNAT/Osiptel para este RUC.'],0,
,,,,,SIN_HISTORIAL_DE_FACTURACION,,,,,False,ALERTA — REVISIÓN HUMANA,['Cliente no encontrado en el maestro SUNAT (001_TBL_CLIENTES_B2B) -- no se puede validar SUNAT/Osiptel para este RUC.'],0,
,,,,,SIN_HISTORIAL_DE_FACTURACION,,,,,False,ALERTA — REVISIÓN HUMANA,['Cliente no encontrado en el maestro SUNAT (001_TBL_CLIENTES_B2B) -- no se puede validar SUNAT/Osiptel para este RUC.'],0,
RUC_cf2a646324e6,CLIENT_00163,LIMA,Lima,San Borja,SIN_HISTORIAL_DE_FACTURACION,,,,,True,OK,[],0,
,,,,,SIN_HISTORIAL_DE_FACTURACION,,,,,False,ALERTA — REVISIÓN HUMANA,['Cliente no encontrado en el maestro SUNAT (001_TBL_CLIENTES_B2B) -- no se puede validar SUNAT/Osiptel para este RUC.'],0,
,,,,,SIN_HISTORIAL_DE_FACTURACION,,,,,False,ALERTA — REVISIÓN HUMANA,['Cliente no encontrado en el maestro SUNAT (001_TBL_CLIENTES_B2B) -- no se puede validar SUNAT/Osiptel para este RUC.'],0,
,,,,,SIN_HISTORIAL_DE_FACTURACION,,,,,False,ALERTA — REVISIÓN HUMANA,['Cliente no encontrado en el maestro SUNAT (001_TBL_CLIENTES_B2B) -- no se puede validar SUNAT/Osiptel para este RUC.'],0,
,,,,,SIN_HISTORIAL_DE_FACTURACION,,,,,False,ALERTA — REVISIÓN HUMANA,['Cliente no encontrado en el maestro SUNAT (001_TBL_CLIENTES_B2B) -- no se puede validar SUNAT/Osiptel para este RUC.'],0,
,,,,,SIN_HISTORIAL_DE_FACTURACION,,,,,False,ALERTA — REVISIÓN HUMANA,['Cliente no encontrado en el maestro SUNAT (001_TBL_CLIENTES_B2B) -- no se puede validar SUNAT/Osiptel para este RUC.'],0,
RUC_81dd9b3f6c67,CLIENT_00857,LIMA,Lima,San Isidro,BAJO,BAJO,-30.0,-30.0,False,True,OK,[],1,Mantener ciclo de facturación estándar; sin acción de cobranza adicional.
RUC_0bd52d66895c,CLIENT_00343,LIMA,Lima,Independencia,MEDIO,MEDIO,7.2,46.0,False,True,OK,[],3,Recordatorio automático 5 días antes del vencimiento por correo/WhatsApp; sin escalamiento humano todavía.
RUC_c54a87d808be,CLIENT_00141,LIMA,Lima,Miraflores,SIN_HISTORIAL_DE_FACTURACION,,,,,True,OK,[],0,
,,,,,SIN_HISTORIAL_DE_FACTURACION,,,,,False,ALERTA — REVISIÓN HUMANA,['Cliente no encontrado en el maestro SUNAT (001_TBL_CLIENTES_B2B) -- no se puede validar SUNAT/Osiptel para este RUC.'],0,
RUC_a097ea5ffb5d,CLIENT_00805,LIMA,Lima,Comas,BAJO,BAJO,4.0,4.0,False,True,OK,[],0,Mantener ciclo de facturación estándar; sin acción de cobranza adicional.
,,,,,SIN_HISTORIAL_DE_FACTURACION,,,,,False,ALERTA — REVISIÓN HUMANA,['Cliente no encontrado en el maestro SUNAT (001_TBL_CLIENTES_B2B) -- no se puede validar SUNAT/Osiptel para este RUC.'],0,
,,,,,BAJO,BAJO,0.5,1.0,True,False,ALERTA — REVISIÓN HUMANA,['Cliente no encontrado en el maestro SUNAT (001_TBL_CLIENTES_B2B) -- no se puede validar SUNAT/Osiptel para este RUC.'],0,Mantener ciclo de facturación estándar; sin acción de cobranza adicional.
RUC_033b3e1f1842,CLIENT_00081,LIMA,Lima,Miraflores,SIN_HISTORIAL_DE_FACTURACION,,,,,True,OK,[],0,
RUC_d2a196900704,CLIENT_00133,LIMA,Lima,Chorrillos,SIN_HISTORIAL_DE_FACTURACION,,,,,True,OK,[],0,
RUC_17073f5c5a64,CLIENT_00683,LIMA,Lima,Lima,SIN_HISTORIAL_DE_FACTURACION,,,,,True,OK,[],0,
,,,,,MEDIO,MEDIO,11.0,23.0,False,False,ALERTA — REVISIÓN HUMANA,['Cliente no encontrado en el maestro SUNAT (001_TBL_CLIENTES_B2B) -- no se puede validar SUNAT/Osiptel para este RUC.'],0,Recordatorio automático 5 días antes del vencimiento por correo/WhatsApp; sin escalamiento humano todavía.
,,,,,BAJO,BAJO,1.0,2.0,True,False,ALERTA — REVISIÓN HUMANA,['Cliente no encontrado en el maestro SUNAT (001_TBL_CLIENTES_B2B) -- no se puede validar SUNAT/Osiptel para este RUC.'],0,Mantener ciclo de facturación estándar; sin acción de cobranza adicional.
RUC_7f8f23dddcd3,CLIENT_00798,JUNIN,Huancayo,El Tambo,BAJO,BAJO,2.3,3.0,False,True,OK,[],0,Mantener ciclo de facturación estándar; sin acción de cobranza adicional.
RUC_b21bd605a5b8,CLIENT_00862,LIMA,Lima,Chorrillos,BAJO,BAJO,-4.5,-1.0,True,True,OK,[],0,Mantener ciclo de facturación estándar; sin acción de cobranza adicional.
RUC_5fbbfce386ff,CLIENT_00026,LIMA,Lima,Miraflores,BAJO,BAJO,-8.8,-6.0,False,True,OK,[],0,Mantener ciclo de facturación estándar; sin acción de cobranza adicional.
,,,,,SIN_HISTORIAL_DE_FACTURACION,,,,,False,ALERTA — REVISIÓN HUMANA,['Cliente no encontrado en el maestro SUNAT (001_TBL_CLIENTES_B2B) -- no se puede validar SUNAT/Osiptel para este RUC.'],0,
RUC_37123d0e191d,CLIENT_00383,LIMA,Lima,San Miguel,SIN_HISTORIAL_DE_FACTURACION,,,,,True,OK,[],0,
RUC_60aeb495169a,CLIENT_00481,JUNIN,Huancayo,Chilca,ALTO,,,,,True,ALERTA — REVISIÓN HUMANA,['Todas sus líneas (fija/móvil) están inactivas o suspendidas'],0,
,,,,,SIN_HISTORIAL_DE_FACTURACION,,,,,False,ALERTA — REVISIÓN HUMANA,['Cliente no encontrado en el maestro SUNAT (001_TBL_CLIENTES_B2B) -- no se puede validar SUNAT/Osiptel para este RUC.'],0,
,,,,,SIN_HISTORIAL_DE_FACTURACION,,,,,False,ALERTA — REVISIÓN HUMANA,['Cliente no encontrado en el maestro SUNAT (001_TBL_CLIENTES_B2B) -- no se puede validar SUNAT/Osiptel para este RUC.'],0,
,,,,,SIN_HISTORIAL_DE_FACTURACION,,,,,False,ALERTA — REVISIÓN HUMANA,['Cliente no encontrado en el maestro SUNAT (001_TBL_CLIENTES_B2B) -- no se puede validar SUNAT/Osiptel para este RUC.'],0,
RUC_9bef1ecda06d,CLIENT_00851,LIMA,Lima,Comas,BAJO,BAJO,2.0,2.0,False,True,OK,[],0,Mantener ciclo de facturación estándar; sin acción de cobranza adicional.
,,,,,BAJO,BAJO,-1.5,0.0,False,False,ALERTA — REVISIÓN HUMANA,['Cliente no encontrado en el maestro SUNAT (001_TBL_CLIENTES_B2B) -- no se puede validar SUNAT/Osiptel para este RUC.'],0,Mantener ciclo de facturación estándar; sin acción de cobranza adicional.
RUC_61311fded256,CLIENT_00204,LIMA,Lima,San Isidro,BAJO,BAJO,3.8,21.0,False,True,OK,[],5,Mantener ciclo de facturación estándar; sin acción de cobranza adicional.
,,,,,SIN_HISTORIAL_DE_FACTURACION,,,,,False,ALERTA — REVISIÓN HUMANA,['Cliente no encontrado en el maestro SUNAT (001_TBL_CLIENTES_B2B) -- no se puede validar SUNAT/Osiptel para este RUC.'],0,
,,,,,SIN_HISTORIAL_DE_FACTURACION,,,,,False,ALERTA — REVISIÓN HUMANA,['Cliente no encontrado en el maestro SUNAT (001_TBL_CLIENTES_B2B) -- no se puede validar SUNAT/Osiptel para este RUC.'],0,
,,,,,SIN_HISTORIAL_DE_FACTURACION,,,,,False,ALERTA — REVISIÓN HUMANA,['Cliente no encontrado en el maestro SUNAT (001_TBL_CLIENTES_B2B) -- no se puede validar SUNAT/Osiptel para este RUC.'],0,
,,,,,SIN_HISTORIAL_DE_FACTURACION,,,,,False,ALERTA — REVISIÓN HUMANA,['Cliente no encontrado en el maestro SUNAT (001_TBL_CLIENTES_B2B) -- no se puede validar SUNAT/Osiptel para este RUC.'],0,
,,,,,SIN_HISTORIAL_DE_FACTURACION,,,,,False,ALERTA — REVISIÓN HUMANA,['Cliente no encontrado en el maestro SUNAT (001_TBL_CLIENTES_B2B) -- no se puede validar SUNAT/Osiptel para este RUC.'],0,
RUC_def7c3cd2143,CLIENT_00631,LIMA,Lima,Comas,ALTO,ALTO,1099.5,1115.0,False,True,ALERTA — REVISIÓN HUMANA,['Todas sus líneas (fija/móvil) están inactivas o suspendidas'],2,Contacto proactivo antes del vencimiento + oferta de plan de pago fraccionado; escalar a gestor de cuenta senior.
RUC_0f5080021e26,CLIENT_00821,LIMA,Lima,Santiago de Surco,BAJO,BAJO,0.4,34.0,False,True,OK,[],4,Mantener ciclo de facturación estándar; sin acción de cobranza adicional.
RUC_245803f8ebbe,CLIENT_00053,CUSCO,Cusco,Cusco,MEDIO,MEDIO,10.1,94.0,False,True,OK,[],2,Recordatorio automático 5 días antes del vencimiento por correo/WhatsApp; sin escalamiento humano todavía.
,,,,,SIN_HISTORIAL_DE_FACTURACION,,,,,False,ALERTA — REVISIÓN HUMANA,['Cliente no encontrado en el maestro SUNAT (001_TBL_CLIENTES_B2B) -- no se puede validar SUNAT/Osiptel para este RUC.'],0,
,,,,,BAJO,BAJO,-11.0,-9.0,False,False,ALERTA — REVISIÓN HUMANA,['Cliente no encontrado en el maestro SUNAT (001_TBL_CLIENTES_B2B) -- no se puede validar SUNAT/Osiptel para este RUC.'],0,Mantener ciclo de facturación estándar; sin acción de cobranza adicional.
,,,,,SIN_HISTORIAL_DE_FACTURACION,,,,,False,ALERTA — REVISIÓN HUMANA,['Cliente no encontrado en el maestro SUNAT (001_TBL_CLIENTES_B2B) -- no se puede validar SUNAT/Osiptel para este RUC.'],0,
,,,,,SIN_HISTORIAL_DE_FACTURACION,,,,,False,ALERTA — REVISIÓN HUMANA,['Cliente no encontrado en el maestro SUNAT (001_TBL_CLIENTES_B2B) -- no se puede validar SUNAT/Osiptel para este RUC.'],0,
,,,,,SIN_HISTORIAL_DE_FACTURACION,,,,,False,ALERTA — REVISIÓN HUMANA,['Cliente no encontrado en el maestro SUNAT (001_TBL_CLIENTES_B2B) -- no se puede validar SUNAT/Osiptel para este RUC.'],0,
,,,,,SIN_HISTORIAL_DE_FACTURACION,,,,,False,ALERTA — REVISIÓN HUMANA,['Cliente no encontrado en el maestro SUNAT (001_TBL_CLIENTES_B2B) -- no se puede validar SUNAT/Osiptel para este RUC.'],0,
RUC_2ff16ad47c3e,CLIENT_00341,JUNIN,Huancayo,El Tambo,SIN_HISTORIAL_DE_FACTURACION,,,,,True,OK,[],0,
,,,,,SIN_HISTORIAL_DE_FACTURACION,,,,,False,ALERTA — REVISIÓN HUMANA,['Cliente no encontrado en el maestro SUNAT (001_TBL_CLIENTES_B2B) -- no se puede validar SUNAT/Osiptel para este RUC.'],0,
RUC_3ef29bb7c1af,CLIENT_00476,LIMA,Lima,Santiago de Surco,BAJO,BAJO,3.0,3.0,False,True,OK,[],0,Mantener ciclo de facturación estándar; sin acción de cobranza adicional.
,,,,,SIN_HISTORIAL_DE_FACTURACION,,,,,False,ALERTA — REVISIÓN HUMANA,['Cliente no encontrado en el maestro SUNAT (001_TBL_CLIENTES_B2B) -- no se puede validar SUNAT/Osiptel para este RUC.'],0,
,,,,,SIN_HISTORIAL_DE_FACTURACION,,,,,False,ALERTA — REVISIÓN HUMANA,['Cliente no encontrado en el maestro SUNAT (001_TBL_CLIENTES_B2B) -- no se puede validar SUNAT/Osiptel para este RUC.'],0,
,,,,,SIN_HISTORIAL_DE_FACTURACION,,,,,False,ALERTA — REVISIÓN HUMANA,['Cliente no encontrado en el maestro SUNAT (001_TBL_CLIENTES_B2B) -- no se puede validar SUNAT/Osiptel para este RUC.'],0,
,,,,,MEDIO,MEDIO,11.0,27.0,False,False,ALERTA — REVISIÓN HUMANA,['Cliente no encontrado en el maestro SUNAT (001_TBL_CLIENTES_B2B) -- no se puede validar SUNAT/Osiptel para este RUC.'],1,Recordatorio automático 5 días antes del vencimiento por correo/WhatsApp; sin escalamiento humano todavía.
,,,,,SIN_HISTORIAL_DE_FACTURACION,,,,,False,ALERTA — REVISIÓN HUMANA,['Cliente no encontrado en el maestro SUNAT (001_TBL_CLIENTES_B2B) -- no se puede validar SUNAT/Osiptel para este RUC.'],0,
,,,,,SIN_HISTORIAL_DE_FACTURACION,,,,,False,ALERTA — REVISIÓN HUMANA,['Cliente no encontrado en el maestro SUNAT (001_TBL_CLIENTES_B2B) -- no se puede validar SUNAT/Osiptel para este RUC.'],0,
,,,,,SIN_HISTORIAL_DE_FACTURACION,,,,,False,ALERTA — REVISIÓN HUMANA,['Cliente no encontrado en el maestro SUNAT (001_TBL_CLIENTES_B2B) -- no se puede validar SUNAT/Osiptel para este RUC.'],0,
,,,,,SIN_HISTORIAL_DE_FACTURACION,,,,,False,ALERTA — REVISIÓN HUMANA,['Cliente no encontrado en el maestro SUNAT (001_TBL_CLIENTES_B2B) -- no se puede validar SUNAT/Osiptel para este RUC.'],0,
,,,,,SIN_HISTORIAL_DE_FACTURACION,,,,,False,ALERTA — REVISIÓN HUMANA,['Cliente no encontrado en el maestro SUNAT (001_TBL_CLIENTES_B2B) -- no se puede validar SUNAT/Osiptel para este RUC.'],0,
RUC_a9af6bd1e0cf,CLIENT_00615,LAMBAYEQUE,Chiclayo,Chiclayo,BAJO,BAJO,-13.5,-13.0,True,True,OK,[],0,Mantener ciclo de facturación estándar; sin acción de cobranza adicional.
,,,,,MEDIO,MEDIO,12.6,74.0,False,False,ALERTA — REVISIÓN HUMANA,['Cliente no encontrado en el maestro SUNAT (001_TBL_CLIENTES_B2B) -- no se puede validar SUNAT/Osiptel para este RUC.'],4,Recordatorio automático 5 días antes del vencimiento por correo/WhatsApp; sin escalamiento humano todavía.
,,,,,SIN_HISTORIAL_DE_FACTURACION,,,,,False,ALERTA — REVISIÓN HUMANA,['Cliente no encontrado en el maestro SUNAT (001_TBL_CLIENTES_B2B) -- no se puede validar SUNAT/Osiptel para este RUC.'],0,
RUC_25e9e71740da,CLIENT_00825,LIMA,Lima,San Borja,SIN_HISTORIAL_DE_FACTURACION,,,,,True,OK,[],0,
,,,,,BAJO,BAJO,-0.5,6.0,False,False,ALERTA — REVISIÓN HUMANA,['Cliente no encontrado en el maestro SUNAT (001_TBL_CLIENTES_B2B) -- no se puede validar SUNAT/Osiptel para este RUC.'],1,Mantener ciclo de facturación estándar; sin acción de cobranza adicional.
,,,,,SIN_HISTORIAL_DE_FACTURACION,,,,,False,ALERTA — REVISIÓN HUMANA,['Cliente no encontrado en el maestro SUNAT (001_TBL_CLIENTES_B2B) -- no se puede validar SUNAT/Osiptel para este RUC.'],0,
,,,,,SIN_HISTORIAL_DE_FACTURACION,,,,,False,ALERTA — REVISIÓN HUMANA,['Cliente no encontrado en el maestro SUNAT (001_TBL_CLIENTES_B2B) -- no se puede validar SUNAT/Osiptel para este RUC.'],0,
RUC_5780cc22c839,CLIENT_00206,LIMA,Lima,La Victoria,SIN_HISTORIAL_DE_FACTURACION,,,,,True,OK,[],0,
RUC_ce39486059d7,CLIENT_00671,LIMA,Lima,Lince,BAJO,BAJO,-14.5,-13.0,False,True,OK,[],1,Mantener ciclo de facturación estándar; sin acción de cobranza adicional.
,,,,,SIN_HISTORIAL_DE_FACTURACION,,,,,False,ALERTA — REVISIÓN HUMANA,['Cliente no encontrado en el maestro SUNAT (001_TBL_CLIENTES_B2B) -- no se puede validar SUNAT/Osiptel para este RUC.'],0,
,,,,,SIN_HISTORIAL_DE_FACTURACION,,,,,False,ALERTA — REVISIÓN HUMANA,['Cliente no encontrado en el maestro SUNAT (001_TBL_CLIENTES_B2B) -- no se puede validar SUNAT/Osiptel para este RUC.'],0,
,,,,,SIN_HISTORIAL_DE_FACTURACION,,,,,False,ALERTA — REVISIÓN HUMANA,['Cliente no encontrado en el maestro SUNAT (001_TBL_CLIENTES_B2B) -- no se puede validar SUNAT/Osiptel para este RUC.'],0,
RUC_12fc096a5364,CLIENT_00838,LIMA,Lima,Lima,BAJO,BAJO,-4.0,0.0,False,True,OK,[],1,Mantener ciclo de facturación estándar; sin acción de cobranza adicional.
,,,,,SIN_HISTORIAL_DE_FACTURACION,,,,,False,ALERTA — REVISIÓN HUMANA,['Cliente no encontrado en el maestro SUNAT (001_TBL_CLIENTES_B2B) -- no se puede validar SUNAT/Osiptel para este RUC.'],0,
RUC_3754f915d81d,CLIENT_00874,LIMA,Lima,Independencia,BAJO,BAJO,-12.0,-12.0,False,True,OK,[],0,Mantener ciclo de facturación estándar; sin acción de cobranza adicional.
,,,,,BAJO,BAJO,-8.0,-8.0,False,False,ALERTA — REVISIÓN HUMANA,['Cliente no encontrado en el maestro SUNAT (001_TBL_CLIENTES_B2B) -- no se puede validar SUNAT/Osiptel para este RUC.'],0,Mantener ciclo de facturación estándar; sin acción de cobranza adicional.
RUC_4d89d487b17d,CLIENT_00775,LIMA,Lima,Surquillo,SIN_HISTORIAL_DE_FACTURACION,,,,,True,OK,[],0,
,,,,,SIN_HISTORIAL_DE_FACTURACION,,,,,False,ALERTA — REVISIÓN HUMANA,['Cliente no encontrado en el maestro SUNAT (001_TBL_CLIENTES_B2B) -- no se puede validar SUNAT/Osiptel para este RUC.'],0,
,,,,,BAJO,BAJO,3.8,14.0,False,False,ALERTA — REVISIÓN HUMANA,['Cliente no encontrado en el maestro SUNAT (001_TBL_CLIENTES_B2B) -- no se puede validar SUNAT/Osiptel para este RUC.'],6,Mantener ciclo de facturación estándar; sin acción de cobranza adicional.
RUC_15fa1598fc83,CLIENT_00162,LIMA,Lima,Lince,BAJO,BAJO,-6.5,-1.0,True,True,OK,[],0,Mantener ciclo de facturación estándar; sin acción de cobranza adicional.
,,,,,SIN_HISTORIAL_DE_FACTURACION,,,,,False,ALERTA — REVISIÓN HUMANA,['Cliente no encontrado en el maestro SUNAT (001_TBL_CLIENTES_B2B) -- no se puede validar SUNAT/Osiptel para este RUC.'],0,
,,,,,SIN_HISTORIAL_DE_FACTURACION,,,,,False,ALERTA — REVISIÓN HUMANA,['Cliente no encontrado en el maestro SUNAT (001_TBL_CLIENTES_B2B) -- no se puede validar SUNAT/Osiptel para este RUC.'],0,
,,,,,SIN_HISTORIAL_DE_FACTURACION,,,,,False,ALERTA — REVISIÓN HUMANA,['Cliente no encontrado en el maestro SUNAT (001_TBL_CLIENTES_B2B) -- no se puede validar SUNAT/Osiptel para este RUC.'],0,
,,,,,SIN_HISTORIAL_DE_FACTURACION,,,,,False,ALERTA — REVISIÓN HUMANA,['Cliente no encontrado en el maestro SUNAT (001_TBL_CLIENTES_B2B) -- no se puede validar SUNAT/Osiptel para este RUC.'],0,
,,,,,SIN_HISTORIAL_DE_FACTURACION,,,,,False,ALERTA — REVISIÓN HUMANA,['Cliente no encontrado en el maestro SUNAT (001_TBL_CLIENTES_B2B) -- no se puede validar SUNAT/Osiptel para este RUC.'],0,
,,,,,BAJO,BAJO,-7.7,6.0,False,False,ALERTA — REVISIÓN HUMANA,['Cliente no encontrado en el maestro SUNAT (001_TBL_CLIENTES_B2B) -- no se puede validar SUNAT/Osiptel para este RUC.'],2,Mantener ciclo de facturación estándar; sin acción de cobranza adicional.
,,,,,SIN_HISTORIAL_DE_FACTURACION,,,,,False,ALERTA — REVISIÓN HUMANA,['Cliente no encontrado en el maestro SUNAT (001_TBL_CLIENTES_B2B) -- no se puede validar SUNAT/Osiptel para este RUC.'],0,
,,,,,SIN_HISTORIAL_DE_FACTURACION,,,,,False,ALERTA — REVISIÓN HUMANA,['Cliente no encontrado en el maestro SUNAT (001_TBL_CLIENTES_B2B) -- no se puede validar SUNAT/Osiptel para este RUC.'],0,
RUC_6cf392591171,CLIENT_00905,LIMA,Lima,Santiago de Surco,SIN_HISTORIAL_DE_FACTURACION,,,,,True,OK,[],0,
,,,,,SIN_HISTORIAL_DE_FACTURACION,,,,,False,ALERTA — REVISIÓN HUMANA,['Cliente no encontrado en el maestro SUNAT (001_TBL_CLIENTES_B2B) -- no se puede validar SUNAT/Osiptel para este RUC.'],0,
,,,,,BAJO,BAJO,3.5,4.0,True,False,ALERTA — REVISIÓN HUMANA,['Cliente no encontrado en el maestro SUNAT (001_TBL_CLIENTES_B2B) -- no se puede validar SUNAT/Osiptel para este RUC.'],0,Mantener ciclo de facturación estándar; sin acción de cobranza adicional.
,,,,,SIN_HISTORIAL_DE_FACTURACION,,,,,False,ALERTA — REVISIÓN HUMANA,['Cliente no encontrado en el maestro SUNAT (001_TBL_CLIENTES_B2B) -- no se puede validar SUNAT/Osiptel para este RUC.'],0,
,,,,,BAJO,BAJO,-7.7,23.0,False,False,ALERTA — REVISIÓN HUMANA,['Cliente no encontrado en el maestro SUNAT (001_TBL_CLIENTES_B2B) -- no se puede validar SUNAT/Osiptel para este RUC.'],3,Mantener ciclo de facturación estándar; sin acción de cobranza adicional.
,,,,,SIN_HISTORIAL_DE_FACTURACION,,,,,False,ALERTA — REVISIÓN HUMANA,['Cliente no encontrado en el maestro SUNAT (001_TBL_CLIENTES_B2B) -- no se puede validar SUNAT/Osiptel para este RUC.'],0,
RUC_ace1bb2ecac6,CLIENT_00177,ICA,Ica,Ica,SIN_HISTORIAL_DE_FACTURACION,,,,,True,OK,[],0,
,,,,,SIN_HISTORIAL_DE_FACTURACION,,,,,False,ALERTA — REVISIÓN HUMANA,['Cliente no encontrado en el maestro SUNAT (001_TBL_CLIENTES_B2B) -- no se puede validar SUNAT/Osiptel para este RUC.'],0,
,,,,,BAJO,BAJO,-8.0,-3.0,False,False,ALERTA — REVISIÓN HUMANA,['Cliente no encontrado en el maestro SUNAT (001_TBL_CLIENTES_B2B) -- no se puede validar SUNAT/Osiptel para este RUC.'],0,Mantener ciclo de facturación estándar; sin acción de cobranza adicional.
,,,,,SIN_HISTORIAL_DE_FACTURACION,,,,,False,ALERTA — REVISIÓN HUMANA,['Cliente no encontrado en el maestro SUNAT (001_TBL_CLIENTES_B2B) -- no se puede validar SUNAT/Osiptel para este RUC.'],0,
,,,,,SIN_HISTORIAL_DE_FACTURACION,,,,,False,ALERTA — REVISIÓN HUMANA,['Cliente no encontrado en el maestro SUNAT (001_TBL_CLIENTES_B2B) -- no se puede validar SUNAT/Osiptel para este RUC.'],0,
,,,,,SIN_HISTORIAL_DE_FACTURACION,,,,,False,ALERTA — REVISIÓN HUMANA,['Cliente no encontrado en el maestro SUNAT (001_TBL_CLIENTES_B2B) -- no se puede validar SUNAT/Osiptel para este RUC.'],0,
,,,,,BAJO,BAJO,-3.5,-3.0,True,False,ALERTA — REVISIÓN HUMANA,['Cliente no encontrado en el maestro SUNAT (001_TBL_CLIENTES_B2B) -- no se puede validar SUNAT/Osiptel para este RUC.'],0,Mantener ciclo de facturación estándar; sin acción de cobranza adicional.
,,,,,SIN_HISTORIAL_DE_FACTURACION,,,,,False,ALERTA — REVISIÓN HUMANA,['Cliente no encontrado en el maestro SUNAT (001_TBL_CLIENTES_B2B) -- no se puede validar SUNAT/Osiptel para este RUC.'],0,
,,,,,SIN_HISTORIAL_DE_FACTURACION,,,,,False,ALERTA — REVISIÓN HUMANA,['Cliente no encontrado en el maestro SUNAT (001_TBL_CLIENTES_B2B) -- no se puede validar SUNAT/Osiptel para este RUC.'],0,
,,,,,SIN_HISTORIAL_DE_FACTURACION,,,,,False,ALERTA — REVISIÓN HUMANA,['Cliente no encontrado en el maestro SUNAT (001_TBL_CLIENTES_B2B) -- no se puede validar SUNAT/Osiptel para este RUC.'],0,
,,,,,SIN_HISTORIAL_DE_FACTURACION,,,,,False,ALERTA — REVISIÓN HUMANA,['Cliente no encontrado en el maestro SUNAT (001_TBL_CLIENTES_B2B) -- no se puede validar SUNAT/Osiptel para este RUC.'],0,
,,,,,SIN_HISTORIAL_DE_FACTURACION,,,,,False,ALERTA — REVISIÓN HUMANA,['Cliente no encontrado en el maestro SUNAT (001_TBL_CLIENTES_B2B) -- no se puede validar SUNAT/Osiptel para este RUC.'],0,
,,,,,SIN_HISTORIAL_DE_FACTURACION,,,,,False,ALERTA — REVISIÓN HUMANA,['Cliente no encontrado en el maestro SUNAT (001_TBL_CLIENTES_B2B) -- no se puede validar SUNAT/Osiptel para este RUC.'],0,
RUC_edd49c736300,CLIENT_00848,LIMA,Lima,Miraflores,BAJO,BAJO,-14.5,-13.0,False,True,OK,[],0,Mantener ciclo de facturación estándar; sin acción de cobranza adicional.
RUC_9d2b9a904a43,CLIENT_00552,LIMA,Cañete,Mala,BAJO,BAJO,-7.3,-3.0,False,True,OK,[],0,Mantener ciclo de facturación estándar; sin acción de cobranza adicional.
,,,,,BAJO,BAJO,-11.5,-11.0,False,False,ALERTA — REVISIÓN HUMANA,['Cliente no encontrado en el maestro SUNAT (001_TBL_CLIENTES_B2B) -- no se puede validar SUNAT/Osiptel para este RUC.'],0,Mantener ciclo de facturación estándar; sin acción de cobranza adicional.
RUC_5111d7b29c67,CLIENT_00059,LIMA,Lima,Santiago de Surco,SIN_HISTORIAL_DE_FACTURACION,,,,,True,OK,[],0,
RUC_15a39f671a61,CLIENT_00987,CUSCO,Cusco,Cusco,SIN_HISTORIAL_DE_FACTURACION,,,,,True,OK,[],0,
,,,,,SIN_HISTORIAL_DE_FACTURACION,,,,,False,ALERTA — REVISIÓN HUMANA,['Cliente no encontrado en el maestro SUNAT (001_TBL_CLIENTES_B2B) -- no se puede validar SUNAT/Osiptel para este RUC.'],0,
,,,,,SIN_HISTORIAL_DE_FACTURACION,,,,,False,ALERTA — REVISIÓN HUMANA,['Cliente no encontrado en el maestro SUNAT (001_TBL_CLIENTES_B2B) -- no se puede validar SUNAT/Osiptel para este RUC.'],0,
,,,,,SIN_HISTORIAL_DE_FACTURACION,,,,,False,ALERTA — REVISIÓN HUMANA,['Cliente no encontrado en el maestro SUNAT (001_TBL_CLIENTES_B2B) -- no se puede validar SUNAT/Osiptel para este RUC.'],0,
,,,,,SIN_HISTORIAL_DE_FACTURACION,,,,,False,ALERTA — REVISIÓN HUMANA,['Cliente no encontrado en el maestro SUNAT (001_TBL_CLIENTES_B2B) -- no se puede validar SUNAT/Osiptel para este RUC.'],0,
,,,,,BAJO,BAJO,-2.5,7.0,False,False,ALERTA — REVISIÓN HUMANA,['Cliente no encontrado en el maestro SUNAT (001_TBL_CLIENTES_B2B) -- no se puede validar SUNAT/Osiptel para este RUC.'],0,Mantener ciclo de facturación estándar; sin acción de cobranza adicional.
,,,,,SIN_HISTORIAL_DE_FACTURACION,,,,,False,ALERTA — REVISIÓN HUMANA,['Cliente no encontrado en el maestro SUNAT (001_TBL_CLIENTES_B2B) -- no se puede validar SUNAT/Osiptel para este RUC.'],0,
,,,,,BAJO,BAJO,-1.0,0.0,False,False,ALERTA — REVISIÓN HUMANA,['Cliente no encontrado en el maestro SUNAT (001_TBL_CLIENTES_B2B) -- no se puede validar SUNAT/Osiptel para este RUC.'],0,Mantener ciclo de facturación estándar; sin acción de cobranza adicional.
,,,,,SIN_HISTORIAL_DE_FACTURACION,,,,,False,ALERTA — REVISIÓN HUMANA,['Cliente no encontrado en el maestro SUNAT (001_TBL_CLIENTES_B2B) -- no se puede validar SUNAT/Osiptel para este RUC.'],0,
,,,,,SIN_HISTORIAL_DE_FACTURACION,,,,,False,ALERTA — REVISIÓN HUMANA,['Cliente no encontrado en el maestro SUNAT (001_TBL_CLIENTES_B2B) -- no se puede validar SUNAT/Osiptel para este RUC.'],0,
RUC_e337ccc18666,CLIENT_00196,PIURA,Sullana,Bellavista,BAJO,BAJO,2.0,4.0,False,True,OK,[],0,Mantener ciclo de facturación estándar; sin acción de cobranza adicional.
,,,,,SIN_HISTORIAL_DE_FACTURACION,,,,,False,ALERTA — REVISIÓN HUMANA,['Cliente no encontrado en el maestro SUNAT (001_TBL_CLIENTES_B2B) -- no se puede validar SUNAT/Osiptel para este RUC.'],0,
,,,,,SIN_HISTORIAL_DE_FACTURACION,,,,,False,ALERTA — REVISIÓN HUMANA,['Cliente no encontrado en el maestro SUNAT (001_TBL_CLIENTES_B2B) -- no se puede validar SUNAT/Osiptel para este RUC.'],0,
RUC_0f399208de3c,CLIENT_00178,LIMA,Lima,Surquillo,SIN_HISTORIAL_DE_FACTURACION,,,,,True,OK,[],0,
,,,,,SIN_HISTORIAL_DE_FACTURACION,,,,,False,ALERTA — REVISIÓN HUMANA,['Cliente no encontrado en el maestro SUNAT (001_TBL_CLIENTES_B2B) -- no se puede validar SUNAT/Osiptel para este RUC.'],0,
,,,,,SIN_HISTORIAL_DE_FACTURACION,,,,,False,ALERTA — REVISIÓN HUMANA,['Cliente no encontrado en el maestro SUNAT (001_TBL_CLIENTES_B2B) -- no se puede validar SUNAT/Osiptel para este RUC.'],0,
,,,,,SIN_HISTORIAL_DE_FACTURACION,,,,,False,ALERTA — REVISIÓN HUMANA,['Cliente no encontrado en el maestro SUNAT (001_TBL_CLIENTES_B2B) -- no se puede validar SUNAT/Osiptel para este RUC.'],0,
,,,,,SIN_HISTORIAL_DE_FACTURACION,,,,,False,ALERTA — REVISIÓN HUMANA,['Cliente no encontrado en el maestro SUNAT (001_TBL_CLIENTES_B2B) -- no se puede validar SUNAT/Osiptel para este RUC.'],0,
RUC_ed59ee32217f,CLIENT_00463,LIMA,Lima,Los Olivos,BAJO,BAJO,4.7,13.0,False,True,OK,[],2,Mantener ciclo de facturación estándar; sin acción de cobranza adicional.
,,,,,SIN_HISTORIAL_DE_FACTURACION,,,,,False,ALERTA — REVISIÓN HUMANA,['Cliente no encontrado en el maestro SUNAT (001_TBL_CLIENTES_B2B) -- no se puede validar SUNAT/Osiptel para este RUC.'],0,
,,,,,SIN_HISTORIAL_DE_FACTURACION,,,,,False,ALERTA — REVISIÓN HUMANA,['Cliente no encontrado en el maestro SUNAT (001_TBL_CLIENTES_B2B) -- no se puede validar SUNAT/Osiptel para este RUC.'],0,
RUC_2251b7ccca24,CLIENT_00876,CUSCO,Urubamba,Ollantaytambo,SIN_HISTORIAL_DE_FACTURACION,,,,,True,OK,[],0,
,,,,,SIN_HISTORIAL_DE_FACTURACION,,,,,False,ALERTA — REVISIÓN HUMANA,['Cliente no encontrado en el maestro SUNAT (001_TBL_CLIENTES_B2B) -- no se puede validar SUNAT/Osiptel para este RUC.'],0,
RUC_18529e0b2951,CLIENT_00781,LIMA,Lima,La Victoria,BAJO,BAJO,2.5,3.0,True,True,OK,[],0,Mantener ciclo de facturación estándar; sin acción de cobranza adicional.
,,,,,SIN_HISTORIAL_DE_FACTURACION,,,,,False,ALERTA — REVISIÓN HUMANA,['Cliente no encontrado en el maestro SUNAT (001_TBL_CLIENTES_B2B) -- no se puede validar SUNAT/Osiptel para este RUC.'],0,
,,,,,SIN_HISTORIAL_DE_FACTURACION,,,,,False,ALERTA — REVISIÓN HUMANA,['Cliente no encontrado en el maestro SUNAT (001_TBL_CLIENTES_B2B) -- no se puede validar SUNAT/Osiptel para este RUC.'],0,
RUC_5b0913a342d7,CLIENT_00055,CALLAO,Prov. Const. del Callao,Callao,MEDIO,MEDIO,9.0,9.0,False,True,OK,[],0,Recordatorio automático 5 días antes del vencimiento por correo/WhatsApp; sin escalamiento humano todavía.
,,,,,SIN_HISTORIAL_DE_FACTURACION,,,,,False,ALERTA — REVISIÓN HUMANA,['Cliente no encontrado en el maestro SUNAT (001_TBL_CLIENTES_B2B) -- no se puede validar SUNAT/Osiptel para este RUC.'],0,
,,,,,SIN_HISTORIAL_DE_FACTURACION,,,,,False,ALERTA — REVISIÓN HUMANA,['Cliente no encontrado en el maestro SUNAT (001_TBL_CLIENTES_B2B) -- no se puede validar SUNAT/Osiptel para este RUC.'],0,
,,,,,SIN_HISTORIAL_DE_FACTURACION,,,,,False,ALERTA — REVISIÓN HUMANA,['Cliente no encontrado en el maestro SUNAT (001_TBL_CLIENTES_B2B) -- no se puede validar SUNAT/Osiptel para este RUC.'],0,
,,,,,SIN_HISTORIAL_DE_FACTURACION,,,,,False,ALERTA — REVISIÓN HUMANA,['Cliente no encontrado en el maestro SUNAT (001_TBL_CLIENTES_B2B) -- no se puede validar SUNAT/Osiptel para este RUC.'],0,
,,,,,SIN_HISTORIAL_DE_FACTURACION,,,,,False,ALERTA — REVISIÓN HUMANA,['Cliente no encontrado en el maestro SUNAT (001_TBL_CLIENTES_B2B) -- no se puede validar SUNAT/Osiptel para este RUC.'],0,
,,,,,BAJO,BAJO,0.0,0.0,False,False,ALERTA — REVISIÓN HUMANA,['Cliente no encontrado en el maestro SUNAT (001_TBL_CLIENTES_B2B) -- no se puede validar SUNAT/Osiptel para este RUC.'],0,Mantener ciclo de facturación estándar; sin acción de cobranza adicional.
,,,,,SIN_HISTORIAL_DE_FACTURACION,,,,,False,ALERTA — REVISIÓN HUMANA,['Cliente no encontrado en el maestro SUNAT (001_TBL_CLIENTES_B2B) -- no se puede validar SUNAT/Osiptel para este RUC.'],0,
RUC_68e36767a7f8,CLIENT_00450,LA LIBERTAD,Trujillo,Trujillo,SIN_HISTORIAL_DE_FACTURACION,,,,,True,OK,[],0,
,,,,,BAJO,BAJO,-5.4,5.0,False,False,ALERTA — REVISIÓN HUMANA,['Cliente no encontrado en el maestro SUNAT (001_TBL_CLIENTES_B2B) -- no se puede validar SUNAT/Osiptel para este RUC.'],3,Mantener ciclo de facturación estándar; sin acción de cobranza adicional.
,,,,,SIN_HISTORIAL_DE_FACTURACION,,,,,False,ALERTA — REVISIÓN HUMANA,['Cliente no encontrado en el maestro SUNAT (001_TBL_CLIENTES_B2B) -- no se puede validar SUNAT/Osiptel para este RUC.'],0,
,,,,,SIN_HISTORIAL_DE_FACTURACION,,,,,False,ALERTA — REVISIÓN HUMANA,['Cliente no encontrado en el maestro SUNAT (001_TBL_CLIENTES_B2B) -- no se puede validar SUNAT/Osiptel para este RUC.'],0,
RUC_1c61688be698,CLIENT_00470,PIURA,Talara,Pariñas,ALTO,ALTO,24.0,24.0,False,True,OK,[],1,Contacto proactivo antes del vencimiento + oferta de plan de pago fraccionado; escalar a gestor de cuenta senior.
RUC_e7178f95bba8,CLIENT_00484,LIMA,Lima,Miraflores,ALTO,ALTO,16.7,22.0,False,True,OK,[],2,Contacto proactivo antes del vencimiento + oferta de plan de pago fraccionado; escalar a gestor de cuenta senior.
,,,,,SIN_HISTORIAL_DE_FACTURACION,,,,,False,ALERTA — REVISIÓN HUMANA,['Cliente no encontrado en el maestro SUNAT (001_TBL_CLIENTES_B2B) -- no se puede validar SUNAT/Osiptel para este RUC.'],0,
,,,,,SIN_HISTORIAL_DE_FACTURACION,,,,,False,ALERTA — REVISIÓN HUMANA,['Cliente no encontrado en el maestro SUNAT (001_TBL_CLIENTES_B2B) -- no se puede validar SUNAT/Osiptel para este RUC.'],0,
,,,,,BAJO,BAJO,-3.0,0.0,True,False,ALERTA — REVISIÓN HUMANA,['Cliente no encontrado en el maestro SUNAT (001_TBL_CLIENTES_B2B) -- no se puede validar SUNAT/Osiptel para este RUC.'],0,Mantener ciclo de facturación estándar; sin acción de cobranza adicional.
RUC_d948cb79d4cf,CLIENT_00571,LIMA,Lima,Independencia,SIN_HISTORIAL_DE_FACTURACION,,,,,True,OK,[],0,
RUC_0e581cbdda9e,CLIENT_00531,LIMA,Lima,Los Olivos,ALTO,ALTO,18.5,19.0,True,True,OK,[],0,Contacto proactivo antes del vencimiento + oferta de plan de pago fraccionado; escalar a gestor de cuenta senior.
,,,,,SIN_HISTORIAL_DE_FACTURACION,,,,,False,ALERTA — REVISIÓN HUMANA,['Cliente no encontrado en el maestro SUNAT (001_TBL_CLIENTES_B2B) -- no se puede validar SUNAT/Osiptel para este RUC.'],0,
,,,,,SIN_HISTORIAL_DE_FACTURACION,,,,,False,ALERTA — REVISIÓN HUMANA,['Cliente no encontrado en el maestro SUNAT (001_TBL_CLIENTES_B2B) -- no se puede validar SUNAT/Osiptel para este RUC.'],0,
,,,,,SIN_HISTORIAL_DE_FACTURACION,,,,,False,ALERTA — REVISIÓN HUMANA,['Cliente no encontrado en el maestro SUNAT (001_TBL_CLIENTES_B2B) -- no se puede validar SUNAT/Osiptel para este RUC.'],0,
,,,,,MEDIO,MEDIO,8.0,13.0,False,False,ALERTA — REVISIÓN HUMANA,['Cliente no encontrado en el maestro SUNAT (001_TBL_CLIENTES_B2B) -- no se puede validar SUNAT/Osiptel para este RUC.'],2,Recordatorio automático 5 días antes del vencimiento por correo/WhatsApp; sin escalamiento humano todavía.
RUC_06addd70cd40,CLIENT_00248,LIMA,Lima,San Borja,MEDIO,MEDIO,14.0,22.0,False,True,OK,[],1,Recordatorio automático 5 días antes del vencimiento por correo/WhatsApp; sin escalamiento humano todavía.
,,,,,SIN_HISTORIAL_DE_FACTURACION,,,,,False,ALERTA — REVISIÓN HUMANA,['Cliente no encontrado en el maestro SUNAT (001_TBL_CLIENTES_B2B) -- no se puede validar SUNAT/Osiptel para este RUC.'],0,
,,,,,SIN_HISTORIAL_DE_FACTURACION,,,,,False,ALERTA — REVISIÓN HUMANA,['Cliente no encontrado en el maestro SUNAT (001_TBL_CLIENTES_B2B) -- no se puede validar SUNAT/Osiptel para este RUC.'],0,
,,,,,SIN_HISTORIAL_DE_FACTURACION,,,,,False,ALERTA — REVISIÓN HUMANA,['Cliente no encontrado en el maestro SUNAT (001_TBL_CLIENTES_B2B) -- no se puede validar SUNAT/Osiptel para este RUC.'],0,
,,,,,SIN_HISTORIAL_DE_FACTURACION,,,,,False,ALERTA — REVISIÓN HUMANA,['Cliente no encontrado en el maestro SUNAT (001_TBL_CLIENTES_B2B) -- no se puede validar SUNAT/Osiptel para este RUC.'],0,
,,,,,SIN_HISTORIAL_DE_FACTURACION,,,,,False,ALERTA — REVISIÓN HUMANA,['Cliente no encontrado en el maestro SUNAT (001_TBL_CLIENTES_B2B) -- no se puede validar SUNAT/Osiptel para este RUC.'],0,
,,,,,SIN_HISTORIAL_DE_FACTURACION,,,,,False,ALERTA — REVISIÓN HUMANA,['Cliente no encontrado en el maestro SUNAT (001_TBL_CLIENTES_B2B) -- no se puede validar SUNAT/Osiptel para este RUC.'],0,
,,,,,BAJO,BAJO,2.0,3.0,True,False,ALERTA — REVISIÓN HUMANA,['Cliente no encontrado en el maestro SUNAT (001_TBL_CLIENTES_B2B) -- no se puede validar SUNAT/Osiptel para este RUC.'],0,Mantener ciclo de facturación estándar; sin acción de cobranza adicional.
RUC_fe12f9cde5ef,CLIENT_00480,LIMA,Lima,San Borja,ALTO,BAJO,-5.0,-5.0,False,True,ALERTA — REVISIÓN HUMANA,['Todas sus líneas (fija/móvil) están inactivas o suspendidas'],1,Mantener ciclo de facturación estándar; sin acción de cobranza adicional.
,,,,,SIN_HISTORIAL_DE_FACTURACION,,,,,False,ALERTA — REVISIÓN HUMANA,['Cliente no encontrado en el maestro SUNAT (001_TBL_CLIENTES_B2B) -- no se puede validar SUNAT/Osiptel para este RUC.'],0,
RUC_6a732014e02e,CLIENT_00462,LIMA,Lima,Comas,BAJO,BAJO,-7.3,6.0,False,True,OK,[],3,Mantener ciclo de facturación estándar; sin acción de cobranza adicional.
RUC_0b1ff7466128,CLIENT_00656,LIMA,Lima,La Victoria,BAJO,BAJO,2.0,3.0,True,True,OK,[],0,Mantener ciclo de facturación estándar; sin acción de cobranza adicional.
,,,,,SIN_HISTORIAL_DE_FACTURACION,,,,,False,ALERTA — REVISIÓN HUMANA,['Cliente no encontrado en el maestro SUNAT (001_TBL_CLIENTES_B2B) -- no se puede validar SUNAT/Osiptel para este RUC.'],0,
RUC_b415b90bc064,CLIENT_00719,LIMA,Lima,Lima,SIN_HISTORIAL_DE_FACTURACION,,,,,True,OK,[],0,
RUC_e100b4ac4063,CLIENT_00907,PIURA,Paita,Paita,SIN_HISTORIAL_DE_FACTURACION,,,,,True,OK,[],0,
RUC_fd5c1b3b1557,CLIENT_00620,LIMA,Lima,Santiago de Surco,ALTO,,,,,True,ALERTA — REVISIÓN HUMANA,['SUNAT_ESTADO_CONTRIBUYENTE=BAJA DE OFICIO (no ACTIVO)'],0,
,,,,,SIN_HISTORIAL_DE_FACTURACION,,,,,False,ALERTA — REVISIÓN HUMANA,['Cliente no encontrado en el maestro SUNAT (001_TBL_CLIENTES_B2B) -- no se puede validar SUNAT/Osiptel para este RUC.'],0,
,,,,,SIN_HISTORIAL_DE_FACTURACION,,,,,False,ALERTA — REVISIÓN HUMANA,['Cliente no encontrado en el maestro SUNAT (001_TBL_CLIENTES_B2B) -- no se puede validar SUNAT/Osiptel para este RUC.'],0,
,,,,,SIN_HISTORIAL_DE_FACTURACION,,,,,False,ALERTA — REVISIÓN HUMANA,['Cliente no encontrado en el maestro SUNAT (001_TBL_CLIENTES_B2B) -- no se puede validar SUNAT/Osiptel para este RUC.'],0,
,,,,,SIN_HISTORIAL_DE_FACTURACION,,,,,False,ALERTA — REVISIÓN HUMANA,['Cliente no encontrado en el maestro SUNAT (001_TBL_CLIENTES_B2B) -- no se puede validar SUNAT/Osiptel para este RUC.'],0,
,,,,,SIN_HISTORIAL_DE_FACTURACION,,,,,False,ALERTA — REVISIÓN HUMANA,['Cliente no encontrado en el maestro SUNAT (001_TBL_CLIENTES_B2B) -- no se puede validar SUNAT/Osiptel para este RUC.'],0,
,,,,,SIN_HISTORIAL_DE_FACTURACION,,,,,False,ALERTA — REVISIÓN HUMANA,['Cliente no encontrado en el maestro SUNAT (001_TBL_CLIENTES_B2B) -- no se puede validar SUNAT/Osiptel para este RUC.'],0,
,,,,,SIN_HISTORIAL_DE_FACTURACION,,,,,False,ALERTA — REVISIÓN HUMANA,['Cliente no encontrado en el maestro SUNAT (001_TBL_CLIENTES_B2B) -- no se puede validar SUNAT/Osiptel para este RUC.'],0,
,,,,,SIN_HISTORIAL_DE_FACTURACION,,,,,False,ALERTA — REVISIÓN HUMANA,['Cliente no encontrado en el maestro SUNAT (001_TBL_CLIENTES_B2B) -- no se puede validar SUNAT/Osiptel para este RUC.'],0,
RUC_642b384abd17,CLIENT_00664,CAJAMARCA,Chota,Chota,BAJO,BAJO,1.5,2.0,True,True,OK,[],0,Mantener ciclo de facturación estándar; sin acción de cobranza adicional.
,,,,,SIN_HISTORIAL_DE_FACTURACION,,,,,False,ALERTA — REVISIÓN HUMANA,['Cliente no encontrado en el maestro SUNAT (001_TBL_CLIENTES_B2B) -- no se puede validar SUNAT/Osiptel para este RUC.'],0,
,,,,,MEDIO,MEDIO,10.5,19.0,False,False,ALERTA — REVISIÓN HUMANA,['Cliente no encontrado en el maestro SUNAT (001_TBL_CLIENTES_B2B) -- no se puede validar SUNAT/Osiptel para este RUC.'],0,Recordatorio automático 5 días antes del vencimiento por correo/WhatsApp; sin escalamiento humano todavía.
,,,,,SIN_HISTORIAL_DE_FACTURACION,,,,,False,ALERTA — REVISIÓN HUMANA,['Cliente no encontrado en el maestro SUNAT (001_TBL_CLIENTES_B2B) -- no se puede validar SUNAT/Osiptel para este RUC.'],0,
,,,,,SIN_HISTORIAL_DE_FACTURACION,,,,,False,ALERTA — REVISIÓN HUMANA,['Cliente no encontrado en el maestro SUNAT (001_TBL_CLIENTES_B2B) -- no se puede validar SUNAT/Osiptel para este RUC.'],0,
RUC_a7ab68453ded,CLIENT_00508,LIMA,Lima,La Victoria,SIN_HISTORIAL_DE_FACTURACION,,,,,True,OK,[],0,
,,,,,SIN_HISTORIAL_DE_FACTURACION,,,,,False,ALERTA — REVISIÓN HUMANA,['Cliente no encontrado en el maestro SUNAT (001_TBL_CLIENTES_B2B) -- no se puede validar SUNAT/Osiptel para este RUC.'],0,
,,,,,SIN_HISTORIAL_DE_FACTURACION,,,,,False,ALERTA — REVISIÓN HUMANA,['Cliente no encontrado en el maestro SUNAT (001_TBL_CLIENTES_B2B) -- no se puede validar SUNAT/Osiptel para este RUC.'],0,
,,,,,BAJO,BAJO,-0.5,0.0,False,False,ALERTA — REVISIÓN HUMANA,['Cliente no encontrado en el maestro SUNAT (001_TBL_CLIENTES_B2B) -- no se puede validar SUNAT/Osiptel para este RUC.'],0,Mantener ciclo de facturación estándar; sin acción de cobranza adicional.
,,,,,SIN_HISTORIAL_DE_FACTURACION,,,,,False,ALERTA — REVISIÓN HUMANA,['Cliente no encontrado en el maestro SUNAT (001_TBL_CLIENTES_B2B) -- no se puede validar SUNAT/Osiptel para este RUC.'],0,
,,,,,SIN_HISTORIAL_DE_FACTURACION,,,,,False,ALERTA — REVISIÓN HUMANA,['Cliente no encontrado en el maestro SUNAT (001_TBL_CLIENTES_B2B) -- no se puede validar SUNAT/Osiptel para este RUC.'],0,
,,,,,SIN_HISTORIAL_DE_FACTURACION,,,,,False,ALERTA — REVISIÓN HUMANA,['Cliente no encontrado en el maestro SUNAT (001_TBL_CLIENTES_B2B) -- no se puede validar SUNAT/Osiptel para este RUC.'],0,
,,,,,SIN_HISTORIAL_DE_FACTURACION,,,,,False,ALERTA — REVISIÓN HUMANA,['Cliente no encontrado en el maestro SUNAT (001_TBL_CLIENTES_B2B) -- no se puede validar SUNAT/Osiptel para este RUC.'],0,
,,,,,SIN_HISTORIAL_DE_FACTURACION,,,,,False,ALERTA — REVISIÓN HUMANA,['Cliente no encontrado en el maestro SUNAT (001_TBL_CLIENTES_B2B) -- no se puede validar SUNAT/Osiptel para este RUC.'],0,
RUC_a0c92bdec030,CLIENT_00212,LIMA,Lima,Jesús María,SIN_HISTORIAL_DE_FACTURACION,,,,,True,OK,[],0,
,,,,,SIN_HISTORIAL_DE_FACTURACION,,,,,False,ALERTA — REVISIÓN HUMANA,['Cliente no encontrado en el maestro SUNAT (001_TBL_CLIENTES_B2B) -- no se puede validar SUNAT/Osiptel para este RUC.'],0,
,,,,,SIN_HISTORIAL_DE_FACTURACION,,,,,False,ALERTA — REVISIÓN HUMANA,['Cliente no encontrado en el maestro SUNAT (001_TBL_CLIENTES_B2B) -- no se puede validar SUNAT/Osiptel para este RUC.'],0,
,,,,,SIN_HISTORIAL_DE_FACTURACION,,,,,False,ALERTA — REVISIÓN HUMANA,['Cliente no encontrado en el maestro SUNAT (001_TBL_CLIENTES_B2B) -- no se puede validar SUNAT/Osiptel para este RUC.'],0,
RUC_f52d7d45f80d,CLIENT_00483,LIMA,Lima,Los Olivos,ALTO,BAJO,-8.0,-8.0,False,True,ALERTA — REVISIÓN HUMANA,['SUNAT_ESTADO_CONTRIBUYENTE=BAJA PROV. POR OFICI (no ACTIVO)'],0,Mantener ciclo de facturación estándar; sin acción de cobranza adicional.
,,,,,SIN_HISTORIAL_DE_FACTURACION,,,,,False,ALERTA — REVISIÓN HUMANA,['Cliente no encontrado en el maestro SUNAT (001_TBL_CLIENTES_B2B) -- no se puede validar SUNAT/Osiptel para este RUC.'],0,
RUC_46bc58ecf5d1,CLIENT_00513,LIMA,Lima,San Borja,BAJO,BAJO,-1.3,0.0,True,True,OK,[],0,Mantener ciclo de facturación estándar; sin acción de cobranza adicional.
,,,,,SIN_HISTORIAL_DE_FACTURACION,,,,,False,ALERTA — REVISIÓN HUMANA,['Cliente no encontrado en el maestro SUNAT (001_TBL_CLIENTES_B2B) -- no se puede validar SUNAT/Osiptel para este RUC.'],0,
,,,,,SIN_HISTORIAL_DE_FACTURACION,,,,,False,ALERTA — REVISIÓN HUMANA,['Cliente no encontrado en el maestro SUNAT (001_TBL_CLIENTES_B2B) -- no se puede validar SUNAT/Osiptel para este RUC.'],0,
,,,,,BAJO,BAJO,0.5,2.0,True,False,ALERTA — REVISIÓN HUMANA,['Cliente no encontrado en el maestro SUNAT (001_TBL_CLIENTES_B2B) -- no se puede validar SUNAT/Osiptel para este RUC.'],0,Mantener ciclo de facturación estándar; sin acción de cobranza adicional.
,,,,,SIN_HISTORIAL_DE_FACTURACION,,,,,False,ALERTA — REVISIÓN HUMANA,['Cliente no encontrado en el maestro SUNAT (001_TBL_CLIENTES_B2B) -- no se puede validar SUNAT/Osiptel para este RUC.'],0,
RUC_04ea9c9cff92,CLIENT_00583,LIMA,Lima,Villa El Salvador,SIN_HISTORIAL_DE_FACTURACION,,,,,True,OK,[],0,
RUC_8c6e6caa2e3d,CLIENT_00995,CUSCO,Cusco,Wanchaq,SIN_HISTORIAL_DE_FACTURACION,,,,,True,OK,[],0,
,,,,,SIN_HISTORIAL_DE_FACTURACION,,,,,False,ALERTA — REVISIÓN HUMANA,['Cliente no encontrado en el maestro SUNAT (001_TBL_CLIENTES_B2B) -- no se puede validar SUNAT/Osiptel para este RUC.'],0,
,,,,,SIN_HISTORIAL_DE_FACTURACION,,,,,False,ALERTA — REVISIÓN HUMANA,['Cliente no encontrado en el maestro SUNAT (001_TBL_CLIENTES_B2B) -- no se puede validar SUNAT/Osiptel para este RUC.'],0,
,,,,,BAJO,BAJO,1.0,8.0,False,False,ALERTA — REVISIÓN HUMANA,['Cliente no encontrado en el maestro SUNAT (001_TBL_CLIENTES_B2B) -- no se puede validar SUNAT/Osiptel para este RUC.'],0,Mantener ciclo de facturación estándar; sin acción de cobranza adicional.
,,,,,SIN_HISTORIAL_DE_FACTURACION,,,,,False,ALERTA — REVISIÓN HUMANA,['Cliente no encontrado en el maestro SUNAT (001_TBL_CLIENTES_B2B) -- no se puede validar SUNAT/Osiptel para este RUC.'],0,
RUC_55930b4cd123,CLIENT_00688,HUANUCO,Huánuco,Huanuco,BAJO,BAJO,2.0,3.0,True,True,OK,[],0,Mantener ciclo de facturación estándar; sin acción de cobranza adicional.
,,,,,SIN_HISTORIAL_DE_FACTURACION,,,,,False,ALERTA — REVISIÓN HUMANA,['Cliente no encontrado en el maestro SUNAT (001_TBL_CLIENTES_B2B) -- no se puede validar SUNAT/Osiptel para este RUC.'],0,
RUC_b0b95be0ca42,CLIENT_00010,ANCASH,Santa,Chimbote,SIN_HISTORIAL_DE_FACTURACION,,,,,True,OK,[],0,
,,,,,SIN_HISTORIAL_DE_FACTURACION,,,,,False,ALERTA — REVISIÓN HUMANA,['Cliente no encontrado en el maestro SUNAT (001_TBL_CLIENTES_B2B) -- no se puede validar SUNAT/Osiptel para este RUC.'],0,
RUC_f2442872cda9,CLIENT_00518,LIMA,Lima,Santiago de Surco,BAJO,BAJO,1.5,3.0,True,True,OK,[],0,Mantener ciclo de facturación estándar; sin acción de cobranza adicional.
,,,,,SIN_HISTORIAL_DE_FACTURACION,,,,,False,ALERTA — REVISIÓN HUMANA,['Cliente no encontrado en el maestro SUNAT (001_TBL_CLIENTES_B2B) -- no se puede validar SUNAT/Osiptel para este RUC.'],0,
RUC_c3cbff33dd5b,CLIENT_00497,LA LIBERTAD,Trujillo,Trujillo,BAJO,BAJO,0.0,0.0,False,True,OK,[],0,Mantener ciclo de facturación estándar; sin acción de cobranza adicional.
,,,,,SIN_HISTORIAL_DE_FACTURACION,,,,,False,ALERTA — REVISIÓN HUMANA,['Cliente no encontrado en el maestro SUNAT (001_TBL_CLIENTES_B2B) -- no se puede validar SUNAT/Osiptel para este RUC.'],0,
,,,,,SIN_HISTORIAL_DE_FACTURACION,,,,,False,ALERTA — REVISIÓN HUMANA,['Cliente no encontrado en el maestro SUNAT (001_TBL_CLIENTES_B2B) -- no se puede validar SUNAT/Osiptel para este RUC.'],0,
RUC_73bb1a487f1a,CLIENT_00691,LIMA,Lima,Lima,SIN_HISTORIAL_DE_FACTURACION,,,,,True,OK,[],0,
,,,,,SIN_HISTORIAL_DE_FACTURACION,,,,,False,ALERTA — REVISIÓN HUMANA,['Cliente no encontrado en el maestro SUNAT (001_TBL_CLIENTES_B2B) -- no se puede validar SUNAT/Osiptel para este RUC.'],0,
,,,,,BAJO,BAJO,2.0,13.0,False,False,ALERTA — REVISIÓN HUMANA,['Cliente no encontrado en el maestro SUNAT (001_TBL_CLIENTES_B2B) -- no se puede validar SUNAT/Osiptel para este RUC.'],2,Mantener ciclo de facturación estándar; sin acción de cobranza adicional.
RUC_7fb2305de02d,CLIENT_00792,CUSCO,Cusco,Cusco,SIN_HISTORIAL_DE_FACTURACION,,,,,True,OK,[],0,
,,,,,SIN_HISTORIAL_DE_FACTURACION,,,,,False,ALERTA — REVISIÓN HUMANA,['Cliente no encontrado en el maestro SUNAT (001_TBL_CLIENTES_B2B) -- no se puede validar SUNAT/Osiptel para este RUC.'],0,
RUC_8c96687b0ebe,CLIENT_00287,LIMA,Lima,San Borja,SIN_HISTORIAL_DE_FACTURACION,,,,,True,OK,[],0,
RUC_863db123459c,CLIENT_00921,LAMBAYEQUE,Chiclayo,Chiclayo,BAJO,BAJO,0.0,0.0,False,True,OK,[],0,Mantener ciclo de facturación estándar; sin acción de cobranza adicional.
,,,,,SIN_HISTORIAL_DE_FACTURACION,,,,,False,ALERTA — REVISIÓN HUMANA,['Cliente no encontrado en el maestro SUNAT (001_TBL_CLIENTES_B2B) -- no se puede validar SUNAT/Osiptel para este RUC.'],0,
,,,,,SIN_HISTORIAL_DE_FACTURACION,,,,,False,ALERTA — REVISIÓN HUMANA,['Cliente no encontrado en el maestro SUNAT (001_TBL_CLIENTES_B2B) -- no se puede validar SUNAT/Osiptel para este RUC.'],0,
RUC_b17e399ac01c,CLIENT_00370,LIMA,Lima,San Miguel,ALTO,BAJO,2.5,4.0,False,True,ALERTA — REVISIÓN HUMANA,['SUNAT_ESTADO_CONTRIBUYENTE=BAJA DEFINITIVA (no ACTIVO)'],0,Mantener ciclo de facturación estándar; sin acción de cobranza adicional.
RUC_cccca27bdd6a,CLIENT_00863,LIMA,Lima,Lima,BAJO,BAJO,-14.0,-14.0,False,True,OK,[],0,Mantener ciclo de facturación estándar; sin acción de cobranza adicional.
,,,,,BAJO,BAJO,-6.3,5.0,False,False,ALERTA — REVISIÓN HUMANA,['Cliente no encontrado en el maestro SUNAT (001_TBL_CLIENTES_B2B) -- no se puede validar SUNAT/Osiptel para este RUC.'],3,Mantener ciclo de facturación estándar; sin acción de cobranza adicional.
RUC_d59b47b9dba9,CLIENT_00500,LIMA,Lima,Ate,ALTO,ALTO,135.0,135.0,False,True,OK,[],1,Contacto proactivo antes del vencimiento + oferta de plan de pago fraccionado; escalar a gestor de cuenta senior.
,,,,,SIN_HISTORIAL_DE_FACTURACION,,,,,False,ALERTA — REVISIÓN HUMANA,['Cliente no encontrado en el maestro SUNAT (001_TBL_CLIENTES_B2B) -- no se puede validar SUNAT/Osiptel para este RUC.'],0,
,,,,,SIN_HISTORIAL_DE_FACTURACION,,,,,False,ALERTA — REVISIÓN HUMANA,['Cliente no encontrado en el maestro SUNAT (001_TBL_CLIENTES_B2B) -- no se puede validar SUNAT/Osiptel para este RUC.'],0,
,,,,,SIN_HISTORIAL_DE_FACTURACION,,,,,False,ALERTA — REVISIÓN HUMANA,['Cliente no encontrado en el maestro SUNAT (001_TBL_CLIENTES_B2B) -- no se puede validar SUNAT/Osiptel para este RUC.'],0,
,,,,,SIN_HISTORIAL_DE_FACTURACION,,,,,False,ALERTA — REVISIÓN HUMANA,['Cliente no encontrado en el maestro SUNAT (001_TBL_CLIENTES_B2B) -- no se puede validar SUNAT/Osiptel para este RUC.'],0,
,,,,,SIN_HISTORIAL_DE_FACTURACION,,,,,False,ALERTA — REVISIÓN HUMANA,['Cliente no encontrado en el maestro SUNAT (001_TBL_CLIENTES_B2B) -- no se puede validar SUNAT/Osiptel para este RUC.'],0,
,,,,,SIN_HISTORIAL_DE_FACTURACION,,,,,False,ALERTA — REVISIÓN HUMANA,['Cliente no encontrado en el maestro SUNAT (001_TBL_CLIENTES_B2B) -- no se puede validar SUNAT/Osiptel para este RUC.'],0,
RUC_1bfe51d3b3b1,CLIENT_00648,LIMA,Lima,Miraflores,SIN_HISTORIAL_DE_FACTURACION,,,,,True,OK,[],0,
,,,,,SIN_HISTORIAL_DE_FACTURACION,,,,,False,ALERTA — REVISIÓN HUMANA,['Cliente no encontrado en el maestro SUNAT (001_TBL_CLIENTES_B2B) -- no se puede validar SUNAT/Osiptel para este RUC.'],0,
,,,,,SIN_HISTORIAL_DE_FACTURACION,,,,,False,ALERTA — REVISIÓN HUMANA,['Cliente no encontrado en el maestro SUNAT (001_TBL_CLIENTES_B2B) -- no se puede validar SUNAT/Osiptel para este RUC.'],0,
,,,,,SIN_HISTORIAL_DE_FACTURACION,,,,,False,ALERTA — REVISIÓN HUMANA,['Cliente no encontrado en el maestro SUNAT (001_TBL_CLIENTES_B2B) -- no se puede validar SUNAT/Osiptel para este RUC.'],0,
,,,,,SIN_HISTORIAL_DE_FACTURACION,,,,,False,ALERTA — REVISIÓN HUMANA,['Cliente no encontrado en el maestro SUNAT (001_TBL_CLIENTES_B2B) -- no se puede validar SUNAT/Osiptel para este RUC.'],0,
,,,,,SIN_HISTORIAL_DE_FACTURACION,,,,,False,ALERTA — REVISIÓN HUMANA,['Cliente no encontrado en el maestro SUNAT (001_TBL_CLIENTES_B2B) -- no se puede validar SUNAT/Osiptel para este RUC.'],0,
,,,,,SIN_HISTORIAL_DE_FACTURACION,,,,,False,ALERTA — REVISIÓN HUMANA,['Cliente no encontrado en el maestro SUNAT (001_TBL_CLIENTES_B2B) -- no se puede validar SUNAT/Osiptel para este RUC.'],0,
,,,,,SIN_HISTORIAL_DE_FACTURACION,,,,,False,ALERTA — REVISIÓN HUMANA,['Cliente no encontrado en el maestro SUNAT (001_TBL_CLIENTES_B2B) -- no se puede validar SUNAT/Osiptel para este RUC.'],0,
,,,,,SIN_HISTORIAL_DE_FACTURACION,,,,,False,ALERTA — REVISIÓN HUMANA,['Cliente no encontrado en el maestro SUNAT (001_TBL_CLIENTES_B2B) -- no se puede validar SUNAT/Osiptel para este RUC.'],0,
RUC_33b7affbb4bc,CLIENT_00066,LIMA,Lima,San Miguel,SIN_HISTORIAL_DE_FACTURACION,,,,,True,OK,[],0,
,,,,,SIN_HISTORIAL_DE_FACTURACION,,,,,False,ALERTA — REVISIÓN HUMANA,['Cliente no encontrado en el maestro SUNAT (001_TBL_CLIENTES_B2B) -- no se puede validar SUNAT/Osiptel para este RUC.'],0,
,,,,,SIN_HISTORIAL_DE_FACTURACION,,,,,False,ALERTA — REVISIÓN HUMANA,['Cliente no encontrado en el maestro SUNAT (001_TBL_CLIENTES_B2B) -- no se puede validar SUNAT/Osiptel para este RUC.'],0,
,,,,,SIN_HISTORIAL_DE_FACTURACION,,,,,False,ALERTA — REVISIÓN HUMANA,['Cliente no encontrado en el maestro SUNAT (001_TBL_CLIENTES_B2B) -- no se puede validar SUNAT/Osiptel para este RUC.'],0,
,,,,,SIN_HISTORIAL_DE_FACTURACION,,,,,False,ALERTA — REVISIÓN HUMANA,['Cliente no encontrado en el maestro SUNAT (001_TBL_CLIENTES_B2B) -- no se puede validar SUNAT/Osiptel para este RUC.'],0,
,,,,,SIN_HISTORIAL_DE_FACTURACION,,,,,False,ALERTA — REVISIÓN HUMANA,['Cliente no encontrado en el maestro SUNAT (001_TBL_CLIENTES_B2B) -- no se puede validar SUNAT/Osiptel para este RUC.'],0,
RUC_c7f34d600f42,CLIENT_00302,APURIMAC,Abancay,Abancay,BAJO,BAJO,3.0,3.0,False,True,OK,[],1,Mantener ciclo de facturación estándar; sin acción de cobranza adicional.
RUC_7a5596ef57ce,CLIENT_00378,CAJAMARCA,Cajamarca,Cajamarca,MEDIO,MEDIO,6.5,7.0,True,True,OK,[],0,Recordatorio automático 5 días antes del vencimiento por correo/WhatsApp; sin escalamiento humano todavía.
,,,,,SIN_HISTORIAL_DE_FACTURACION,,,,,False,ALERTA — REVISIÓN HUMANA,['Cliente no encontrado en el maestro SUNAT (001_TBL_CLIENTES_B2B) -- no se puede validar SUNAT/Osiptel para este RUC.'],0,
,,,,,SIN_HISTORIAL_DE_FACTURACION,,,,,False,ALERTA — REVISIÓN HUMANA,['Cliente no encontrado en el maestro SUNAT (001_TBL_CLIENTES_B2B) -- no se puede validar SUNAT/Osiptel para este RUC.'],0,
RUC_f3e285cebfa2,CLIENT_00342,AREQUIPA,Arequipa,Miraflores,SIN_HISTORIAL_DE_FACTURACION,,,,,True,OK,[],0,
,,,,,BAJO,BAJO,-1.0,-1.0,False,False,ALERTA — REVISIÓN HUMANA,['Cliente no encontrado en el maestro SUNAT (001_TBL_CLIENTES_B2B) -- no se puede validar SUNAT/Osiptel para este RUC.'],0,Mantener ciclo de facturación estándar; sin acción de cobranza adicional.
RUC_312c82367343,CLIENT_00519,LIMA,Lima,San Juan de Lurigancho,ALTO,ALTO,25.0,25.0,False,True,OK,[],1,Contacto proactivo antes del vencimiento + oferta de plan de pago fraccionado; escalar a gestor de cuenta senior.
,,,,,SIN_HISTORIAL_DE_FACTURACION,,,,,False,ALERTA — REVISIÓN HUMANA,['Cliente no encontrado en el maestro SUNAT (001_TBL_CLIENTES_B2B) -- no se puede validar SUNAT/Osiptel para este RUC.'],0,
,,,,,SIN_HISTORIAL_DE_FACTURACION,,,,,False,ALERTA — REVISIÓN HUMANA,['Cliente no encontrado en el maestro SUNAT (001_TBL_CLIENTES_B2B) -- no se puede validar SUNAT/Osiptel para este RUC.'],0,
,,,,,SIN_HISTORIAL_DE_FACTURACION,,,,,False,ALERTA — REVISIÓN HUMANA,['Cliente no encontrado en el maestro SUNAT (001_TBL_CLIENTES_B2B) -- no se puede validar SUNAT/Osiptel para este RUC.'],0,
,,,,,SIN_HISTORIAL_DE_FACTURACION,,,,,False,ALERTA — REVISIÓN HUMANA,['Cliente no encontrado en el maestro SUNAT (001_TBL_CLIENTES_B2B) -- no se puede validar SUNAT/Osiptel para este RUC.'],0,
,,,,,BAJO,BAJO,-11.8,-11.0,False,False,ALERTA — REVISIÓN HUMANA,['Cliente no encontrado en el maestro SUNAT (001_TBL_CLIENTES_B2B) -- no se puede validar SUNAT/Osiptel para este RUC.'],0,Mantener ciclo de facturación estándar; sin acción de cobranza adicional.
,,,,,BAJO,BAJO,-3.5,-3.0,False,False,ALERTA — REVISIÓN HUMANA,['Cliente no encontrado en el maestro SUNAT (001_TBL_CLIENTES_B2B) -- no se puede validar SUNAT/Osiptel para este RUC.'],0,Mantener ciclo de facturación estándar; sin acción de cobranza adicional.
,,,,,SIN_HISTORIAL_DE_FACTURACION,,,,,False,ALERTA — REVISIÓN HUMANA,['Cliente no encontrado en el maestro SUNAT (001_TBL_CLIENTES_B2B) -- no se puede validar SUNAT/Osiptel para este RUC.'],0,
,,,,,SIN_HISTORIAL_DE_FACTURACION,,,,,False,ALERTA — REVISIÓN HUMANA,['Cliente no encontrado en el maestro SUNAT (001_TBL_CLIENTES_B2B) -- no se puede validar SUNAT/Osiptel para este RUC.'],0,
,,,,,SIN_HISTORIAL_DE_FACTURACION,,,,,False,ALERTA — REVISIÓN HUMANA,['Cliente no encontrado en el maestro SUNAT (001_TBL_CLIENTES_B2B) -- no se puede validar SUNAT/Osiptel para este RUC.'],0,
RUC_a73d944a81db,CLIENT_00655,LIMA,Lima,La Molina,SIN_HISTORIAL_DE_FACTURACION,,,,,True,OK,[],0,
,,,,,BAJO,BAJO,1.0,2.0,True,False,ALERTA — REVISIÓN HUMANA,['Cliente no encontrado en el maestro SUNAT (001_TBL_CLIENTES_B2B) -- no se puede validar SUNAT/Osiptel para este RUC.'],0,Mantener ciclo de facturación estándar; sin acción de cobranza adicional.
,,,,,SIN_HISTORIAL_DE_FACTURACION,,,,,False,ALERTA — REVISIÓN HUMANA,['Cliente no encontrado en el maestro SUNAT (001_TBL_CLIENTES_B2B) -- no se puede validar SUNAT/Osiptel para este RUC.'],0,
,,,,,SIN_HISTORIAL_DE_FACTURACION,,,,,False,ALERTA — REVISIÓN HUMANA,['Cliente no encontrado en el maestro SUNAT (001_TBL_CLIENTES_B2B) -- no se puede validar SUNAT/Osiptel para este RUC.'],0,
,,,,,SIN_HISTORIAL_DE_FACTURACION,,,,,False,ALERTA — REVISIÓN HUMANA,['Cliente no encontrado en el maestro SUNAT (001_TBL_CLIENTES_B2B) -- no se puede validar SUNAT/Osiptel para este RUC.'],0,
,,,,,SIN_HISTORIAL_DE_FACTURACION,,,,,False,ALERTA — REVISIÓN HUMANA,['Cliente no encontrado en el maestro SUNAT (001_TBL_CLIENTES_B2B) -- no se puede validar SUNAT/Osiptel para este RUC.'],0,
,,,,,SIN_HISTORIAL_DE_FACTURACION,,,,,False,ALERTA — REVISIÓN HUMANA,['Cliente no encontrado en el maestro SUNAT (001_TBL_CLIENTES_B2B) -- no se puede validar SUNAT/Osiptel para este RUC.'],0,
,,,,,SIN_HISTORIAL_DE_FACTURACION,,,,,False,ALERTA — REVISIÓN HUMANA,['Cliente no encontrado en el maestro SUNAT (001_TBL_CLIENTES_B2B) -- no se puede validar SUNAT/Osiptel para este RUC.'],0,
,,,,,SIN_HISTORIAL_DE_FACTURACION,,,,,False,ALERTA — REVISIÓN HUMANA,['Cliente no encontrado en el maestro SUNAT (001_TBL_CLIENTES_B2B) -- no se puede validar SUNAT/Osiptel para este RUC.'],0,
,,,,,SIN_HISTORIAL_DE_FACTURACION,,,,,False,ALERTA — REVISIÓN HUMANA,['Cliente no encontrado en el maestro SUNAT (001_TBL_CLIENTES_B2B) -- no se puede validar SUNAT/Osiptel para este RUC.'],0,
,,,,,SIN_HISTORIAL_DE_FACTURACION,,,,,False,ALERTA — REVISIÓN HUMANA,['Cliente no encontrado en el maestro SUNAT (001_TBL_CLIENTES_B2B) -- no se puede validar SUNAT/Osiptel para este RUC.'],0,
,,,,,SIN_HISTORIAL_DE_FACTURACION,,,,,False,ALERTA — REVISIÓN HUMANA,['Cliente no encontrado en el maestro SUNAT (001_TBL_CLIENTES_B2B) -- no se puede validar SUNAT/Osiptel para este RUC.'],0,
RUC_a9fdf3e11536,CLIENT_00828,LIMA,Lima,Santa Anita,SIN_HISTORIAL_DE_FACTURACION,,,,,True,OK,[],0,
RUC_a059443815e1,CLIENT_00985,PIURA,Piura,Piura,BAJO,BAJO,-3.0,-3.0,False,True,OK,[],0,Mantener ciclo de facturación estándar; sin acción de cobranza adicional.
,,,,,SIN_HISTORIAL_DE_FACTURACION,,,,,False,ALERTA — REVISIÓN HUMANA,['Cliente no encontrado en el maestro SUNAT (001_TBL_CLIENTES_B2B) -- no se puede validar SUNAT/Osiptel para este RUC.'],0,
,,,,,BAJO,BAJO,3.5,4.0,False,False,ALERTA — REVISIÓN HUMANA,['Cliente no encontrado en el maestro SUNAT (001_TBL_CLIENTES_B2B) -- no se puede validar SUNAT/Osiptel para este RUC.'],2,Mantener ciclo de facturación estándar; sin acción de cobranza adicional.
,,,,,SIN_HISTORIAL_DE_FACTURACION,,,,,False,ALERTA — REVISIÓN HUMANA,['Cliente no encontrado en el maestro SUNAT (001_TBL_CLIENTES_B2B) -- no se puede validar SUNAT/Osiptel para este RUC.'],0,
RUC_3fa2f5a56ad3,CLIENT_00256,LIMA,Lima,San Juan de Miraflores,BAJO,BAJO,0.5,2.0,False,True,OK,[],1,Mantener ciclo de facturación estándar; sin acción de cobranza adicional.
,,,,,SIN_HISTORIAL_DE_FACTURACION,,,,,False,ALERTA — REVISIÓN HUMANA,['Cliente no encontrado en el maestro SUNAT (001_TBL_CLIENTES_B2B) -- no se puede validar SUNAT/Osiptel para este RUC.'],0,
RUC_0000aa1c1f4e,CLIENT_00788,JUNIN,Huancayo,El Tambo,ALTO,,,,,True,ALERTA — REVISIÓN HUMANA,['SUNAT_ESTADO_CONTRIBUYENTE=SUSPENSION TEMPORAL (no ACTIVO)'],0,
,,,,,SIN_HISTORIAL_DE_FACTURACION,,,,,False,ALERTA — REVISIÓN HUMANA,['Cliente no encontrado en el maestro SUNAT (001_TBL_CLIENTES_B2B) -- no se puede validar SUNAT/Osiptel para este RUC.'],0,
,,,,,SIN_HISTORIAL_DE_FACTURACION,,,,,False,ALERTA — REVISIÓN HUMANA,['Cliente no encontrado en el maestro SUNAT (001_TBL_CLIENTES_B2B) -- no se puede validar SUNAT/Osiptel para este RUC.'],0,
,,,,,SIN_HISTORIAL_DE_FACTURACION,,,,,False,ALERTA — REVISIÓN HUMANA,['Cliente no encontrado en el maestro SUNAT (001_TBL_CLIENTES_B2B) -- no se puede validar SUNAT/Osiptel para este RUC.'],0,
,,,,,SIN_HISTORIAL_DE_FACTURACION,,,,,False,ALERTA — REVISIÓN HUMANA,['Cliente no encontrado en el maestro SUNAT (001_TBL_CLIENTES_B2B) -- no se puede validar SUNAT/Osiptel para este RUC.'],0,
,,,,,BAJO,BAJO,0.2,3.0,False,False,ALERTA — REVISIÓN HUMANA,['Cliente no encontrado en el maestro SUNAT (001_TBL_CLIENTES_B2B) -- no se puede validar SUNAT/Osiptel para este RUC.'],0,Mantener ciclo de facturación estándar; sin acción de cobranza adicional.
,,,,,MEDIO,MEDIO,9.0,31.0,False,False,ALERTA — REVISIÓN HUMANA,['Cliente no encontrado en el maestro SUNAT (001_TBL_CLIENTES_B2B) -- no se puede validar SUNAT/Osiptel para este RUC.'],2,Recordatorio automático 5 días antes del vencimiento por correo/WhatsApp; sin escalamiento humano todavía.
RUC_8fb9b2fd9c53,CLIENT_00432,PIURA,Piura,Piura,ALTO,,,,,True,ALERTA — REVISIÓN HUMANA,['SUNAT_ESTADO_CONTRIBUYENTE=BAJA DE OFICIO (no ACTIVO)'],0,
RUC_cad40b7a1e3c,CLIENT_00793,JUNIN,Yauli,Morococha,SIN_HISTORIAL_DE_FACTURACION,,,,,True,OK,[],0,
,,,,,SIN_HISTORIAL_DE_FACTURACION,,,,,False,ALERTA — REVISIÓN HUMANA,['Cliente no encontrado en el maestro SUNAT (001_TBL_CLIENTES_B2B) -- no se puede validar SUNAT/Osiptel para este RUC.'],0,
,,,,,SIN_HISTORIAL_DE_FACTURACION,,,,,False,ALERTA — REVISIÓN HUMANA,['Cliente no encontrado en el maestro SUNAT (001_TBL_CLIENTES_B2B) -- no se puede validar SUNAT/Osiptel para este RUC.'],0,
,,,,,SIN_HISTORIAL_DE_FACTURACION,,,,,False,ALERTA — REVISIÓN HUMANA,['Cliente no encontrado en el maestro SUNAT (001_TBL_CLIENTES_B2B) -- no se puede validar SUNAT/Osiptel para este RUC.'],0,
,,,,,SIN_HISTORIAL_DE_FACTURACION,,,,,False,ALERTA — REVISIÓN HUMANA,['Cliente no encontrado en el maestro SUNAT (001_TBL_CLIENTES_B2B) -- no se puede validar SUNAT/Osiptel para este RUC.'],0,
RUC_6f212d23882f,CLIENT_00605,LIMA,Lima,San Isidro,ALTO,ALTO,16.0,22.0,False,True,OK,[],1,Contacto proactivo antes del vencimiento + oferta de plan de pago fraccionado; escalar a gestor de cuenta senior.
,,,,,SIN_HISTORIAL_DE_FACTURACION,,,,,False,ALERTA — REVISIÓN HUMANA,['Cliente no encontrado en el maestro SUNAT (001_TBL_CLIENTES_B2B) -- no se puede validar SUNAT/Osiptel para este RUC.'],0,
,,,,,SIN_HISTORIAL_DE_FACTURACION,,,,,False,ALERTA — REVISIÓN HUMANA,['Cliente no encontrado en el maestro SUNAT (001_TBL_CLIENTES_B2B) -- no se puede validar SUNAT/Osiptel para este RUC.'],0,
RUC_6fa8fe380e98,CLIENT_00279,SAN MARTIN,San Martín,Tarapoto,BAJO,BAJO,-7.0,-2.0,False,True,OK,[],0,Mantener ciclo de facturación estándar; sin acción de cobranza adicional.
RUC_6494a97de600,CLIENT_00485,LIMA,Lima,Santiago de Surco,SIN_HISTORIAL_DE_FACTURACION,,,,,True,OK,[],0,
,,,,,SIN_HISTORIAL_DE_FACTURACION,,,,,False,ALERTA — REVISIÓN HUMANA,['Cliente no encontrado en el maestro SUNAT (001_TBL_CLIENTES_B2B) -- no se puede validar SUNAT/Osiptel para este RUC.'],0,
,,,,,SIN_HISTORIAL_DE_FACTURACION,,,,,False,ALERTA — REVISIÓN HUMANA,['Cliente no encontrado en el maestro SUNAT (001_TBL_CLIENTES_B2B) -- no se puede validar SUNAT/Osiptel para este RUC.'],0,
,,,,,SIN_HISTORIAL_DE_FACTURACION,,,,,False,ALERTA — REVISIÓN HUMANA,['Cliente no encontrado en el maestro SUNAT (001_TBL_CLIENTES_B2B) -- no se puede validar SUNAT/Osiptel para este RUC.'],0,
,,,,,SIN_HISTORIAL_DE_FACTURACION,,,,,False,ALERTA — REVISIÓN HUMANA,['Cliente no encontrado en el maestro SUNAT (001_TBL_CLIENTES_B2B) -- no se puede validar SUNAT/Osiptel para este RUC.'],0,
,,,,,SIN_HISTORIAL_DE_FACTURACION,,,,,False,ALERTA — REVISIÓN HUMANA,['Cliente no encontrado en el maestro SUNAT (001_TBL_CLIENTES_B2B) -- no se puede validar SUNAT/Osiptel para este RUC.'],0,
RUC_56a6bb516fc7,CLIENT_00678,PUNO,San Román,Juliaca,ALTO,MEDIO,6.5,22.0,False,True,ALERTA — REVISIÓN HUMANA,"['SUNAT_ESTADO_RUC=NO HABIDO (no HABIDO)', 'SUNAT_ESTADO_CONTRIBUYENTE=BAJA DE OFICIO (no ACTIVO)']",2,Recordatorio automático 5 días antes del vencimiento por correo/WhatsApp; sin escalamiento humano todavía.
,,,,,BAJO,BAJO,0.0,1.0,True,False,ALERTA — REVISIÓN HUMANA,['Cliente no encontrado en el maestro SUNAT (001_TBL_CLIENTES_B2B) -- no se puede validar SUNAT/Osiptel para este RUC.'],0,Mantener ciclo de facturación estándar; sin acción de cobranza adicional.
,,,,,SIN_HISTORIAL_DE_FACTURACION,,,,,False,ALERTA — REVISIÓN HUMANA,['Cliente no encontrado en el maestro SUNAT (001_TBL_CLIENTES_B2B) -- no se puede validar SUNAT/Osiptel para este RUC.'],0,
,,,,,SIN_HISTORIAL_DE_FACTURACION,,,,,False,ALERTA — REVISIÓN HUMANA,['Cliente no encontrado en el maestro SUNAT (001_TBL_CLIENTES_B2B) -- no se puede validar SUNAT/Osiptel para este RUC.'],0,
,,,,,ALTO,ALTO,15.9,34.0,False,False,ALERTA — REVISIÓN HUMANA,['Cliente no encontrado en el maestro SUNAT (001_TBL_CLIENTES_B2B) -- no se puede validar SUNAT/Osiptel para este RUC.'],2,Contacto proactivo antes del vencimiento + oferta de plan de pago fraccionado; escalar a gestor de cuenta senior.
,,,,,SIN_HISTORIAL_DE_FACTURACION,,,,,False,ALERTA — REVISIÓN HUMANA,['Cliente no encontrado en el maestro SUNAT (001_TBL_CLIENTES_B2B) -- no se puede validar SUNAT/Osiptel para este RUC.'],0,
,,,,,SIN_HISTORIAL_DE_FACTURACION,,,,,False,ALERTA — REVISIÓN HUMANA,['Cliente no encontrado en el maestro SUNAT (001_TBL_CLIENTES_B2B) -- no se puede validar SUNAT/Osiptel para este RUC.'],0,
,,,,,BAJO,BAJO,0.3,1.0,False,False,ALERTA — REVISIÓN HUMANA,['Cliente no encontrado en el maestro SUNAT (001_TBL_CLIENTES_B2B) -- no se puede validar SUNAT/Osiptel para este RUC.'],0,Mantener ciclo de facturación estándar; sin acción de cobranza adicional.
,,,,,SIN_HISTORIAL_DE_FACTURACION,,,,,False,ALERTA — REVISIÓN HUMANA,['Cliente no encontrado en el maestro SUNAT (001_TBL_CLIENTES_B2B) -- no se puede validar SUNAT/Osiptel para este RUC.'],0,
,,,,,SIN_HISTORIAL_DE_FACTURACION,,,,,False,ALERTA — REVISIÓN HUMANA,['Cliente no encontrado en el maestro SUNAT (001_TBL_CLIENTES_B2B) -- no se puede validar SUNAT/Osiptel para este RUC.'],0,
,,,,,SIN_HISTORIAL_DE_FACTURACION,,,,,False,ALERTA — REVISIÓN HUMANA,['Cliente no encontrado en el maestro SUNAT (001_TBL_CLIENTES_B2B) -- no se puede validar SUNAT/Osiptel para este RUC.'],0,
,,,,,SIN_HISTORIAL_DE_FACTURACION,,,,,False,ALERTA — REVISIÓN HUMANA,['Cliente no encontrado en el maestro SUNAT (001_TBL_CLIENTES_B2B) -- no se puede validar SUNAT/Osiptel para este RUC.'],0,
,,,,,BAJO,BAJO,-7.9,4.0,False,False,ALERTA — REVISIÓN HUMANA,['Cliente no encontrado en el maestro SUNAT (001_TBL_CLIENTES_B2B) -- no se puede validar SUNAT/Osiptel para este RUC.'],4,Mantener ciclo de facturación estándar; sin acción de cobranza adicional.
RUC_06beb14fba61,CLIENT_00800,LIMA,Huaura,Caleta de Carquin,MEDIO,MEDIO,7.5,9.0,True,True,OK,[],0,Recordatorio automático 5 días antes del vencimiento por correo/WhatsApp; sin escalamiento humano todavía.
,,,,,SIN_HISTORIAL_DE_FACTURACION,,,,,False,ALERTA — REVISIÓN HUMANA,['Cliente no encontrado en el maestro SUNAT (001_TBL_CLIENTES_B2B) -- no se puede validar SUNAT/Osiptel para este RUC.'],0,
RUC_d88b9c2f9a75,CLIENT_00968,LIMA,Lima,Miraflores,BAJO,BAJO,-8.5,-3.0,False,True,OK,[],0,Mantener ciclo de facturación estándar; sin acción de cobranza adicional.
,,,,,SIN_HISTORIAL_DE_FACTURACION,,,,,False,ALERTA — REVISIÓN HUMANA,['Cliente no encontrado en el maestro SUNAT (001_TBL_CLIENTES_B2B) -- no se puede validar SUNAT/Osiptel para este RUC.'],0,
,,,,,SIN_HISTORIAL_DE_FACTURACION,,,,,False,ALERTA — REVISIÓN HUMANA,['Cliente no encontrado en el maestro SUNAT (001_TBL_CLIENTES_B2B) -- no se puede validar SUNAT/Osiptel para este RUC.'],0,
RUC_37acdaf440a6,CLIENT_00895,JUNIN,Yauli,Santa Rosa de Sacco,ALTO,,,,,True,ALERTA — REVISIÓN HUMANA,['Todas sus líneas (fija/móvil) están inactivas o suspendidas'],0,
,,,,,BAJO,BAJO,-8.7,-8.0,False,False,ALERTA — REVISIÓN HUMANA,['Cliente no encontrado en el maestro SUNAT (001_TBL_CLIENTES_B2B) -- no se puede validar SUNAT/Osiptel para este RUC.'],0,Mantener ciclo de facturación estándar; sin acción de cobranza adicional.
,,,,,SIN_HISTORIAL_DE_FACTURACION,,,,,False,ALERTA — REVISIÓN HUMANA,['Cliente no encontrado en el maestro SUNAT (001_TBL_CLIENTES_B2B) -- no se puede validar SUNAT/Osiptel para este RUC.'],0,
RUC_25c10c77bac1,CLIENT_00351,LIMA,Lima,La Molina,BAJO,BAJO,4.0,5.0,False,True,OK,[],2,Mantener ciclo de facturación estándar; sin acción de cobranza adicional.
,,,,,SIN_HISTORIAL_DE_FACTURACION,,,,,False,ALERTA — REVISIÓN HUMANA,['Cliente no encontrado en el maestro SUNAT (001_TBL_CLIENTES_B2B) -- no se puede validar SUNAT/Osiptel para este RUC.'],0,
,,,,,SIN_HISTORIAL_DE_FACTURACION,,,,,False,ALERTA — REVISIÓN HUMANA,['Cliente no encontrado en el maestro SUNAT (001_TBL_CLIENTES_B2B) -- no se puede validar SUNAT/Osiptel para este RUC.'],0,
,,,,,SIN_HISTORIAL_DE_FACTURACION,,,,,False,ALERTA — REVISIÓN HUMANA,['Cliente no encontrado en el maestro SUNAT (001_TBL_CLIENTES_B2B) -- no se puede validar SUNAT/Osiptel para este RUC.'],0,
RUC_86474b097432,CLIENT_00110,LA LIBERTAD,Pacasmayo,Guadalupe,SIN_HISTORIAL_DE_FACTURACION,,,,,True,OK,[],0,
,,,,,SIN_HISTORIAL_DE_FACTURACION,,,,,False,ALERTA — REVISIÓN HUMANA,['Cliente no encontrado en el maestro SUNAT (001_TBL_CLIENTES_B2B) -- no se puede validar SUNAT/Osiptel para este RUC.'],0,
,,,,,SIN_HISTORIAL_DE_FACTURACION,,,,,False,ALERTA — REVISIÓN HUMANA,['Cliente no encontrado en el maestro SUNAT (001_TBL_CLIENTES_B2B) -- no se puede validar SUNAT/Osiptel para este RUC.'],0,
,,,,,SIN_HISTORIAL_DE_FACTURACION,,,,,False,ALERTA — REVISIÓN HUMANA,['Cliente no encontrado en el maestro SUNAT (001_TBL_CLIENTES_B2B) -- no se puede validar SUNAT/Osiptel para este RUC.'],0,
,,,,,SIN_HISTORIAL_DE_FACTURACION,,,,,False,ALERTA — REVISIÓN HUMANA,['Cliente no encontrado en el maestro SUNAT (001_TBL_CLIENTES_B2B) -- no se puede validar SUNAT/Osiptel para este RUC.'],0,
RUC_91ad85e390c4,CLIENT_00969,AREQUIPA,Arequipa,Sachaca,ALTO,ALTO,12.5,19.0,True,True,OK,[],2,Contacto proactivo antes del vencimiento + oferta de plan de pago fraccionado; escalar a gestor de cuenta senior.
RUC_b47c45e8d8d0,CLIENT_00229,ICA,Ica,Parcona,ALTO,BAJO,-3.0,-1.0,True,True,ALERTA — REVISIÓN HUMANA,['SUNAT_ESTADO_CONTRIBUYENTE=BAJA DE OFICIO (no ACTIVO)'],0,Mantener ciclo de facturación estándar; sin acción de cobranza adicional.
,,,,,SIN_HISTORIAL_DE_FACTURACION,,,,,False,ALERTA — REVISIÓN HUMANA,['Cliente no encontrado en el maestro SUNAT (001_TBL_CLIENTES_B2B) -- no se puede validar SUNAT/Osiptel para este RUC.'],0,
RUC_cc78df683cbd,CLIENT_00199,LIMA,Lima,Santa Anita,ALTO,ALTO,16.5,29.0,False,True,OK,[],1,Contacto proactivo antes del vencimiento + oferta de plan de pago fraccionado; escalar a gestor de cuenta senior.
,,,,,SIN_HISTORIAL_DE_FACTURACION,,,,,False,ALERTA — REVISIÓN HUMANA,['Cliente no encontrado en el maestro SUNAT (001_TBL_CLIENTES_B2B) -- no se puede validar SUNAT/Osiptel para este RUC.'],0,
,,,,,BAJO,BAJO,2.7,20.0,False,False,ALERTA — REVISIÓN HUMANA,['Cliente no encontrado en el maestro SUNAT (001_TBL_CLIENTES_B2B) -- no se puede validar SUNAT/Osiptel para este RUC.'],0,Mantener ciclo de facturación estándar; sin acción de cobranza adicional.
,,,,,BAJO,BAJO,0.4,4.0,False,False,ALERTA — REVISIÓN HUMANA,['Cliente no encontrado en el maestro SUNAT (001_TBL_CLIENTES_B2B) -- no se puede validar SUNAT/Osiptel para este RUC.'],0,Mantener ciclo de facturación estándar; sin acción de cobranza adicional.
RUC_7019891a7ed5,CLIENT_00384,LIMA,Lima,Santiago de Surco,MEDIO,MEDIO,13.0,13.0,False,True,OK,[],1,Recordatorio automático 5 días antes del vencimiento por correo/WhatsApp; sin escalamiento humano todavía.
,,,,,SIN_HISTORIAL_DE_FACTURACION,,,,,False,ALERTA — REVISIÓN HUMANA,['Cliente no encontrado en el maestro SUNAT (001_TBL_CLIENTES_B2B) -- no se puede validar SUNAT/Osiptel para este RUC.'],0,
,,,,,SIN_HISTORIAL_DE_FACTURACION,,,,,False,ALERTA — REVISIÓN HUMANA,['Cliente no encontrado en el maestro SUNAT (001_TBL_CLIENTES_B2B) -- no se puede validar SUNAT/Osiptel para este RUC.'],0,
,,,,,SIN_HISTORIAL_DE_FACTURACION,,,,,False,ALERTA — REVISIÓN HUMANA,['Cliente no encontrado en el maestro SUNAT (001_TBL_CLIENTES_B2B) -- no se puede validar SUNAT/Osiptel para este RUC.'],0,
,,,,,BAJO,BAJO,-2.0,3.0,True,False,ALERTA — REVISIÓN HUMANA,['Cliente no encontrado en el maestro SUNAT (001_TBL_CLIENTES_B2B) -- no se puede validar SUNAT/Osiptel para este RUC.'],0,Mantener ciclo de facturación estándar; sin acción de cobranza adicional.
,,,,,SIN_HISTORIAL_DE_FACTURACION,,,,,False,ALERTA — REVISIÓN HUMANA,['Cliente no encontrado en el maestro SUNAT (001_TBL_CLIENTES_B2B) -- no se puede validar SUNAT/Osiptel para este RUC.'],0,
,,,,,SIN_HISTORIAL_DE_FACTURACION,,,,,False,ALERTA — REVISIÓN HUMANA,['Cliente no encontrado en el maestro SUNAT (001_TBL_CLIENTES_B2B) -- no se puede validar SUNAT/Osiptel para este RUC.'],0,
,,,,,SIN_HISTORIAL_DE_FACTURACION,,,,,False,ALERTA — REVISIÓN HUMANA,['Cliente no encontrado en el maestro SUNAT (001_TBL_CLIENTES_B2B) -- no se puede validar SUNAT/Osiptel para este RUC.'],0,
,,,,,SIN_HISTORIAL_DE_FACTURACION,,,,,False,ALERTA — REVISIÓN HUMANA,['Cliente no encontrado en el maestro SUNAT (001_TBL_CLIENTES_B2B) -- no se puede validar SUNAT/Osiptel para este RUC.'],0,
,,,,,SIN_HISTORIAL_DE_FACTURACION,,,,,False,ALERTA — REVISIÓN HUMANA,['Cliente no encontrado en el maestro SUNAT (001_TBL_CLIENTES_B2B) -- no se puede validar SUNAT/Osiptel para este RUC.'],0,
,,,,,SIN_HISTORIAL_DE_FACTURACION,,,,,False,ALERTA — REVISIÓN HUMANA,['Cliente no encontrado en el maestro SUNAT (001_TBL_CLIENTES_B2B) -- no se puede validar SUNAT/Osiptel para este RUC.'],0,
RUC_7748099509ac,CLIENT_00249,LIMA,Lima,San Juan de Miraflores,BAJO,BAJO,2.0,4.0,True,True,OK,[],0,Mantener ciclo de facturación estándar; sin acción de cobranza adicional.
,,,,,SIN_HISTORIAL_DE_FACTURACION,,,,,False,ALERTA — REVISIÓN HUMANA,['Cliente no encontrado en el maestro SUNAT (001_TBL_CLIENTES_B2B) -- no se puede validar SUNAT/Osiptel para este RUC.'],0,
,,,,,BAJO,BAJO,2.0,4.0,False,False,ALERTA — REVISIÓN HUMANA,['Cliente no encontrado en el maestro SUNAT (001_TBL_CLIENTES_B2B) -- no se puede validar SUNAT/Osiptel para este RUC.'],0,Mantener ciclo de facturación estándar; sin acción de cobranza adicional.
,,,,,SIN_HISTORIAL_DE_FACTURACION,,,,,False,ALERTA — REVISIÓN HUMANA,['Cliente no encontrado en el maestro SUNAT (001_TBL_CLIENTES_B2B) -- no se puede validar SUNAT/Osiptel para este RUC.'],0,
,,,,,SIN_HISTORIAL_DE_FACTURACION,,,,,False,ALERTA — REVISIÓN HUMANA,['Cliente no encontrado en el maestro SUNAT (001_TBL_CLIENTES_B2B) -- no se puede validar SUNAT/Osiptel para este RUC.'],0,
,,,,,SIN_HISTORIAL_DE_FACTURACION,,,,,False,ALERTA — REVISIÓN HUMANA,['Cliente no encontrado en el maestro SUNAT (001_TBL_CLIENTES_B2B) -- no se puede validar SUNAT/Osiptel para este RUC.'],0,
,,,,,SIN_HISTORIAL_DE_FACTURACION,,,,,False,ALERTA — REVISIÓN HUMANA,['Cliente no encontrado en el maestro SUNAT (001_TBL_CLIENTES_B2B) -- no se puede validar SUNAT/Osiptel para este RUC.'],0,
RUC_323fa9a52577,CLIENT_00595,LIMA,Lima,La Molina,SIN_HISTORIAL_DE_FACTURACION,,,,,True,OK,[],0,
,,,,,SIN_HISTORIAL_DE_FACTURACION,,,,,False,ALERTA — REVISIÓN HUMANA,['Cliente no encontrado en el maestro SUNAT (001_TBL_CLIENTES_B2B) -- no se puede validar SUNAT/Osiptel para este RUC.'],0,
RUC_605f50869fb3,CLIENT_00409,UCAYALI,Coronel Portillo,Calleria,ALTO,ALTO,19.5,20.0,False,True,OK,[],2,Contacto proactivo antes del vencimiento + oferta de plan de pago fraccionado; escalar a gestor de cuenta senior.
,,,,,SIN_HISTORIAL_DE_FACTURACION,,,,,False,ALERTA — REVISIÓN HUMANA,['Cliente no encontrado en el maestro SUNAT (001_TBL_CLIENTES_B2B) -- no se puede validar SUNAT/Osiptel para este RUC.'],0,
,,,,,BAJO,BAJO,-1.0,0.0,False,False,ALERTA — REVISIÓN HUMANA,['Cliente no encontrado en el maestro SUNAT (001_TBL_CLIENTES_B2B) -- no se puede validar SUNAT/Osiptel para este RUC.'],0,Mantener ciclo de facturación estándar; sin acción de cobranza adicional.
,,,,,SIN_HISTORIAL_DE_FACTURACION,,,,,False,ALERTA — REVISIÓN HUMANA,['Cliente no encontrado en el maestro SUNAT (001_TBL_CLIENTES_B2B) -- no se puede validar SUNAT/Osiptel para este RUC.'],0,
,,,,,SIN_HISTORIAL_DE_FACTURACION,,,,,False,ALERTA — REVISIÓN HUMANA,['Cliente no encontrado en el maestro SUNAT (001_TBL_CLIENTES_B2B) -- no se puede validar SUNAT/Osiptel para este RUC.'],0,
,,,,,SIN_HISTORIAL_DE_FACTURACION,,,,,False,ALERTA — REVISIÓN HUMANA,['Cliente no encontrado en el maestro SUNAT (001_TBL_CLIENTES_B2B) -- no se puede validar SUNAT/Osiptel para este RUC.'],0,
,,,,,SIN_HISTORIAL_DE_FACTURACION,,,,,False,ALERTA — REVISIÓN HUMANA,['Cliente no encontrado en el maestro SUNAT (001_TBL_CLIENTES_B2B) -- no se puede validar SUNAT/Osiptel para este RUC.'],0,
,,,,,SIN_HISTORIAL_DE_FACTURACION,,,,,False,ALERTA — REVISIÓN HUMANA,['Cliente no encontrado en el maestro SUNAT (001_TBL_CLIENTES_B2B) -- no se puede validar SUNAT/Osiptel para este RUC.'],0,
,,,,,SIN_HISTORIAL_DE_FACTURACION,,,,,False,ALERTA — REVISIÓN HUMANA,['Cliente no encontrado en el maestro SUNAT (001_TBL_CLIENTES_B2B) -- no se puede validar SUNAT/Osiptel para este RUC.'],0,
,,,,,SIN_HISTORIAL_DE_FACTURACION,,,,,False,ALERTA — REVISIÓN HUMANA,['Cliente no encontrado en el maestro SUNAT (001_TBL_CLIENTES_B2B) -- no se puede validar SUNAT/Osiptel para este RUC.'],0,
,,,,,SIN_HISTORIAL_DE_FACTURACION,,,,,False,ALERTA — REVISIÓN HUMANA,['Cliente no encontrado en el maestro SUNAT (001_TBL_CLIENTES_B2B) -- no se puede validar SUNAT/Osiptel para este RUC.'],0,
,,,,,BAJO,BAJO,0.5,1.0,True,False,ALERTA — REVISIÓN HUMANA,['Cliente no encontrado en el maestro SUNAT (001_TBL_CLIENTES_B2B) -- no se puede validar SUNAT/Osiptel para este RUC.'],0,Mantener ciclo de facturación estándar; sin acción de cobranza adicional.
RUC_af8c788163c2,CLIENT_00847,LIMA,Lima,San Juan de Miraflores,ALTO,ALTO,20.0,20.0,False,True,OK,[],2,Contacto proactivo antes del vencimiento + oferta de plan de pago fraccionado; escalar a gestor de cuenta senior.
,,,,,SIN_HISTORIAL_DE_FACTURACION,,,,,False,ALERTA — REVISIÓN HUMANA,['Cliente no encontrado en el maestro SUNAT (001_TBL_CLIENTES_B2B) -- no se puede validar SUNAT/Osiptel para este RUC.'],0,
RUC_81d3648269c3,CLIENT_00713,LIMA,Lima,Santiago de Surco,BAJO,BAJO,-13.5,-12.0,False,True,OK,[],0,Mantener ciclo de facturación estándar; sin acción de cobranza adicional.
,,,,,SIN_HISTORIAL_DE_FACTURACION,,,,,False,ALERTA — REVISIÓN HUMANA,['Cliente no encontrado en el maestro SUNAT (001_TBL_CLIENTES_B2B) -- no se puede validar SUNAT/Osiptel para este RUC.'],0,
,,,,,MEDIO,MEDIO,8.0,15.0,False,False,ALERTA — REVISIÓN HUMANA,['Cliente no encontrado en el maestro SUNAT (001_TBL_CLIENTES_B2B) -- no se puede validar SUNAT/Osiptel para este RUC.'],0,Recordatorio automático 5 días antes del vencimiento por correo/WhatsApp; sin escalamiento humano todavía.
,,,,,SIN_HISTORIAL_DE_FACTURACION,,,,,False,ALERTA — REVISIÓN HUMANA,['Cliente no encontrado en el maestro SUNAT (001_TBL_CLIENTES_B2B) -- no se puede validar SUNAT/Osiptel para este RUC.'],0,
,,,,,BAJO,BAJO,-1.0,4.0,True,False,ALERTA — REVISIÓN HUMANA,['Cliente no encontrado en el maestro SUNAT (001_TBL_CLIENTES_B2B) -- no se puede validar SUNAT/Osiptel para este RUC.'],0,Mantener ciclo de facturación estándar; sin acción de cobranza adicional.
RUC_e90ad23ebdb3,CLIENT_00736,LIMA,Lima,Miraflores,SIN_HISTORIAL_DE_FACTURACION,,,,,True,OK,[],0,
,,,,,SIN_HISTORIAL_DE_FACTURACION,,,,,False,ALERTA — REVISIÓN HUMANA,['Cliente no encontrado en el maestro SUNAT (001_TBL_CLIENTES_B2B) -- no se puede validar SUNAT/Osiptel para este RUC.'],0,
,,,,,BAJO,BAJO,0.4,3.0,False,False,ALERTA — REVISIÓN HUMANA,['Cliente no encontrado en el maestro SUNAT (001_TBL_CLIENTES_B2B) -- no se puede validar SUNAT/Osiptel para este RUC.'],1,Mantener ciclo de facturación estándar; sin acción de cobranza adicional.
,,,,,SIN_HISTORIAL_DE_FACTURACION,,,,,False,ALERTA — REVISIÓN HUMANA,['Cliente no encontrado en el maestro SUNAT (001_TBL_CLIENTES_B2B) -- no se puede validar SUNAT/Osiptel para este RUC.'],0,
RUC_44f02548cdc6,CLIENT_00936,LIMA,Lima,San Isidro,BAJO,BAJO,-6.0,8.0,False,True,OK,[],0,Mantener ciclo de facturación estándar; sin acción de cobranza adicional.
,,,,,SIN_HISTORIAL_DE_FACTURACION,,,,,False,ALERTA — REVISIÓN HUMANA,['Cliente no encontrado en el maestro SUNAT (001_TBL_CLIENTES_B2B) -- no se puede validar SUNAT/Osiptel para este RUC.'],0,
,,,,,SIN_HISTORIAL_DE_FACTURACION,,,,,False,ALERTA — REVISIÓN HUMANA,['Cliente no encontrado en el maestro SUNAT (001_TBL_CLIENTES_B2B) -- no se puede validar SUNAT/Osiptel para este RUC.'],0,
RUC_674d44dd4746,CLIENT_00517,LIMA,Lima,Surquillo,MEDIO,MEDIO,8.5,24.0,False,True,OK,[],2,Recordatorio automático 5 días antes del vencimiento por correo/WhatsApp; sin escalamiento humano todavía.
,,,,,SIN_HISTORIAL_DE_FACTURACION,,,,,False,ALERTA — REVISIÓN HUMANA,['Cliente no encontrado en el maestro SUNAT (001_TBL_CLIENTES_B2B) -- no se puede validar SUNAT/Osiptel para este RUC.'],0,
,,,,,SIN_HISTORIAL_DE_FACTURACION,,,,,False,ALERTA — REVISIÓN HUMANA,['Cliente no encontrado en el maestro SUNAT (001_TBL_CLIENTES_B2B) -- no se puede validar SUNAT/Osiptel para este RUC.'],0,
,,,,,SIN_HISTORIAL_DE_FACTURACION,,,,,False,ALERTA — REVISIÓN HUMANA,['Cliente no encontrado en el maestro SUNAT (001_TBL_CLIENTES_B2B) -- no se puede validar SUNAT/Osiptel para este RUC.'],0,
,,,,,BAJO,BAJO,2.0,7.0,True,False,ALERTA — REVISIÓN HUMANA,['Cliente no encontrado en el maestro SUNAT (001_TBL_CLIENTES_B2B) -- no se puede validar SUNAT/Osiptel para este RUC.'],0,Mantener ciclo de facturación estándar; sin acción de cobranza adicional.
RUC_b038a6658dc4,CLIENT_00063,UCAYALI,Coronel Portillo,Calleria,SIN_HISTORIAL_DE_FACTURACION,,,,,True,OK,[],0,
,,,,,BAJO,BAJO,-10.7,-9.0,False,False,ALERTA — REVISIÓN HUMANA,['Cliente no encontrado en el maestro SUNAT (001_TBL_CLIENTES_B2B) -- no se puede validar SUNAT/Osiptel para este RUC.'],0,Mantener ciclo de facturación estándar; sin acción de cobranza adicional.
,,,,,SIN_HISTORIAL_DE_FACTURACION,,,,,False,ALERTA — REVISIÓN HUMANA,['Cliente no encontrado en el maestro SUNAT (001_TBL_CLIENTES_B2B) -- no se puede validar SUNAT/Osiptel para este RUC.'],0,
RUC_68844a40bf83,CLIENT_00161,PIURA,Piura,Catacaos,BAJO,BAJO,-7.7,3.0,False,True,OK,[],2,Mantener ciclo de facturación estándar; sin acción de cobranza adicional.
,,,,,SIN_HISTORIAL_DE_FACTURACION,,,,,False,ALERTA — REVISIÓN HUMANA,['Cliente no encontrado en el maestro SUNAT (001_TBL_CLIENTES_B2B) -- no se puede validar SUNAT/Osiptel para este RUC.'],0,
RUC_369b23b02b7a,CLIENT_00290,LIMA,Lima,Santiago de Surco,BAJO,BAJO,-14.0,-14.0,False,True,OK,[],0,Mantener ciclo de facturación estándar; sin acción de cobranza adicional.
RUC_e9576f81b856,CLIENT_00575,ICA,Nasca,Nasca,BAJO,BAJO,3.0,4.0,True,True,OK,[],0,Mantener ciclo de facturación estándar; sin acción de cobranza adicional.
RUC_85068c263846,CLIENT_00765,LIMA,Lima,Surquillo,BAJO,BAJO,-2.5,-1.0,True,True,OK,[],0,Mantener ciclo de facturación estándar; sin acción de cobranza adicional.
,,,,,BAJO,BAJO,-4.0,-3.0,False,False,ALERTA — REVISIÓN HUMANA,['Cliente no encontrado en el maestro SUNAT (001_TBL_CLIENTES_B2B) -- no se puede validar SUNAT/Osiptel para este RUC.'],0,Mantener ciclo de facturación estándar; sin acción de cobranza adicional.
,,,,,SIN_HISTORIAL_DE_FACTURACION,,,,,False,ALERTA — REVISIÓN HUMANA,['Cliente no encontrado en el maestro SUNAT (001_TBL_CLIENTES_B2B) -- no se puede validar SUNAT/Osiptel para este RUC.'],0,
RUC_6cdf85865fe6,CLIENT_00791,AREQUIPA,Arequipa,Cerro Colorado,BAJO,BAJO,-4.0,-4.0,False,True,OK,[],0,Mantener ciclo de facturación estándar; sin acción de cobranza adicional.
RUC_d51dea61df57,CLIENT_00627,CAJAMARCA,Cajamarca,Cajamarca,ALTO,BAJO,2.5,3.0,False,True,ALERTA — REVISIÓN HUMANA,['SUNAT_ESTADO_CONTRIBUYENTE=SUSPENSION TEMPORAL (no ACTIVO)'],0,Mantener ciclo de facturación estándar; sin acción de cobranza adicional.
RUC_42cedf4a7d13,CLIENT_00441,LIMA,Lima,Lima,SIN_HISTORIAL_DE_FACTURACION,,,,,True,OK,[],0,
,,,,,SIN_HISTORIAL_DE_FACTURACION,,,,,False,ALERTA — REVISIÓN HUMANA,['Cliente no encontrado en el maestro SUNAT (001_TBL_CLIENTES_B2B) -- no se puede validar SUNAT/Osiptel para este RUC.'],0,
,,,,,SIN_HISTORIAL_DE_FACTURACION,,,,,False,ALERTA — REVISIÓN HUMANA,['Cliente no encontrado en el maestro SUNAT (001_TBL_CLIENTES_B2B) -- no se puede validar SUNAT/Osiptel para este RUC.'],0,
RUC_4d1503606b5a,CLIENT_00052,AYACUCHO,Huamanga,Andrés Avelino Cáceres Dorregaray,SIN_HISTORIAL_DE_FACTURACION,,,,,True,OK,[],0,
,,,,,SIN_HISTORIAL_DE_FACTURACION,,,,,False,ALERTA — REVISIÓN HUMANA,['Cliente no encontrado en el maestro SUNAT (001_TBL_CLIENTES_B2B) -- no se puede validar SUNAT/Osiptel para este RUC.'],0,
RUC_457a2fa4e4c6,CLIENT_00209,PIURA,Sullana,Ignacio Escudero,BAJO,BAJO,-10.5,-9.0,False,True,OK,[],0,Mantener ciclo de facturación estándar; sin acción de cobranza adicional.
,,,,,SIN_HISTORIAL_DE_FACTURACION,,,,,False,ALERTA — REVISIÓN HUMANA,['Cliente no encontrado en el maestro SUNAT (001_TBL_CLIENTES_B2B) -- no se puede validar SUNAT/Osiptel para este RUC.'],0,
,,,,,SIN_HISTORIAL_DE_FACTURACION,,,,,False,ALERTA — REVISIÓN HUMANA,['Cliente no encontrado en el maestro SUNAT (001_TBL_CLIENTES_B2B) -- no se puede validar SUNAT/Osiptel para este RUC.'],0,
,,,,,SIN_HISTORIAL_DE_FACTURACION,,,,,False,ALERTA — REVISIÓN HUMANA,['Cliente no encontrado en el maestro SUNAT (001_TBL_CLIENTES_B2B) -- no se puede validar SUNAT/Osiptel para este RUC.'],0,
,,,,,SIN_HISTORIAL_DE_FACTURACION,,,,,False,ALERTA — REVISIÓN HUMANA,['Cliente no encontrado en el maestro SUNAT (001_TBL_CLIENTES_B2B) -- no se puede validar SUNAT/Osiptel para este RUC.'],0,
,,,,,SIN_HISTORIAL_DE_FACTURACION,,,,,False,ALERTA — REVISIÓN HUMANA,['Cliente no encontrado en el maestro SUNAT (001_TBL_CLIENTES_B2B) -- no se puede validar SUNAT/Osiptel para este RUC.'],0,
,,,,,SIN_HISTORIAL_DE_FACTURACION,,,,,False,ALERTA — REVISIÓN HUMANA,['Cliente no encontrado en el maestro SUNAT (001_TBL_CLIENTES_B2B) -- no se puede validar SUNAT/Osiptel para este RUC.'],0,
,,,,,SIN_HISTORIAL_DE_FACTURACION,,,,,False,ALERTA — REVISIÓN HUMANA,['Cliente no encontrado en el maestro SUNAT (001_TBL_CLIENTES_B2B) -- no se puede validar SUNAT/Osiptel para este RUC.'],0,
RUC_fc88e80b4625,CLIENT_00138,LIMA,Lima,San Luis,SIN_HISTORIAL_DE_FACTURACION,,,,,True,OK,[],0,
,,,,,BAJO,BAJO,1.0,2.0,False,False,ALERTA — REVISIÓN HUMANA,['Cliente no encontrado en el maestro SUNAT (001_TBL_CLIENTES_B2B) -- no se puede validar SUNAT/Osiptel para este RUC.'],0,Mantener ciclo de facturación estándar; sin acción de cobranza adicional.
,,,,,SIN_HISTORIAL_DE_FACTURACION,,,,,False,ALERTA — REVISIÓN HUMANA,['Cliente no encontrado en el maestro SUNAT (001_TBL_CLIENTES_B2B) -- no se puede validar SUNAT/Osiptel para este RUC.'],0,
,,,,,SIN_HISTORIAL_DE_FACTURACION,,,,,False,ALERTA — REVISIÓN HUMANA,['Cliente no encontrado en el maestro SUNAT (001_TBL_CLIENTES_B2B) -- no se puede validar SUNAT/Osiptel para este RUC.'],0,
RUC_1b933e94948b,CLIENT_00386,CALLAO,Prov. Const. del Callao,Callao,ALTO,,,,,True,ALERTA — REVISIÓN HUMANA,"['SUNAT_ESTADO_RUC=NO HABIDO (no HABIDO)', 'Todas sus líneas (fija/móvil) están inactivas o suspendidas']",0,
,,,,,SIN_HISTORIAL_DE_FACTURACION,,,,,False,ALERTA — REVISIÓN HUMANA,['Cliente no encontrado en el maestro SUNAT (001_TBL_CLIENTES_B2B) -- no se puede validar SUNAT/Osiptel para este RUC.'],0,
,,,,,BAJO,BAJO,-5.5,0.0,True,False,ALERTA — REVISIÓN HUMANA,['Cliente no encontrado en el maestro SUNAT (001_TBL_CLIENTES_B2B) -- no se puede validar SUNAT/Osiptel para este RUC.'],0,Mantener ciclo de facturación estándar; sin acción de cobranza adicional.
RUC_f782844d3ad9,CLIENT_00393,LIMA,Lima,Santiago de Surco,MEDIO,MEDIO,8.0,12.0,False,True,OK,[],0,Recordatorio automático 5 días antes del vencimiento por correo/WhatsApp; sin escalamiento humano todavía.
,,,,,BAJO,BAJO,-9.3,2.0,False,False,ALERTA — REVISIÓN HUMANA,['Cliente no encontrado en el maestro SUNAT (001_TBL_CLIENTES_B2B) -- no se puede validar SUNAT/Osiptel para este RUC.'],0,Mantener ciclo de facturación estándar; sin acción de cobranza adicional.
,,,,,SIN_HISTORIAL_DE_FACTURACION,,,,,False,ALERTA — REVISIÓN HUMANA,['Cliente no encontrado en el maestro SUNAT (001_TBL_CLIENTES_B2B) -- no se puede validar SUNAT/Osiptel para este RUC.'],0,
RUC_1a55f5b665a0,CLIENT_00235,LIMA,Lima,Lima,BAJO,BAJO,1.0,1.0,False,True,OK,[],0,Mantener ciclo de facturación estándar; sin acción de cobranza adicional.
,,,,,SIN_HISTORIAL_DE_FACTURACION,,,,,False,ALERTA — REVISIÓN HUMANA,['Cliente no encontrado en el maestro SUNAT (001_TBL_CLIENTES_B2B) -- no se puede validar SUNAT/Osiptel para este RUC.'],0,
,,,,,SIN_HISTORIAL_DE_FACTURACION,,,,,False,ALERTA — REVISIÓN HUMANA,['Cliente no encontrado en el maestro SUNAT (001_TBL_CLIENTES_B2B) -- no se puede validar SUNAT/Osiptel para este RUC.'],0,
RUC_7c04169e0db9,CLIENT_00126,LA LIBERTAD,Trujillo,Trujillo,MEDIO,MEDIO,15.0,15.0,False,True,OK,[],0,Recordatorio automático 5 días antes del vencimiento por correo/WhatsApp; sin escalamiento humano todavía.
,,,,,SIN_HISTORIAL_DE_FACTURACION,,,,,False,ALERTA — REVISIÓN HUMANA,['Cliente no encontrado en el maestro SUNAT (001_TBL_CLIENTES_B2B) -- no se puede validar SUNAT/Osiptel para este RUC.'],0,
,,,,,SIN_HISTORIAL_DE_FACTURACION,,,,,False,ALERTA — REVISIÓN HUMANA,['Cliente no encontrado en el maestro SUNAT (001_TBL_CLIENTES_B2B) -- no se puede validar SUNAT/Osiptel para este RUC.'],0,
,,,,,SIN_HISTORIAL_DE_FACTURACION,,,,,False,ALERTA — REVISIÓN HUMANA,['Cliente no encontrado en el maestro SUNAT (001_TBL_CLIENTES_B2B) -- no se puede validar SUNAT/Osiptel para este RUC.'],0,
RUC_6c2f57541ac2,CLIENT_00296,LIMA,Lima,San Juan de Miraflores,BAJO,BAJO,-1.0,0.0,True,True,OK,[],0,Mantener ciclo de facturación estándar; sin acción de cobranza adicional.
,,,,,BAJO,BAJO,3.5,4.0,True,False,ALERTA — REVISIÓN HUMANA,['Cliente no encontrado en el maestro SUNAT (001_TBL_CLIENTES_B2B) -- no se puede validar SUNAT/Osiptel para este RUC.'],0,Mantener ciclo de facturación estándar; sin acción de cobranza adicional.
,,,,,BAJO,BAJO,-14.3,6.0,False,False,ALERTA — REVISIÓN HUMANA,['Cliente no encontrado en el maestro SUNAT (001_TBL_CLIENTES_B2B) -- no se puede validar SUNAT/Osiptel para este RUC.'],3,Mantener ciclo de facturación estándar; sin acción de cobranza adicional.
,,,,,SIN_HISTORIAL_DE_FACTURACION,,,,,False,ALERTA — REVISIÓN HUMANA,['Cliente no encontrado en el maestro SUNAT (001_TBL_CLIENTES_B2B) -- no se puede validar SUNAT/Osiptel para este RUC.'],0,
,,,,,SIN_HISTORIAL_DE_FACTURACION,,,,,False,ALERTA — REVISIÓN HUMANA,['Cliente no encontrado en el maestro SUNAT (001_TBL_CLIENTES_B2B) -- no se puede validar SUNAT/Osiptel para este RUC.'],0,
,,,,,BAJO,BAJO,-3.0,3.0,False,False,ALERTA — REVISIÓN HUMANA,['Cliente no encontrado en el maestro SUNAT (001_TBL_CLIENTES_B2B) -- no se puede validar SUNAT/Osiptel para este RUC.'],0,Mantener ciclo de facturación estándar; sin acción de cobranza adicional.
RUC_004a5ee791fc,CLIENT_00783,LIMA,Lima,Pueblo Libre,MEDIO,MEDIO,10.0,10.0,False,True,OK,[],0,Recordatorio automático 5 días antes del vencimiento por correo/WhatsApp; sin escalamiento humano todavía.
RUC_e14020fed681,CLIENT_00173,AREQUIPA,Arequipa,Cerro Colorado,BAJO,BAJO,0.0,1.0,True,True,OK,[],0,Mantener ciclo de facturación estándar; sin acción de cobranza adicional.
RUC_8e0f716e0997,CLIENT_00023,JUNIN,Huancayo,Huancayo,SIN_HISTORIAL_DE_FACTURACION,,,,,True,OK,[],0,
,,,,,SIN_HISTORIAL_DE_FACTURACION,,,,,False,ALERTA — REVISIÓN HUMANA,['Cliente no encontrado en el maestro SUNAT (001_TBL_CLIENTES_B2B) -- no se puede validar SUNAT/Osiptel para este RUC.'],0,
,,,,,SIN_HISTORIAL_DE_FACTURACION,,,,,False,ALERTA — REVISIÓN HUMANA,['Cliente no encontrado en el maestro SUNAT (001_TBL_CLIENTES_B2B) -- no se puede validar SUNAT/Osiptel para este RUC.'],0,
,,,,,SIN_HISTORIAL_DE_FACTURACION,,,,,False,ALERTA — REVISIÓN HUMANA,['Cliente no encontrado en el maestro SUNAT (001_TBL_CLIENTES_B2B) -- no se puede validar SUNAT/Osiptel para este RUC.'],0,
,,,,,SIN_HISTORIAL_DE_FACTURACION,,,,,False,ALERTA — REVISIÓN HUMANA,['Cliente no encontrado en el maestro SUNAT (001_TBL_CLIENTES_B2B) -- no se puede validar SUNAT/Osiptel para este RUC.'],0,
,,,,,SIN_HISTORIAL_DE_FACTURACION,,,,,False,ALERTA — REVISIÓN HUMANA,['Cliente no encontrado en el maestro SUNAT (001_TBL_CLIENTES_B2B) -- no se puede validar SUNAT/Osiptel para este RUC.'],0,
,,,,,SIN_HISTORIAL_DE_FACTURACION,,,,,False,ALERTA — REVISIÓN HUMANA,['Cliente no encontrado en el maestro SUNAT (001_TBL_CLIENTES_B2B) -- no se puede validar SUNAT/Osiptel para este RUC.'],0,
,,,,,BAJO,BAJO,-0.2,1.0,False,False,ALERTA — REVISIÓN HUMANA,['Cliente no encontrado en el maestro SUNAT (001_TBL_CLIENTES_B2B) -- no se puede validar SUNAT/Osiptel para este RUC.'],1,Mantener ciclo de facturación estándar; sin acción de cobranza adicional.
,,,,,BAJO,BAJO,-3.5,-2.0,False,False,ALERTA — REVISIÓN HUMANA,['Cliente no encontrado en el maestro SUNAT (001_TBL_CLIENTES_B2B) -- no se puede validar SUNAT/Osiptel para este RUC.'],0,Mantener ciclo de facturación estándar; sin acción de cobranza adicional.
,,,,,SIN_HISTORIAL_DE_FACTURACION,,,,,False,ALERTA — REVISIÓN HUMANA,['Cliente no encontrado en el maestro SUNAT (001_TBL_CLIENTES_B2B) -- no se puede validar SUNAT/Osiptel para este RUC.'],0,
,,,,,SIN_HISTORIAL_DE_FACTURACION,,,,,False,ALERTA — REVISIÓN HUMANA,['Cliente no encontrado en el maestro SUNAT (001_TBL_CLIENTES_B2B) -- no se puede validar SUNAT/Osiptel para este RUC.'],0,
,,,,,SIN_HISTORIAL_DE_FACTURACION,,,,,False,ALERTA — REVISIÓN HUMANA,['Cliente no encontrado en el maestro SUNAT (001_TBL_CLIENTES_B2B) -- no se puede validar SUNAT/Osiptel para este RUC.'],0,
,,,,,SIN_HISTORIAL_DE_FACTURACION,,,,,False,ALERTA — REVISIÓN HUMANA,['Cliente no encontrado en el maestro SUNAT (001_TBL_CLIENTES_B2B) -- no se puede validar SUNAT/Osiptel para este RUC.'],0,
RUC_af892d6dc691,CLIENT_00071,LIMA,Lima,Jesús María,ALTO,ALTO,1.0,13.0,True,True,ALERTA — REVISIÓN HUMANA,['SUNAT_ESTADO_CONTRIBUYENTE=BAJA DE OFICIO (no ACTIVO)'],0,Contacto proactivo antes del vencimiento + oferta de plan de pago fraccionado; escalar a gestor de cuenta senior.
RUC_1ef377866962,CLIENT_00040,AREQUIPA,Arequipa,Arequipa,ALTO,,,,,True,ALERTA — REVISIÓN HUMANA,"['SUNAT_ESTADO_RUC=NO HABIDO (no HABIDO)', 'SUNAT_ESTADO_CONTRIBUYENTE=BAJA DE OFICIO (no ACTIVO)']",0,
,,,,,BAJO,BAJO,-2.0,-1.0,True,False,ALERTA — REVISIÓN HUMANA,['Cliente no encontrado en el maestro SUNAT (001_TBL_CLIENTES_B2B) -- no se puede validar SUNAT/Osiptel para este RUC.'],0,Mantener ciclo de facturación estándar; sin acción de cobranza adicional.
,,,,,SIN_HISTORIAL_DE_FACTURACION,,,,,False,ALERTA — REVISIÓN HUMANA,['Cliente no encontrado en el maestro SUNAT (001_TBL_CLIENTES_B2B) -- no se puede validar SUNAT/Osiptel para este RUC.'],0,
,,,,,SIN_HISTORIAL_DE_FACTURACION,,,,,False,ALERTA — REVISIÓN HUMANA,['Cliente no encontrado en el maestro SUNAT (001_TBL_CLIENTES_B2B) -- no se puede validar SUNAT/Osiptel para este RUC.'],0,
,,,,,SIN_HISTORIAL_DE_FACTURACION,,,,,False,ALERTA — REVISIÓN HUMANA,['Cliente no encontrado en el maestro SUNAT (001_TBL_CLIENTES_B2B) -- no se puede validar SUNAT/Osiptel para este RUC.'],0,
RUC_69cf636d8dd6,CLIENT_00025,LA LIBERTAD,Trujillo,Trujillo,BAJO,BAJO,-10.0,-7.0,True,True,OK,[],1,Mantener ciclo de facturación estándar; sin acción de cobranza adicional.
,,,,,BAJO,BAJO,3.0,3.0,False,False,ALERTA — REVISIÓN HUMANA,['Cliente no encontrado en el maestro SUNAT (001_TBL_CLIENTES_B2B) -- no se puede validar SUNAT/Osiptel para este RUC.'],0,Mantener ciclo de facturación estándar; sin acción de cobranza adicional.
,,,,,SIN_HISTORIAL_DE_FACTURACION,,,,,False,ALERTA — REVISIÓN HUMANA,['Cliente no encontrado en el maestro SUNAT (001_TBL_CLIENTES_B2B) -- no se puede validar SUNAT/Osiptel para este RUC.'],0,
RUC_cc7e8f7dcc08,CLIENT_00077,CUSCO,Cusco,Cusco,SIN_HISTORIAL_DE_FACTURACION,,,,,True,OK,[],0,
,,,,,SIN_HISTORIAL_DE_FACTURACION,,,,,False,ALERTA — REVISIÓN HUMANA,['Cliente no encontrado en el maestro SUNAT (001_TBL_CLIENTES_B2B) -- no se puede validar SUNAT/Osiptel para este RUC.'],0,
,,,,,SIN_HISTORIAL_DE_FACTURACION,,,,,False,ALERTA — REVISIÓN HUMANA,['Cliente no encontrado en el maestro SUNAT (001_TBL_CLIENTES_B2B) -- no se puede validar SUNAT/Osiptel para este RUC.'],0,
RUC_966c476960b8,CLIENT_00316,JUNIN,Chanchamayo,Chanchamayo,SIN_HISTORIAL_DE_FACTURACION,,,,,True,OK,[],0,
,,,,,SIN_HISTORIAL_DE_FACTURACION,,,,,False,ALERTA — REVISIÓN HUMANA,['Cliente no encontrado en el maestro SUNAT (001_TBL_CLIENTES_B2B) -- no se puede validar SUNAT/Osiptel para este RUC.'],0,
,,,,,SIN_HISTORIAL_DE_FACTURACION,,,,,False,ALERTA — REVISIÓN HUMANA,['Cliente no encontrado en el maestro SUNAT (001_TBL_CLIENTES_B2B) -- no se puede validar SUNAT/Osiptel para este RUC.'],0,
,,,,,SIN_HISTORIAL_DE_FACTURACION,,,,,False,ALERTA — REVISIÓN HUMANA,['Cliente no encontrado en el maestro SUNAT (001_TBL_CLIENTES_B2B) -- no se puede validar SUNAT/Osiptel para este RUC.'],0,
,,,,,SIN_HISTORIAL_DE_FACTURACION,,,,,False,ALERTA — REVISIÓN HUMANA,['Cliente no encontrado en el maestro SUNAT (001_TBL_CLIENTES_B2B) -- no se puede validar SUNAT/Osiptel para este RUC.'],0,
,,,,,SIN_HISTORIAL_DE_FACTURACION,,,,,False,ALERTA — REVISIÓN HUMANA,['Cliente no encontrado en el maestro SUNAT (001_TBL_CLIENTES_B2B) -- no se puede validar SUNAT/Osiptel para este RUC.'],0,
,,,,,SIN_HISTORIAL_DE_FACTURACION,,,,,False,ALERTA — REVISIÓN HUMANA,['Cliente no encontrado en el maestro SUNAT (001_TBL_CLIENTES_B2B) -- no se puede validar SUNAT/Osiptel para este RUC.'],0,
RUC_7d345cb8caa6,CLIENT_00724,AREQUIPA,Arequipa,Jacobo Hunter,SIN_HISTORIAL_DE_FACTURACION,,,,,True,OK,[],0,
RUC_62ca8644758f,CLIENT_00165,LIMA,Lima,Santa Anita,BAJO,BAJO,2.0,2.0,False,True,OK,[],0,Mantener ciclo de facturación estándar; sin acción de cobranza adicional.
,,,,,SIN_HISTORIAL_DE_FACTURACION,,,,,False,ALERTA — REVISIÓN HUMANA,['Cliente no encontrado en el maestro SUNAT (001_TBL_CLIENTES_B2B) -- no se puede validar SUNAT/Osiptel para este RUC.'],0,
,,,,,SIN_HISTORIAL_DE_FACTURACION,,,,,False,ALERTA — REVISIÓN HUMANA,['Cliente no encontrado en el maestro SUNAT (001_TBL_CLIENTES_B2B) -- no se puede validar SUNAT/Osiptel para este RUC.'],0,
,,,,,SIN_HISTORIAL_DE_FACTURACION,,,,,False,ALERTA — REVISIÓN HUMANA,['Cliente no encontrado en el maestro SUNAT (001_TBL_CLIENTES_B2B) -- no se puede validar SUNAT/Osiptel para este RUC.'],0,
,,,,,SIN_HISTORIAL_DE_FACTURACION,,,,,False,ALERTA — REVISIÓN HUMANA,['Cliente no encontrado en el maestro SUNAT (001_TBL_CLIENTES_B2B) -- no se puede validar SUNAT/Osiptel para este RUC.'],0,
RUC_d329de7bc675,CLIENT_00570,LIMA,Lima,San Juan de Lurigancho,ALTO,BAJO,-8.0,-7.0,False,True,ALERTA — REVISIÓN HUMANA,['SUNAT_ESTADO_CONTRIBUYENTE=BAJA DE OFICIO (no ACTIVO)'],0,Mantener ciclo de facturación estándar; sin acción de cobranza adicional.
,,,,,SIN_HISTORIAL_DE_FACTURACION,,,,,False,ALERTA — REVISIÓN HUMANA,['Cliente no encontrado en el maestro SUNAT (001_TBL_CLIENTES_B2B) -- no se puede validar SUNAT/Osiptel para este RUC.'],0,
,,,,,SIN_HISTORIAL_DE_FACTURACION,,,,,False,ALERTA — REVISIÓN HUMANA,['Cliente no encontrado en el maestro SUNAT (001_TBL_CLIENTES_B2B) -- no se puede validar SUNAT/Osiptel para este RUC.'],0,
RUC_9cf66467f265,CLIENT_00826,LIMA,Lima,San Juan de Lurigancho,BAJO,BAJO,5.0,5.0,False,True,OK,[],0,Mantener ciclo de facturación estándar; sin acción de cobranza adicional.
,,,,,SIN_HISTORIAL_DE_FACTURACION,,,,,False,ALERTA — REVISIÓN HUMANA,['Cliente no encontrado en el maestro SUNAT (001_TBL_CLIENTES_B2B) -- no se puede validar SUNAT/Osiptel para este RUC.'],0,
,,,,,SIN_HISTORIAL_DE_FACTURACION,,,,,False,ALERTA — REVISIÓN HUMANA,['Cliente no encontrado en el maestro SUNAT (001_TBL_CLIENTES_B2B) -- no se puede validar SUNAT/Osiptel para este RUC.'],0,
,,,,,SIN_HISTORIAL_DE_FACTURACION,,,,,False,ALERTA — REVISIÓN HUMANA,['Cliente no encontrado en el maestro SUNAT (001_TBL_CLIENTES_B2B) -- no se puede validar SUNAT/Osiptel para este RUC.'],0,
RUC_f27eb5e3e4c7,CLIENT_00369,LIMA,Lima,San Isidro,BAJO,BAJO,0.5,5.0,False,True,OK,[],0,Mantener ciclo de facturación estándar; sin acción de cobranza adicional.
,,,,,SIN_HISTORIAL_DE_FACTURACION,,,,,False,ALERTA — REVISIÓN HUMANA,['Cliente no encontrado en el maestro SUNAT (001_TBL_CLIENTES_B2B) -- no se puede validar SUNAT/Osiptel para este RUC.'],0,
,,,,,SIN_HISTORIAL_DE_FACTURACION,,,,,False,ALERTA — REVISIÓN HUMANA,['Cliente no encontrado en el maestro SUNAT (001_TBL_CLIENTES_B2B) -- no se puede validar SUNAT/Osiptel para este RUC.'],0,
,,,,,SIN_HISTORIAL_DE_FACTURACION,,,,,False,ALERTA — REVISIÓN HUMANA,['Cliente no encontrado en el maestro SUNAT (001_TBL_CLIENTES_B2B) -- no se puede validar SUNAT/Osiptel para este RUC.'],0,
,,,,,SIN_HISTORIAL_DE_FACTURACION,,,,,False,ALERTA — REVISIÓN HUMANA,['Cliente no encontrado en el maestro SUNAT (001_TBL_CLIENTES_B2B) -- no se puede validar SUNAT/Osiptel para este RUC.'],0,
RUC_e5d2a9ee14ba,CLIENT_00965,AREQUIPA,Arequipa,Jacobo Hunter,SIN_HISTORIAL_DE_FACTURACION,,,,,True,OK,[],0,
,,,,,SIN_HISTORIAL_DE_FACTURACION,,,,,False,ALERTA — REVISIÓN HUMANA,['Cliente no encontrado en el maestro SUNAT (001_TBL_CLIENTES_B2B) -- no se puede validar SUNAT/Osiptel para este RUC.'],0,
,,,,,BAJO,BAJO,-3.2,3.0,False,False,ALERTA — REVISIÓN HUMANA,['Cliente no encontrado en el maestro SUNAT (001_TBL_CLIENTES_B2B) -- no se puede validar SUNAT/Osiptel para este RUC.'],2,Mantener ciclo de facturación estándar; sin acción de cobranza adicional.
,,,,,SIN_HISTORIAL_DE_FACTURACION,,,,,False,ALERTA — REVISIÓN HUMANA,['Cliente no encontrado en el maestro SUNAT (001_TBL_CLIENTES_B2B) -- no se puede validar SUNAT/Osiptel para este RUC.'],0,
RUC_bc394ac7ceae,CLIENT_00668,LIMA,Lima,San Borja,ALTO,ALTO,23.0,23.0,False,True,OK,[],1,Contacto proactivo antes del vencimiento + oferta de plan de pago fraccionado; escalar a gestor de cuenta senior.
RUC_7c615deb20f0,CLIENT_00657,PIURA,Sullana,Sullana,SIN_HISTORIAL_DE_FACTURACION,,,,,True,OK,[],0,
,,,,,BAJO,BAJO,-2.0,6.0,False,False,ALERTA — REVISIÓN HUMANA,['Cliente no encontrado en el maestro SUNAT (001_TBL_CLIENTES_B2B) -- no se puede validar SUNAT/Osiptel para este RUC.'],0,Mantener ciclo de facturación estándar; sin acción de cobranza adicional.
RUC_c3e4ab511f3c,CLIENT_00790,LA LIBERTAD,Trujillo,Trujillo,SIN_HISTORIAL_DE_FACTURACION,,,,,True,OK,[],0,
RUC_c04bf2e1b1b4,CLIENT_00731,CAJAMARCA,Cajabamba,Cajabamba,SIN_HISTORIAL_DE_FACTURACION,,,,,True,OK,[],0,
,,,,,SIN_HISTORIAL_DE_FACTURACION,,,,,False,ALERTA — REVISIÓN HUMANA,['Cliente no encontrado en el maestro SUNAT (001_TBL_CLIENTES_B2B) -- no se puede validar SUNAT/Osiptel para este RUC.'],0,
,,,,,SIN_HISTORIAL_DE_FACTURACION,,,,,False,ALERTA — REVISIÓN HUMANA,['Cliente no encontrado en el maestro SUNAT (001_TBL_CLIENTES_B2B) -- no se puede validar SUNAT/Osiptel para este RUC.'],0,
RUC_3f348a32b1a5,CLIENT_00920,LIMA,Lima,Pueblo Libre,BAJO,BAJO,-14.0,-13.0,False,True,OK,[],0,Mantener ciclo de facturación estándar; sin acción de cobranza adicional.
RUC_8415f434de0b,CLIENT_00226,AREQUIPA,Arequipa,Miraflores,SIN_HISTORIAL_DE_FACTURACION,,,,,True,OK,[],0,
RUC_aadc407d467c,CLIENT_00665,LORETO,Alto Amazonas,Yurimaguas,ALTO,ALTO,67.0,82.0,False,True,OK,[],2,Contacto proactivo antes del vencimiento + oferta de plan de pago fraccionado; escalar a gestor de cuenta senior.
,,,,,SIN_HISTORIAL_DE_FACTURACION,,,,,False,ALERTA — REVISIÓN HUMANA,['Cliente no encontrado en el maestro SUNAT (001_TBL_CLIENTES_B2B) -- no se puede validar SUNAT/Osiptel para este RUC.'],0,
,,,,,SIN_HISTORIAL_DE_FACTURACION,,,,,False,ALERTA — REVISIÓN HUMANA,['Cliente no encontrado en el maestro SUNAT (001_TBL_CLIENTES_B2B) -- no se puede validar SUNAT/Osiptel para este RUC.'],0,
,,,,,SIN_HISTORIAL_DE_FACTURACION,,,,,False,ALERTA — REVISIÓN HUMANA,['Cliente no encontrado en el maestro SUNAT (001_TBL_CLIENTES_B2B) -- no se puede validar SUNAT/Osiptel para este RUC.'],0,
,,,,,SIN_HISTORIAL_DE_FACTURACION,,,,,False,ALERTA — REVISIÓN HUMANA,['Cliente no encontrado en el maestro SUNAT (001_TBL_CLIENTES_B2B) -- no se puede validar SUNAT/Osiptel para este RUC.'],0,
,,,,,SIN_HISTORIAL_DE_FACTURACION,,,,,False,ALERTA — REVISIÓN HUMANA,['Cliente no encontrado en el maestro SUNAT (001_TBL_CLIENTES_B2B) -- no se puede validar SUNAT/Osiptel para este RUC.'],0,
,,,,,SIN_HISTORIAL_DE_FACTURACION,,,,,False,ALERTA — REVISIÓN HUMANA,['Cliente no encontrado en el maestro SUNAT (001_TBL_CLIENTES_B2B) -- no se puede validar SUNAT/Osiptel para este RUC.'],0,
,,,,,SIN_HISTORIAL_DE_FACTURACION,,,,,False,ALERTA — REVISIÓN HUMANA,['Cliente no encontrado en el maestro SUNAT (001_TBL_CLIENTES_B2B) -- no se puede validar SUNAT/Osiptel para este RUC.'],0,
RUC_1b187de75c97,CLIENT_00102,LIMA,Lima,San Borja,BAJO,BAJO,-6.0,-6.0,False,True,OK,[],0,Mantener ciclo de facturación estándar; sin acción de cobranza adicional.
RUC_1247ad6d8554,CLIENT_00772,LIMA,Lima,La Victoria,ALTO,ALTO,151.0,165.0,False,True,OK,[],2,Contacto proactivo antes del vencimiento + oferta de plan de pago fraccionado; escalar a gestor de cuenta senior.
,,,,,SIN_HISTORIAL_DE_FACTURACION,,,,,False,ALERTA — REVISIÓN HUMANA,['Cliente no encontrado en el maestro SUNAT (001_TBL_CLIENTES_B2B) -- no se puede validar SUNAT/Osiptel para este RUC.'],0,
RUC_2b44105b7c86,CLIENT_00027,LIMA,Lima,Miraflores,ALTO,BAJO,-9.5,-9.0,False,True,ALERTA — REVISIÓN HUMANA,['SUNAT_ESTADO_CONTRIBUYENTE=SUSPENSION TEMPORAL (no ACTIVO)'],0,Mantener ciclo de facturación estándar; sin acción de cobranza adicional.
,,,,,SIN_HISTORIAL_DE_FACTURACION,,,,,False,ALERTA — REVISIÓN HUMANA,['Cliente no encontrado en el maestro SUNAT (001_TBL_CLIENTES_B2B) -- no se puede validar SUNAT/Osiptel para este RUC.'],0,
,,,,,SIN_HISTORIAL_DE_FACTURACION,,,,,False,ALERTA — REVISIÓN HUMANA,['Cliente no encontrado en el maestro SUNAT (001_TBL_CLIENTES_B2B) -- no se puede validar SUNAT/Osiptel para este RUC.'],0,
RUC_e41aa210fdc3,CLIENT_00849,LIMA,Lima,San Juan de Miraflores,BAJO,BAJO,4.5,5.0,False,True,OK,[],0,Mantener ciclo de facturación estándar; sin acción de cobranza adicional.
,,,,,SIN_HISTORIAL_DE_FACTURACION,,,,,False,ALERTA — REVISIÓN HUMANA,['Cliente no encontrado en el maestro SUNAT (001_TBL_CLIENTES_B2B) -- no se puede validar SUNAT/Osiptel para este RUC.'],0,
,,,,,SIN_HISTORIAL_DE_FACTURACION,,,,,False,ALERTA — REVISIÓN HUMANA,['Cliente no encontrado en el maestro SUNAT (001_TBL_CLIENTES_B2B) -- no se puede validar SUNAT/Osiptel para este RUC.'],0,
,,,,,SIN_HISTORIAL_DE_FACTURACION,,,,,False,ALERTA — REVISIÓN HUMANA,['Cliente no encontrado en el maestro SUNAT (001_TBL_CLIENTES_B2B) -- no se puede validar SUNAT/Osiptel para este RUC.'],0,
,,,,,SIN_HISTORIAL_DE_FACTURACION,,,,,False,ALERTA — REVISIÓN HUMANA,['Cliente no encontrado en el maestro SUNAT (001_TBL_CLIENTES_B2B) -- no se puede validar SUNAT/Osiptel para este RUC.'],0,
,,,,,BAJO,BAJO,3.0,4.0,True,False,ALERTA — REVISIÓN HUMANA,['Cliente no encontrado en el maestro SUNAT (001_TBL_CLIENTES_B2B) -- no se puede validar SUNAT/Osiptel para este RUC.'],0,Mantener ciclo de facturación estándar; sin acción de cobranza adicional.
,,,,,BAJO,BAJO,-3.0,1.0,True,False,ALERTA — REVISIÓN HUMANA,['Cliente no encontrado en el maestro SUNAT (001_TBL_CLIENTES_B2B) -- no se puede validar SUNAT/Osiptel para este RUC.'],0,Mantener ciclo de facturación estándar; sin acción de cobranza adicional.
,,,,,BAJO,BAJO,1.0,1.0,False,False,ALERTA — REVISIÓN HUMANA,['Cliente no encontrado en el maestro SUNAT (001_TBL_CLIENTES_B2B) -- no se puede validar SUNAT/Osiptel para este RUC.'],0,Mantener ciclo de facturación estándar; sin acción de cobranza adicional.
RUC_1cdddd42b17f,CLIENT_00080,LIMA,Lima,Santiago de Surco,SIN_HISTORIAL_DE_FACTURACION,,,,,True,OK,[],0,
,,,,,SIN_HISTORIAL_DE_FACTURACION,,,,,False,ALERTA — REVISIÓN HUMANA,['Cliente no encontrado en el maestro SUNAT (001_TBL_CLIENTES_B2B) -- no se puede validar SUNAT/Osiptel para este RUC.'],0,
,,,,,SIN_HISTORIAL_DE_FACTURACION,,,,,False,ALERTA — REVISIÓN HUMANA,['Cliente no encontrado en el maestro SUNAT (001_TBL_CLIENTES_B2B) -- no se puede validar SUNAT/Osiptel para este RUC.'],0,
,,,,,SIN_HISTORIAL_DE_FACTURACION,,,,,False,ALERTA — REVISIÓN HUMANA,['Cliente no encontrado en el maestro SUNAT (001_TBL_CLIENTES_B2B) -- no se puede validar SUNAT/Osiptel para este RUC.'],0,
,,,,,SIN_HISTORIAL_DE_FACTURACION,,,,,False,ALERTA — REVISIÓN HUMANA,['Cliente no encontrado en el maestro SUNAT (001_TBL_CLIENTES_B2B) -- no se puede validar SUNAT/Osiptel para este RUC.'],0,
,,,,,SIN_HISTORIAL_DE_FACTURACION,,,,,False,ALERTA — REVISIÓN HUMANA,['Cliente no encontrado en el maestro SUNAT (001_TBL_CLIENTES_B2B) -- no se puede validar SUNAT/Osiptel para este RUC.'],0,
,,,,,BAJO,BAJO,3.0,4.0,True,False,ALERTA — REVISIÓN HUMANA,['Cliente no encontrado en el maestro SUNAT (001_TBL_CLIENTES_B2B) -- no se puede validar SUNAT/Osiptel para este RUC.'],1,Mantener ciclo de facturación estándar; sin acción de cobranza adicional.
RUC_04b1a5b8490e,CLIENT_00979,LIMA,Lima,Miraflores,ALTO,ALTO,25.0,25.0,False,True,OK,[],0,Contacto proactivo antes del vencimiento + oferta de plan de pago fraccionado; escalar a gestor de cuenta senior.
,,,,,SIN_HISTORIAL_DE_FACTURACION,,,,,False,ALERTA — REVISIÓN HUMANA,['Cliente no encontrado en el maestro SUNAT (001_TBL_CLIENTES_B2B) -- no se puede validar SUNAT/Osiptel para este RUC.'],0,
,,,,,SIN_HISTORIAL_DE_FACTURACION,,,,,False,ALERTA — REVISIÓN HUMANA,['Cliente no encontrado en el maestro SUNAT (001_TBL_CLIENTES_B2B) -- no se puede validar SUNAT/Osiptel para este RUC.'],0,
,,,,,SIN_HISTORIAL_DE_FACTURACION,,,,,False,ALERTA — REVISIÓN HUMANA,['Cliente no encontrado en el maestro SUNAT (001_TBL_CLIENTES_B2B) -- no se puede validar SUNAT/Osiptel para este RUC.'],0,
,,,,,SIN_HISTORIAL_DE_FACTURACION,,,,,False,ALERTA — REVISIÓN HUMANA,['Cliente no encontrado en el maestro SUNAT (001_TBL_CLIENTES_B2B) -- no se puede validar SUNAT/Osiptel para este RUC.'],0,
,,,,,BAJO,BAJO,-1.0,-1.0,False,False,ALERTA — REVISIÓN HUMANA,['Cliente no encontrado en el maestro SUNAT (001_TBL_CLIENTES_B2B) -- no se puede validar SUNAT/Osiptel para este RUC.'],0,Mantener ciclo de facturación estándar; sin acción de cobranza adicional.
,,,,,SIN_HISTORIAL_DE_FACTURACION,,,,,False,ALERTA — REVISIÓN HUMANA,['Cliente no encontrado en el maestro SUNAT (001_TBL_CLIENTES_B2B) -- no se puede validar SUNAT/Osiptel para este RUC.'],0,
,,,,,SIN_HISTORIAL_DE_FACTURACION,,,,,False,ALERTA — REVISIÓN HUMANA,['Cliente no encontrado en el maestro SUNAT (001_TBL_CLIENTES_B2B) -- no se puede validar SUNAT/Osiptel para este RUC.'],0,
,,,,,SIN_HISTORIAL_DE_FACTURACION,,,,,False,ALERTA — REVISIÓN HUMANA,['Cliente no encontrado en el maestro SUNAT (001_TBL_CLIENTES_B2B) -- no se puede validar SUNAT/Osiptel para este RUC.'],0,
,,,,,SIN_HISTORIAL_DE_FACTURACION,,,,,False,ALERTA — REVISIÓN HUMANA,['Cliente no encontrado en el maestro SUNAT (001_TBL_CLIENTES_B2B) -- no se puede validar SUNAT/Osiptel para este RUC.'],0,
RUC_28b5e173472d,CLIENT_00336,LIMA,Lima,La Molina,BAJO,BAJO,2.5,3.0,True,True,OK,[],0,Mantener ciclo de facturación estándar; sin acción de cobranza adicional.
,,,,,SIN_HISTORIAL_DE_FACTURACION,,,,,False,ALERTA — REVISIÓN HUMANA,['Cliente no encontrado en el maestro SUNAT (001_TBL_CLIENTES_B2B) -- no se puede validar SUNAT/Osiptel para este RUC.'],0,
,,,,,SIN_HISTORIAL_DE_FACTURACION,,,,,False,ALERTA — REVISIÓN HUMANA,['Cliente no encontrado en el maestro SUNAT (001_TBL_CLIENTES_B2B) -- no se puede validar SUNAT/Osiptel para este RUC.'],0,
,,,,,SIN_HISTORIAL_DE_FACTURACION,,,,,False,ALERTA — REVISIÓN HUMANA,['Cliente no encontrado en el maestro SUNAT (001_TBL_CLIENTES_B2B) -- no se puede validar SUNAT/Osiptel para este RUC.'],0,
,,,,,SIN_HISTORIAL_DE_FACTURACION,,,,,False,ALERTA — REVISIÓN HUMANA,['Cliente no encontrado en el maestro SUNAT (001_TBL_CLIENTES_B2B) -- no se puede validar SUNAT/Osiptel para este RUC.'],0,
RUC_667b4e3158cc,CLIENT_00834,JUNIN,Huancayo,El Tambo,BAJO,BAJO,3.5,4.0,False,True,OK,[],0,Mantener ciclo de facturación estándar; sin acción de cobranza adicional.
RUC_d061e63f232a,CLIENT_00311,LIMA,Lima,San Juan de Lurigancho,BAJO,BAJO,3.5,4.0,False,True,OK,[],0,Mantener ciclo de facturación estándar; sin acción de cobranza adicional.
RUC_b77dcdb734bf,CLIENT_00898,LIMA,Lima,San Isidro,BAJO,BAJO,-4.0,-1.0,False,True,OK,[],0,Mantener ciclo de facturación estándar; sin acción de cobranza adicional.
,,,,,BAJO,BAJO,-12.0,-12.0,False,False,ALERTA — REVISIÓN HUMANA,['Cliente no encontrado en el maestro SUNAT (001_TBL_CLIENTES_B2B) -- no se puede validar SUNAT/Osiptel para este RUC.'],0,Mantener ciclo de facturación estándar; sin acción de cobranza adicional.
,,,,,SIN_HISTORIAL_DE_FACTURACION,,,,,False,ALERTA — REVISIÓN HUMANA,['Cliente no encontrado en el maestro SUNAT (001_TBL_CLIENTES_B2B) -- no se puede validar SUNAT/Osiptel para este RUC.'],0,
,,,,,BAJO,BAJO,-1.0,-1.0,False,False,ALERTA — REVISIÓN HUMANA,['Cliente no encontrado en el maestro SUNAT (001_TBL_CLIENTES_B2B) -- no se puede validar SUNAT/Osiptel para este RUC.'],0,Mantener ciclo de facturación estándar; sin acción de cobranza adicional.
,,,,,SIN_HISTORIAL_DE_FACTURACION,,,,,False,ALERTA — REVISIÓN HUMANA,['Cliente no encontrado en el maestro SUNAT (001_TBL_CLIENTES_B2B) -- no se puede validar SUNAT/Osiptel para este RUC.'],0,
,,,,,SIN_HISTORIAL_DE_FACTURACION,,,,,False,ALERTA — REVISIÓN HUMANA,['Cliente no encontrado en el maestro SUNAT (001_TBL_CLIENTES_B2B) -- no se puede validar SUNAT/Osiptel para este RUC.'],0,
RUC_32e63feab0d7,CLIENT_00833,LIMA,Lima,San Borja,SIN_HISTORIAL_DE_FACTURACION,,,,,True,OK,[],0,
RUC_5bed83bac3dc,CLIENT_00641,LIMA,Lima,Surquillo,BAJO,BAJO,-4.0,-3.0,False,True,OK,[],0,Mantener ciclo de facturación estándar; sin acción de cobranza adicional.
,,,,,SIN_HISTORIAL_DE_FACTURACION,,,,,False,ALERTA — REVISIÓN HUMANA,['Cliente no encontrado en el maestro SUNAT (001_TBL_CLIENTES_B2B) -- no se puede validar SUNAT/Osiptel para este RUC.'],0,
,,,,,SIN_HISTORIAL_DE_FACTURACION,,,,,False,ALERTA — REVISIÓN HUMANA,['Cliente no encontrado en el maestro SUNAT (001_TBL_CLIENTES_B2B) -- no se puede validar SUNAT/Osiptel para este RUC.'],0,
RUC_854c42245027,CLIENT_00549,LIMA,Lima,Santiago de Surco,SIN_HISTORIAL_DE_FACTURACION,,,,,True,OK,[],0,
RUC_be595b7cc192,CLIENT_00913,LIMA,Lima,Lince,BAJO,BAJO,-3.0,-3.0,False,True,OK,[],0,Mantener ciclo de facturación estándar; sin acción de cobranza adicional.
,,,,,SIN_HISTORIAL_DE_FACTURACION,,,,,False,ALERTA — REVISIÓN HUMANA,['Cliente no encontrado en el maestro SUNAT (001_TBL_CLIENTES_B2B) -- no se puede validar SUNAT/Osiptel para este RUC.'],0,
RUC_47fd75c15a5e,CLIENT_00796,LIMA,Lima,San Juan de Lurigancho,BAJO,BAJO,-1.0,-1.0,False,True,OK,[],0,Mantener ciclo de facturación estándar; sin acción de cobranza adicional.
,,,,,SIN_HISTORIAL_DE_FACTURACION,,,,,False,ALERTA — REVISIÓN HUMANA,['Cliente no encontrado en el maestro SUNAT (001_TBL_CLIENTES_B2B) -- no se puede validar SUNAT/Osiptel para este RUC.'],0,
,,,,,SIN_HISTORIAL_DE_FACTURACION,,,,,False,ALERTA — REVISIÓN HUMANA,['Cliente no encontrado en el maestro SUNAT (001_TBL_CLIENTES_B2B) -- no se puede validar SUNAT/Osiptel para este RUC.'],0,
,,,,,SIN_HISTORIAL_DE_FACTURACION,,,,,False,ALERTA — REVISIÓN HUMANA,['Cliente no encontrado en el maestro SUNAT (001_TBL_CLIENTES_B2B) -- no se puede validar SUNAT/Osiptel para este RUC.'],0,
,,,,,BAJO,BAJO,3.0,3.0,False,False,ALERTA — REVISIÓN HUMANA,['Cliente no encontrado en el maestro SUNAT (001_TBL_CLIENTES_B2B) -- no se puede validar SUNAT/Osiptel para este RUC.'],0,Mantener ciclo de facturación estándar; sin acción de cobranza adicional.
,,,,,BAJO,BAJO,-2.0,3.0,False,False,ALERTA — REVISIÓN HUMANA,['Cliente no encontrado en el maestro SUNAT (001_TBL_CLIENTES_B2B) -- no se puede validar SUNAT/Osiptel para este RUC.'],0,Mantener ciclo de facturación estándar; sin acción de cobranza adicional.
,,,,,SIN_HISTORIAL_DE_FACTURACION,,,,,False,ALERTA — REVISIÓN HUMANA,['Cliente no encontrado en el maestro SUNAT (001_TBL_CLIENTES_B2B) -- no se puede validar SUNAT/Osiptel para este RUC.'],0,
RUC_57ded5d71988,CLIENT_00980,LIMA,Lima,San Borja,SIN_HISTORIAL_DE_FACTURACION,,,,,True,OK,[],0,
RUC_7460282bde01,CLIENT_00399,ANCASH,Casma,Casma,ALTO,,,,,True,ALERTA — REVISIÓN HUMANA,['SUNAT_ESTADO_CONTRIBUYENTE=SUSPENSION TEMPORAL (no ACTIVO)'],0,
,,,,,SIN_HISTORIAL_DE_FACTURACION,,,,,False,ALERTA — REVISIÓN HUMANA,['Cliente no encontrado en el maestro SUNAT (001_TBL_CLIENTES_B2B) -- no se puede validar SUNAT/Osiptel para este RUC.'],0,
,,,,,SIN_HISTORIAL_DE_FACTURACION,,,,,False,ALERTA — REVISIÓN HUMANA,['Cliente no encontrado en el maestro SUNAT (001_TBL_CLIENTES_B2B) -- no se puede validar SUNAT/Osiptel para este RUC.'],0,
RUC_45e873d351dc,CLIENT_00741,CUSCO,Cusco,Cusco,ALTO,ALTO,16.0,95.0,False,True,OK,[],4,Contacto proactivo antes del vencimiento + oferta de plan de pago fraccionado; escalar a gestor de cuenta senior.
,,,,,SIN_HISTORIAL_DE_FACTURACION,,,,,False,ALERTA — REVISIÓN HUMANA,['Cliente no encontrado en el maestro SUNAT (001_TBL_CLIENTES_B2B) -- no se puede validar SUNAT/Osiptel para este RUC.'],0,
,,,,,SIN_HISTORIAL_DE_FACTURACION,,,,,False,ALERTA — REVISIÓN HUMANA,['Cliente no encontrado en el maestro SUNAT (001_TBL_CLIENTES_B2B) -- no se puede validar SUNAT/Osiptel para este RUC.'],0,
,,,,,SIN_HISTORIAL_DE_FACTURACION,,,,,False,ALERTA — REVISIÓN HUMANA,['Cliente no encontrado en el maestro SUNAT (001_TBL_CLIENTES_B2B) -- no se puede validar SUNAT/Osiptel para este RUC.'],0,
RUC_3be05ba183e5,CLIENT_00896,ICA,Chincha,Chincha Alta,BAJO,BAJO,3.0,3.0,False,True,OK,[],0,Mantener ciclo de facturación estándar; sin acción de cobranza adicional.
,,,,,MEDIO,MEDIO,12.5,13.0,False,False,ALERTA — REVISIÓN HUMANA,['Cliente no encontrado en el maestro SUNAT (001_TBL_CLIENTES_B2B) -- no se puede validar SUNAT/Osiptel para este RUC.'],0,Recordatorio automático 5 días antes del vencimiento por correo/WhatsApp; sin escalamiento humano todavía.
,,,,,SIN_HISTORIAL_DE_FACTURACION,,,,,False,ALERTA — REVISIÓN HUMANA,['Cliente no encontrado en el maestro SUNAT (001_TBL_CLIENTES_B2B) -- no se puede validar SUNAT/Osiptel para este RUC.'],0,
RUC_283561bf1db3,CLIENT_00187,LIMA,Lima,San Isidro,BAJO,BAJO,-6.5,-5.0,False,True,OK,[],0,Mantener ciclo de facturación estándar; sin acción de cobranza adicional.
,,,,,SIN_HISTORIAL_DE_FACTURACION,,,,,False,ALERTA — REVISIÓN HUMANA,['Cliente no encontrado en el maestro SUNAT (001_TBL_CLIENTES_B2B) -- no se puede validar SUNAT/Osiptel para este RUC.'],0,
,,,,,BAJO,BAJO,-1.1,7.0,False,False,ALERTA — REVISIÓN HUMANA,['Cliente no encontrado en el maestro SUNAT (001_TBL_CLIENTES_B2B) -- no se puede validar SUNAT/Osiptel para este RUC.'],0,Mantener ciclo de facturación estándar; sin acción de cobranza adicional.
,,,,,SIN_HISTORIAL_DE_FACTURACION,,,,,False,ALERTA — REVISIÓN HUMANA,['Cliente no encontrado en el maestro SUNAT (001_TBL_CLIENTES_B2B) -- no se puede validar SUNAT/Osiptel para este RUC.'],0,
,,,,,SIN_HISTORIAL_DE_FACTURACION,,,,,False,ALERTA — REVISIÓN HUMANA,['Cliente no encontrado en el maestro SUNAT (001_TBL_CLIENTES_B2B) -- no se puede validar SUNAT/Osiptel para este RUC.'],0,
RUC_048bf71359e2,CLIENT_00960,AREQUIPA,Arequipa,Arequipa,SIN_HISTORIAL_DE_FACTURACION,,,,,True,OK,[],0,
,,,,,SIN_HISTORIAL_DE_FACTURACION,,,,,False,ALERTA — REVISIÓN HUMANA,['Cliente no encontrado en el maestro SUNAT (001_TBL_CLIENTES_B2B) -- no se puede validar SUNAT/Osiptel para este RUC.'],0,
,,,,,SIN_HISTORIAL_DE_FACTURACION,,,,,False,ALERTA — REVISIÓN HUMANA,['Cliente no encontrado en el maestro SUNAT (001_TBL_CLIENTES_B2B) -- no se puede validar SUNAT/Osiptel para este RUC.'],0,
RUC_02a53b51f4a9,CLIENT_00109,LIMA,Lima,Rímac,BAJO,BAJO,1.5,5.0,True,True,OK,[],0,Mantener ciclo de facturación estándar; sin acción de cobranza adicional.
,,,,,SIN_HISTORIAL_DE_FACTURACION,,,,,False,ALERTA — REVISIÓN HUMANA,['Cliente no encontrado en el maestro SUNAT (001_TBL_CLIENTES_B2B) -- no se puede validar SUNAT/Osiptel para este RUC.'],0,
,,,,,SIN_HISTORIAL_DE_FACTURACION,,,,,False,ALERTA — REVISIÓN HUMANA,['Cliente no encontrado en el maestro SUNAT (001_TBL_CLIENTES_B2B) -- no se puede validar SUNAT/Osiptel para este RUC.'],0,
,,,,,SIN_HISTORIAL_DE_FACTURACION,,,,,False,ALERTA — REVISIÓN HUMANA,['Cliente no encontrado en el maestro SUNAT (001_TBL_CLIENTES_B2B) -- no se puede validar SUNAT/Osiptel para este RUC.'],0,
,,,,,SIN_HISTORIAL_DE_FACTURACION,,,,,False,ALERTA — REVISIÓN HUMANA,['Cliente no encontrado en el maestro SUNAT (001_TBL_CLIENTES_B2B) -- no se puede validar SUNAT/Osiptel para este RUC.'],0,
,,,,,BAJO,BAJO,-4.5,-1.0,False,False,ALERTA — REVISIÓN HUMANA,['Cliente no encontrado en el maestro SUNAT (001_TBL_CLIENTES_B2B) -- no se puede validar SUNAT/Osiptel para este RUC.'],0,Mantener ciclo de facturación estándar; sin acción de cobranza adicional.
RUC_3906bf875c96,CLIENT_00795,LIMA,Lima,Ate,SIN_HISTORIAL_DE_FACTURACION,,,,,True,OK,[],0,
RUC_3fb26ab0f059,CLIENT_00767,LIMA,Lima,La Victoria,BAJO,BAJO,-2.0,4.0,True,True,OK,[],1,Mantener ciclo de facturación estándar; sin acción de cobranza adicional.
,,,,,SIN_HISTORIAL_DE_FACTURACION,,,,,False,ALERTA — REVISIÓN HUMANA,['Cliente no encontrado en el maestro SUNAT (001_TBL_CLIENTES_B2B) -- no se puede validar SUNAT/Osiptel para este RUC.'],0,
RUC_94aae74e8b17,CLIENT_00274,PIURA,Sullana,Sullana,ALTO,BAJO,-0.5,1.0,True,True,ALERTA — REVISIÓN HUMANA,['Todas sus líneas (fija/móvil) están inactivas o suspendidas'],1,Mantener ciclo de facturación estándar; sin acción de cobranza adicional.
,,,,,SIN_HISTORIAL_DE_FACTURACION,,,,,False,ALERTA — REVISIÓN HUMANA,['Cliente no encontrado en el maestro SUNAT (001_TBL_CLIENTES_B2B) -- no se puede validar SUNAT/Osiptel para este RUC.'],0,
,,,,,BAJO,BAJO,-7.5,-5.0,True,False,ALERTA — REVISIÓN HUMANA,['Cliente no encontrado en el maestro SUNAT (001_TBL_CLIENTES_B2B) -- no se puede validar SUNAT/Osiptel para este RUC.'],0,Mantener ciclo de facturación estándar; sin acción de cobranza adicional.
,,,,,SIN_HISTORIAL_DE_FACTURACION,,,,,False,ALERTA — REVISIÓN HUMANA,['Cliente no encontrado en el maestro SUNAT (001_TBL_CLIENTES_B2B) -- no se puede validar SUNAT/Osiptel para este RUC.'],0,
,,,,,SIN_HISTORIAL_DE_FACTURACION,,,,,False,ALERTA — REVISIÓN HUMANA,['Cliente no encontrado en el maestro SUNAT (001_TBL_CLIENTES_B2B) -- no se puede validar SUNAT/Osiptel para este RUC.'],0,
RUC_27cdead68999,CLIENT_00521,LIMA,Lima,Los Olivos,SIN_HISTORIAL_DE_FACTURACION,,,,,True,OK,[],0,
,,,,,SIN_HISTORIAL_DE_FACTURACION,,,,,False,ALERTA — REVISIÓN HUMANA,['Cliente no encontrado en el maestro SUNAT (001_TBL_CLIENTES_B2B) -- no se puede validar SUNAT/Osiptel para este RUC.'],0,
RUC_d2473f704f5e,CLIENT_00996,LIMA,Lima,Santiago de Surco,SIN_HISTORIAL_DE_FACTURACION,,,,,True,OK,[],0,
RUC_4a96754004c0,CLIENT_00763,LIMA,Lima,La Victoria,SIN_HISTORIAL_DE_FACTURACION,,,,,True,OK,[],0,
,,,,,ALTO,ALTO,112.8,231.0,False,False,ALERTA — REVISIÓN HUMANA,['Cliente no encontrado en el maestro SUNAT (001_TBL_CLIENTES_B2B) -- no se puede validar SUNAT/Osiptel para este RUC.'],2,Contacto proactivo antes del vencimiento + oferta de plan de pago fraccionado; escalar a gestor de cuenta senior.
,,,,,SIN_HISTORIAL_DE_FACTURACION,,,,,False,ALERTA — REVISIÓN HUMANA,['Cliente no encontrado en el maestro SUNAT (001_TBL_CLIENTES_B2B) -- no se puede validar SUNAT/Osiptel para este RUC.'],0,
,,,,,BAJO,BAJO,3.5,4.0,True,False,ALERTA — REVISIÓN HUMANA,['Cliente no encontrado en el maestro SUNAT (001_TBL_CLIENTES_B2B) -- no se puede validar SUNAT/Osiptel para este RUC.'],0,Mantener ciclo de facturación estándar; sin acción de cobranza adicional.
,,,,,ALTO,ALTO,48.0,149.0,False,False,ALERTA — REVISIÓN HUMANA,['Cliente no encontrado en el maestro SUNAT (001_TBL_CLIENTES_B2B) -- no se puede validar SUNAT/Osiptel para este RUC.'],1,Contacto proactivo antes del vencimiento + oferta de plan de pago fraccionado; escalar a gestor de cuenta senior.
,,,,,SIN_HISTORIAL_DE_FACTURACION,,,,,False,ALERTA — REVISIÓN HUMANA,['Cliente no encontrado en el maestro SUNAT (001_TBL_CLIENTES_B2B) -- no se puede validar SUNAT/Osiptel para este RUC.'],0,
RUC_317aa1c1375e,CLIENT_00576,LIMA,Lima,San Borja,SIN_HISTORIAL_DE_FACTURACION,,,,,True,OK,[],0,
RUC_207df5ffb4d7,CLIENT_00363,CAJAMARCA,Cajamarca,Cajamarca,ALTO,ALTO,52.0,67.0,False,True,OK,[],2,Contacto proactivo antes del vencimiento + oferta de plan de pago fraccionado; escalar a gestor de cuenta senior.
,,,,,SIN_HISTORIAL_DE_FACTURACION,,,,,False,ALERTA — REVISIÓN HUMANA,['Cliente no encontrado en el maestro SUNAT (001_TBL_CLIENTES_B2B) -- no se puede validar SUNAT/Osiptel para este RUC.'],0,
,,,,,BAJO,BAJO,-2.0,-1.0,True,False,ALERTA — REVISIÓN HUMANA,['Cliente no encontrado en el maestro SUNAT (001_TBL_CLIENTES_B2B) -- no se puede validar SUNAT/Osiptel para este RUC.'],0,Mantener ciclo de facturación estándar; sin acción de cobranza adicional.
,,,,,SIN_HISTORIAL_DE_FACTURACION,,,,,False,ALERTA — REVISIÓN HUMANA,['Cliente no encontrado en el maestro SUNAT (001_TBL_CLIENTES_B2B) -- no se puede validar SUNAT/Osiptel para este RUC.'],0,
,,,,,BAJO,BAJO,-3.2,15.0,False,False,ALERTA — REVISIÓN HUMANA,['Cliente no encontrado en el maestro SUNAT (001_TBL_CLIENTES_B2B) -- no se puede validar SUNAT/Osiptel para este RUC.'],2,Mantener ciclo de facturación estándar; sin acción de cobranza adicional.
,,,,,SIN_HISTORIAL_DE_FACTURACION,,,,,False,ALERTA — REVISIÓN HUMANA,['Cliente no encontrado en el maestro SUNAT (001_TBL_CLIENTES_B2B) -- no se puede validar SUNAT/Osiptel para este RUC.'],0,
,,,,,SIN_HISTORIAL_DE_FACTURACION,,,,,False,ALERTA — REVISIÓN HUMANA,['Cliente no encontrado en el maestro SUNAT (001_TBL_CLIENTES_B2B) -- no se puede validar SUNAT/Osiptel para este RUC.'],0,
,,,,,SIN_HISTORIAL_DE_FACTURACION,,,,,False,ALERTA — REVISIÓN HUMANA,['Cliente no encontrado en el maestro SUNAT (001_TBL_CLIENTES_B2B) -- no se puede validar SUNAT/Osiptel para este RUC.'],0,
,,,,,SIN_HISTORIAL_DE_FACTURACION,,,,,False,ALERTA — REVISIÓN HUMANA,['Cliente no encontrado en el maestro SUNAT (001_TBL_CLIENTES_B2B) -- no se puede validar SUNAT/Osiptel para este RUC.'],0,
,,,,,SIN_HISTORIAL_DE_FACTURACION,,,,,False,ALERTA — REVISIÓN HUMANA,['Cliente no encontrado en el maestro SUNAT (001_TBL_CLIENTES_B2B) -- no se puede validar SUNAT/Osiptel para este RUC.'],0,
RUC_085418e98131,CLIENT_00319,LIMA,Lima,Santiago de Surco,SIN_HISTORIAL_DE_FACTURACION,,,,,True,OK,[],0,
RUC_768c137ea1eb,CLIENT_00799,LIMA,Lima,Carabayllo,ALTO,BAJO,-1.0,4.0,True,True,ALERTA — REVISIÓN HUMANA,['SUNAT_ESTADO_CONTRIBUYENTE=BAJA DE OFICIO (no ACTIVO)'],0,Mantener ciclo de facturación estándar; sin acción de cobranza adicional.
,,,,,SIN_HISTORIAL_DE_FACTURACION,,,,,False,ALERTA — REVISIÓN HUMANA,['Cliente no encontrado en el maestro SUNAT (001_TBL_CLIENTES_B2B) -- no se puede validar SUNAT/Osiptel para este RUC.'],0,
,,,,,SIN_HISTORIAL_DE_FACTURACION,,,,,False,ALERTA — REVISIÓN HUMANA,['Cliente no encontrado en el maestro SUNAT (001_TBL_CLIENTES_B2B) -- no se puede validar SUNAT/Osiptel para este RUC.'],0,
RUC_66c9b9da2451,CLIENT_00024,LA LIBERTAD,Trujillo,Trujillo,SIN_HISTORIAL_DE_FACTURACION,,,,,True,OK,[],0,
,,,,,SIN_HISTORIAL_DE_FACTURACION,,,,,False,ALERTA — REVISIÓN HUMANA,['Cliente no encontrado en el maestro SUNAT (001_TBL_CLIENTES_B2B) -- no se puede validar SUNAT/Osiptel para este RUC.'],0,
,,,,,SIN_HISTORIAL_DE_FACTURACION,,,,,False,ALERTA — REVISIÓN HUMANA,['Cliente no encontrado en el maestro SUNAT (001_TBL_CLIENTES_B2B) -- no se puede validar SUNAT/Osiptel para este RUC.'],0,
RUC_a455f038f187,CLIENT_00001,LIMA,Lima,Miraflores,ALTO,ALTO,16.0,16.0,False,True,OK,[],0,Contacto proactivo antes del vencimiento + oferta de plan de pago fraccionado; escalar a gestor de cuenta senior.
,,,,,BAJO,BAJO,-8.5,-7.0,False,False,ALERTA — REVISIÓN HUMANA,['Cliente no encontrado en el maestro SUNAT (001_TBL_CLIENTES_B2B) -- no se puede validar SUNAT/Osiptel para este RUC.'],0,Mantener ciclo de facturación estándar; sin acción de cobranza adicional.
,,,,,SIN_HISTORIAL_DE_FACTURACION,,,,,False,ALERTA — REVISIÓN HUMANA,['Cliente no encontrado en el maestro SUNAT (001_TBL_CLIENTES_B2B) -- no se puede validar SUNAT/Osiptel para este RUC.'],0,
RUC_4a1ecc852e4a,CLIENT_00215,LIMA,Huaura,Santa María,BAJO,BAJO,-1.5,-1.0,False,True,OK,[],0,Mantener ciclo de facturación estándar; sin acción de cobranza adicional.
,,,,,SIN_HISTORIAL_DE_FACTURACION,,,,,False,ALERTA — REVISIÓN HUMANA,['Cliente no encontrado en el maestro SUNAT (001_TBL_CLIENTES_B2B) -- no se puede validar SUNAT/Osiptel para este RUC.'],0,
RUC_69f9a0588dc0,CLIENT_00628,LIMA,Lima,San Borja,SIN_HISTORIAL_DE_FACTURACION,,,,,True,OK,[],0,
,,,,,BAJO,BAJO,4.5,6.0,False,False,ALERTA — REVISIÓN HUMANA,['Cliente no encontrado en el maestro SUNAT (001_TBL_CLIENTES_B2B) -- no se puede validar SUNAT/Osiptel para este RUC.'],1,Mantener ciclo de facturación estándar; sin acción de cobranza adicional.
,,,,,SIN_HISTORIAL_DE_FACTURACION,,,,,False,ALERTA — REVISIÓN HUMANA,['Cliente no encontrado en el maestro SUNAT (001_TBL_CLIENTES_B2B) -- no se puede validar SUNAT/Osiptel para este RUC.'],0,
RUC_1741db692ad8,CLIENT_00051,LA LIBERTAD,Trujillo,Trujillo,MEDIO,MEDIO,7.0,13.0,False,True,OK,[],2,Recordatorio automático 5 días antes del vencimiento por correo/WhatsApp; sin escalamiento humano todavía.
,,,,,BAJO,BAJO,-2.0,0.0,True,False,ALERTA — REVISIÓN HUMANA,['Cliente no encontrado en el maestro SUNAT (001_TBL_CLIENTES_B2B) -- no se puede validar SUNAT/Osiptel para este RUC.'],0,Mantener ciclo de facturación estándar; sin acción de cobranza adicional.
,,,,,BAJO,BAJO,-12.5,-12.0,True,False,ALERTA — REVISIÓN HUMANA,['Cliente no encontrado en el maestro SUNAT (001_TBL_CLIENTES_B2B) -- no se puede validar SUNAT/Osiptel para este RUC.'],0,Mantener ciclo de facturación estándar; sin acción de cobranza adicional.
RUC_6849417759c1,CLIENT_00181,LIMA,Lima,Ate,BAJO,BAJO,-8.0,-8.0,False,True,OK,[],0,Mantener ciclo de facturación estándar; sin acción de cobranza adicional.
,,,,,SIN_HISTORIAL_DE_FACTURACION,,,,,False,ALERTA — REVISIÓN HUMANA,['Cliente no encontrado en el maestro SUNAT (001_TBL_CLIENTES_B2B) -- no se puede validar SUNAT/Osiptel para este RUC.'],0,
,,,,,SIN_HISTORIAL_DE_FACTURACION,,,,,False,ALERTA — REVISIÓN HUMANA,['Cliente no encontrado en el maestro SUNAT (001_TBL_CLIENTES_B2B) -- no se puede validar SUNAT/Osiptel para este RUC.'],0,
,,,,,SIN_HISTORIAL_DE_FACTURACION,,,,,False,ALERTA — REVISIÓN HUMANA,['Cliente no encontrado en el maestro SUNAT (001_TBL_CLIENTES_B2B) -- no se puede validar SUNAT/Osiptel para este RUC.'],0,
,,,,,SIN_HISTORIAL_DE_FACTURACION,,,,,False,ALERTA — REVISIÓN HUMANA,['Cliente no encontrado en el maestro SUNAT (001_TBL_CLIENTES_B2B) -- no se puede validar SUNAT/Osiptel para este RUC.'],0,
RUC_1fb50bf417cb,CLIENT_00651,APURIMAC,Abancay,Abancay,SIN_HISTORIAL_DE_FACTURACION,,,,,True,OK,[],0,
,,,,,SIN_HISTORIAL_DE_FACTURACION,,,,,False,ALERTA — REVISIÓN HUMANA,['Cliente no encontrado en el maestro SUNAT (001_TBL_CLIENTES_B2B) -- no se puede validar SUNAT/Osiptel para este RUC.'],0,
RUC_78ca8705039c,CLIENT_00633,LIMA,Lima,San Isidro,BAJO,BAJO,-2.8,3.0,False,True,OK,[],1,Mantener ciclo de facturación estándar; sin acción de cobranza adicional.
,,,,,SIN_HISTORIAL_DE_FACTURACION,,,,,False,ALERTA — REVISIÓN HUMANA,['Cliente no encontrado en el maestro SUNAT (001_TBL_CLIENTES_B2B) -- no se puede validar SUNAT/Osiptel para este RUC.'],0,
,,,,,SIN_HISTORIAL_DE_FACTURACION,,,,,False,ALERTA — REVISIÓN HUMANA,['Cliente no encontrado en el maestro SUNAT (001_TBL_CLIENTES_B2B) -- no se puede validar SUNAT/Osiptel para este RUC.'],0,
,,,,,BAJO,BAJO,-10.5,-10.0,False,False,ALERTA — REVISIÓN HUMANA,['Cliente no encontrado en el maestro SUNAT (001_TBL_CLIENTES_B2B) -- no se puede validar SUNAT/Osiptel para este RUC.'],0,Mantener ciclo de facturación estándar; sin acción de cobranza adicional.
,,,,,SIN_HISTORIAL_DE_FACTURACION,,,,,False,ALERTA — REVISIÓN HUMANA,['Cliente no encontrado en el maestro SUNAT (001_TBL_CLIENTES_B2B) -- no se puede validar SUNAT/Osiptel para este RUC.'],0,
,,,,,SIN_HISTORIAL_DE_FACTURACION,,,,,False,ALERTA — REVISIÓN HUMANA,['Cliente no encontrado en el maestro SUNAT (001_TBL_CLIENTES_B2B) -- no se puede validar SUNAT/Osiptel para este RUC.'],0,
,,,,,BAJO,BAJO,-8.5,5.0,False,False,ALERTA — REVISIÓN HUMANA,['Cliente no encontrado en el maestro SUNAT (001_TBL_CLIENTES_B2B) -- no se puede validar SUNAT/Osiptel para este RUC.'],2,Mantener ciclo de facturación estándar; sin acción de cobranza adicional.
RUC_64b8f767f4d3,CLIENT_00829,LIMA,Lima,Miraflores,SIN_HISTORIAL_DE_FACTURACION,,,,,True,OK,[],0,
,,,,,SIN_HISTORIAL_DE_FACTURACION,,,,,False,ALERTA — REVISIÓN HUMANA,['Cliente no encontrado en el maestro SUNAT (001_TBL_CLIENTES_B2B) -- no se puede validar SUNAT/Osiptel para este RUC.'],0,
,,,,,SIN_HISTORIAL_DE_FACTURACION,,,,,False,ALERTA — REVISIÓN HUMANA,['Cliente no encontrado en el maestro SUNAT (001_TBL_CLIENTES_B2B) -- no se puede validar SUNAT/Osiptel para este RUC.'],0,
,,,,,SIN_HISTORIAL_DE_FACTURACION,,,,,False,ALERTA — REVISIÓN HUMANA,['Cliente no encontrado en el maestro SUNAT (001_TBL_CLIENTES_B2B) -- no se puede validar SUNAT/Osiptel para este RUC.'],0,
,,,,,SIN_HISTORIAL_DE_FACTURACION,,,,,False,ALERTA — REVISIÓN HUMANA,['Cliente no encontrado en el maestro SUNAT (001_TBL_CLIENTES_B2B) -- no se puede validar SUNAT/Osiptel para este RUC.'],0,
,,,,,SIN_HISTORIAL_DE_FACTURACION,,,,,False,ALERTA — REVISIÓN HUMANA,['Cliente no encontrado en el maestro SUNAT (001_TBL_CLIENTES_B2B) -- no se puede validar SUNAT/Osiptel para este RUC.'],0,
,,,,,SIN_HISTORIAL_DE_FACTURACION,,,,,False,ALERTA — REVISIÓN HUMANA,['Cliente no encontrado en el maestro SUNAT (001_TBL_CLIENTES_B2B) -- no se puede validar SUNAT/Osiptel para este RUC.'],0,
,,,,,BAJO,BAJO,-3.6,5.0,False,False,ALERTA — REVISIÓN HUMANA,['Cliente no encontrado en el maestro SUNAT (001_TBL_CLIENTES_B2B) -- no se puede validar SUNAT/Osiptel para este RUC.'],2,Mantener ciclo de facturación estándar; sin acción de cobranza adicional.
,,,,,SIN_HISTORIAL_DE_FACTURACION,,,,,False,ALERTA — REVISIÓN HUMANA,['Cliente no encontrado en el maestro SUNAT (001_TBL_CLIENTES_B2B) -- no se puede validar SUNAT/Osiptel para este RUC.'],0,
RUC_74cae53c5b23,CLIENT_00193,LIMA,Lima,Comas,BAJO,BAJO,-1.5,3.0,False,True,OK,[],0,Mantener ciclo de facturación estándar; sin acción de cobranza adicional.
RUC_b9a9143b63bf,CLIENT_00089,CALLAO,Prov. Const. del Callao,La Perla,BAJO,BAJO,1.0,1.0,False,True,OK,[],0,Mantener ciclo de facturación estándar; sin acción de cobranza adicional.
,,,,,SIN_HISTORIAL_DE_FACTURACION,,,,,False,ALERTA — REVISIÓN HUMANA,['Cliente no encontrado en el maestro SUNAT (001_TBL_CLIENTES_B2B) -- no se puede validar SUNAT/Osiptel para este RUC.'],0,
RUC_b5ac8280b638,CLIENT_00764,ICA,Nasca,Nasca,BAJO,BAJO,-4.0,-3.0,True,True,OK,[],0,Mantener ciclo de facturación estándar; sin acción de cobranza adicional.
RUC_f86e17858aca,CLIENT_00397,AMAZONAS,Bongará,Jazan,ALTO,BAJO,-1.0,1.0,False,True,ALERTA — REVISIÓN HUMANA,"['SUNAT_ESTADO_RUC=NO HABIDO (no HABIDO)', 'SUNAT_ESTADO_CONTRIBUYENTE=BAJA DE OFICIO (no ACTIVO)']",0,Mantener ciclo de facturación estándar; sin acción de cobranza adicional.
,,,,,SIN_HISTORIAL_DE_FACTURACION,,,,,False,ALERTA — REVISIÓN HUMANA,['Cliente no encontrado en el maestro SUNAT (001_TBL_CLIENTES_B2B) -- no se puede validar SUNAT/Osiptel para este RUC.'],0,
,,,,,SIN_HISTORIAL_DE_FACTURACION,,,,,False,ALERTA — REVISIÓN HUMANA,['Cliente no encontrado en el maestro SUNAT (001_TBL_CLIENTES_B2B) -- no se puede validar SUNAT/Osiptel para este RUC.'],0,
RUC_eb0a6f5dee61,CLIENT_00711,ICA,Pisco,Pisco,ALTO,ALTO,23.0,25.0,True,True,OK,[],0,Contacto proactivo antes del vencimiento + oferta de plan de pago fraccionado; escalar a gestor de cuenta senior.
RUC_0734c77c2371,CLIENT_00514,PUNO,San Román,Juliaca,ALTO,BAJO,-1.0,2.0,True,True,ALERTA — REVISIÓN HUMANA,['SUNAT_ESTADO_CONTRIBUYENTE=BAJA DE OFICIO (no ACTIVO)'],0,Mantener ciclo de facturación estándar; sin acción de cobranza adicional.
,,,,,BAJO,BAJO,-15.3,4.0,False,False,ALERTA — REVISIÓN HUMANA,['Cliente no encontrado en el maestro SUNAT (001_TBL_CLIENTES_B2B) -- no se puede validar SUNAT/Osiptel para este RUC.'],3,Mantener ciclo de facturación estándar; sin acción de cobranza adicional.
,,,,,SIN_HISTORIAL_DE_FACTURACION,,,,,False,ALERTA — REVISIÓN HUMANA,['Cliente no encontrado en el maestro SUNAT (001_TBL_CLIENTES_B2B) -- no se puede validar SUNAT/Osiptel para este RUC.'],0,
,,,,,BAJO,BAJO,-5.0,-4.0,False,False,ALERTA — REVISIÓN HUMANA,['Cliente no encontrado en el maestro SUNAT (001_TBL_CLIENTES_B2B) -- no se puede validar SUNAT/Osiptel para este RUC.'],0,Mantener ciclo de facturación estándar; sin acción de cobranza adicional.
,,,,,SIN_HISTORIAL_DE_FACTURACION,,,,,False,ALERTA — REVISIÓN HUMANA,['Cliente no encontrado en el maestro SUNAT (001_TBL_CLIENTES_B2B) -- no se puede validar SUNAT/Osiptel para este RUC.'],0,
RUC_57879d932b24,CLIENT_00205,LA LIBERTAD,Trujillo,Trujillo,BAJO,BAJO,-8.5,7.0,False,True,OK,[],2,Mantener ciclo de facturación estándar; sin acción de cobranza adicional.
,,,,,SIN_HISTORIAL_DE_FACTURACION,,,,,False,ALERTA — REVISIÓN HUMANA,['Cliente no encontrado en el maestro SUNAT (001_TBL_CLIENTES_B2B) -- no se puede validar SUNAT/Osiptel para este RUC.'],0,
RUC_3fb27a61dbad,CLIENT_00312,ICA,Ica,Ica,SIN_HISTORIAL_DE_FACTURACION,,,,,True,OK,[],0,
RUC_c3921b3b462c,CLIENT_00873,LIMA,Lima,Lima,ALTO,ALTO,17.0,17.0,False,True,OK,[],1,Contacto proactivo antes del vencimiento + oferta de plan de pago fraccionado; escalar a gestor de cuenta senior.
,,,,,SIN_HISTORIAL_DE_FACTURACION,,,,,False,ALERTA — REVISIÓN HUMANA,['Cliente no encontrado en el maestro SUNAT (001_TBL_CLIENTES_B2B) -- no se puede validar SUNAT/Osiptel para este RUC.'],0,
,,,,,SIN_HISTORIAL_DE_FACTURACION,,,,,False,ALERTA — REVISIÓN HUMANA,['Cliente no encontrado en el maestro SUNAT (001_TBL_CLIENTES_B2B) -- no se puede validar SUNAT/Osiptel para este RUC.'],0,
,,,,,SIN_HISTORIAL_DE_FACTURACION,,,,,False,ALERTA — REVISIÓN HUMANA,['Cliente no encontrado en el maestro SUNAT (001_TBL_CLIENTES_B2B) -- no se puede validar SUNAT/Osiptel para este RUC.'],0,
,,,,,SIN_HISTORIAL_DE_FACTURACION,,,,,False,ALERTA — REVISIÓN HUMANA,['Cliente no encontrado en el maestro SUNAT (001_TBL_CLIENTES_B2B) -- no se puede validar SUNAT/Osiptel para este RUC.'],0,
,,,,,SIN_HISTORIAL_DE_FACTURACION,,,,,False,ALERTA — REVISIÓN HUMANA,['Cliente no encontrado en el maestro SUNAT (001_TBL_CLIENTES_B2B) -- no se puede validar SUNAT/Osiptel para este RUC.'],0,
RUC_f758a29dc21b,CLIENT_00455,LIMA,Lima,San Juan de Lurigancho,SIN_HISTORIAL_DE_FACTURACION,,,,,True,OK,[],0,
RUC_8d6f64023db0,CLIENT_00258,LIMA,Lima,San Juan de Lurigancho,SIN_HISTORIAL_DE_FACTURACION,,,,,True,OK,[],0,
RUC_67dca5e887c2,CLIENT_00045,CUSCO,Cusco,Santiago,SIN_HISTORIAL_DE_FACTURACION,,,,,True,OK,[],0,
RUC_af3beaa6d6f1,CLIENT_00050,LIMA,Lima,San Juan de Lurigancho,SIN_HISTORIAL_DE_FACTURACION,,,,,True,OK,[],0,
,,,,,SIN_HISTORIAL_DE_FACTURACION,,,,,False,ALERTA — REVISIÓN HUMANA,['Cliente no encontrado en el maestro SUNAT (001_TBL_CLIENTES_B2B) -- no se puede validar SUNAT/Osiptel para este RUC.'],0,
,,,,,SIN_HISTORIAL_DE_FACTURACION,,,,,False,ALERTA — REVISIÓN HUMANA,['Cliente no encontrado en el maestro SUNAT (001_TBL_CLIENTES_B2B) -- no se puede validar SUNAT/Osiptel para este RUC.'],0,
RUC_30c2c1747e1a,CLIENT_00117,LIMA,Lima,San Martín de Porres,SIN_HISTORIAL_DE_FACTURACION,,,,,True,OK,[],0,
,,,,,SIN_HISTORIAL_DE_FACTURACION,,,,,False,ALERTA — REVISIÓN HUMANA,['Cliente no encontrado en el maestro SUNAT (001_TBL_CLIENTES_B2B) -- no se puede validar SUNAT/Osiptel para este RUC.'],0,
,,,,,SIN_HISTORIAL_DE_FACTURACION,,,,,False,ALERTA — REVISIÓN HUMANA,['Cliente no encontrado en el maestro SUNAT (001_TBL_CLIENTES_B2B) -- no se puede validar SUNAT/Osiptel para este RUC.'],0,
RUC_8fc6fdb3eded,CLIENT_00754,LAMBAYEQUE,Chiclayo,Chiclayo,BAJO,BAJO,-0.7,3.0,True,True,OK,[],0,Mantener ciclo de facturación estándar; sin acción de cobranza adicional.
,,,,,BAJO,BAJO,1.2,7.0,False,False,ALERTA — REVISIÓN HUMANA,['Cliente no encontrado en el maestro SUNAT (001_TBL_CLIENTES_B2B) -- no se puede validar SUNAT/Osiptel para este RUC.'],0,Mantener ciclo de facturación estándar; sin acción de cobranza adicional.
RUC_721aedae4091,CLIENT_00663,LIMA,Lima,Miraflores,BAJO,BAJO,-4.5,-1.0,False,True,OK,[],1,Mantener ciclo de facturación estándar; sin acción de cobranza adicional.
,,,,,SIN_HISTORIAL_DE_FACTURACION,,,,,False,ALERTA — REVISIÓN HUMANA,['Cliente no encontrado en el maestro SUNAT (001_TBL_CLIENTES_B2B) -- no se puede validar SUNAT/Osiptel para este RUC.'],0,
RUC_4b44896fda72,CLIENT_00924,LIMA,Lima,La Victoria,BAJO,BAJO,4.5,8.0,False,True,OK,[],1,Mantener ciclo de facturación estándar; sin acción de cobranza adicional.
,,,,,SIN_HISTORIAL_DE_FACTURACION,,,,,False,ALERTA — REVISIÓN HUMANA,['Cliente no encontrado en el maestro SUNAT (001_TBL_CLIENTES_B2B) -- no se puede validar SUNAT/Osiptel para este RUC.'],0,
,,,,,SIN_HISTORIAL_DE_FACTURACION,,,,,False,ALERTA — REVISIÓN HUMANA,['Cliente no encontrado en el maestro SUNAT (001_TBL_CLIENTES_B2B) -- no se puede validar SUNAT/Osiptel para este RUC.'],0,
RUC_84214f33fd35,CLIENT_00114,LAMBAYEQUE,Chiclayo,José Leonardo Ortiz,ALTO,BAJO,-12.5,3.0,False,True,ALERTA — REVISIÓN HUMANA,['Todas sus líneas (fija/móvil) están inactivas o suspendidas'],2,Mantener ciclo de facturación estándar; sin acción de cobranza adicional.
,,,,,BAJO,BAJO,-4.7,16.0,False,False,ALERTA — REVISIÓN HUMANA,['Cliente no encontrado en el maestro SUNAT (001_TBL_CLIENTES_B2B) -- no se puede validar SUNAT/Osiptel para este RUC.'],0,Mantener ciclo de facturación estándar; sin acción de cobranza adicional.
,,,,,SIN_HISTORIAL_DE_FACTURACION,,,,,False,ALERTA — REVISIÓN HUMANA,['Cliente no encontrado en el maestro SUNAT (001_TBL_CLIENTES_B2B) -- no se puede validar SUNAT/Osiptel para este RUC.'],0,
,,,,,SIN_HISTORIAL_DE_FACTURACION,,,,,False,ALERTA — REVISIÓN HUMANA,['Cliente no encontrado en el maestro SUNAT (001_TBL_CLIENTES_B2B) -- no se puede validar SUNAT/Osiptel para este RUC.'],0,
RUC_1c6010a2c5aa,CLIENT_00867,PUNO,Puno,Puno,SIN_HISTORIAL_DE_FACTURACION,,,,,True,OK,[],0,
,,,,,SIN_HISTORIAL_DE_FACTURACION,,,,,False,ALERTA — REVISIÓN HUMANA,['Cliente no encontrado en el maestro SUNAT (001_TBL_CLIENTES_B2B) -- no se puede validar SUNAT/Osiptel para este RUC.'],0,
,,,,,SIN_HISTORIAL_DE_FACTURACION,,,,,False,ALERTA — REVISIÓN HUMANA,['Cliente no encontrado en el maestro SUNAT (001_TBL_CLIENTES_B2B) -- no se puede validar SUNAT/Osiptel para este RUC.'],0,
,,,,,SIN_HISTORIAL_DE_FACTURACION,,,,,False,ALERTA — REVISIÓN HUMANA,['Cliente no encontrado en el maestro SUNAT (001_TBL_CLIENTES_B2B) -- no se puede validar SUNAT/Osiptel para este RUC.'],0,
,,,,,SIN_HISTORIAL_DE_FACTURACION,,,,,False,ALERTA — REVISIÓN HUMANA,['Cliente no encontrado en el maestro SUNAT (001_TBL_CLIENTES_B2B) -- no se puede validar SUNAT/Osiptel para este RUC.'],0,
,,,,,SIN_HISTORIAL_DE_FACTURACION,,,,,False,ALERTA — REVISIÓN HUMANA,['Cliente no encontrado en el maestro SUNAT (001_TBL_CLIENTES_B2B) -- no se puede validar SUNAT/Osiptel para este RUC.'],0,
,,,,,BAJO,BAJO,2.0,3.0,False,False,ALERTA — REVISIÓN HUMANA,['Cliente no encontrado en el maestro SUNAT (001_TBL_CLIENTES_B2B) -- no se puede validar SUNAT/Osiptel para este RUC.'],1,Mantener ciclo de facturación estándar; sin acción de cobranza adicional.
RUC_fc291a6d0225,CLIENT_00269,LORETO,Alto Amazonas,Yurimaguas,SIN_HISTORIAL_DE_FACTURACION,,,,,True,OK,[],0,
,,,,,SIN_HISTORIAL_DE_FACTURACION,,,,,False,ALERTA — REVISIÓN HUMANA,['Cliente no encontrado en el maestro SUNAT (001_TBL_CLIENTES_B2B) -- no se puede validar SUNAT/Osiptel para este RUC.'],0,
,,,,,SIN_HISTORIAL_DE_FACTURACION,,,,,False,ALERTA — REVISIÓN HUMANA,['Cliente no encontrado en el maestro SUNAT (001_TBL_CLIENTES_B2B) -- no se puede validar SUNAT/Osiptel para este RUC.'],0,
,,,,,SIN_HISTORIAL_DE_FACTURACION,,,,,False,ALERTA — REVISIÓN HUMANA,['Cliente no encontrado en el maestro SUNAT (001_TBL_CLIENTES_B2B) -- no se puede validar SUNAT/Osiptel para este RUC.'],0,
,,,,,SIN_HISTORIAL_DE_FACTURACION,,,,,False,ALERTA — REVISIÓN HUMANA,['Cliente no encontrado en el maestro SUNAT (001_TBL_CLIENTES_B2B) -- no se puede validar SUNAT/Osiptel para este RUC.'],0,
,,,,,SIN_HISTORIAL_DE_FACTURACION,,,,,False,ALERTA — REVISIÓN HUMANA,['Cliente no encontrado en el maestro SUNAT (001_TBL_CLIENTES_B2B) -- no se puede validar SUNAT/Osiptel para este RUC.'],0,
RUC_0c4a88fed68f,CLIENT_00064,PIURA,Piura,Piura,MEDIO,MEDIO,6.5,8.0,True,True,OK,[],0,Recordatorio automático 5 días antes del vencimiento por correo/WhatsApp; sin escalamiento humano todavía.
,,,,,SIN_HISTORIAL_DE_FACTURACION,,,,,False,ALERTA — REVISIÓN HUMANA,['Cliente no encontrado en el maestro SUNAT (001_TBL_CLIENTES_B2B) -- no se puede validar SUNAT/Osiptel para este RUC.'],0,
,,,,,SIN_HISTORIAL_DE_FACTURACION,,,,,False,ALERTA — REVISIÓN HUMANA,['Cliente no encontrado en el maestro SUNAT (001_TBL_CLIENTES_B2B) -- no se puede validar SUNAT/Osiptel para este RUC.'],0,
,,,,,SIN_HISTORIAL_DE_FACTURACION,,,,,False,ALERTA — REVISIÓN HUMANA,['Cliente no encontrado en el maestro SUNAT (001_TBL_CLIENTES_B2B) -- no se puede validar SUNAT/Osiptel para este RUC.'],0,
,,,,,BAJO,BAJO,-2.5,1.0,False,False,ALERTA — REVISIÓN HUMANA,['Cliente no encontrado en el maestro SUNAT (001_TBL_CLIENTES_B2B) -- no se puede validar SUNAT/Osiptel para este RUC.'],0,Mantener ciclo de facturación estándar; sin acción de cobranza adicional.
RUC_3dd55850479b,CLIENT_00600,LIMA,Lima,Chorrillos,SIN_HISTORIAL_DE_FACTURACION,,,,,True,OK,[],0,
,,,,,SIN_HISTORIAL_DE_FACTURACION,,,,,False,ALERTA — REVISIÓN HUMANA,['Cliente no encontrado en el maestro SUNAT (001_TBL_CLIENTES_B2B) -- no se puede validar SUNAT/Osiptel para este RUC.'],0,
,,,,,SIN_HISTORIAL_DE_FACTURACION,,,,,False,ALERTA — REVISIÓN HUMANA,['Cliente no encontrado en el maestro SUNAT (001_TBL_CLIENTES_B2B) -- no se puede validar SUNAT/Osiptel para este RUC.'],0,
RUC_46bec5474aa0,CLIENT_00452,PUNO,San Román,Juliaca,BAJO,BAJO,0.0,0.0,False,True,OK,[],1,Mantener ciclo de facturación estándar; sin acción de cobranza adicional.
,,,,,SIN_HISTORIAL_DE_FACTURACION,,,,,False,ALERTA — REVISIÓN HUMANA,['Cliente no encontrado en el maestro SUNAT (001_TBL_CLIENTES_B2B) -- no se puede validar SUNAT/Osiptel para este RUC.'],0,
,,,,,SIN_HISTORIAL_DE_FACTURACION,,,,,False,ALERTA — REVISIÓN HUMANA,['Cliente no encontrado en el maestro SUNAT (001_TBL_CLIENTES_B2B) -- no se puede validar SUNAT/Osiptel para este RUC.'],0,
RUC_9df347bf4869,CLIENT_00150,LIMA,Lima,Pachacamac,BAJO,BAJO,-6.0,-5.0,True,True,OK,[],0,Mantener ciclo de facturación estándar; sin acción de cobranza adicional.
,,,,,SIN_HISTORIAL_DE_FACTURACION,,,,,False,ALERTA — REVISIÓN HUMANA,['Cliente no encontrado en el maestro SUNAT (001_TBL_CLIENTES_B2B) -- no se puede validar SUNAT/Osiptel para este RUC.'],0,
,,,,,BAJO,BAJO,-1.3,3.0,False,False,ALERTA — REVISIÓN HUMANA,['Cliente no encontrado en el maestro SUNAT (001_TBL_CLIENTES_B2B) -- no se puede validar SUNAT/Osiptel para este RUC.'],0,Mantener ciclo de facturación estándar; sin acción de cobranza adicional.
,,,,,SIN_HISTORIAL_DE_FACTURACION,,,,,False,ALERTA — REVISIÓN HUMANA,['Cliente no encontrado en el maestro SUNAT (001_TBL_CLIENTES_B2B) -- no se puede validar SUNAT/Osiptel para este RUC.'],0,
,,,,,SIN_HISTORIAL_DE_FACTURACION,,,,,False,ALERTA — REVISIÓN HUMANA,['Cliente no encontrado en el maestro SUNAT (001_TBL_CLIENTES_B2B) -- no se puede validar SUNAT/Osiptel para este RUC.'],0,
,,,,,SIN_HISTORIAL_DE_FACTURACION,,,,,False,ALERTA — REVISIÓN HUMANA,['Cliente no encontrado en el maestro SUNAT (001_TBL_CLIENTES_B2B) -- no se puede validar SUNAT/Osiptel para este RUC.'],0,
,,,,,SIN_HISTORIAL_DE_FACTURACION,,,,,False,ALERTA — REVISIÓN HUMANA,['Cliente no encontrado en el maestro SUNAT (001_TBL_CLIENTES_B2B) -- no se puede validar SUNAT/Osiptel para este RUC.'],0,
,,,,,SIN_HISTORIAL_DE_FACTURACION,,,,,False,ALERTA — REVISIÓN HUMANA,['Cliente no encontrado en el maestro SUNAT (001_TBL_CLIENTES_B2B) -- no se puede validar SUNAT/Osiptel para este RUC.'],0,
,,,,,SIN_HISTORIAL_DE_FACTURACION,,,,,False,ALERTA — REVISIÓN HUMANA,['Cliente no encontrado en el maestro SUNAT (001_TBL_CLIENTES_B2B) -- no se puede validar SUNAT/Osiptel para este RUC.'],0,
RUC_13ff47009fc8,CLIENT_00300,LIMA,Lima,Pachacamac,SIN_HISTORIAL_DE_FACTURACION,,,,,True,OK,[],0,
,,,,,BAJO,BAJO,-11.0,-11.0,False,False,ALERTA — REVISIÓN HUMANA,['Cliente no encontrado en el maestro SUNAT (001_TBL_CLIENTES_B2B) -- no se puede validar SUNAT/Osiptel para este RUC.'],0,Mantener ciclo de facturación estándar; sin acción de cobranza adicional.
,,,,,BAJO,BAJO,1.0,2.0,False,False,ALERTA — REVISIÓN HUMANA,['Cliente no encontrado en el maestro SUNAT (001_TBL_CLIENTES_B2B) -- no se puede validar SUNAT/Osiptel para este RUC.'],2,Mantener ciclo de facturación estándar; sin acción de cobranza adicional.
,,,,,BAJO,BAJO,-0.5,0.0,True,False,ALERTA — REVISIÓN HUMANA,['Cliente no encontrado en el maestro SUNAT (001_TBL_CLIENTES_B2B) -- no se puede validar SUNAT/Osiptel para este RUC.'],0,Mantener ciclo de facturación estándar; sin acción de cobranza adicional.
RUC_c1deb52e8453,CLIENT_00869,LA LIBERTAD,Trujillo,Trujillo,SIN_HISTORIAL_DE_FACTURACION,,,,,True,OK,[],0,
,,,,,SIN_HISTORIAL_DE_FACTURACION,,,,,False,ALERTA — REVISIÓN HUMANA,['Cliente no encontrado en el maestro SUNAT (001_TBL_CLIENTES_B2B) -- no se puede validar SUNAT/Osiptel para este RUC.'],0,
,,,,,SIN_HISTORIAL_DE_FACTURACION,,,,,False,ALERTA — REVISIÓN HUMANA,['Cliente no encontrado en el maestro SUNAT (001_TBL_CLIENTES_B2B) -- no se puede validar SUNAT/Osiptel para este RUC.'],0,
,,,,,SIN_HISTORIAL_DE_FACTURACION,,,,,False,ALERTA — REVISIÓN HUMANA,['Cliente no encontrado en el maestro SUNAT (001_TBL_CLIENTES_B2B) -- no se puede validar SUNAT/Osiptel para este RUC.'],0,
,,,,,SIN_HISTORIAL_DE_FACTURACION,,,,,False,ALERTA — REVISIÓN HUMANA,['Cliente no encontrado en el maestro SUNAT (001_TBL_CLIENTES_B2B) -- no se puede validar SUNAT/Osiptel para este RUC.'],0,
,,,,,SIN_HISTORIAL_DE_FACTURACION,,,,,False,ALERTA — REVISIÓN HUMANA,['Cliente no encontrado en el maestro SUNAT (001_TBL_CLIENTES_B2B) -- no se puede validar SUNAT/Osiptel para este RUC.'],0,
RUC_da059e7922c7,CLIENT_00811,ICA,Nasca,Nasca,BAJO,BAJO,0.5,1.0,False,True,OK,[],0,Mantener ciclo de facturación estándar; sin acción de cobranza adicional.
,,,,,SIN_HISTORIAL_DE_FACTURACION,,,,,False,ALERTA — REVISIÓN HUMANA,['Cliente no encontrado en el maestro SUNAT (001_TBL_CLIENTES_B2B) -- no se puede validar SUNAT/Osiptel para este RUC.'],0,
RUC_2e950489ece8,CLIENT_00233,JUNIN,Huancayo,San Jerónimo de Tunan,BAJO,BAJO,-1.0,-1.0,False,True,OK,[],2,Mantener ciclo de facturación estándar; sin acción de cobranza adicional.
,,,,,SIN_HISTORIAL_DE_FACTURACION,,,,,False,ALERTA — REVISIÓN HUMANA,['Cliente no encontrado en el maestro SUNAT (001_TBL_CLIENTES_B2B) -- no se puede validar SUNAT/Osiptel para este RUC.'],0,
,,,,,SIN_HISTORIAL_DE_FACTURACION,,,,,False,ALERTA — REVISIÓN HUMANA,['Cliente no encontrado en el maestro SUNAT (001_TBL_CLIENTES_B2B) -- no se puede validar SUNAT/Osiptel para este RUC.'],0,
,,,,,SIN_HISTORIAL_DE_FACTURACION,,,,,False,ALERTA — REVISIÓN HUMANA,['Cliente no encontrado en el maestro SUNAT (001_TBL_CLIENTES_B2B) -- no se puede validar SUNAT/Osiptel para este RUC.'],0,
RUC_940e827c9120,CLIENT_00421,LIMA,Lima,Santiago de Surco,SIN_HISTORIAL_DE_FACTURACION,,,,,True,OK,[],0,
,,,,,SIN_HISTORIAL_DE_FACTURACION,,,,,False,ALERTA — REVISIÓN HUMANA,['Cliente no encontrado en el maestro SUNAT (001_TBL_CLIENTES_B2B) -- no se puede validar SUNAT/Osiptel para este RUC.'],0,
,,,,,SIN_HISTORIAL_DE_FACTURACION,,,,,False,ALERTA — REVISIÓN HUMANA,['Cliente no encontrado en el maestro SUNAT (001_TBL_CLIENTES_B2B) -- no se puede validar SUNAT/Osiptel para este RUC.'],0,
,,,,,SIN_HISTORIAL_DE_FACTURACION,,,,,False,ALERTA — REVISIÓN HUMANA,['Cliente no encontrado en el maestro SUNAT (001_TBL_CLIENTES_B2B) -- no se puede validar SUNAT/Osiptel para este RUC.'],0,
,,,,,SIN_HISTORIAL_DE_FACTURACION,,,,,False,ALERTA — REVISIÓN HUMANA,['Cliente no encontrado en el maestro SUNAT (001_TBL_CLIENTES_B2B) -- no se puede validar SUNAT/Osiptel para este RUC.'],0,
,,,,,SIN_HISTORIAL_DE_FACTURACION,,,,,False,ALERTA — REVISIÓN HUMANA,['Cliente no encontrado en el maestro SUNAT (001_TBL_CLIENTES_B2B) -- no se puede validar SUNAT/Osiptel para este RUC.'],0,
,,,,,SIN_HISTORIAL_DE_FACTURACION,,,,,False,ALERTA — REVISIÓN HUMANA,['Cliente no encontrado en el maestro SUNAT (001_TBL_CLIENTES_B2B) -- no se puede validar SUNAT/Osiptel para este RUC.'],0,
,,,,,SIN_HISTORIAL_DE_FACTURACION,,,,,False,ALERTA — REVISIÓN HUMANA,['Cliente no encontrado en el maestro SUNAT (001_TBL_CLIENTES_B2B) -- no se puede validar SUNAT/Osiptel para este RUC.'],0,
RUC_91bd6e71868b,CLIENT_00538,LIMA,Lima,Santiago de Surco,ALTO,,,,,True,ALERTA — REVISIÓN HUMANA,['SUNAT_ESTADO_CONTRIBUYENTE=SUSPENSION TEMPORAL (no ACTIVO)'],0,
,,,,,SIN_HISTORIAL_DE_FACTURACION,,,,,False,ALERTA — REVISIÓN HUMANA,['Cliente no encontrado en el maestro SUNAT (001_TBL_CLIENTES_B2B) -- no se puede validar SUNAT/Osiptel para este RUC.'],0,
,,,,,SIN_HISTORIAL_DE_FACTURACION,,,,,False,ALERTA — REVISIÓN HUMANA,['Cliente no encontrado en el maestro SUNAT (001_TBL_CLIENTES_B2B) -- no se puede validar SUNAT/Osiptel para este RUC.'],0,
,,,,,BAJO,BAJO,-3.7,11.0,False,False,ALERTA — REVISIÓN HUMANA,['Cliente no encontrado en el maestro SUNAT (001_TBL_CLIENTES_B2B) -- no se puede validar SUNAT/Osiptel para este RUC.'],2,Mantener ciclo de facturación estándar; sin acción de cobranza adicional.
,,,,,SIN_HISTORIAL_DE_FACTURACION,,,,,False,ALERTA — REVISIÓN HUMANA,['Cliente no encontrado en el maestro SUNAT (001_TBL_CLIENTES_B2B) -- no se puede validar SUNAT/Osiptel para este RUC.'],0,
,,,,,SIN_HISTORIAL_DE_FACTURACION,,,,,False,ALERTA — REVISIÓN HUMANA,['Cliente no encontrado en el maestro SUNAT (001_TBL_CLIENTES_B2B) -- no se puede validar SUNAT/Osiptel para este RUC.'],0,
RUC_2c2a33a25f34,CLIENT_00693,LIMA,Lima,Lima,BAJO,BAJO,-5.0,3.0,False,True,OK,[],0,Mantener ciclo de facturación estándar; sin acción de cobranza adicional.
RUC_f1bca3d3ecb3,CLIENT_00394,LIMA,Lima,Lima,SIN_HISTORIAL_DE_FACTURACION,,,,,True,OK,[],0,
,,,,,SIN_HISTORIAL_DE_FACTURACION,,,,,False,ALERTA — REVISIÓN HUMANA,['Cliente no encontrado en el maestro SUNAT (001_TBL_CLIENTES_B2B) -- no se puede validar SUNAT/Osiptel para este RUC.'],0,
,,,,,SIN_HISTORIAL_DE_FACTURACION,,,,,False,ALERTA — REVISIÓN HUMANA,['Cliente no encontrado en el maestro SUNAT (001_TBL_CLIENTES_B2B) -- no se puede validar SUNAT/Osiptel para este RUC.'],0,
RUC_b712494a8d56,CLIENT_00358,LA LIBERTAD,Trujillo,Trujillo,SIN_HISTORIAL_DE_FACTURACION,,,,,True,OK,[],0,
,,,,,SIN_HISTORIAL_DE_FACTURACION,,,,,False,ALERTA — REVISIÓN HUMANA,['Cliente no encontrado en el maestro SUNAT (001_TBL_CLIENTES_B2B) -- no se puede validar SUNAT/Osiptel para este RUC.'],0,
,,,,,SIN_HISTORIAL_DE_FACTURACION,,,,,False,ALERTA — REVISIÓN HUMANA,['Cliente no encontrado en el maestro SUNAT (001_TBL_CLIENTES_B2B) -- no se puede validar SUNAT/Osiptel para este RUC.'],0,
RUC_1624a4f1b3a5,CLIENT_00759,AREQUIPA,Arequipa,Cerro Colorado,SIN_HISTORIAL_DE_FACTURACION,,,,,True,OK,[],0,
RUC_4a5fe53fdd1b,CLIENT_00285,LIMA,Lima,Breña,BAJO,BAJO,-12.0,-12.0,False,True,OK,[],0,Mantener ciclo de facturación estándar; sin acción de cobranza adicional.
,,,,,BAJO,BAJO,1.0,1.0,False,False,ALERTA — REVISIÓN HUMANA,['Cliente no encontrado en el maestro SUNAT (001_TBL_CLIENTES_B2B) -- no se puede validar SUNAT/Osiptel para este RUC.'],0,Mantener ciclo de facturación estándar; sin acción de cobranza adicional.
,,,,,SIN_HISTORIAL_DE_FACTURACION,,,,,False,ALERTA — REVISIÓN HUMANA,['Cliente no encontrado en el maestro SUNAT (001_TBL_CLIENTES_B2B) -- no se puede validar SUNAT/Osiptel para este RUC.'],0,
RUC_81f964375186,CLIENT_00131,LIMA,Lima,San Miguel,BAJO,BAJO,-12.0,-12.0,False,True,OK,[],0,Mantener ciclo de facturación estándar; sin acción de cobranza adicional.
RUC_8d2aab445d89,CLIENT_00770,LIMA,Lima,Lince,BAJO,BAJO,-12.2,-3.0,False,True,OK,[],0,Mantener ciclo de facturación estándar; sin acción de cobranza adicional.
RUC_3d426534c13f,CLIENT_00579,ANCASH,Santa,Chimbote,SIN_HISTORIAL_DE_FACTURACION,,,,,True,OK,[],0,
,,,,,ALTO,ALTO,10.0,16.0,True,False,ALERTA — REVISIÓN HUMANA,['Cliente no encontrado en el maestro SUNAT (001_TBL_CLIENTES_B2B) -- no se puede validar SUNAT/Osiptel para este RUC.'],1,Contacto proactivo antes del vencimiento + oferta de plan de pago fraccionado; escalar a gestor de cuenta senior.
,,,,,SIN_HISTORIAL_DE_FACTURACION,,,,,False,ALERTA — REVISIÓN HUMANA,['Cliente no encontrado en el maestro SUNAT (001_TBL_CLIENTES_B2B) -- no se puede validar SUNAT/Osiptel para este RUC.'],0,
,,,,,ALTO,ALTO,51.1,190.0,False,False,ALERTA — REVISIÓN HUMANA,['Cliente no encontrado en el maestro SUNAT (001_TBL_CLIENTES_B2B) -- no se puede validar SUNAT/Osiptel para este RUC.'],4,Contacto proactivo antes del vencimiento + oferta de plan de pago fraccionado; escalar a gestor de cuenta senior.
,,,,,SIN_HISTORIAL_DE_FACTURACION,,,,,False,ALERTA — REVISIÓN HUMANA,['Cliente no encontrado en el maestro SUNAT (001_TBL_CLIENTES_B2B) -- no se puede validar SUNAT/Osiptel para este RUC.'],0,
,,,,,SIN_HISTORIAL_DE_FACTURACION,,,,,False,ALERTA — REVISIÓN HUMANA,['Cliente no encontrado en el maestro SUNAT (001_TBL_CLIENTES_B2B) -- no se puede validar SUNAT/Osiptel para este RUC.'],0,
,,,,,SIN_HISTORIAL_DE_FACTURACION,,,,,False,ALERTA — REVISIÓN HUMANA,['Cliente no encontrado en el maestro SUNAT (001_TBL_CLIENTES_B2B) -- no se puede validar SUNAT/Osiptel para este RUC.'],0,
RUC_62f2cdf9a3eb,CLIENT_00468,CUSCO,Cusco,Wanchaq,SIN_HISTORIAL_DE_FACTURACION,,,,,True,OK,[],0,
RUC_905704122c35,CLIENT_00673,LIMA,Lima,San Juan de Lurigancho,BAJO,BAJO,-0.5,0.0,True,True,OK,[],0,Mantener ciclo de facturación estándar; sin acción de cobranza adicional.
,,,,,SIN_HISTORIAL_DE_FACTURACION,,,,,False,ALERTA — REVISIÓN HUMANA,['Cliente no encontrado en el maestro SUNAT (001_TBL_CLIENTES_B2B) -- no se puede validar SUNAT/Osiptel para este RUC.'],0,
,,,,,SIN_HISTORIAL_DE_FACTURACION,,,,,False,ALERTA — REVISIÓN HUMANA,['Cliente no encontrado en el maestro SUNAT (001_TBL_CLIENTES_B2B) -- no se puede validar SUNAT/Osiptel para este RUC.'],0,
RUC_7da87c42d6bf,CLIENT_00635,LIMA,Lima,Jesús María,ALTO,ALTO,105.0,134.0,False,True,OK,[],3,Contacto proactivo antes del vencimiento + oferta de plan de pago fraccionado; escalar a gestor de cuenta senior.
RUC_32c0d81b608e,CLIENT_00282,LIMA,Lima,San Juan de Lurigancho,BAJO,BAJO,-8.3,4.0,False,True,OK,[],2,Mantener ciclo de facturación estándar; sin acción de cobranza adicional.
RUC_af926b77c580,CLIENT_00944,LIMA,Lima,San Borja,SIN_HISTORIAL_DE_FACTURACION,,,,,True,OK,[],0,
RUC_c1c387e94d5d,CLIENT_00398,LA LIBERTAD,Trujillo,Trujillo,ALTO,BAJO,-8.3,-8.0,False,True,ALERTA — REVISIÓN HUMANA,['SUNAT_ESTADO_CONTRIBUYENTE=SUSPENSION TEMPORAL (no ACTIVO)'],0,Mantener ciclo de facturación estándar; sin acción de cobranza adicional.
,,,,,BAJO,BAJO,3.5,4.0,True,False,ALERTA — REVISIÓN HUMANA,['Cliente no encontrado en el maestro SUNAT (001_TBL_CLIENTES_B2B) -- no se puede validar SUNAT/Osiptel para este RUC.'],0,Mantener ciclo de facturación estándar; sin acción de cobranza adicional.
,,,,,SIN_HISTORIAL_DE_FACTURACION,,,,,False,ALERTA — REVISIÓN HUMANA,['Cliente no encontrado en el maestro SUNAT (001_TBL_CLIENTES_B2B) -- no se puede validar SUNAT/Osiptel para este RUC.'],0,
,,,,,SIN_HISTORIAL_DE_FACTURACION,,,,,False,ALERTA — REVISIÓN HUMANA,['Cliente no encontrado en el maestro SUNAT (001_TBL_CLIENTES_B2B) -- no se puede validar SUNAT/Osiptel para este RUC.'],0,
,,,,,SIN_HISTORIAL_DE_FACTURACION,,,,,False,ALERTA — REVISIÓN HUMANA,['Cliente no encontrado en el maestro SUNAT (001_TBL_CLIENTES_B2B) -- no se puede validar SUNAT/Osiptel para este RUC.'],0,
RUC_643493f7f5af,CLIENT_00587,LIMA,Lima,Santa Anita,ALTO,,,,,True,ALERTA — REVISIÓN HUMANA,['SUNAT_ESTADO_CONTRIBUYENTE=BAJA DE OFICIO (no ACTIVO)'],0,
,,,,,SIN_HISTORIAL_DE_FACTURACION,,,,,False,ALERTA — REVISIÓN HUMANA,['Cliente no encontrado en el maestro SUNAT (001_TBL_CLIENTES_B2B) -- no se puede validar SUNAT/Osiptel para este RUC.'],0,
RUC_fe956dec66ff,CLIENT_00699,LIMA,Lima,Magdalena del Mar,BAJO,BAJO,-11.0,10.0,False,True,OK,[],3,Mantener ciclo de facturación estándar; sin acción de cobranza adicional.
,,,,,SIN_HISTORIAL_DE_FACTURACION,,,,,False,ALERTA — REVISIÓN HUMANA,['Cliente no encontrado en el maestro SUNAT (001_TBL_CLIENTES_B2B) -- no se puede validar SUNAT/Osiptel para este RUC.'],0,
,,,,,SIN_HISTORIAL_DE_FACTURACION,,,,,False,ALERTA — REVISIÓN HUMANA,['Cliente no encontrado en el maestro SUNAT (001_TBL_CLIENTES_B2B) -- no se puede validar SUNAT/Osiptel para este RUC.'],0,
RUC_3aaecee7d509,CLIENT_00697,LIMA,Lima,San Isidro,ALTO,ALTO,15.5,31.0,False,True,OK,[],0,Contacto proactivo antes del vencimiento + oferta de plan de pago fraccionado; escalar a gestor de cuenta senior.
,,,,,SIN_HISTORIAL_DE_FACTURACION,,,,,False,ALERTA — REVISIÓN HUMANA,['Cliente no encontrado en el maestro SUNAT (001_TBL_CLIENTES_B2B) -- no se puede validar SUNAT/Osiptel para este RUC.'],0,
RUC_ff12ee5c6182,CLIENT_00070,LIMA,Lima,Santiago de Surco,BAJO,BAJO,1.5,2.0,False,True,OK,[],0,Mantener ciclo de facturación estándar; sin acción de cobranza adicional.
,,,,,SIN_HISTORIAL_DE_FACTURACION,,,,,False,ALERTA — REVISIÓN HUMANA,['Cliente no encontrado en el maestro SUNAT (001_TBL_CLIENTES_B2B) -- no se puede validar SUNAT/Osiptel para este RUC.'],0,
,,,,,BAJO,BAJO,-4.6,0.0,False,False,ALERTA — REVISIÓN HUMANA,['Cliente no encontrado en el maestro SUNAT (001_TBL_CLIENTES_B2B) -- no se puede validar SUNAT/Osiptel para este RUC.'],0,Mantener ciclo de facturación estándar; sin acción de cobranza adicional.
,,,,,SIN_HISTORIAL_DE_FACTURACION,,,,,False,ALERTA — REVISIÓN HUMANA,['Cliente no encontrado en el maestro SUNAT (001_TBL_CLIENTES_B2B) -- no se puede validar SUNAT/Osiptel para este RUC.'],0,
,,,,,SIN_HISTORIAL_DE_FACTURACION,,,,,False,ALERTA — REVISIÓN HUMANA,['Cliente no encontrado en el maestro SUNAT (001_TBL_CLIENTES_B2B) -- no se puede validar SUNAT/Osiptel para este RUC.'],0,
,,,,,SIN_HISTORIAL_DE_FACTURACION,,,,,False,ALERTA — REVISIÓN HUMANA,['Cliente no encontrado en el maestro SUNAT (001_TBL_CLIENTES_B2B) -- no se puede validar SUNAT/Osiptel para este RUC.'],0,
,,,,,SIN_HISTORIAL_DE_FACTURACION,,,,,False,ALERTA — REVISIÓN HUMANA,['Cliente no encontrado en el maestro SUNAT (001_TBL_CLIENTES_B2B) -- no se puede validar SUNAT/Osiptel para este RUC.'],0,
,,,,,SIN_HISTORIAL_DE_FACTURACION,,,,,False,ALERTA — REVISIÓN HUMANA,['Cliente no encontrado en el maestro SUNAT (001_TBL_CLIENTES_B2B) -- no se puede validar SUNAT/Osiptel para este RUC.'],0,
RUC_d88f8f38b2a4,CLIENT_00931,MADRE DE DIOS,Tambopata,Tambopata,SIN_HISTORIAL_DE_FACTURACION,,,,,True,OK,[],0,
,,,,,SIN_HISTORIAL_DE_FACTURACION,,,,,False,ALERTA — REVISIÓN HUMANA,['Cliente no encontrado en el maestro SUNAT (001_TBL_CLIENTES_B2B) -- no se puede validar SUNAT/Osiptel para este RUC.'],0,
,,,,,SIN_HISTORIAL_DE_FACTURACION,,,,,False,ALERTA — REVISIÓN HUMANA,['Cliente no encontrado en el maestro SUNAT (001_TBL_CLIENTES_B2B) -- no se puede validar SUNAT/Osiptel para este RUC.'],0,
,,,,,SIN_HISTORIAL_DE_FACTURACION,,,,,False,ALERTA — REVISIÓN HUMANA,['Cliente no encontrado en el maestro SUNAT (001_TBL_CLIENTES_B2B) -- no se puede validar SUNAT/Osiptel para este RUC.'],0,
,,,,,BAJO,BAJO,-2.5,-1.0,False,False,ALERTA — REVISIÓN HUMANA,['Cliente no encontrado en el maestro SUNAT (001_TBL_CLIENTES_B2B) -- no se puede validar SUNAT/Osiptel para este RUC.'],0,Mantener ciclo de facturación estándar; sin acción de cobranza adicional.
,,,,,SIN_HISTORIAL_DE_FACTURACION,,,,,False,ALERTA — REVISIÓN HUMANA,['Cliente no encontrado en el maestro SUNAT (001_TBL_CLIENTES_B2B) -- no se puede validar SUNAT/Osiptel para este RUC.'],0,
,,,,,SIN_HISTORIAL_DE_FACTURACION,,,,,False,ALERTA — REVISIÓN HUMANA,['Cliente no encontrado en el maestro SUNAT (001_TBL_CLIENTES_B2B) -- no se puede validar SUNAT/Osiptel para este RUC.'],0,
,,,,,BAJO,BAJO,1.0,28.0,False,False,ALERTA — REVISIÓN HUMANA,['Cliente no encontrado en el maestro SUNAT (001_TBL_CLIENTES_B2B) -- no se puede validar SUNAT/Osiptel para este RUC.'],3,Mantener ciclo de facturación estándar; sin acción de cobranza adicional.
RUC_9abc50e298b4,CLIENT_00219,LIMA,Lima,Santiago de Surco,BAJO,BAJO,-4.7,3.0,False,True,OK,[],0,Mantener ciclo de facturación estándar; sin acción de cobranza adicional.
RUC_fdedcf81d97d,CLIENT_00257,TACNA,Tacna,Tacna,ALTO,ALTO,127.0,127.0,False,True,OK,[],1,Contacto proactivo antes del vencimiento + oferta de plan de pago fraccionado; escalar a gestor de cuenta senior.
RUC_287baf77bfc2,CLIENT_00262,LIMA,Lima,Lima,ALTO,BAJO,5.0,5.0,False,True,ALERTA — REVISIÓN HUMANA,['SUNAT_ESTADO_CONTRIBUYENTE=SUSPENSION TEMPORAL (no ACTIVO)'],0,Mantener ciclo de facturación estándar; sin acción de cobranza adicional.
RUC_70e8149c701c,CLIENT_00444,LIMA,Lima,Villa El Salvador,ALTO,BAJO,-1.3,2.0,False,True,ALERTA — REVISIÓN HUMANA,['Todas sus líneas (fija/móvil) están inactivas o suspendidas'],0,Mantener ciclo de facturación estándar; sin acción de cobranza adicional.
,,,,,SIN_HISTORIAL_DE_FACTURACION,,,,,False,ALERTA — REVISIÓN HUMANA,['Cliente no encontrado en el maestro SUNAT (001_TBL_CLIENTES_B2B) -- no se puede validar SUNAT/Osiptel para este RUC.'],0,
,,,,,SIN_HISTORIAL_DE_FACTURACION,,,,,False,ALERTA — REVISIÓN HUMANA,['Cliente no encontrado en el maestro SUNAT (001_TBL_CLIENTES_B2B) -- no se puede validar SUNAT/Osiptel para este RUC.'],0,
,,,,,SIN_HISTORIAL_DE_FACTURACION,,,,,False,ALERTA — REVISIÓN HUMANA,['Cliente no encontrado en el maestro SUNAT (001_TBL_CLIENTES_B2B) -- no se puede validar SUNAT/Osiptel para este RUC.'],0,
,,,,,SIN_HISTORIAL_DE_FACTURACION,,,,,False,ALERTA — REVISIÓN HUMANA,['Cliente no encontrado en el maestro SUNAT (001_TBL_CLIENTES_B2B) -- no se puede validar SUNAT/Osiptel para este RUC.'],0,
RUC_37b04365762f,CLIENT_00832,ICA,Chincha,Chincha Alta,BAJO,BAJO,-3.5,2.0,False,True,OK,[],0,Mantener ciclo de facturación estándar; sin acción de cobranza adicional.
RUC_f9a8a823fb83,CLIENT_00910,LIMA,Lima,La Victoria,SIN_HISTORIAL_DE_FACTURACION,,,,,True,OK,[],0,
RUC_2a3e6268d3d5,CLIENT_00360,LA LIBERTAD,Trujillo,Trujillo,BAJO,BAJO,-2.0,-1.0,False,True,OK,[],0,Mantener ciclo de facturación estándar; sin acción de cobranza adicional.
,,,,,SIN_HISTORIAL_DE_FACTURACION,,,,,False,ALERTA — REVISIÓN HUMANA,['Cliente no encontrado en el maestro SUNAT (001_TBL_CLIENTES_B2B) -- no se puede validar SUNAT/Osiptel para este RUC.'],0,
RUC_04644b7ab0cc,CLIENT_00844,LIMA,Lima,Punta Hermosa,SIN_HISTORIAL_DE_FACTURACION,,,,,True,OK,[],0,
,,,,,SIN_HISTORIAL_DE_FACTURACION,,,,,False,ALERTA — REVISIÓN HUMANA,['Cliente no encontrado en el maestro SUNAT (001_TBL_CLIENTES_B2B) -- no se puede validar SUNAT/Osiptel para este RUC.'],0,
RUC_e09236110104,CLIENT_00660,LIMA,Lima,San Borja,MEDIO,MEDIO,6.0,47.0,False,True,OK,[],1,Recordatorio automático 5 días antes del vencimiento por correo/WhatsApp; sin escalamiento humano todavía.
RUC_a1df3cdf51df,CLIENT_00374,ANCASH,Santa,Chimbote,BAJO,BAJO,-5.8,2.0,False,True,OK,[],4,Mantener ciclo de facturación estándar; sin acción de cobranza adicional.
,,,,,SIN_HISTORIAL_DE_FACTURACION,,,,,False,ALERTA — REVISIÓN HUMANA,['Cliente no encontrado en el maestro SUNAT (001_TBL_CLIENTES_B2B) -- no se puede validar SUNAT/Osiptel para este RUC.'],0,
,,,,,SIN_HISTORIAL_DE_FACTURACION,,,,,False,ALERTA — REVISIÓN HUMANA,['Cliente no encontrado en el maestro SUNAT (001_TBL_CLIENTES_B2B) -- no se puede validar SUNAT/Osiptel para este RUC.'],0,
RUC_1180d7a3008a,CLIENT_00190,LIMA,Lima,Miraflores,SIN_HISTORIAL_DE_FACTURACION,,,,,True,OK,[],0,
,,,,,SIN_HISTORIAL_DE_FACTURACION,,,,,False,ALERTA — REVISIÓN HUMANA,['Cliente no encontrado en el maestro SUNAT (001_TBL_CLIENTES_B2B) -- no se puede validar SUNAT/Osiptel para este RUC.'],0,
,,,,,BAJO,BAJO,-9.5,-7.0,True,False,ALERTA — REVISIÓN HUMANA,['Cliente no encontrado en el maestro SUNAT (001_TBL_CLIENTES_B2B) -- no se puede validar SUNAT/Osiptel para este RUC.'],2,Mantener ciclo de facturación estándar; sin acción de cobranza adicional.
RUC_eda6c42256cf,CLIENT_00482,LA LIBERTAD,Trujillo,Trujillo,SIN_HISTORIAL_DE_FACTURACION,,,,,True,OK,[],0,
,,,,,SIN_HISTORIAL_DE_FACTURACION,,,,,False,ALERTA — REVISIÓN HUMANA,['Cliente no encontrado en el maestro SUNAT (001_TBL_CLIENTES_B2B) -- no se puede validar SUNAT/Osiptel para este RUC.'],0,
,,,,,SIN_HISTORIAL_DE_FACTURACION,,,,,False,ALERTA — REVISIÓN HUMANA,['Cliente no encontrado en el maestro SUNAT (001_TBL_CLIENTES_B2B) -- no se puede validar SUNAT/Osiptel para este RUC.'],0,
,,,,,SIN_HISTORIAL_DE_FACTURACION,,,,,False,ALERTA — REVISIÓN HUMANA,['Cliente no encontrado en el maestro SUNAT (001_TBL_CLIENTES_B2B) -- no se puede validar SUNAT/Osiptel para este RUC.'],0,
,,,,,SIN_HISTORIAL_DE_FACTURACION,,,,,False,ALERTA — REVISIÓN HUMANA,['Cliente no encontrado en el maestro SUNAT (001_TBL_CLIENTES_B2B) -- no se puede validar SUNAT/Osiptel para este RUC.'],0,
,,,,,SIN_HISTORIAL_DE_FACTURACION,,,,,False,ALERTA — REVISIÓN HUMANA,['Cliente no encontrado en el maestro SUNAT (001_TBL_CLIENTES_B2B) -- no se puede validar SUNAT/Osiptel para este RUC.'],0,
RUC_48b394b70b8c,CLIENT_00103,LIMA,Lima,San Isidro,ALTO,BAJO,-1.0,-1.0,False,True,ALERTA — REVISIÓN HUMANA,['SUNAT_ESTADO_CONTRIBUYENTE=BAJA DE OFICIO (no ACTIVO)'],0,Mantener ciclo de facturación estándar; sin acción de cobranza adicional.
,,,,,SIN_HISTORIAL_DE_FACTURACION,,,,,False,ALERTA — REVISIÓN HUMANA,['Cliente no encontrado en el maestro SUNAT (001_TBL_CLIENTES_B2B) -- no se puede validar SUNAT/Osiptel para este RUC.'],0,
RUC_f121313eeecc,CLIENT_00491,PIURA,Piura,Castilla,ALTO,BAJO,-5.2,3.0,False,True,ALERTA — REVISIÓN HUMANA,['SUNAT_ESTADO_CONTRIBUYENTE=BAJA DE OFICIO (no ACTIVO)'],0,Mantener ciclo de facturación estándar; sin acción de cobranza adicional.
RUC_9a37651756df,CLIENT_00034,LIMA,Lima,Miraflores,BAJO,BAJO,-3.0,0.0,True,True,OK,[],0,Mantener ciclo de facturación estándar; sin acción de cobranza adicional.
RUC_69805ce28c31,CLIENT_00239,LIMA,Lima,La Victoria,BAJO,BAJO,-6.0,-5.0,False,True,OK,[],0,Mantener ciclo de facturación estándar; sin acción de cobranza adicional.
,,,,,SIN_HISTORIAL_DE_FACTURACION,,,,,False,ALERTA — REVISIÓN HUMANA,['Cliente no encontrado en el maestro SUNAT (001_TBL_CLIENTES_B2B) -- no se puede validar SUNAT/Osiptel para este RUC.'],0,
RUC_9f62ac53762f,CLIENT_00841,LA LIBERTAD,Trujillo,Trujillo,SIN_HISTORIAL_DE_FACTURACION,,,,,True,OK,[],0,
,,,,,SIN_HISTORIAL_DE_FACTURACION,,,,,False,ALERTA — REVISIÓN HUMANA,['Cliente no encontrado en el maestro SUNAT (001_TBL_CLIENTES_B2B) -- no se puede validar SUNAT/Osiptel para este RUC.'],0,
RUC_2b5fb2cdd453,CLIENT_00307,SAN MARTIN,Moyobamba,Moyobamba,SIN_HISTORIAL_DE_FACTURACION,,,,,True,OK,[],0,
,,,,,SIN_HISTORIAL_DE_FACTURACION,,,,,False,ALERTA — REVISIÓN HUMANA,['Cliente no encontrado en el maestro SUNAT (001_TBL_CLIENTES_B2B) -- no se puede validar SUNAT/Osiptel para este RUC.'],0,
RUC_2979a77f1de8,CLIENT_00503,LIMA,Lima,Carabayllo,BAJO,BAJO,2.0,3.0,False,True,OK,[],0,Mantener ciclo de facturación estándar; sin acción de cobranza adicional.
,,,,,BAJO,BAJO,3.5,4.0,False,False,ALERTA — REVISIÓN HUMANA,['Cliente no encontrado en el maestro SUNAT (001_TBL_CLIENTES_B2B) -- no se puede validar SUNAT/Osiptel para este RUC.'],1,Mantener ciclo de facturación estándar; sin acción de cobranza adicional.
RUC_304c5bac6def,CLIENT_00058,LIMA,Lima,Miraflores,SIN_HISTORIAL_DE_FACTURACION,,,,,True,OK,[],0,
,,,,,SIN_HISTORIAL_DE_FACTURACION,,,,,False,ALERTA — REVISIÓN HUMANA,['Cliente no encontrado en el maestro SUNAT (001_TBL_CLIENTES_B2B) -- no se puede validar SUNAT/Osiptel para este RUC.'],0,
,,,,,SIN_HISTORIAL_DE_FACTURACION,,,,,False,ALERTA — REVISIÓN HUMANA,['Cliente no encontrado en el maestro SUNAT (001_TBL_CLIENTES_B2B) -- no se puede validar SUNAT/Osiptel para este RUC.'],0,
RUC_1d3870e8329f,CLIENT_00530,LIMA,Lima,San Isidro,SIN_HISTORIAL_DE_FACTURACION,,,,,True,OK,[],0,
,,,,,SIN_HISTORIAL_DE_FACTURACION,,,,,False,ALERTA — REVISIÓN HUMANA,['Cliente no encontrado en el maestro SUNAT (001_TBL_CLIENTES_B2B) -- no se puede validar SUNAT/Osiptel para este RUC.'],0,
,,,,,SIN_HISTORIAL_DE_FACTURACION,,,,,False,ALERTA — REVISIÓN HUMANA,['Cliente no encontrado en el maestro SUNAT (001_TBL_CLIENTES_B2B) -- no se puede validar SUNAT/Osiptel para este RUC.'],0,
,,,,,SIN_HISTORIAL_DE_FACTURACION,,,,,False,ALERTA — REVISIÓN HUMANA,['Cliente no encontrado en el maestro SUNAT (001_TBL_CLIENTES_B2B) -- no se puede validar SUNAT/Osiptel para este RUC.'],0,
,,,,,SIN_HISTORIAL_DE_FACTURACION,,,,,False,ALERTA — REVISIÓN HUMANA,['Cliente no encontrado en el maestro SUNAT (001_TBL_CLIENTES_B2B) -- no se puede validar SUNAT/Osiptel para este RUC.'],0,
,,,,,SIN_HISTORIAL_DE_FACTURACION,,,,,False,ALERTA — REVISIÓN HUMANA,['Cliente no encontrado en el maestro SUNAT (001_TBL_CLIENTES_B2B) -- no se puede validar SUNAT/Osiptel para este RUC.'],0,
RUC_c48d16dbaac9,CLIENT_00104,CUSCO,Cusco,Wanchaq,SIN_HISTORIAL_DE_FACTURACION,,,,,True,OK,[],0,
RUC_1a6fa0c3e821,CLIENT_00076,LA LIBERTAD,Trujillo,Trujillo,ALTO,,,,,True,ALERTA — REVISIÓN HUMANA,['SUNAT_ESTADO_CONTRIBUYENTE=BAJA DE OFICIO (no ACTIVO)'],0,
RUC_0cda80ffd814,CLIENT_00197,LIMA,Lima,Lima,SIN_HISTORIAL_DE_FACTURACION,,,,,True,OK,[],0,
,,,,,SIN_HISTORIAL_DE_FACTURACION,,,,,False,ALERTA — REVISIÓN HUMANA,['Cliente no encontrado en el maestro SUNAT (001_TBL_CLIENTES_B2B) -- no se puede validar SUNAT/Osiptel para este RUC.'],0,
,,,,,SIN_HISTORIAL_DE_FACTURACION,,,,,False,ALERTA — REVISIÓN HUMANA,['Cliente no encontrado en el maestro SUNAT (001_TBL_CLIENTES_B2B) -- no se puede validar SUNAT/Osiptel para este RUC.'],0,
RUC_1cf818ed1a94,CLIENT_00581,LIMA,Lima,San Juan de Miraflores,SIN_HISTORIAL_DE_FACTURACION,,,,,True,OK,[],0,
,,,,,SIN_HISTORIAL_DE_FACTURACION,,,,,False,ALERTA — REVISIÓN HUMANA,['Cliente no encontrado en el maestro SUNAT (001_TBL_CLIENTES_B2B) -- no se puede validar SUNAT/Osiptel para este RUC.'],0,
,,,,,SIN_HISTORIAL_DE_FACTURACION,,,,,False,ALERTA — REVISIÓN HUMANA,['Cliente no encontrado en el maestro SUNAT (001_TBL_CLIENTES_B2B) -- no se puede validar SUNAT/Osiptel para este RUC.'],0,
,,,,,SIN_HISTORIAL_DE_FACTURACION,,,,,False,ALERTA — REVISIÓN HUMANA,['Cliente no encontrado en el maestro SUNAT (001_TBL_CLIENTES_B2B) -- no se puede validar SUNAT/Osiptel para este RUC.'],0,
RUC_67d091b0174e,CLIENT_00035,AREQUIPA,Arequipa,Arequipa,SIN_HISTORIAL_DE_FACTURACION,,,,,True,OK,[],0,
RUC_a645d7bceb2a,CLIENT_00395,LA LIBERTAD,Trujillo,Trujillo,ALTO,BAJO,-11.0,-10.0,False,True,ALERTA — REVISIÓN HUMANA,['SUNAT_ESTADO_CONTRIBUYENTE=BAJA DE OFICIO (no ACTIVO)'],0,Mantener ciclo de facturación estándar; sin acción de cobranza adicional.
RUC_adf7ab1bf047,CLIENT_00712,LIMA,Lima,Miraflores,BAJO,BAJO,-14.5,-14.0,True,True,OK,[],0,Mantener ciclo de facturación estándar; sin acción de cobranza adicional.
,,,,,SIN_HISTORIAL_DE_FACTURACION,,,,,False,ALERTA — REVISIÓN HUMANA,['Cliente no encontrado en el maestro SUNAT (001_TBL_CLIENTES_B2B) -- no se puede validar SUNAT/Osiptel para este RUC.'],0,
,,,,,SIN_HISTORIAL_DE_FACTURACION,,,,,False,ALERTA — REVISIÓN HUMANA,['Cliente no encontrado en el maestro SUNAT (001_TBL_CLIENTES_B2B) -- no se puede validar SUNAT/Osiptel para este RUC.'],0,
RUC_bfb6c643b912,CLIENT_00961,LIMA,Lima,Miraflores,BAJO,BAJO,-3.0,-3.0,False,True,OK,[],0,Mantener ciclo de facturación estándar; sin acción de cobranza adicional.
,,,,,SIN_HISTORIAL_DE_FACTURACION,,,,,False,ALERTA — REVISIÓN HUMANA,['Cliente no encontrado en el maestro SUNAT (001_TBL_CLIENTES_B2B) -- no se puede validar SUNAT/Osiptel para este RUC.'],0,
,,,,,SIN_HISTORIAL_DE_FACTURACION,,,,,False,ALERTA — REVISIÓN HUMANA,['Cliente no encontrado en el maestro SUNAT (001_TBL_CLIENTES_B2B) -- no se puede validar SUNAT/Osiptel para este RUC.'],0,
,,,,,SIN_HISTORIAL_DE_FACTURACION,,,,,False,ALERTA — REVISIÓN HUMANA,['Cliente no encontrado en el maestro SUNAT (001_TBL_CLIENTES_B2B) -- no se puede validar SUNAT/Osiptel para este RUC.'],0,
,,,,,SIN_HISTORIAL_DE_FACTURACION,,,,,False,ALERTA — REVISIÓN HUMANA,['Cliente no encontrado en el maestro SUNAT (001_TBL_CLIENTES_B2B) -- no se puede validar SUNAT/Osiptel para este RUC.'],0,
,,,,,SIN_HISTORIAL_DE_FACTURACION,,,,,False,ALERTA — REVISIÓN HUMANA,['Cliente no encontrado en el maestro SUNAT (001_TBL_CLIENTES_B2B) -- no se puede validar SUNAT/Osiptel para este RUC.'],0,
,,,,,SIN_HISTORIAL_DE_FACTURACION,,,,,False,ALERTA — REVISIÓN HUMANA,['Cliente no encontrado en el maestro SUNAT (001_TBL_CLIENTES_B2B) -- no se puede validar SUNAT/Osiptel para este RUC.'],0,
,,,,,SIN_HISTORIAL_DE_FACTURACION,,,,,False,ALERTA — REVISIÓN HUMANA,['Cliente no encontrado en el maestro SUNAT (001_TBL_CLIENTES_B2B) -- no se puede validar SUNAT/Osiptel para este RUC.'],0,
RUC_a68581987823,CLIENT_00112,CUSCO,Cusco,Cusco,SIN_HISTORIAL_DE_FACTURACION,,,,,True,OK,[],0,
,,,,,SIN_HISTORIAL_DE_FACTURACION,,,,,False,ALERTA — REVISIÓN HUMANA,['Cliente no encontrado en el maestro SUNAT (001_TBL_CLIENTES_B2B) -- no se puede validar SUNAT/Osiptel para este RUC.'],0,
,,,,,BAJO,BAJO,-3.5,1.0,False,False,ALERTA — REVISIÓN HUMANA,['Cliente no encontrado en el maestro SUNAT (001_TBL_CLIENTES_B2B) -- no se puede validar SUNAT/Osiptel para este RUC.'],0,Mantener ciclo de facturación estándar; sin acción de cobranza adicional.
,,,,,SIN_HISTORIAL_DE_FACTURACION,,,,,False,ALERTA — REVISIÓN HUMANA,['Cliente no encontrado en el maestro SUNAT (001_TBL_CLIENTES_B2B) -- no se puede validar SUNAT/Osiptel para este RUC.'],0,
,,,,,SIN_HISTORIAL_DE_FACTURACION,,,,,False,ALERTA — REVISIÓN HUMANA,['Cliente no encontrado en el maestro SUNAT (001_TBL_CLIENTES_B2B) -- no se puede validar SUNAT/Osiptel para este RUC.'],0,
,,,,,SIN_HISTORIAL_DE_FACTURACION,,,,,False,ALERTA — REVISIÓN HUMANA,['Cliente no encontrado en el maestro SUNAT (001_TBL_CLIENTES_B2B) -- no se puede validar SUNAT/Osiptel para este RUC.'],0,
RUC_48982d6ffd9c,CLIENT_00932,SAN MARTIN,San Martín,Tarapoto,SIN_HISTORIAL_DE_FACTURACION,,,,,True,OK,[],0,
RUC_0a46b7d1c292,CLIENT_00589,LA LIBERTAD,Trujillo,La Esperanza,SIN_HISTORIAL_DE_FACTURACION,,,,,True,OK,[],0,
,,,,,SIN_HISTORIAL_DE_FACTURACION,,,,,False,ALERTA — REVISIÓN HUMANA,['Cliente no encontrado en el maestro SUNAT (001_TBL_CLIENTES_B2B) -- no se puede validar SUNAT/Osiptel para este RUC.'],0,
RUC_841edb51ca91,CLIENT_00361,ANCASH,Santa,Chimbote,ALTO,,,,,True,ALERTA — REVISIÓN HUMANA,['Todas sus líneas (fija/móvil) están inactivas o suspendidas'],0,
,,,,,ALTO,ALTO,18.5,34.0,False,False,ALERTA — REVISIÓN HUMANA,['Cliente no encontrado en el maestro SUNAT (001_TBL_CLIENTES_B2B) -- no se puede validar SUNAT/Osiptel para este RUC.'],2,Contacto proactivo antes del vencimiento + oferta de plan de pago fraccionado; escalar a gestor de cuenta senior.
,,,,,SIN_HISTORIAL_DE_FACTURACION,,,,,False,ALERTA — REVISIÓN HUMANA,['Cliente no encontrado en el maestro SUNAT (001_TBL_CLIENTES_B2B) -- no se puede validar SUNAT/Osiptel para este RUC.'],0,
,,,,,SIN_HISTORIAL_DE_FACTURACION,,,,,False,ALERTA — REVISIÓN HUMANA,['Cliente no encontrado en el maestro SUNAT (001_TBL_CLIENTES_B2B) -- no se puede validar SUNAT/Osiptel para este RUC.'],0,
,,,,,SIN_HISTORIAL_DE_FACTURACION,,,,,False,ALERTA — REVISIÓN HUMANA,['Cliente no encontrado en el maestro SUNAT (001_TBL_CLIENTES_B2B) -- no se puede validar SUNAT/Osiptel para este RUC.'],0,
,,,,,BAJO,BAJO,-0.5,0.0,False,False,ALERTA — REVISIÓN HUMANA,['Cliente no encontrado en el maestro SUNAT (001_TBL_CLIENTES_B2B) -- no se puede validar SUNAT/Osiptel para este RUC.'],0,Mantener ciclo de facturación estándar; sin acción de cobranza adicional.
RUC_6d84db5d0555,CLIENT_00159,LIMA,Lima,Santiago de Surco,BAJO,BAJO,-13.0,-12.0,False,True,OK,[],0,Mantener ciclo de facturación estándar; sin acción de cobranza adicional.
,,,,,BAJO,BAJO,-7.0,-2.0,False,False,ALERTA — REVISIÓN HUMANA,['Cliente no encontrado en el maestro SUNAT (001_TBL_CLIENTES_B2B) -- no se puede validar SUNAT/Osiptel para este RUC.'],0,Mantener ciclo de facturación estándar; sin acción de cobranza adicional.
RUC_7a72fb4f6771,CLIENT_00846,LIMA,Lima,San Juan de Lurigancho,BAJO,BAJO,2.0,2.0,False,True,OK,[],0,Mantener ciclo de facturación estándar; sin acción de cobranza adicional.
,,,,,SIN_HISTORIAL_DE_FACTURACION,,,,,False,ALERTA — REVISIÓN HUMANA,['Cliente no encontrado en el maestro SUNAT (001_TBL_CLIENTES_B2B) -- no se puede validar SUNAT/Osiptel para este RUC.'],0,
,,,,,SIN_HISTORIAL_DE_FACTURACION,,,,,False,ALERTA — REVISIÓN HUMANA,['Cliente no encontrado en el maestro SUNAT (001_TBL_CLIENTES_B2B) -- no se puede validar SUNAT/Osiptel para este RUC.'],0,
,,,,,SIN_HISTORIAL_DE_FACTURACION,,,,,False,ALERTA — REVISIÓN HUMANA,['Cliente no encontrado en el maestro SUNAT (001_TBL_CLIENTES_B2B) -- no se puede validar SUNAT/Osiptel para este RUC.'],0,
,,,,,SIN_HISTORIAL_DE_FACTURACION,,,,,False,ALERTA — REVISIÓN HUMANA,['Cliente no encontrado en el maestro SUNAT (001_TBL_CLIENTES_B2B) -- no se puede validar SUNAT/Osiptel para este RUC.'],0,
,,,,,SIN_HISTORIAL_DE_FACTURACION,,,,,False,ALERTA — REVISIÓN HUMANA,['Cliente no encontrado en el maestro SUNAT (001_TBL_CLIENTES_B2B) -- no se puede validar SUNAT/Osiptel para este RUC.'],0,
,,,,,BAJO,BAJO,-9.0,14.0,False,False,ALERTA — REVISIÓN HUMANA,['Cliente no encontrado en el maestro SUNAT (001_TBL_CLIENTES_B2B) -- no se puede validar SUNAT/Osiptel para este RUC.'],2,Mantener ciclo de facturación estándar; sin acción de cobranza adicional.
,,,,,SIN_HISTORIAL_DE_FACTURACION,,,,,False,ALERTA — REVISIÓN HUMANA,['Cliente no encontrado en el maestro SUNAT (001_TBL_CLIENTES_B2B) -- no se puede validar SUNAT/Osiptel para este RUC.'],0,
RUC_d530777f6079,CLIENT_00167,AREQUIPA,Arequipa,Arequipa,BAJO,BAJO,1.8,3.0,False,True,OK,[],0,Mantener ciclo de facturación estándar; sin acción de cobranza adicional.
,,,,,SIN_HISTORIAL_DE_FACTURACION,,,,,False,ALERTA — REVISIÓN HUMANA,['Cliente no encontrado en el maestro SUNAT (001_TBL_CLIENTES_B2B) -- no se puede validar SUNAT/Osiptel para este RUC.'],0,
,,,,,SIN_HISTORIAL_DE_FACTURACION,,,,,False,ALERTA — REVISIÓN HUMANA,['Cliente no encontrado en el maestro SUNAT (001_TBL_CLIENTES_B2B) -- no se puede validar SUNAT/Osiptel para este RUC.'],0,
,,,,,BAJO,BAJO,0.0,0.0,False,False,ALERTA — REVISIÓN HUMANA,['Cliente no encontrado en el maestro SUNAT (001_TBL_CLIENTES_B2B) -- no se puede validar SUNAT/Osiptel para este RUC.'],0,Mantener ciclo de facturación estándar; sin acción de cobranza adicional.
,,,,,BAJO,BAJO,0.7,1.0,True,False,ALERTA — REVISIÓN HUMANA,['Cliente no encontrado en el maestro SUNAT (001_TBL_CLIENTES_B2B) -- no se puede validar SUNAT/Osiptel para este RUC.'],0,Mantener ciclo de facturación estándar; sin acción de cobranza adicional.
RUC_d3b3373a8bf3,CLIENT_00322,LIMA,Lima,Lurigancho,SIN_HISTORIAL_DE_FACTURACION,,,,,True,OK,[],0,
,,,,,SIN_HISTORIAL_DE_FACTURACION,,,,,False,ALERTA — REVISIÓN HUMANA,['Cliente no encontrado en el maestro SUNAT (001_TBL_CLIENTES_B2B) -- no se puede validar SUNAT/Osiptel para este RUC.'],0,
RUC_c3debc8e1223,CLIENT_00547,LIMA,Lima,Lince,SIN_HISTORIAL_DE_FACTURACION,,,,,True,OK,[],0,
,,,,,SIN_HISTORIAL_DE_FACTURACION,,,,,False,ALERTA — REVISIÓN HUMANA,['Cliente no encontrado en el maestro SUNAT (001_TBL_CLIENTES_B2B) -- no se puede validar SUNAT/Osiptel para este RUC.'],0,
,,,,,SIN_HISTORIAL_DE_FACTURACION,,,,,False,ALERTA — REVISIÓN HUMANA,['Cliente no encontrado en el maestro SUNAT (001_TBL_CLIENTES_B2B) -- no se puede validar SUNAT/Osiptel para este RUC.'],0,
RUC_af49dc8463d4,CLIENT_00625,LIMA,Lima,San Isidro,BAJO,BAJO,-3.5,-3.0,True,True,OK,[],0,Mantener ciclo de facturación estándar; sin acción de cobranza adicional.
RUC_79e7d27919a8,CLIENT_00072,LIMA,Lima,Magdalena del Mar,SIN_HISTORIAL_DE_FACTURACION,,,,,True,OK,[],0,
,,,,,BAJO,BAJO,-3.5,-3.0,False,False,ALERTA — REVISIÓN HUMANA,['Cliente no encontrado en el maestro SUNAT (001_TBL_CLIENTES_B2B) -- no se puede validar SUNAT/Osiptel para este RUC.'],0,Mantener ciclo de facturación estándar; sin acción de cobranza adicional.
,,,,,SIN_HISTORIAL_DE_FACTURACION,,,,,False,ALERTA — REVISIÓN HUMANA,['Cliente no encontrado en el maestro SUNAT (001_TBL_CLIENTES_B2B) -- no se puede validar SUNAT/Osiptel para este RUC.'],0,
,,,,,SIN_HISTORIAL_DE_FACTURACION,,,,,False,ALERTA — REVISIÓN HUMANA,['Cliente no encontrado en el maestro SUNAT (001_TBL_CLIENTES_B2B) -- no se puede validar SUNAT/Osiptel para este RUC.'],0,
RUC_09e7a4333e95,CLIENT_00682,LIMA,Lima,Ate,SIN_HISTORIAL_DE_FACTURACION,,,,,True,OK,[],0,
RUC_f552c6a8f600,CLIENT_00621,LIMA,Lima,Surquillo,BAJO,BAJO,-1.0,0.0,False,True,OK,[],0,Mantener ciclo de facturación estándar; sin acción de cobranza adicional.
,,,,,SIN_HISTORIAL_DE_FACTURACION,,,,,False,ALERTA — REVISIÓN HUMANA,['Cliente no encontrado en el maestro SUNAT (001_TBL_CLIENTES_B2B) -- no se puede validar SUNAT/Osiptel para este RUC.'],0,
,,,,,SIN_HISTORIAL_DE_FACTURACION,,,,,False,ALERTA — REVISIÓN HUMANA,['Cliente no encontrado en el maestro SUNAT (001_TBL_CLIENTES_B2B) -- no se puede validar SUNAT/Osiptel para este RUC.'],0,
,,,,,SIN_HISTORIAL_DE_FACTURACION,,,,,False,ALERTA — REVISIÓN HUMANA,['Cliente no encontrado en el maestro SUNAT (001_TBL_CLIENTES_B2B) -- no se puede validar SUNAT/Osiptel para este RUC.'],0,
RUC_6b38e32ae95f,CLIENT_00098,LIMA,Lima,Lima,SIN_HISTORIAL_DE_FACTURACION,,,,,True,OK,[],0,
RUC_59696e684ee9,CLIENT_00416,PIURA,Sullana,Sullana,ALTO,,,,,True,ALERTA — REVISIÓN HUMANA,['SUNAT_ESTADO_CONTRIBUYENTE=SUSPENSION TEMPORAL (no ACTIVO)'],0,
,,,,,SIN_HISTORIAL_DE_FACTURACION,,,,,False,ALERTA — REVISIÓN HUMANA,['Cliente no encontrado en el maestro SUNAT (001_TBL_CLIENTES_B2B) -- no se puede validar SUNAT/Osiptel para este RUC.'],0,
,,,,,SIN_HISTORIAL_DE_FACTURACION,,,,,False,ALERTA — REVISIÓN HUMANA,['Cliente no encontrado en el maestro SUNAT (001_TBL_CLIENTES_B2B) -- no se puede validar SUNAT/Osiptel para este RUC.'],0,
,,,,,SIN_HISTORIAL_DE_FACTURACION,,,,,False,ALERTA — REVISIÓN HUMANA,['Cliente no encontrado en el maestro SUNAT (001_TBL_CLIENTES_B2B) -- no se puede validar SUNAT/Osiptel para este RUC.'],0,
RUC_d05ed9deaa1f,CLIENT_00526,LIMA,Lima,Miraflores,BAJO,BAJO,-12.5,-12.0,False,True,OK,[],0,Mantener ciclo de facturación estándar; sin acción de cobranza adicional.
,,,,,BAJO,BAJO,-4.3,7.0,False,False,ALERTA — REVISIÓN HUMANA,['Cliente no encontrado en el maestro SUNAT (001_TBL_CLIENTES_B2B) -- no se puede validar SUNAT/Osiptel para este RUC.'],2,Mantener ciclo de facturación estándar; sin acción de cobranza adicional.
,,,,,SIN_HISTORIAL_DE_FACTURACION,,,,,False,ALERTA — REVISIÓN HUMANA,['Cliente no encontrado en el maestro SUNAT (001_TBL_CLIENTES_B2B) -- no se puede validar SUNAT/Osiptel para este RUC.'],0,
RUC_d88b1f11dd76,CLIENT_00093,JUNIN,Junín,Junin,BAJO,BAJO,-2.5,-2.0,False,True,OK,[],0,Mantener ciclo de facturación estándar; sin acción de cobranza adicional.
,,,,,SIN_HISTORIAL_DE_FACTURACION,,,,,False,ALERTA — REVISIÓN HUMANA,['Cliente no encontrado en el maestro SUNAT (001_TBL_CLIENTES_B2B) -- no se puede validar SUNAT/Osiptel para este RUC.'],0,
,,,,,SIN_HISTORIAL_DE_FACTURACION,,,,,False,ALERTA — REVISIÓN HUMANA,['Cliente no encontrado en el maestro SUNAT (001_TBL_CLIENTES_B2B) -- no se puede validar SUNAT/Osiptel para este RUC.'],0,
,,,,,SIN_HISTORIAL_DE_FACTURACION,,,,,False,ALERTA — REVISIÓN HUMANA,['Cliente no encontrado en el maestro SUNAT (001_TBL_CLIENTES_B2B) -- no se puede validar SUNAT/Osiptel para este RUC.'],0,
RUC_4e58c40ac01f,CLIENT_00762,LIMA,Lima,San Borja,SIN_HISTORIAL_DE_FACTURACION,,,,,True,OK,[],0,
,,,,,SIN_HISTORIAL_DE_FACTURACION,,,,,False,ALERTA — REVISIÓN HUMANA,['Cliente no encontrado en el maestro SUNAT (001_TBL_CLIENTES_B2B) -- no se puede validar SUNAT/Osiptel para este RUC.'],0,
,,,,,SIN_HISTORIAL_DE_FACTURACION,,,,,False,ALERTA — REVISIÓN HUMANA,['Cliente no encontrado en el maestro SUNAT (001_TBL_CLIENTES_B2B) -- no se puede validar SUNAT/Osiptel para este RUC.'],0,
,,,,,BAJO,BAJO,1.5,3.0,True,False,ALERTA — REVISIÓN HUMANA,['Cliente no encontrado en el maestro SUNAT (001_TBL_CLIENTES_B2B) -- no se puede validar SUNAT/Osiptel para este RUC.'],0,Mantener ciclo de facturación estándar; sin acción de cobranza adicional.
RUC_c45c8e2fdedc,CLIENT_00245,LIMA,Lima,Lima,BAJO,BAJO,-3.3,2.0,False,True,OK,[],1,Mantener ciclo de facturación estándar; sin acción de cobranza adicional.
,,,,,BAJO,BAJO,-1.5,-1.0,False,False,ALERTA — REVISIÓN HUMANA,['Cliente no encontrado en el maestro SUNAT (001_TBL_CLIENTES_B2B) -- no se puede validar SUNAT/Osiptel para este RUC.'],0,Mantener ciclo de facturación estándar; sin acción de cobranza adicional.
,,,,,BAJO,BAJO,-3.5,-3.0,False,False,ALERTA — REVISIÓN HUMANA,['Cliente no encontrado en el maestro SUNAT (001_TBL_CLIENTES_B2B) -- no se puede validar SUNAT/Osiptel para este RUC.'],0,Mantener ciclo de facturación estándar; sin acción de cobranza adicional.
RUC_82092c00e378,CLIENT_00758,LIMA,Lima,Miraflores,SIN_HISTORIAL_DE_FACTURACION,,,,,True,OK,[],0,
,,,,,BAJO,BAJO,0.0,1.0,True,False,ALERTA — REVISIÓN HUMANA,['Cliente no encontrado en el maestro SUNAT (001_TBL_CLIENTES_B2B) -- no se puede validar SUNAT/Osiptel para este RUC.'],0,Mantener ciclo de facturación estándar; sin acción de cobranza adicional.
,,,,,SIN_HISTORIAL_DE_FACTURACION,,,,,False,ALERTA — REVISIÓN HUMANA,['Cliente no encontrado en el maestro SUNAT (001_TBL_CLIENTES_B2B) -- no se puede validar SUNAT/Osiptel para este RUC.'],0,
,,,,,SIN_HISTORIAL_DE_FACTURACION,,,,,False,ALERTA — REVISIÓN HUMANA,['Cliente no encontrado en el maestro SUNAT (001_TBL_CLIENTES_B2B) -- no se puede validar SUNAT/Osiptel para este RUC.'],0,
RUC_db5d9074c2df,CLIENT_00390,AREQUIPA,Arequipa,Yanahuara,SIN_HISTORIAL_DE_FACTURACION,,,,,True,OK,[],0,
,,,,,SIN_HISTORIAL_DE_FACTURACION,,,,,False,ALERTA — REVISIÓN HUMANA,['Cliente no encontrado en el maestro SUNAT (001_TBL_CLIENTES_B2B) -- no se puede validar SUNAT/Osiptel para este RUC.'],0,
,,,,,SIN_HISTORIAL_DE_FACTURACION,,,,,False,ALERTA — REVISIÓN HUMANA,['Cliente no encontrado en el maestro SUNAT (001_TBL_CLIENTES_B2B) -- no se puede validar SUNAT/Osiptel para este RUC.'],0,
,,,,,SIN_HISTORIAL_DE_FACTURACION,,,,,False,ALERTA — REVISIÓN HUMANA,['Cliente no encontrado en el maestro SUNAT (001_TBL_CLIENTES_B2B) -- no se puede validar SUNAT/Osiptel para este RUC.'],0,
,,,,,SIN_HISTORIAL_DE_FACTURACION,,,,,False,ALERTA — REVISIÓN HUMANA,['Cliente no encontrado en el maestro SUNAT (001_TBL_CLIENTES_B2B) -- no se puede validar SUNAT/Osiptel para este RUC.'],0,
,,,,,BAJO,BAJO,-7.0,-5.0,True,False,ALERTA — REVISIÓN HUMANA,['Cliente no encontrado en el maestro SUNAT (001_TBL_CLIENTES_B2B) -- no se puede validar SUNAT/Osiptel para este RUC.'],0,Mantener ciclo de facturación estándar; sin acción de cobranza adicional.
RUC_4dea780c309f,CLIENT_00018,LIMA,Lima,Santiago de Surco,SIN_HISTORIAL_DE_FACTURACION,,,,,True,OK,[],0,
,,,,,SIN_HISTORIAL_DE_FACTURACION,,,,,False,ALERTA — REVISIÓN HUMANA,['Cliente no encontrado en el maestro SUNAT (001_TBL_CLIENTES_B2B) -- no se puede validar SUNAT/Osiptel para este RUC.'],0,
,,,,,SIN_HISTORIAL_DE_FACTURACION,,,,,False,ALERTA — REVISIÓN HUMANA,['Cliente no encontrado en el maestro SUNAT (001_TBL_CLIENTES_B2B) -- no se puede validar SUNAT/Osiptel para este RUC.'],0,
RUC_9602729f2cd5,CLIENT_00562,MOQUEGUA,Mariscal Nieto,Moquegua,SIN_HISTORIAL_DE_FACTURACION,,,,,True,OK,[],0,
,,,,,SIN_HISTORIAL_DE_FACTURACION,,,,,False,ALERTA — REVISIÓN HUMANA,['Cliente no encontrado en el maestro SUNAT (001_TBL_CLIENTES_B2B) -- no se puede validar SUNAT/Osiptel para este RUC.'],0,
,,,,,SIN_HISTORIAL_DE_FACTURACION,,,,,False,ALERTA — REVISIÓN HUMANA,['Cliente no encontrado en el maestro SUNAT (001_TBL_CLIENTES_B2B) -- no se puede validar SUNAT/Osiptel para este RUC.'],0,
,,,,,SIN_HISTORIAL_DE_FACTURACION,,,,,False,ALERTA — REVISIÓN HUMANA,['Cliente no encontrado en el maestro SUNAT (001_TBL_CLIENTES_B2B) -- no se puede validar SUNAT/Osiptel para este RUC.'],0,
,,,,,SIN_HISTORIAL_DE_FACTURACION,,,,,False,ALERTA — REVISIÓN HUMANA,['Cliente no encontrado en el maestro SUNAT (001_TBL_CLIENTES_B2B) -- no se puede validar SUNAT/Osiptel para este RUC.'],0,
,,,,,SIN_HISTORIAL_DE_FACTURACION,,,,,False,ALERTA — REVISIÓN HUMANA,['Cliente no encontrado en el maestro SUNAT (001_TBL_CLIENTES_B2B) -- no se puede validar SUNAT/Osiptel para este RUC.'],0,
,,,,,BAJO,BAJO,-10.5,-10.0,False,False,ALERTA — REVISIÓN HUMANA,['Cliente no encontrado en el maestro SUNAT (001_TBL_CLIENTES_B2B) -- no se puede validar SUNAT/Osiptel para este RUC.'],0,Mantener ciclo de facturación estándar; sin acción de cobranza adicional.
,,,,,SIN_HISTORIAL_DE_FACTURACION,,,,,False,ALERTA — REVISIÓN HUMANA,['Cliente no encontrado en el maestro SUNAT (001_TBL_CLIENTES_B2B) -- no se puede validar SUNAT/Osiptel para este RUC.'],0,
,,,,,BAJO,BAJO,4.7,23.0,False,False,ALERTA — REVISIÓN HUMANA,['Cliente no encontrado en el maestro SUNAT (001_TBL_CLIENTES_B2B) -- no se puede validar SUNAT/Osiptel para este RUC.'],3,Mantener ciclo de facturación estándar; sin acción de cobranza adicional.
,,,,,SIN_HISTORIAL_DE_FACTURACION,,,,,False,ALERTA — REVISIÓN HUMANA,['Cliente no encontrado en el maestro SUNAT (001_TBL_CLIENTES_B2B) -- no se puede validar SUNAT/Osiptel para este RUC.'],0,
RUC_20e075782a32,CLIENT_00557,LIMA,Lima,Miraflores,BAJO,BAJO,-1.0,3.0,False,True,OK,[],1,Mantener ciclo de facturación estándar; sin acción de cobranza adicional.
,,,,,SIN_HISTORIAL_DE_FACTURACION,,,,,False,ALERTA — REVISIÓN HUMANA,['Cliente no encontrado en el maestro SUNAT (001_TBL_CLIENTES_B2B) -- no se puede validar SUNAT/Osiptel para este RUC.'],0,
,,,,,SIN_HISTORIAL_DE_FACTURACION,,,,,False,ALERTA — REVISIÓN HUMANA,['Cliente no encontrado en el maestro SUNAT (001_TBL_CLIENTES_B2B) -- no se puede validar SUNAT/Osiptel para este RUC.'],0,
,,,,,SIN_HISTORIAL_DE_FACTURACION,,,,,False,ALERTA — REVISIÓN HUMANA,['Cliente no encontrado en el maestro SUNAT (001_TBL_CLIENTES_B2B) -- no se puede validar SUNAT/Osiptel para este RUC.'],0,
,,,,,BAJO,BAJO,-0.5,1.0,True,False,ALERTA — REVISIÓN HUMANA,['Cliente no encontrado en el maestro SUNAT (001_TBL_CLIENTES_B2B) -- no se puede validar SUNAT/Osiptel para este RUC.'],0,Mantener ciclo de facturación estándar; sin acción de cobranza adicional.
RUC_3d10eb72fcc2,CLIENT_00994,LIMA,Lima,Santiago de Surco,BAJO,BAJO,-2.0,-2.0,False,True,OK,[],0,Mantener ciclo de facturación estándar; sin acción de cobranza adicional.
RUC_c065089c398c,CLIENT_00160,LIMA,Barranca,Supe,SIN_HISTORIAL_DE_FACTURACION,,,,,True,OK,[],0,
,,,,,BAJO,BAJO,0.8,2.0,True,False,ALERTA — REVISIÓN HUMANA,['Cliente no encontrado en el maestro SUNAT (001_TBL_CLIENTES_B2B) -- no se puede validar SUNAT/Osiptel para este RUC.'],0,Mantener ciclo de facturación estándar; sin acción de cobranza adicional.
,,,,,SIN_HISTORIAL_DE_FACTURACION,,,,,False,ALERTA — REVISIÓN HUMANA,['Cliente no encontrado en el maestro SUNAT (001_TBL_CLIENTES_B2B) -- no se puede validar SUNAT/Osiptel para este RUC.'],0,
,,,,,MEDIO,MEDIO,10.0,39.0,False,False,ALERTA — REVISIÓN HUMANA,['Cliente no encontrado en el maestro SUNAT (001_TBL_CLIENTES_B2B) -- no se puede validar SUNAT/Osiptel para este RUC.'],1,Recordatorio automático 5 días antes del vencimiento por correo/WhatsApp; sin escalamiento humano todavía.
,,,,,SIN_HISTORIAL_DE_FACTURACION,,,,,False,ALERTA — REVISIÓN HUMANA,['Cliente no encontrado en el maestro SUNAT (001_TBL_CLIENTES_B2B) -- no se puede validar SUNAT/Osiptel para este RUC.'],0,
RUC_84932b0f4bcd,CLIENT_00766,PUNO,San Román,Juliaca,SIN_HISTORIAL_DE_FACTURACION,,,,,True,OK,[],0,
RUC_985c1aa7b7cc,CLIENT_00461,JUNIN,Satipo,Satipo,SIN_HISTORIAL_DE_FACTURACION,,,,,True,OK,[],0,
,,,,,SIN_HISTORIAL_DE_FACTURACION,,,,,False,ALERTA — REVISIÓN HUMANA,['Cliente no encontrado en el maestro SUNAT (001_TBL_CLIENTES_B2B) -- no se puede validar SUNAT/Osiptel para este RUC.'],0,
RUC_e8789ac22cfc,CLIENT_00831,LIMA,Lima,Miraflores,BAJO,BAJO,-9.0,-9.0,False,True,OK,[],0,Mantener ciclo de facturación estándar; sin acción de cobranza adicional.
,,,,,SIN_HISTORIAL_DE_FACTURACION,,,,,False,ALERTA — REVISIÓN HUMANA,['Cliente no encontrado en el maestro SUNAT (001_TBL_CLIENTES_B2B) -- no se puede validar SUNAT/Osiptel para este RUC.'],0,
,,,,,BAJO,BAJO,1.5,3.0,True,False,ALERTA — REVISIÓN HUMANA,['Cliente no encontrado en el maestro SUNAT (001_TBL_CLIENTES_B2B) -- no se puede validar SUNAT/Osiptel para este RUC.'],1,Mantener ciclo de facturación estándar; sin acción de cobranza adicional.
,,,,,SIN_HISTORIAL_DE_FACTURACION,,,,,False,ALERTA — REVISIÓN HUMANA,['Cliente no encontrado en el maestro SUNAT (001_TBL_CLIENTES_B2B) -- no se puede validar SUNAT/Osiptel para este RUC.'],0,
,,,,,SIN_HISTORIAL_DE_FACTURACION,,,,,False,ALERTA — REVISIÓN HUMANA,['Cliente no encontrado en el maestro SUNAT (001_TBL_CLIENTES_B2B) -- no se puede validar SUNAT/Osiptel para este RUC.'],0,
,,,,,BAJO,BAJO,-13.0,-12.0,False,False,ALERTA — REVISIÓN HUMANA,['Cliente no encontrado en el maestro SUNAT (001_TBL_CLIENTES_B2B) -- no se puede validar SUNAT/Osiptel para este RUC.'],0,Mantener ciclo de facturación estándar; sin acción de cobranza adicional.
,,,,,SIN_HISTORIAL_DE_FACTURACION,,,,,False,ALERTA — REVISIÓN HUMANA,['Cliente no encontrado en el maestro SUNAT (001_TBL_CLIENTES_B2B) -- no se puede validar SUNAT/Osiptel para este RUC.'],0,
,,,,,SIN_HISTORIAL_DE_FACTURACION,,,,,False,ALERTA — REVISIÓN HUMANA,['Cliente no encontrado en el maestro SUNAT (001_TBL_CLIENTES_B2B) -- no se puede validar SUNAT/Osiptel para este RUC.'],0,
,,,,,SIN_HISTORIAL_DE_FACTURACION,,,,,False,ALERTA — REVISIÓN HUMANA,['Cliente no encontrado en el maestro SUNAT (001_TBL_CLIENTES_B2B) -- no se puede validar SUNAT/Osiptel para este RUC.'],0,
,,,,,SIN_HISTORIAL_DE_FACTURACION,,,,,False,ALERTA — REVISIÓN HUMANA,['Cliente no encontrado en el maestro SUNAT (001_TBL_CLIENTES_B2B) -- no se puede validar SUNAT/Osiptel para este RUC.'],0,
,,,,,SIN_HISTORIAL_DE_FACTURACION,,,,,False,ALERTA — REVISIÓN HUMANA,['Cliente no encontrado en el maestro SUNAT (001_TBL_CLIENTES_B2B) -- no se puede validar SUNAT/Osiptel para este RUC.'],0,
,,,,,SIN_HISTORIAL_DE_FACTURACION,,,,,False,ALERTA — REVISIÓN HUMANA,['Cliente no encontrado en el maestro SUNAT (001_TBL_CLIENTES_B2B) -- no se puede validar SUNAT/Osiptel para este RUC.'],0,
,,,,,SIN_HISTORIAL_DE_FACTURACION,,,,,False,ALERTA — REVISIÓN HUMANA,['Cliente no encontrado en el maestro SUNAT (001_TBL_CLIENTES_B2B) -- no se puede validar SUNAT/Osiptel para este RUC.'],0,
,,,,,SIN_HISTORIAL_DE_FACTURACION,,,,,False,ALERTA — REVISIÓN HUMANA,['Cliente no encontrado en el maestro SUNAT (001_TBL_CLIENTES_B2B) -- no se puede validar SUNAT/Osiptel para este RUC.'],0,
,,,,,BAJO,BAJO,1.0,2.0,False,False,ALERTA — REVISIÓN HUMANA,['Cliente no encontrado en el maestro SUNAT (001_TBL_CLIENTES_B2B) -- no se puede validar SUNAT/Osiptel para este RUC.'],0,Mantener ciclo de facturación estándar; sin acción de cobranza adicional.
,,,,,SIN_HISTORIAL_DE_FACTURACION,,,,,False,ALERTA — REVISIÓN HUMANA,['Cliente no encontrado en el maestro SUNAT (001_TBL_CLIENTES_B2B) -- no se puede validar SUNAT/Osiptel para este RUC.'],0,
,,,,,SIN_HISTORIAL_DE_FACTURACION,,,,,False,ALERTA — REVISIÓN HUMANA,['Cliente no encontrado en el maestro SUNAT (001_TBL_CLIENTES_B2B) -- no se puede validar SUNAT/Osiptel para este RUC.'],0,
RUC_ce74af8df419,CLIENT_00573,LIMA,Lima,Miraflores,ALTO,ALTO,25.0,40.0,False,True,OK,[],0,Contacto proactivo antes del vencimiento + oferta de plan de pago fraccionado; escalar a gestor de cuenta senior.
,,,,,SIN_HISTORIAL_DE_FACTURACION,,,,,False,ALERTA — REVISIÓN HUMANA,['Cliente no encontrado en el maestro SUNAT (001_TBL_CLIENTES_B2B) -- no se puede validar SUNAT/Osiptel para este RUC.'],0,
,,,,,SIN_HISTORIAL_DE_FACTURACION,,,,,False,ALERTA — REVISIÓN HUMANA,['Cliente no encontrado en el maestro SUNAT (001_TBL_CLIENTES_B2B) -- no se puede validar SUNAT/Osiptel para este RUC.'],0,
,,,,,BAJO,BAJO,-1.8,9.0,False,False,ALERTA — REVISIÓN HUMANA,['Cliente no encontrado en el maestro SUNAT (001_TBL_CLIENTES_B2B) -- no se puede validar SUNAT/Osiptel para este RUC.'],7,Mantener ciclo de facturación estándar; sin acción de cobranza adicional.
,,,,,BAJO,BAJO,0.0,2.0,False,False,ALERTA — REVISIÓN HUMANA,['Cliente no encontrado en el maestro SUNAT (001_TBL_CLIENTES_B2B) -- no se puede validar SUNAT/Osiptel para este RUC.'],0,Mantener ciclo de facturación estándar; sin acción de cobranza adicional.
RUC_f66257b757ce,CLIENT_00469,LIMA,Lima,San Juan de Lurigancho,SIN_HISTORIAL_DE_FACTURACION,,,,,True,OK,[],0,
,,,,,SIN_HISTORIAL_DE_FACTURACION,,,,,False,ALERTA — REVISIÓN HUMANA,['Cliente no encontrado en el maestro SUNAT (001_TBL_CLIENTES_B2B) -- no se puede validar SUNAT/Osiptel para este RUC.'],0,
RUC_196f0540f5df,CLIENT_00704,LIMA,Lima,San Isidro,SIN_HISTORIAL_DE_FACTURACION,,,,,True,OK,[],0,
,,,,,SIN_HISTORIAL_DE_FACTURACION,,,,,False,ALERTA — REVISIÓN HUMANA,['Cliente no encontrado en el maestro SUNAT (001_TBL_CLIENTES_B2B) -- no se puede validar SUNAT/Osiptel para este RUC.'],0,
,,,,,SIN_HISTORIAL_DE_FACTURACION,,,,,False,ALERTA — REVISIÓN HUMANA,['Cliente no encontrado en el maestro SUNAT (001_TBL_CLIENTES_B2B) -- no se puede validar SUNAT/Osiptel para este RUC.'],0,
,,,,,SIN_HISTORIAL_DE_FACTURACION,,,,,False,ALERTA — REVISIÓN HUMANA,['Cliente no encontrado en el maestro SUNAT (001_TBL_CLIENTES_B2B) -- no se puede validar SUNAT/Osiptel para este RUC.'],0,
,,,,,SIN_HISTORIAL_DE_FACTURACION,,,,,False,ALERTA — REVISIÓN HUMANA,['Cliente no encontrado en el maestro SUNAT (001_TBL_CLIENTES_B2B) -- no se puede validar SUNAT/Osiptel para este RUC.'],0,
,,,,,BAJO,BAJO,-11.5,2.0,False,False,ALERTA — REVISIÓN HUMANA,['Cliente no encontrado en el maestro SUNAT (001_TBL_CLIENTES_B2B) -- no se puede validar SUNAT/Osiptel para este RUC.'],0,Mantener ciclo de facturación estándar; sin acción de cobranza adicional.
,,,,,SIN_HISTORIAL_DE_FACTURACION,,,,,False,ALERTA — REVISIÓN HUMANA,['Cliente no encontrado en el maestro SUNAT (001_TBL_CLIENTES_B2B) -- no se puede validar SUNAT/Osiptel para este RUC.'],0,
,,,,,SIN_HISTORIAL_DE_FACTURACION,,,,,False,ALERTA — REVISIÓN HUMANA,['Cliente no encontrado en el maestro SUNAT (001_TBL_CLIENTES_B2B) -- no se puede validar SUNAT/Osiptel para este RUC.'],0,
,,,,,SIN_HISTORIAL_DE_FACTURACION,,,,,False,ALERTA — REVISIÓN HUMANA,['Cliente no encontrado en el maestro SUNAT (001_TBL_CLIENTES_B2B) -- no se puede validar SUNAT/Osiptel para este RUC.'],0,
,,,,,SIN_HISTORIAL_DE_FACTURACION,,,,,False,ALERTA — REVISIÓN HUMANA,['Cliente no encontrado en el maestro SUNAT (001_TBL_CLIENTES_B2B) -- no se puede validar SUNAT/Osiptel para este RUC.'],0,
,,,,,SIN_HISTORIAL_DE_FACTURACION,,,,,False,ALERTA — REVISIÓN HUMANA,['Cliente no encontrado en el maestro SUNAT (001_TBL_CLIENTES_B2B) -- no se puede validar SUNAT/Osiptel para este RUC.'],0,
,,,,,BAJO,BAJO,-1.0,0.0,True,False,ALERTA — REVISIÓN HUMANA,['Cliente no encontrado en el maestro SUNAT (001_TBL_CLIENTES_B2B) -- no se puede validar SUNAT/Osiptel para este RUC.'],1,Mantener ciclo de facturación estándar; sin acción de cobranza adicional.
RUC_bc44160dde43,CLIENT_00373,JUNIN,Chanchamayo,Chanchamayo,SIN_HISTORIAL_DE_FACTURACION,,,,,True,OK,[],0,
,,,,,SIN_HISTORIAL_DE_FACTURACION,,,,,False,ALERTA — REVISIÓN HUMANA,['Cliente no encontrado en el maestro SUNAT (001_TBL_CLIENTES_B2B) -- no se puede validar SUNAT/Osiptel para este RUC.'],0,
,,,,,SIN_HISTORIAL_DE_FACTURACION,,,,,False,ALERTA — REVISIÓN HUMANA,['Cliente no encontrado en el maestro SUNAT (001_TBL_CLIENTES_B2B) -- no se puede validar SUNAT/Osiptel para este RUC.'],0,
,,,,,SIN_HISTORIAL_DE_FACTURACION,,,,,False,ALERTA — REVISIÓN HUMANA,['Cliente no encontrado en el maestro SUNAT (001_TBL_CLIENTES_B2B) -- no se puede validar SUNAT/Osiptel para este RUC.'],0,
,,,,,BAJO,BAJO,-0.5,0.0,False,False,ALERTA — REVISIÓN HUMANA,['Cliente no encontrado en el maestro SUNAT (001_TBL_CLIENTES_B2B) -- no se puede validar SUNAT/Osiptel para este RUC.'],0,Mantener ciclo de facturación estándar; sin acción de cobranza adicional.
,,,,,SIN_HISTORIAL_DE_FACTURACION,,,,,False,ALERTA — REVISIÓN HUMANA,['Cliente no encontrado en el maestro SUNAT (001_TBL_CLIENTES_B2B) -- no se puede validar SUNAT/Osiptel para este RUC.'],0,
,,,,,MEDIO,MEDIO,6.8,17.0,False,False,ALERTA — REVISIÓN HUMANA,['Cliente no encontrado en el maestro SUNAT (001_TBL_CLIENTES_B2B) -- no se puede validar SUNAT/Osiptel para este RUC.'],0,Recordatorio automático 5 días antes del vencimiento por correo/WhatsApp; sin escalamiento humano todavía.
,,,,,SIN_HISTORIAL_DE_FACTURACION,,,,,False,ALERTA — REVISIÓN HUMANA,['Cliente no encontrado en el maestro SUNAT (001_TBL_CLIENTES_B2B) -- no se puede validar SUNAT/Osiptel para este RUC.'],0,
,,,,,SIN_HISTORIAL_DE_FACTURACION,,,,,False,ALERTA — REVISIÓN HUMANA,['Cliente no encontrado en el maestro SUNAT (001_TBL_CLIENTES_B2B) -- no se puede validar SUNAT/Osiptel para este RUC.'],0,
,,,,,SIN_HISTORIAL_DE_FACTURACION,,,,,False,ALERTA — REVISIÓN HUMANA,['Cliente no encontrado en el maestro SUNAT (001_TBL_CLIENTES_B2B) -- no se puede validar SUNAT/Osiptel para este RUC.'],0,
,,,,,BAJO,BAJO,1.3,16.0,False,False,ALERTA — REVISIÓN HUMANA,['Cliente no encontrado en el maestro SUNAT (001_TBL_CLIENTES_B2B) -- no se puede validar SUNAT/Osiptel para este RUC.'],2,Mantener ciclo de facturación estándar; sin acción de cobranza adicional.
,,,,,SIN_HISTORIAL_DE_FACTURACION,,,,,False,ALERTA — REVISIÓN HUMANA,['Cliente no encontrado en el maestro SUNAT (001_TBL_CLIENTES_B2B) -- no se puede validar SUNAT/Osiptel para este RUC.'],0,
,,,,,SIN_HISTORIAL_DE_FACTURACION,,,,,False,ALERTA — REVISIÓN HUMANA,['Cliente no encontrado en el maestro SUNAT (001_TBL_CLIENTES_B2B) -- no se puede validar SUNAT/Osiptel para este RUC.'],0,
,,,,,SIN_HISTORIAL_DE_FACTURACION,,,,,False,ALERTA — REVISIÓN HUMANA,['Cliente no encontrado en el maestro SUNAT (001_TBL_CLIENTES_B2B) -- no se puede validar SUNAT/Osiptel para este RUC.'],0,
RUC_efc44b92c493,CLIENT_00321,PIURA,Piura,Piura,SIN_HISTORIAL_DE_FACTURACION,,,,,True,OK,[],0,
RUC_2e594815fa88,CLIENT_00543,LIMA,Lima,Los Olivos,BAJO,BAJO,-4.5,-4.0,True,True,OK,[],0,Mantener ciclo de facturación estándar; sin acción de cobranza adicional.
,,,,,SIN_HISTORIAL_DE_FACTURACION,,,,,False,ALERTA — REVISIÓN HUMANA,['Cliente no encontrado en el maestro SUNAT (001_TBL_CLIENTES_B2B) -- no se puede validar SUNAT/Osiptel para este RUC.'],0,
,,,,,SIN_HISTORIAL_DE_FACTURACION,,,,,False,ALERTA — REVISIÓN HUMANA,['Cliente no encontrado en el maestro SUNAT (001_TBL_CLIENTES_B2B) -- no se puede validar SUNAT/Osiptel para este RUC.'],0,
,,,,,SIN_HISTORIAL_DE_FACTURACION,,,,,False,ALERTA — REVISIÓN HUMANA,['Cliente no encontrado en el maestro SUNAT (001_TBL_CLIENTES_B2B) -- no se puede validar SUNAT/Osiptel para este RUC.'],0,
,,,,,SIN_HISTORIAL_DE_FACTURACION,,,,,False,ALERTA — REVISIÓN HUMANA,['Cliente no encontrado en el maestro SUNAT (001_TBL_CLIENTES_B2B) -- no se puede validar SUNAT/Osiptel para este RUC.'],0,
,,,,,SIN_HISTORIAL_DE_FACTURACION,,,,,False,ALERTA — REVISIÓN HUMANA,['Cliente no encontrado en el maestro SUNAT (001_TBL_CLIENTES_B2B) -- no se puede validar SUNAT/Osiptel para este RUC.'],0,
,,,,,SIN_HISTORIAL_DE_FACTURACION,,,,,False,ALERTA — REVISIÓN HUMANA,['Cliente no encontrado en el maestro SUNAT (001_TBL_CLIENTES_B2B) -- no se puede validar SUNAT/Osiptel para este RUC.'],0,
RUC_76de0b7fc4c6,CLIENT_00558,LIMA,Lima,Miraflores,BAJO,BAJO,-1.0,-1.0,False,True,OK,[],0,Mantener ciclo de facturación estándar; sin acción de cobranza adicional.
RUC_5a01764203cf,CLIENT_00068,LIMA,Lima,Lima,BAJO,BAJO,-8.5,-8.0,True,True,OK,[],0,Mantener ciclo de facturación estándar; sin acción de cobranza adicional.
RUC_b5463599621a,CLIENT_00950,LIMA,Lima,La Molina,SIN_HISTORIAL_DE_FACTURACION,,,,,True,OK,[],0,
,,,,,SIN_HISTORIAL_DE_FACTURACION,,,,,False,ALERTA — REVISIÓN HUMANA,['Cliente no encontrado en el maestro SUNAT (001_TBL_CLIENTES_B2B) -- no se puede validar SUNAT/Osiptel para este RUC.'],0,
,,,,,SIN_HISTORIAL_DE_FACTURACION,,,,,False,ALERTA — REVISIÓN HUMANA,['Cliente no encontrado en el maestro SUNAT (001_TBL_CLIENTES_B2B) -- no se puede validar SUNAT/Osiptel para este RUC.'],0,
,,,,,SIN_HISTORIAL_DE_FACTURACION,,,,,False,ALERTA — REVISIÓN HUMANA,['Cliente no encontrado en el maestro SUNAT (001_TBL_CLIENTES_B2B) -- no se puede validar SUNAT/Osiptel para este RUC.'],0,
,,,,,BAJO,BAJO,-1.0,5.0,False,False,ALERTA — REVISIÓN HUMANA,['Cliente no encontrado en el maestro SUNAT (001_TBL_CLIENTES_B2B) -- no se puede validar SUNAT/Osiptel para este RUC.'],2,Mantener ciclo de facturación estándar; sin acción de cobranza adicional.
,,,,,SIN_HISTORIAL_DE_FACTURACION,,,,,False,ALERTA — REVISIÓN HUMANA,['Cliente no encontrado en el maestro SUNAT (001_TBL_CLIENTES_B2B) -- no se puede validar SUNAT/Osiptel para este RUC.'],0,
,,,,,SIN_HISTORIAL_DE_FACTURACION,,,,,False,ALERTA — REVISIÓN HUMANA,['Cliente no encontrado en el maestro SUNAT (001_TBL_CLIENTES_B2B) -- no se puede validar SUNAT/Osiptel para este RUC.'],0,
RUC_7b4943e04084,CLIENT_00899,CUSCO,Chumbivilcas,Livitaca,BAJO,BAJO,1.5,3.0,True,True,OK,[],0,Mantener ciclo de facturación estándar; sin acción de cobranza adicional.
RUC_1d0c203b994b,CLIENT_00902,AREQUIPA,Arequipa,José Luis Bustamante Y Rivero,BAJO,BAJO,2.0,6.0,True,True,OK,[],0,Mantener ciclo de facturación estándar; sin acción de cobranza adicional.
RUC_05f98201f44e,CLIENT_00539,LIMA,Lima,San Isidro,BAJO,BAJO,1.5,3.0,False,True,OK,[],0,Mantener ciclo de facturación estándar; sin acción de cobranza adicional.
,,,,,SIN_HISTORIAL_DE_FACTURACION,,,,,False,ALERTA — REVISIÓN HUMANA,['Cliente no encontrado en el maestro SUNAT (001_TBL_CLIENTES_B2B) -- no se puede validar SUNAT/Osiptel para este RUC.'],0,
,,,,,SIN_HISTORIAL_DE_FACTURACION,,,,,False,ALERTA — REVISIÓN HUMANA,['Cliente no encontrado en el maestro SUNAT (001_TBL_CLIENTES_B2B) -- no se puede validar SUNAT/Osiptel para este RUC.'],0,
,,,,,SIN_HISTORIAL_DE_FACTURACION,,,,,False,ALERTA — REVISIÓN HUMANA,['Cliente no encontrado en el maestro SUNAT (001_TBL_CLIENTES_B2B) -- no se puede validar SUNAT/Osiptel para este RUC.'],0,
RUC_064facf5c923,CLIENT_00188,LIMA,Lima,Santiago de Surco,SIN_HISTORIAL_DE_FACTURACION,,,,,True,OK,[],0,
,,,,,SIN_HISTORIAL_DE_FACTURACION,,,,,False,ALERTA — REVISIÓN HUMANA,['Cliente no encontrado en el maestro SUNAT (001_TBL_CLIENTES_B2B) -- no se puede validar SUNAT/Osiptel para este RUC.'],0,
RUC_8dbc7a8513b5,CLIENT_00604,LIMA,Lima,Los Olivos,SIN_HISTORIAL_DE_FACTURACION,,,,,True,OK,[],0,
RUC_f6b455f7c11b,CLIENT_00294,LIMA,Lima,La Molina,SIN_HISTORIAL_DE_FACTURACION,,,,,True,OK,[],0,
RUC_acd32a013c8e,CLIENT_00743,LIMA,Lima,San Juan de Miraflores,BAJO,BAJO,1.5,4.0,True,True,OK,[],0,Mantener ciclo de facturación estándar; sin acción de cobranza adicional.
,,,,,SIN_HISTORIAL_DE_FACTURACION,,,,,False,ALERTA — REVISIÓN HUMANA,['Cliente no encontrado en el maestro SUNAT (001_TBL_CLIENTES_B2B) -- no se puede validar SUNAT/Osiptel para este RUC.'],0,
,,,,,SIN_HISTORIAL_DE_FACTURACION,,,,,False,ALERTA — REVISIÓN HUMANA,['Cliente no encontrado en el maestro SUNAT (001_TBL_CLIENTES_B2B) -- no se puede validar SUNAT/Osiptel para este RUC.'],0,
,,,,,MEDIO,MEDIO,8.5,13.0,False,False,ALERTA — REVISIÓN HUMANA,['Cliente no encontrado en el maestro SUNAT (001_TBL_CLIENTES_B2B) -- no se puede validar SUNAT/Osiptel para este RUC.'],0,Recordatorio automático 5 días antes del vencimiento por correo/WhatsApp; sin escalamiento humano todavía.
,,,,,SIN_HISTORIAL_DE_FACTURACION,,,,,False,ALERTA — REVISIÓN HUMANA,['Cliente no encontrado en el maestro SUNAT (001_TBL_CLIENTES_B2B) -- no se puede validar SUNAT/Osiptel para este RUC.'],0,
,,,,,SIN_HISTORIAL_DE_FACTURACION,,,,,False,ALERTA — REVISIÓN HUMANA,['Cliente no encontrado en el maestro SUNAT (001_TBL_CLIENTES_B2B) -- no se puede validar SUNAT/Osiptel para este RUC.'],0,
,,,,,SIN_HISTORIAL_DE_FACTURACION,,,,,False,ALERTA — REVISIÓN HUMANA,['Cliente no encontrado en el maestro SUNAT (001_TBL_CLIENTES_B2B) -- no se puede validar SUNAT/Osiptel para este RUC.'],0,
,,,,,MEDIO,MEDIO,5.2,25.0,False,False,ALERTA — REVISIÓN HUMANA,['Cliente no encontrado en el maestro SUNAT (001_TBL_CLIENTES_B2B) -- no se puede validar SUNAT/Osiptel para este RUC.'],0,Recordatorio automático 5 días antes del vencimiento por correo/WhatsApp; sin escalamiento humano todavía.
RUC_6ccf5d833187,CLIENT_00231,LA LIBERTAD,Trujillo,Trujillo,SIN_HISTORIAL_DE_FACTURACION,,,,,True,OK,[],0,
,,,,,BAJO,BAJO,-2.5,-1.0,True,False,ALERTA — REVISIÓN HUMANA,['Cliente no encontrado en el maestro SUNAT (001_TBL_CLIENTES_B2B) -- no se puede validar SUNAT/Osiptel para este RUC.'],0,Mantener ciclo de facturación estándar; sin acción de cobranza adicional.
,,,,,SIN_HISTORIAL_DE_FACTURACION,,,,,False,ALERTA — REVISIÓN HUMANA,['Cliente no encontrado en el maestro SUNAT (001_TBL_CLIENTES_B2B) -- no se puede validar SUNAT/Osiptel para este RUC.'],0,
,,,,,BAJO,BAJO,-5.0,-1.0,True,False,ALERTA — REVISIÓN HUMANA,['Cliente no encontrado en el maestro SUNAT (001_TBL_CLIENTES_B2B) -- no se puede validar SUNAT/Osiptel para este RUC.'],0,Mantener ciclo de facturación estándar; sin acción de cobranza adicional.
,,,,,SIN_HISTORIAL_DE_FACTURACION,,,,,False,ALERTA — REVISIÓN HUMANA,['Cliente no encontrado en el maestro SUNAT (001_TBL_CLIENTES_B2B) -- no se puede validar SUNAT/Osiptel para este RUC.'],0,
,,,,,BAJO,BAJO,-4.0,-2.0,True,False,ALERTA — REVISIÓN HUMANA,['Cliente no encontrado en el maestro SUNAT (001_TBL_CLIENTES_B2B) -- no se puede validar SUNAT/Osiptel para este RUC.'],0,Mantener ciclo de facturación estándar; sin acción de cobranza adicional.
,,,,,SIN_HISTORIAL_DE_FACTURACION,,,,,False,ALERTA — REVISIÓN HUMANA,['Cliente no encontrado en el maestro SUNAT (001_TBL_CLIENTES_B2B) -- no se puede validar SUNAT/Osiptel para este RUC.'],0,
,,,,,BAJO,BAJO,0.2,23.0,False,False,ALERTA — REVISIÓN HUMANA,['Cliente no encontrado en el maestro SUNAT (001_TBL_CLIENTES_B2B) -- no se puede validar SUNAT/Osiptel para este RUC.'],4,Mantener ciclo de facturación estándar; sin acción de cobranza adicional.
,,,,,SIN_HISTORIAL_DE_FACTURACION,,,,,False,ALERTA — REVISIÓN HUMANA,['Cliente no encontrado en el maestro SUNAT (001_TBL_CLIENTES_B2B) -- no se puede validar SUNAT/Osiptel para este RUC.'],0,
,,,,,SIN_HISTORIAL_DE_FACTURACION,,,,,False,ALERTA — REVISIÓN HUMANA,['Cliente no encontrado en el maestro SUNAT (001_TBL_CLIENTES_B2B) -- no se puede validar SUNAT/Osiptel para este RUC.'],0,
,,,,,BAJO,BAJO,-9.0,-7.0,True,False,ALERTA — REVISIÓN HUMANA,['Cliente no encontrado en el maestro SUNAT (001_TBL_CLIENTES_B2B) -- no se puede validar SUNAT/Osiptel para este RUC.'],0,Mantener ciclo de facturación estándar; sin acción de cobranza adicional.
,,,,,BAJO,BAJO,1.5,2.0,True,False,ALERTA — REVISIÓN HUMANA,['Cliente no encontrado en el maestro SUNAT (001_TBL_CLIENTES_B2B) -- no se puede validar SUNAT/Osiptel para este RUC.'],1,Mantener ciclo de facturación estándar; sin acción de cobranza adicional.
RUC_431c7943f6a8,CLIENT_00813,TACNA,Tacna,Tacna,BAJO,BAJO,-8.0,-3.0,False,True,OK,[],0,Mantener ciclo de facturación estándar; sin acción de cobranza adicional.
,,,,,SIN_HISTORIAL_DE_FACTURACION,,,,,False,ALERTA — REVISIÓN HUMANA,['Cliente no encontrado en el maestro SUNAT (001_TBL_CLIENTES_B2B) -- no se puede validar SUNAT/Osiptel para este RUC.'],0,
,,,,,SIN_HISTORIAL_DE_FACTURACION,,,,,False,ALERTA — REVISIÓN HUMANA,['Cliente no encontrado en el maestro SUNAT (001_TBL_CLIENTES_B2B) -- no se puede validar SUNAT/Osiptel para este RUC.'],0,
,,,,,SIN_HISTORIAL_DE_FACTURACION,,,,,False,ALERTA — REVISIÓN HUMANA,['Cliente no encontrado en el maestro SUNAT (001_TBL_CLIENTES_B2B) -- no se puede validar SUNAT/Osiptel para este RUC.'],0,
,,,,,SIN_HISTORIAL_DE_FACTURACION,,,,,False,ALERTA — REVISIÓN HUMANA,['Cliente no encontrado en el maestro SUNAT (001_TBL_CLIENTES_B2B) -- no se puede validar SUNAT/Osiptel para este RUC.'],0,
,,,,,SIN_HISTORIAL_DE_FACTURACION,,,,,False,ALERTA — REVISIÓN HUMANA,['Cliente no encontrado en el maestro SUNAT (001_TBL_CLIENTES_B2B) -- no se puede validar SUNAT/Osiptel para este RUC.'],0,
,,,,,SIN_HISTORIAL_DE_FACTURACION,,,,,False,ALERTA — REVISIÓN HUMANA,['Cliente no encontrado en el maestro SUNAT (001_TBL_CLIENTES_B2B) -- no se puede validar SUNAT/Osiptel para este RUC.'],0,
,,,,,SIN_HISTORIAL_DE_FACTURACION,,,,,False,ALERTA — REVISIÓN HUMANA,['Cliente no encontrado en el maestro SUNAT (001_TBL_CLIENTES_B2B) -- no se puede validar SUNAT/Osiptel para este RUC.'],0,
,,,,,BAJO,BAJO,-2.2,3.0,False,False,ALERTA — REVISIÓN HUMANA,['Cliente no encontrado en el maestro SUNAT (001_TBL_CLIENTES_B2B) -- no se puede validar SUNAT/Osiptel para este RUC.'],0,Mantener ciclo de facturación estándar; sin acción de cobranza adicional.
,,,,,SIN_HISTORIAL_DE_FACTURACION,,,,,False,ALERTA — REVISIÓN HUMANA,['Cliente no encontrado en el maestro SUNAT (001_TBL_CLIENTES_B2B) -- no se puede validar SUNAT/Osiptel para este RUC.'],0,
,,,,,SIN_HISTORIAL_DE_FACTURACION,,,,,False,ALERTA — REVISIÓN HUMANA,['Cliente no encontrado en el maestro SUNAT (001_TBL_CLIENTES_B2B) -- no se puede validar SUNAT/Osiptel para este RUC.'],0,
,,,,,SIN_HISTORIAL_DE_FACTURACION,,,,,False,ALERTA — REVISIÓN HUMANA,['Cliente no encontrado en el maestro SUNAT (001_TBL_CLIENTES_B2B) -- no se puede validar SUNAT/Osiptel para este RUC.'],0,
,,,,,SIN_HISTORIAL_DE_FACTURACION,,,,,False,ALERTA — REVISIÓN HUMANA,['Cliente no encontrado en el maestro SUNAT (001_TBL_CLIENTES_B2B) -- no se puede validar SUNAT/Osiptel para este RUC.'],0,
,,,,,BAJO,BAJO,-2.0,-1.0,False,False,ALERTA — REVISIÓN HUMANA,['Cliente no encontrado en el maestro SUNAT (001_TBL_CLIENTES_B2B) -- no se puede validar SUNAT/Osiptel para este RUC.'],0,Mantener ciclo de facturación estándar; sin acción de cobranza adicional.
RUC_8a4997b87700,CLIENT_00729,SAN MARTIN,San Martín,Tarapoto,SIN_HISTORIAL_DE_FACTURACION,,,,,True,OK,[],0,
RUC_42ae50aaa73c,CLIENT_00448,LIMA,Lima,Chorrillos,BAJO,BAJO,3.0,3.0,False,True,OK,[],0,Mantener ciclo de facturación estándar; sin acción de cobranza adicional.
,,,,,SIN_HISTORIAL_DE_FACTURACION,,,,,False,ALERTA — REVISIÓN HUMANA,['Cliente no encontrado en el maestro SUNAT (001_TBL_CLIENTES_B2B) -- no se puede validar SUNAT/Osiptel para este RUC.'],0,
,,,,,SIN_HISTORIAL_DE_FACTURACION,,,,,False,ALERTA — REVISIÓN HUMANA,['Cliente no encontrado en el maestro SUNAT (001_TBL_CLIENTES_B2B) -- no se puede validar SUNAT/Osiptel para este RUC.'],0,
RUC_f0ed9c9c85d3,CLIENT_00870,LIMA,Lima,San Isidro,SIN_HISTORIAL_DE_FACTURACION,,,,,True,OK,[],0,
RUC_9baa7627924d,CLIENT_00447,LIMA,Lima,Miraflores,BAJO,BAJO,-5.0,-2.0,False,True,OK,[],0,Mantener ciclo de facturación estándar; sin acción de cobranza adicional.
,,,,,SIN_HISTORIAL_DE_FACTURACION,,,,,False,ALERTA — REVISIÓN HUMANA,['Cliente no encontrado en el maestro SUNAT (001_TBL_CLIENTES_B2B) -- no se puede validar SUNAT/Osiptel para este RUC.'],0,
,,,,,SIN_HISTORIAL_DE_FACTURACION,,,,,False,ALERTA — REVISIÓN HUMANA,['Cliente no encontrado en el maestro SUNAT (001_TBL_CLIENTES_B2B) -- no se puede validar SUNAT/Osiptel para este RUC.'],0,
,,,,,BAJO,BAJO,-15.3,4.0,False,False,ALERTA — REVISIÓN HUMANA,['Cliente no encontrado en el maestro SUNAT (001_TBL_CLIENTES_B2B) -- no se puede validar SUNAT/Osiptel para este RUC.'],3,Mantener ciclo de facturación estándar; sin acción de cobranza adicional.
,,,,,SIN_HISTORIAL_DE_FACTURACION,,,,,False,ALERTA — REVISIÓN HUMANA,['Cliente no encontrado en el maestro SUNAT (001_TBL_CLIENTES_B2B) -- no se puede validar SUNAT/Osiptel para este RUC.'],0,
RUC_328fce1dc914,CLIENT_00186,LIMA,Lima,Breña,ALTO,ALTO,26.0,26.0,False,True,OK,[],1,Contacto proactivo antes del vencimiento + oferta de plan de pago fraccionado; escalar a gestor de cuenta senior.
,,,,,BAJO,BAJO,-0.5,0.0,False,False,ALERTA — REVISIÓN HUMANA,['Cliente no encontrado en el maestro SUNAT (001_TBL_CLIENTES_B2B) -- no se puede validar SUNAT/Osiptel para este RUC.'],1,Mantener ciclo de facturación estándar; sin acción de cobranza adicional.
,,,,,SIN_HISTORIAL_DE_FACTURACION,,,,,False,ALERTA — REVISIÓN HUMANA,['Cliente no encontrado en el maestro SUNAT (001_TBL_CLIENTES_B2B) -- no se puede validar SUNAT/Osiptel para este RUC.'],0,
,,,,,SIN_HISTORIAL_DE_FACTURACION,,,,,False,ALERTA — REVISIÓN HUMANA,['Cliente no encontrado en el maestro SUNAT (001_TBL_CLIENTES_B2B) -- no se puede validar SUNAT/Osiptel para este RUC.'],0,
,,,,,SIN_HISTORIAL_DE_FACTURACION,,,,,False,ALERTA — REVISIÓN HUMANA,['Cliente no encontrado en el maestro SUNAT (001_TBL_CLIENTES_B2B) -- no se puede validar SUNAT/Osiptel para este RUC.'],0,
RUC_330ed4221d68,CLIENT_00171,LIMA,Lima,San Isidro,BAJO,BAJO,3.5,16.0,False,True,OK,[],2,Mantener ciclo de facturación estándar; sin acción de cobranza adicional.
,,,,,SIN_HISTORIAL_DE_FACTURACION,,,,,False,ALERTA — REVISIÓN HUMANA,['Cliente no encontrado en el maestro SUNAT (001_TBL_CLIENTES_B2B) -- no se puede validar SUNAT/Osiptel para este RUC.'],0,
RUC_1d34eaee6459,CLIENT_00794,LIMA,Lima,Miraflores,ALTO,ALTO,15.5,21.0,False,True,OK,[],1,Contacto proactivo antes del vencimiento + oferta de plan de pago fraccionado; escalar a gestor de cuenta senior.
,,,,,MEDIO,MEDIO,6.5,11.0,False,False,ALERTA — REVISIÓN HUMANA,['Cliente no encontrado en el maestro SUNAT (001_TBL_CLIENTES_B2B) -- no se puede validar SUNAT/Osiptel para este RUC.'],2,Recordatorio automático 5 días antes del vencimiento por correo/WhatsApp; sin escalamiento humano todavía.
,,,,,SIN_HISTORIAL_DE_FACTURACION,,,,,False,ALERTA — REVISIÓN HUMANA,['Cliente no encontrado en el maestro SUNAT (001_TBL_CLIENTES_B2B) -- no se puede validar SUNAT/Osiptel para este RUC.'],0,
RUC_69b3fcbd0e58,CLIENT_00991,LIMA,Lima,San Martín de Porres,SIN_HISTORIAL_DE_FACTURACION,,,,,True,OK,[],0,
,,,,,SIN_HISTORIAL_DE_FACTURACION,,,,,False,ALERTA — REVISIÓN HUMANA,['Cliente no encontrado en el maestro SUNAT (001_TBL_CLIENTES_B2B) -- no se puede validar SUNAT/Osiptel para este RUC.'],0,
,,,,,SIN_HISTORIAL_DE_FACTURACION,,,,,False,ALERTA — REVISIÓN HUMANA,['Cliente no encontrado en el maestro SUNAT (001_TBL_CLIENTES_B2B) -- no se puede validar SUNAT/Osiptel para este RUC.'],0,
RUC_d9e387558566,CLIENT_00880,LIMA,Lima,San Isidro,ALTO,,,,,True,ALERTA — REVISIÓN HUMANA,['SUNAT_ESTADO_CONTRIBUYENTE=BAJA DEFINITIVA (no ACTIVO)'],0,
,,,,,SIN_HISTORIAL_DE_FACTURACION,,,,,False,ALERTA — REVISIÓN HUMANA,['Cliente no encontrado en el maestro SUNAT (001_TBL_CLIENTES_B2B) -- no se puede validar SUNAT/Osiptel para este RUC.'],0,
,,,,,SIN_HISTORIAL_DE_FACTURACION,,,,,False,ALERTA — REVISIÓN HUMANA,['Cliente no encontrado en el maestro SUNAT (001_TBL_CLIENTES_B2B) -- no se puede validar SUNAT/Osiptel para este RUC.'],0,
,,,,,BAJO,BAJO,-6.0,2.0,False,False,ALERTA — REVISIÓN HUMANA,['Cliente no encontrado en el maestro SUNAT (001_TBL_CLIENTES_B2B) -- no se puede validar SUNAT/Osiptel para este RUC.'],0,Mantener ciclo de facturación estándar; sin acción de cobranza adicional.
,,,,,SIN_HISTORIAL_DE_FACTURACION,,,,,False,ALERTA — REVISIÓN HUMANA,['Cliente no encontrado en el maestro SUNAT (001_TBL_CLIENTES_B2B) -- no se puede validar SUNAT/Osiptel para este RUC.'],0,
RUC_d7023c895c09,CLIENT_00780,LIMA,Lima,Chorrillos,SIN_HISTORIAL_DE_FACTURACION,,,,,True,OK,[],0,
,,,,,SIN_HISTORIAL_DE_FACTURACION,,,,,False,ALERTA — REVISIÓN HUMANA,['Cliente no encontrado en el maestro SUNAT (001_TBL_CLIENTES_B2B) -- no se puede validar SUNAT/Osiptel para este RUC.'],0,
RUC_2840fcebca16,CLIENT_00106,LIMA,Lima,Lurigancho,BAJO,BAJO,1.0,2.0,True,True,OK,[],0,Mantener ciclo de facturación estándar; sin acción de cobranza adicional.
RUC_83be77c72b8d,CLIENT_00054,LIMA,Lima,La Victoria,SIN_HISTORIAL_DE_FACTURACION,,,,,True,OK,[],0,
,,,,,SIN_HISTORIAL_DE_FACTURACION,,,,,False,ALERTA — REVISIÓN HUMANA,['Cliente no encontrado en el maestro SUNAT (001_TBL_CLIENTES_B2B) -- no se puede validar SUNAT/Osiptel para este RUC.'],0,
,,,,,BAJO,BAJO,-3.5,-1.0,True,False,ALERTA — REVISIÓN HUMANA,['Cliente no encontrado en el maestro SUNAT (001_TBL_CLIENTES_B2B) -- no se puede validar SUNAT/Osiptel para este RUC.'],0,Mantener ciclo de facturación estándar; sin acción de cobranza adicional.
RUC_9e3299c61fea,CLIENT_00200,ICA,Ica,Ica,SIN_HISTORIAL_DE_FACTURACION,,,,,True,OK,[],0,
,,,,,SIN_HISTORIAL_DE_FACTURACION,,,,,False,ALERTA — REVISIÓN HUMANA,['Cliente no encontrado en el maestro SUNAT (001_TBL_CLIENTES_B2B) -- no se puede validar SUNAT/Osiptel para este RUC.'],0,
RUC_d8584f1eae07,CLIENT_00314,LIMA,Lima,Los Olivos,ALTO,ALTO,17.5,25.0,False,True,OK,[],0,Contacto proactivo antes del vencimiento + oferta de plan de pago fraccionado; escalar a gestor de cuenta senior.
,,,,,SIN_HISTORIAL_DE_FACTURACION,,,,,False,ALERTA — REVISIÓN HUMANA,['Cliente no encontrado en el maestro SUNAT (001_TBL_CLIENTES_B2B) -- no se puede validar SUNAT/Osiptel para este RUC.'],0,
RUC_e7248ec16b92,CLIENT_00140,TUMBES,Tumbes,Tumbes,MEDIO,MEDIO,10.0,22.0,False,True,OK,[],3,Recordatorio automático 5 días antes del vencimiento por correo/WhatsApp; sin escalamiento humano todavía.
,,,,,SIN_HISTORIAL_DE_FACTURACION,,,,,False,ALERTA — REVISIÓN HUMANA,['Cliente no encontrado en el maestro SUNAT (001_TBL_CLIENTES_B2B) -- no se puede validar SUNAT/Osiptel para este RUC.'],0,
,,,,,SIN_HISTORIAL_DE_FACTURACION,,,,,False,ALERTA — REVISIÓN HUMANA,['Cliente no encontrado en el maestro SUNAT (001_TBL_CLIENTES_B2B) -- no se puede validar SUNAT/Osiptel para este RUC.'],0,
,,,,,BAJO,BAJO,-2.2,27.0,False,False,ALERTA — REVISIÓN HUMANA,['Cliente no encontrado en el maestro SUNAT (001_TBL_CLIENTES_B2B) -- no se puede validar SUNAT/Osiptel para este RUC.'],2,Mantener ciclo de facturación estándar; sin acción de cobranza adicional.
,,,,,SIN_HISTORIAL_DE_FACTURACION,,,,,False,ALERTA — REVISIÓN HUMANA,['Cliente no encontrado en el maestro SUNAT (001_TBL_CLIENTES_B2B) -- no se puede validar SUNAT/Osiptel para este RUC.'],0,
,,,,,SIN_HISTORIAL_DE_FACTURACION,,,,,False,ALERTA — REVISIÓN HUMANA,['Cliente no encontrado en el maestro SUNAT (001_TBL_CLIENTES_B2B) -- no se puede validar SUNAT/Osiptel para este RUC.'],0,
,,,,,SIN_HISTORIAL_DE_FACTURACION,,,,,False,ALERTA — REVISIÓN HUMANA,['Cliente no encontrado en el maestro SUNAT (001_TBL_CLIENTES_B2B) -- no se puede validar SUNAT/Osiptel para este RUC.'],0,
,,,,,SIN_HISTORIAL_DE_FACTURACION,,,,,False,ALERTA — REVISIÓN HUMANA,['Cliente no encontrado en el maestro SUNAT (001_TBL_CLIENTES_B2B) -- no se puede validar SUNAT/Osiptel para este RUC.'],0,
,,,,,SIN_HISTORIAL_DE_FACTURACION,,,,,False,ALERTA — REVISIÓN HUMANA,['Cliente no encontrado en el maestro SUNAT (001_TBL_CLIENTES_B2B) -- no se puede validar SUNAT/Osiptel para este RUC.'],0,
,,,,,MEDIO,MEDIO,6.4,21.0,False,False,ALERTA — REVISIÓN HUMANA,['Cliente no encontrado en el maestro SUNAT (001_TBL_CLIENTES_B2B) -- no se puede validar SUNAT/Osiptel para este RUC.'],2,Recordatorio automático 5 días antes del vencimiento por correo/WhatsApp; sin escalamiento humano todavía.
,,,,,SIN_HISTORIAL_DE_FACTURACION,,,,,False,ALERTA — REVISIÓN HUMANA,['Cliente no encontrado en el maestro SUNAT (001_TBL_CLIENTES_B2B) -- no se puede validar SUNAT/Osiptel para este RUC.'],0,
,,,,,SIN_HISTORIAL_DE_FACTURACION,,,,,False,ALERTA — REVISIÓN HUMANA,['Cliente no encontrado en el maestro SUNAT (001_TBL_CLIENTES_B2B) -- no se puede validar SUNAT/Osiptel para este RUC.'],0,
,,,,,SIN_HISTORIAL_DE_FACTURACION,,,,,False,ALERTA — REVISIÓN HUMANA,['Cliente no encontrado en el maestro SUNAT (001_TBL_CLIENTES_B2B) -- no se puede validar SUNAT/Osiptel para este RUC.'],0,
,,,,,SIN_HISTORIAL_DE_FACTURACION,,,,,False,ALERTA — REVISIÓN HUMANA,['Cliente no encontrado en el maestro SUNAT (001_TBL_CLIENTES_B2B) -- no se puede validar SUNAT/Osiptel para este RUC.'],0,
,,,,,SIN_HISTORIAL_DE_FACTURACION,,,,,False,ALERTA — REVISIÓN HUMANA,['Cliente no encontrado en el maestro SUNAT (001_TBL_CLIENTES_B2B) -- no se puede validar SUNAT/Osiptel para este RUC.'],0,
RUC_56828c56be85,CLIENT_00827,LIMA,Lima,Santiago de Surco,BAJO,BAJO,-5.0,-4.0,False,True,OK,[],1,Mantener ciclo de facturación estándar; sin acción de cobranza adicional.
RUC_c89f01c5a4de,CLIENT_00389,CALLAO,Prov. Const. del Callao,Bellavista,BAJO,BAJO,3.0,3.0,False,True,OK,[],0,Mantener ciclo de facturación estándar; sin acción de cobranza adicional.
,,,,,SIN_HISTORIAL_DE_FACTURACION,,,,,False,ALERTA — REVISIÓN HUMANA,['Cliente no encontrado en el maestro SUNAT (001_TBL_CLIENTES_B2B) -- no se puede validar SUNAT/Osiptel para este RUC.'],0,
,,,,,SIN_HISTORIAL_DE_FACTURACION,,,,,False,ALERTA — REVISIÓN HUMANA,['Cliente no encontrado en el maestro SUNAT (001_TBL_CLIENTES_B2B) -- no se puede validar SUNAT/Osiptel para este RUC.'],0,
,,,,,SIN_HISTORIAL_DE_FACTURACION,,,,,False,ALERTA — REVISIÓN HUMANA,['Cliente no encontrado en el maestro SUNAT (001_TBL_CLIENTES_B2B) -- no se puede validar SUNAT/Osiptel para este RUC.'],0,
RUC_4dfe320c77ce,CLIENT_00757,PIURA,Piura,Piura,ALTO,ALTO,27.0,27.0,False,True,OK,[],1,Contacto proactivo antes del vencimiento + oferta de plan de pago fraccionado; escalar a gestor de cuenta senior.
,,,,,SIN_HISTORIAL_DE_FACTURACION,,,,,False,ALERTA — REVISIÓN HUMANA,['Cliente no encontrado en el maestro SUNAT (001_TBL_CLIENTES_B2B) -- no se puede validar SUNAT/Osiptel para este RUC.'],0,
,,,,,SIN_HISTORIAL_DE_FACTURACION,,,,,False,ALERTA — REVISIÓN HUMANA,['Cliente no encontrado en el maestro SUNAT (001_TBL_CLIENTES_B2B) -- no se puede validar SUNAT/Osiptel para este RUC.'],0,
RUC_de41d1e71b54,CLIENT_00672,APURIMAC,Andahuaylas,Andahuaylas,BAJO,BAJO,-1.0,2.0,True,True,OK,[],0,Mantener ciclo de facturación estándar; sin acción de cobranza adicional.
,,,,,BAJO,BAJO,-3.5,-2.0,False,False,ALERTA — REVISIÓN HUMANA,['Cliente no encontrado en el maestro SUNAT (001_TBL_CLIENTES_B2B) -- no se puede validar SUNAT/Osiptel para este RUC.'],8,Mantener ciclo de facturación estándar; sin acción de cobranza adicional.
,,,,,SIN_HISTORIAL_DE_FACTURACION,,,,,False,ALERTA — REVISIÓN HUMANA,['Cliente no encontrado en el maestro SUNAT (001_TBL_CLIENTES_B2B) -- no se puede validar SUNAT/Osiptel para este RUC.'],0,
,,,,,SIN_HISTORIAL_DE_FACTURACION,,,,,False,ALERTA — REVISIÓN HUMANA,['Cliente no encontrado en el maestro SUNAT (001_TBL_CLIENTES_B2B) -- no se puede validar SUNAT/Osiptel para este RUC.'],0,
,,,,,SIN_HISTORIAL_DE_FACTURACION,,,,,False,ALERTA — REVISIÓN HUMANA,['Cliente no encontrado en el maestro SUNAT (001_TBL_CLIENTES_B2B) -- no se puede validar SUNAT/Osiptel para este RUC.'],0,
,,,,,SIN_HISTORIAL_DE_FACTURACION,,,,,False,ALERTA — REVISIÓN HUMANA,['Cliente no encontrado en el maestro SUNAT (001_TBL_CLIENTES_B2B) -- no se puede validar SUNAT/Osiptel para este RUC.'],0,
,,,,,SIN_HISTORIAL_DE_FACTURACION,,,,,False,ALERTA — REVISIÓN HUMANA,['Cliente no encontrado en el maestro SUNAT (001_TBL_CLIENTES_B2B) -- no se puede validar SUNAT/Osiptel para este RUC.'],0,
,,,,,SIN_HISTORIAL_DE_FACTURACION,,,,,False,ALERTA — REVISIÓN HUMANA,['Cliente no encontrado en el maestro SUNAT (001_TBL_CLIENTES_B2B) -- no se puede validar SUNAT/Osiptel para este RUC.'],0,
,,,,,SIN_HISTORIAL_DE_FACTURACION,,,,,False,ALERTA — REVISIÓN HUMANA,['Cliente no encontrado en el maestro SUNAT (001_TBL_CLIENTES_B2B) -- no se puede validar SUNAT/Osiptel para este RUC.'],0,
,,,,,SIN_HISTORIAL_DE_FACTURACION,,,,,False,ALERTA — REVISIÓN HUMANA,['Cliente no encontrado en el maestro SUNAT (001_TBL_CLIENTES_B2B) -- no se puede validar SUNAT/Osiptel para este RUC.'],0,
RUC_db7551a67796,CLIENT_00894,LA LIBERTAD,Trujillo,El Porvenir,BAJO,BAJO,-4.0,6.0,False,True,OK,[],3,Mantener ciclo de facturación estándar; sin acción de cobranza adicional.
,,,,,SIN_HISTORIAL_DE_FACTURACION,,,,,False,ALERTA — REVISIÓN HUMANA,['Cliente no encontrado en el maestro SUNAT (001_TBL_CLIENTES_B2B) -- no se puede validar SUNAT/Osiptel para este RUC.'],0,
RUC_836653c05def,CLIENT_00011,LIMA,Lima,Surquillo,ALTO,,,,,True,ALERTA — REVISIÓN HUMANA,['SUNAT_ESTADO_RUC=NO HABIDO (no HABIDO)'],0,
RUC_152577086aab,CLIENT_00748,PIURA,Paita,Paita,ALTO,BAJO,2.0,3.0,False,True,ALERTA — REVISIÓN HUMANA,"['SUNAT_ESTADO_RUC=NO HABIDO (no HABIDO)', 'SUNAT_ESTADO_CONTRIBUYENTE=BAJA DE OFICIO (no ACTIVO)']",1,Mantener ciclo de facturación estándar; sin acción de cobranza adicional.
RUC_1f6f41a5bc2a,CLIENT_00760,LIMA,Lima,San Juan de Lurigancho,SIN_HISTORIAL_DE_FACTURACION,,,,,True,OK,[],0,
RUC_ad7e017b06fa,CLIENT_00327,LIMA,Lima,San Isidro,ALTO,ALTO,24.0,24.0,False,True,OK,[],1,Contacto proactivo antes del vencimiento + oferta de plan de pago fraccionado; escalar a gestor de cuenta senior.
,,,,,SIN_HISTORIAL_DE_FACTURACION,,,,,False,ALERTA — REVISIÓN HUMANA,['Cliente no encontrado en el maestro SUNAT (001_TBL_CLIENTES_B2B) -- no se puede validar SUNAT/Osiptel para este RUC.'],0,
,,,,,MEDIO,MEDIO,11.0,15.0,False,False,ALERTA — REVISIÓN HUMANA,['Cliente no encontrado en el maestro SUNAT (001_TBL_CLIENTES_B2B) -- no se puede validar SUNAT/Osiptel para este RUC.'],0,Recordatorio automático 5 días antes del vencimiento por correo/WhatsApp; sin escalamiento humano todavía.
RUC_e277a4a8df2f,CLIENT_00449,LAMBAYEQUE,Chiclayo,Chiclayo,SIN_HISTORIAL_DE_FACTURACION,,,,,True,OK,[],0,
,,,,,SIN_HISTORIAL_DE_FACTURACION,,,,,False,ALERTA — REVISIÓN HUMANA,['Cliente no encontrado en el maestro SUNAT (001_TBL_CLIENTES_B2B) -- no se puede validar SUNAT/Osiptel para este RUC.'],0,
,,,,,SIN_HISTORIAL_DE_FACTURACION,,,,,False,ALERTA — REVISIÓN HUMANA,['Cliente no encontrado en el maestro SUNAT (001_TBL_CLIENTES_B2B) -- no se puede validar SUNAT/Osiptel para este RUC.'],0,
,,,,,SIN_HISTORIAL_DE_FACTURACION,,,,,False,ALERTA — REVISIÓN HUMANA,['Cliente no encontrado en el maestro SUNAT (001_TBL_CLIENTES_B2B) -- no se puede validar SUNAT/Osiptel para este RUC.'],0,
,,,,,SIN_HISTORIAL_DE_FACTURACION,,,,,False,ALERTA — REVISIÓN HUMANA,['Cliente no encontrado en el maestro SUNAT (001_TBL_CLIENTES_B2B) -- no se puede validar SUNAT/Osiptel para este RUC.'],0,
RUC_99f5e0f463a4,CLIENT_00329,APURIMAC,Abancay,Abancay,SIN_HISTORIAL_DE_FACTURACION,,,,,True,OK,[],0,
RUC_76f42eeca40b,CLIENT_00879,LIMA,Lima,Los Olivos,BAJO,BAJO,3.0,4.0,False,True,OK,[],0,Mantener ciclo de facturación estándar; sin acción de cobranza adicional.
,,,,,SIN_HISTORIAL_DE_FACTURACION,,,,,False,ALERTA — REVISIÓN HUMANA,['Cliente no encontrado en el maestro SUNAT (001_TBL_CLIENTES_B2B) -- no se puede validar SUNAT/Osiptel para este RUC.'],0,
,,,,,BAJO,BAJO,-2.2,4.0,False,False,ALERTA — REVISIÓN HUMANA,['Cliente no encontrado en el maestro SUNAT (001_TBL_CLIENTES_B2B) -- no se puede validar SUNAT/Osiptel para este RUC.'],3,Mantener ciclo de facturación estándar; sin acción de cobranza adicional.
RUC_61b3c8464552,CLIENT_00499,LA LIBERTAD,Trujillo,Trujillo,SIN_HISTORIAL_DE_FACTURACION,,,,,True,OK,[],0,
,,,,,SIN_HISTORIAL_DE_FACTURACION,,,,,False,ALERTA — REVISIÓN HUMANA,['Cliente no encontrado en el maestro SUNAT (001_TBL_CLIENTES_B2B) -- no se puede validar SUNAT/Osiptel para este RUC.'],0,
RUC_ec7719a7a8c2,CLIENT_00929,LIMA,Lima,Barranco,SIN_HISTORIAL_DE_FACTURACION,,,,,True,OK,[],0,
,,,,,SIN_HISTORIAL_DE_FACTURACION,,,,,False,ALERTA — REVISIÓN HUMANA,['Cliente no encontrado en el maestro SUNAT (001_TBL_CLIENTES_B2B) -- no se puede validar SUNAT/Osiptel para este RUC.'],0,
,,,,,SIN_HISTORIAL_DE_FACTURACION,,,,,False,ALERTA — REVISIÓN HUMANA,['Cliente no encontrado en el maestro SUNAT (001_TBL_CLIENTES_B2B) -- no se puede validar SUNAT/Osiptel para este RUC.'],0,
,,,,,SIN_HISTORIAL_DE_FACTURACION,,,,,False,ALERTA — REVISIÓN HUMANA,['Cliente no encontrado en el maestro SUNAT (001_TBL_CLIENTES_B2B) -- no se puede validar SUNAT/Osiptel para este RUC.'],0,
,,,,,SIN_HISTORIAL_DE_FACTURACION,,,,,False,ALERTA — REVISIÓN HUMANA,['Cliente no encontrado en el maestro SUNAT (001_TBL_CLIENTES_B2B) -- no se puede validar SUNAT/Osiptel para este RUC.'],0,
RUC_19baa6d8f857,CLIENT_00637,LAMBAYEQUE,Chiclayo,Saña,BAJO,BAJO,5.0,13.0,False,True,OK,[],0,Mantener ciclo de facturación estándar; sin acción de cobranza adicional.
,,,,,SIN_HISTORIAL_DE_FACTURACION,,,,,False,ALERTA — REVISIÓN HUMANA,['Cliente no encontrado en el maestro SUNAT (001_TBL_CLIENTES_B2B) -- no se puede validar SUNAT/Osiptel para este RUC.'],0,
,,,,,SIN_HISTORIAL_DE_FACTURACION,,,,,False,ALERTA — REVISIÓN HUMANA,['Cliente no encontrado en el maestro SUNAT (001_TBL_CLIENTES_B2B) -- no se puede validar SUNAT/Osiptel para este RUC.'],0,
RUC_36bf384f01c9,CLIENT_00964,AREQUIPA,Arequipa,Arequipa,BAJO,BAJO,-11.0,-11.0,False,True,OK,[],0,Mantener ciclo de facturación estándar; sin acción de cobranza adicional.
RUC_29ecdee54358,CLIENT_00986,LIMA,Lima,Santiago de Surco,SIN_HISTORIAL_DE_FACTURACION,,,,,True,OK,[],0,
,,,,,SIN_HISTORIAL_DE_FACTURACION,,,,,False,ALERTA — REVISIÓN HUMANA,['Cliente no encontrado en el maestro SUNAT (001_TBL_CLIENTES_B2B) -- no se puede validar SUNAT/Osiptel para este RUC.'],0,
,,,,,SIN_HISTORIAL_DE_FACTURACION,,,,,False,ALERTA — REVISIÓN HUMANA,['Cliente no encontrado en el maestro SUNAT (001_TBL_CLIENTES_B2B) -- no se puede validar SUNAT/Osiptel para este RUC.'],0,
,,,,,SIN_HISTORIAL_DE_FACTURACION,,,,,False,ALERTA — REVISIÓN HUMANA,['Cliente no encontrado en el maestro SUNAT (001_TBL_CLIENTES_B2B) -- no se puede validar SUNAT/Osiptel para este RUC.'],0,
,,,,,SIN_HISTORIAL_DE_FACTURACION,,,,,False,ALERTA — REVISIÓN HUMANA,['Cliente no encontrado en el maestro SUNAT (001_TBL_CLIENTES_B2B) -- no se puede validar SUNAT/Osiptel para este RUC.'],0,
,,,,,SIN_HISTORIAL_DE_FACTURACION,,,,,False,ALERTA — REVISIÓN HUMANA,['Cliente no encontrado en el maestro SUNAT (001_TBL_CLIENTES_B2B) -- no se puede validar SUNAT/Osiptel para este RUC.'],0,
RUC_d057fc0a2b15,CLIENT_00774,LIMA,Lima,Los Olivos,ALTO,BAJO,1.0,6.0,False,True,ALERTA — REVISIÓN HUMANA,['SUNAT_ESTADO_CONTRIBUYENTE=SUSPENSION TEMPORAL (no ACTIVO)'],0,Mantener ciclo de facturación estándar; sin acción de cobranza adicional.
,,,,,SIN_HISTORIAL_DE_FACTURACION,,,,,False,ALERTA — REVISIÓN HUMANA,['Cliente no encontrado en el maestro SUNAT (001_TBL_CLIENTES_B2B) -- no se puede validar SUNAT/Osiptel para este RUC.'],0,
RUC_867aaef71ea4,CLIENT_00210,LIMA,Lima,San Juan de Miraflores,BAJO,BAJO,-9.5,-8.0,True,True,OK,[],0,Mantener ciclo de facturación estándar; sin acción de cobranza adicional.
,,,,,SIN_HISTORIAL_DE_FACTURACION,,,,,False,ALERTA — REVISIÓN HUMANA,['Cliente no encontrado en el maestro SUNAT (001_TBL_CLIENTES_B2B) -- no se puede validar SUNAT/Osiptel para este RUC.'],0,
,,,,,BAJO,BAJO,1.5,4.0,False,False,ALERTA — REVISIÓN HUMANA,['Cliente no encontrado en el maestro SUNAT (001_TBL_CLIENTES_B2B) -- no se puede validar SUNAT/Osiptel para este RUC.'],0,Mantener ciclo de facturación estándar; sin acción de cobranza adicional.
,,,,,SIN_HISTORIAL_DE_FACTURACION,,,,,False,ALERTA — REVISIÓN HUMANA,['Cliente no encontrado en el maestro SUNAT (001_TBL_CLIENTES_B2B) -- no se puede validar SUNAT/Osiptel para este RUC.'],0,
,,,,,SIN_HISTORIAL_DE_FACTURACION,,,,,False,ALERTA — REVISIÓN HUMANA,['Cliente no encontrado en el maestro SUNAT (001_TBL_CLIENTES_B2B) -- no se puede validar SUNAT/Osiptel para este RUC.'],0,
,,,,,SIN_HISTORIAL_DE_FACTURACION,,,,,False,ALERTA — REVISIÓN HUMANA,['Cliente no encontrado en el maestro SUNAT (001_TBL_CLIENTES_B2B) -- no se puede validar SUNAT/Osiptel para este RUC.'],0,
RUC_534da4648b82,CLIENT_00410,LIMA,Lima,Miraflores,SIN_HISTORIAL_DE_FACTURACION,,,,,True,OK,[],0,
,,,,,SIN_HISTORIAL_DE_FACTURACION,,,,,False,ALERTA — REVISIÓN HUMANA,['Cliente no encontrado en el maestro SUNAT (001_TBL_CLIENTES_B2B) -- no se puede validar SUNAT/Osiptel para este RUC.'],0,
,,,,,SIN_HISTORIAL_DE_FACTURACION,,,,,False,ALERTA — REVISIÓN HUMANA,['Cliente no encontrado en el maestro SUNAT (001_TBL_CLIENTES_B2B) -- no se puede validar SUNAT/Osiptel para este RUC.'],0,
RUC_81cc5494c38a,CLIENT_00942,LIMA,Lima,Lima,SIN_HISTORIAL_DE_FACTURACION,,,,,True,OK,[],0,
,,,,,SIN_HISTORIAL_DE_FACTURACION,,,,,False,ALERTA — REVISIÓN HUMANA,['Cliente no encontrado en el maestro SUNAT (001_TBL_CLIENTES_B2B) -- no se puede validar SUNAT/Osiptel para este RUC.'],0,
,,,,,SIN_HISTORIAL_DE_FACTURACION,,,,,False,ALERTA — REVISIÓN HUMANA,['Cliente no encontrado en el maestro SUNAT (001_TBL_CLIENTES_B2B) -- no se puede validar SUNAT/Osiptel para este RUC.'],0,
RUC_392aa350ac08,CLIENT_00156,CAJAMARCA,Jaén,Jaén,SIN_HISTORIAL_DE_FACTURACION,,,,,True,OK,[],0,
RUC_c966e78e089d,CLIENT_00169,LIMA,Lima,San Martín de Porres,BAJO,BAJO,2.0,3.0,False,True,OK,[],0,Mantener ciclo de facturación estándar; sin acción de cobranza adicional.
,,,,,SIN_HISTORIAL_DE_FACTURACION,,,,,False,ALERTA — REVISIÓN HUMANA,['Cliente no encontrado en el maestro SUNAT (001_TBL_CLIENTES_B2B) -- no se puede validar SUNAT/Osiptel para este RUC.'],0,
,,,,,SIN_HISTORIAL_DE_FACTURACION,,,,,False,ALERTA — REVISIÓN HUMANA,['Cliente no encontrado en el maestro SUNAT (001_TBL_CLIENTES_B2B) -- no se puede validar SUNAT/Osiptel para este RUC.'],0,
,,,,,BAJO,BAJO,-5.5,0.0,False,False,ALERTA — REVISIÓN HUMANA,['Cliente no encontrado en el maestro SUNAT (001_TBL_CLIENTES_B2B) -- no se puede validar SUNAT/Osiptel para este RUC.'],0,Mantener ciclo de facturación estándar; sin acción de cobranza adicional.
,,,,,SIN_HISTORIAL_DE_FACTURACION,,,,,False,ALERTA — REVISIÓN HUMANA,['Cliente no encontrado en el maestro SUNAT (001_TBL_CLIENTES_B2B) -- no se puede validar SUNAT/Osiptel para este RUC.'],0,
,,,,,SIN_HISTORIAL_DE_FACTURACION,,,,,False,ALERTA — REVISIÓN HUMANA,['Cliente no encontrado en el maestro SUNAT (001_TBL_CLIENTES_B2B) -- no se puede validar SUNAT/Osiptel para este RUC.'],0,
,,,,,BAJO,BAJO,-0.5,1.0,True,False,ALERTA — REVISIÓN HUMANA,['Cliente no encontrado en el maestro SUNAT (001_TBL_CLIENTES_B2B) -- no se puede validar SUNAT/Osiptel para este RUC.'],0,Mantener ciclo de facturación estándar; sin acción de cobranza adicional.
,,,,,SIN_HISTORIAL_DE_FACTURACION,,,,,False,ALERTA — REVISIÓN HUMANA,['Cliente no encontrado en el maestro SUNAT (001_TBL_CLIENTES_B2B) -- no se puede validar SUNAT/Osiptel para este RUC.'],0,
,,,,,SIN_HISTORIAL_DE_FACTURACION,,,,,False,ALERTA — REVISIÓN HUMANA,['Cliente no encontrado en el maestro SUNAT (001_TBL_CLIENTES_B2B) -- no se puede validar SUNAT/Osiptel para este RUC.'],0,
RUC_cbdc1d536390,CLIENT_00574,LIMA,Lima,El Agustino,BAJO,BAJO,-7.0,-7.0,False,True,OK,[],0,Mantener ciclo de facturación estándar; sin acción de cobranza adicional.
,,,,,SIN_HISTORIAL_DE_FACTURACION,,,,,False,ALERTA — REVISIÓN HUMANA,['Cliente no encontrado en el maestro SUNAT (001_TBL_CLIENTES_B2B) -- no se puede validar SUNAT/Osiptel para este RUC.'],0,
,,,,,SIN_HISTORIAL_DE_FACTURACION,,,,,False,ALERTA — REVISIÓN HUMANA,['Cliente no encontrado en el maestro SUNAT (001_TBL_CLIENTES_B2B) -- no se puede validar SUNAT/Osiptel para este RUC.'],0,
RUC_91034c32cb92,CLIENT_00061,LIMA,Lima,Surquillo,BAJO,BAJO,-6.7,4.0,False,True,OK,[],0,Mantener ciclo de facturación estándar; sin acción de cobranza adicional.
RUC_5edaddc72fb9,CLIENT_00158,LIMA,Lima,El Agustino,BAJO,BAJO,-5.0,-3.0,True,True,OK,[],0,Mantener ciclo de facturación estándar; sin acción de cobranza adicional.
,,,,,SIN_HISTORIAL_DE_FACTURACION,,,,,False,ALERTA — REVISIÓN HUMANA,['Cliente no encontrado en el maestro SUNAT (001_TBL_CLIENTES_B2B) -- no se puede validar SUNAT/Osiptel para este RUC.'],0,
,,,,,SIN_HISTORIAL_DE_FACTURACION,,,,,False,ALERTA — REVISIÓN HUMANA,['Cliente no encontrado en el maestro SUNAT (001_TBL_CLIENTES_B2B) -- no se puede validar SUNAT/Osiptel para este RUC.'],0,
,,,,,BAJO,BAJO,-11.0,12.0,False,False,ALERTA — REVISIÓN HUMANA,['Cliente no encontrado en el maestro SUNAT (001_TBL_CLIENTES_B2B) -- no se puede validar SUNAT/Osiptel para este RUC.'],2,Mantener ciclo de facturación estándar; sin acción de cobranza adicional.
,,,,,SIN_HISTORIAL_DE_FACTURACION,,,,,False,ALERTA — REVISIÓN HUMANA,['Cliente no encontrado en el maestro SUNAT (001_TBL_CLIENTES_B2B) -- no se puede validar SUNAT/Osiptel para este RUC.'],0,
RUC_a14cc0d90a77,CLIENT_00354,SAN MARTIN,San Martín,Tarapoto,BAJO,BAJO,-1.0,8.0,False,True,OK,[],0,Mantener ciclo de facturación estándar; sin acción de cobranza adicional.
RUC_b96d66720ed9,CLIENT_00588,UCAYALI,Atalaya,Raymondi,ALTO,,,,,True,ALERTA — REVISIÓN HUMANA,"['SUNAT_ESTADO_RUC=NO HABIDO (no HABIDO)', 'SUNAT_ESTADO_CONTRIBUYENTE=BAJA DE OFICIO (no ACTIVO)']",0,
RUC_dbc27ce746b2,CLIENT_00951,CALLAO,Prov. Const. del Callao,La Perla,BAJO,BAJO,1.0,1.0,False,True,OK,[],0,Mantener ciclo de facturación estándar; sin acción de cobranza adicional.
RUC_f8ffd8df7794,CLIENT_00629,LIMA,Lima,La Molina,MEDIO,MEDIO,8.0,8.0,False,True,OK,[],0,Recordatorio automático 5 días antes del vencimiento por correo/WhatsApp; sin escalamiento humano todavía.
,,,,,SIN_HISTORIAL_DE_FACTURACION,,,,,False,ALERTA — REVISIÓN HUMANA,['Cliente no encontrado en el maestro SUNAT (001_TBL_CLIENTES_B2B) -- no se puede validar SUNAT/Osiptel para este RUC.'],0,
,,,,,SIN_HISTORIAL_DE_FACTURACION,,,,,False,ALERTA — REVISIÓN HUMANA,['Cliente no encontrado en el maestro SUNAT (001_TBL_CLIENTES_B2B) -- no se puede validar SUNAT/Osiptel para este RUC.'],0,
RUC_1b3c46d0e466,CLIENT_00778,LIMA,Lima,San Juan de Miraflores,SIN_HISTORIAL_DE_FACTURACION,,,,,True,OK,[],0,
,,,,,SIN_HISTORIAL_DE_FACTURACION,,,,,False,ALERTA — REVISIÓN HUMANA,['Cliente no encontrado en el maestro SUNAT (001_TBL_CLIENTES_B2B) -- no se puede validar SUNAT/Osiptel para este RUC.'],0,
,,,,,SIN_HISTORIAL_DE_FACTURACION,,,,,False,ALERTA — REVISIÓN HUMANA,['Cliente no encontrado en el maestro SUNAT (001_TBL_CLIENTES_B2B) -- no se puede validar SUNAT/Osiptel para este RUC.'],0,
,,,,,SIN_HISTORIAL_DE_FACTURACION,,,,,False,ALERTA — REVISIÓN HUMANA,['Cliente no encontrado en el maestro SUNAT (001_TBL_CLIENTES_B2B) -- no se puede validar SUNAT/Osiptel para este RUC.'],0,
,,,,,SIN_HISTORIAL_DE_FACTURACION,,,,,False,ALERTA — REVISIÓN HUMANA,['Cliente no encontrado en el maestro SUNAT (001_TBL_CLIENTES_B2B) -- no se puede validar SUNAT/Osiptel para este RUC.'],0,
RUC_cc78266216ea,CLIENT_00486,PIURA,Talara,Pariñas,BAJO,BAJO,-4.0,4.0,False,True,OK,[],5,Mantener ciclo de facturación estándar; sin acción de cobranza adicional.
RUC_2cf69a42749d,CLIENT_00684,LIMA,Lima,Comas,SIN_HISTORIAL_DE_FACTURACION,,,,,True,OK,[],0,
,,,,,SIN_HISTORIAL_DE_FACTURACION,,,,,False,ALERTA — REVISIÓN HUMANA,['Cliente no encontrado en el maestro SUNAT (001_TBL_CLIENTES_B2B) -- no se puede validar SUNAT/Osiptel para este RUC.'],0,
,,,,,SIN_HISTORIAL_DE_FACTURACION,,,,,False,ALERTA — REVISIÓN HUMANA,['Cliente no encontrado en el maestro SUNAT (001_TBL_CLIENTES_B2B) -- no se puede validar SUNAT/Osiptel para este RUC.'],0,
,,,,,SIN_HISTORIAL_DE_FACTURACION,,,,,False,ALERTA — REVISIÓN HUMANA,['Cliente no encontrado en el maestro SUNAT (001_TBL_CLIENTES_B2B) -- no se puede validar SUNAT/Osiptel para este RUC.'],0,
,,,,,SIN_HISTORIAL_DE_FACTURACION,,,,,False,ALERTA — REVISIÓN HUMANA,['Cliente no encontrado en el maestro SUNAT (001_TBL_CLIENTES_B2B) -- no se puede validar SUNAT/Osiptel para este RUC.'],0,
,,,,,SIN_HISTORIAL_DE_FACTURACION,,,,,False,ALERTA — REVISIÓN HUMANA,['Cliente no encontrado en el maestro SUNAT (001_TBL_CLIENTES_B2B) -- no se puede validar SUNAT/Osiptel para este RUC.'],0,
,,,,,SIN_HISTORIAL_DE_FACTURACION,,,,,False,ALERTA — REVISIÓN HUMANA,['Cliente no encontrado en el maestro SUNAT (001_TBL_CLIENTES_B2B) -- no se puede validar SUNAT/Osiptel para este RUC.'],0,
,,,,,SIN_HISTORIAL_DE_FACTURACION,,,,,False,ALERTA — REVISIÓN HUMANA,['Cliente no encontrado en el maestro SUNAT (001_TBL_CLIENTES_B2B) -- no se puede validar SUNAT/Osiptel para este RUC.'],0,
RUC_f5178a68185e,CLIENT_00709,ICA,Chincha,Chincha Alta,BAJO,BAJO,-5.5,-4.0,True,True,OK,[],0,Mantener ciclo de facturación estándar; sin acción de cobranza adicional.
,,,,,SIN_HISTORIAL_DE_FACTURACION,,,,,False,ALERTA — REVISIÓN HUMANA,['Cliente no encontrado en el maestro SUNAT (001_TBL_CLIENTES_B2B) -- no se puede validar SUNAT/Osiptel para este RUC.'],0,
,,,,,SIN_HISTORIAL_DE_FACTURACION,,,,,False,ALERTA — REVISIÓN HUMANA,['Cliente no encontrado en el maestro SUNAT (001_TBL_CLIENTES_B2B) -- no se puede validar SUNAT/Osiptel para este RUC.'],0,
RUC_ebfb0a7a0267,CLIENT_00835,LIMA,Lima,La Victoria,BAJO,BAJO,-3.5,-2.0,True,True,OK,[],0,Mantener ciclo de facturación estándar; sin acción de cobranza adicional.
RUC_95c1760e7df7,CLIENT_00701,LIMA,Lima,Lima,BAJO,BAJO,-7.0,-3.0,False,True,OK,[],0,Mantener ciclo de facturación estándar; sin acción de cobranza adicional.
,,,,,SIN_HISTORIAL_DE_FACTURACION,,,,,False,ALERTA — REVISIÓN HUMANA,['Cliente no encontrado en el maestro SUNAT (001_TBL_CLIENTES_B2B) -- no se puede validar SUNAT/Osiptel para este RUC.'],0,
RUC_9a5bdc394e82,CLIENT_00721,LIMA,Lima,Villa María del Triunfo,SIN_HISTORIAL_DE_FACTURACION,,,,,True,OK,[],0,
,,,,,SIN_HISTORIAL_DE_FACTURACION,,,,,False,ALERTA — REVISIÓN HUMANA,['Cliente no encontrado en el maestro SUNAT (001_TBL_CLIENTES_B2B) -- no se puede validar SUNAT/Osiptel para este RUC.'],0,
,,,,,BAJO,BAJO,0.5,2.0,False,False,ALERTA — REVISIÓN HUMANA,['Cliente no encontrado en el maestro SUNAT (001_TBL_CLIENTES_B2B) -- no se puede validar SUNAT/Osiptel para este RUC.'],0,Mantener ciclo de facturación estándar; sin acción de cobranza adicional.
,,,,,SIN_HISTORIAL_DE_FACTURACION,,,,,False,ALERTA — REVISIÓN HUMANA,['Cliente no encontrado en el maestro SUNAT (001_TBL_CLIENTES_B2B) -- no se puede validar SUNAT/Osiptel para este RUC.'],0,
,,,,,SIN_HISTORIAL_DE_FACTURACION,,,,,False,ALERTA — REVISIÓN HUMANA,['Cliente no encontrado en el maestro SUNAT (001_TBL_CLIENTES_B2B) -- no se puede validar SUNAT/Osiptel para este RUC.'],0,
,,,,,SIN_HISTORIAL_DE_FACTURACION,,,,,False,ALERTA — REVISIÓN HUMANA,['Cliente no encontrado en el maestro SUNAT (001_TBL_CLIENTES_B2B) -- no se puede validar SUNAT/Osiptel para este RUC.'],0,
RUC_396c50d562c5,CLIENT_00283,AREQUIPA,Arequipa,Arequipa,BAJO,BAJO,-11.3,-8.0,False,True,OK,[],0,Mantener ciclo de facturación estándar; sin acción de cobranza adicional.
,,,,,SIN_HISTORIAL_DE_FACTURACION,,,,,False,ALERTA — REVISIÓN HUMANA,['Cliente no encontrado en el maestro SUNAT (001_TBL_CLIENTES_B2B) -- no se puede validar SUNAT/Osiptel para este RUC.'],0,
RUC_633e433ec074,CLIENT_00806,LIMA,Lima,San Borja,BAJO,BAJO,-1.5,4.0,True,True,OK,[],0,Mantener ciclo de facturación estándar; sin acción de cobranza adicional.
RUC_94ee4ba5292e,CLIENT_00599,LIMA,Lima,Miraflores,BAJO,BAJO,-11.0,-9.0,True,True,OK,[],0,Mantener ciclo de facturación estándar; sin acción de cobranza adicional.
,,,,,SIN_HISTORIAL_DE_FACTURACION,,,,,False,ALERTA — REVISIÓN HUMANA,['Cliente no encontrado en el maestro SUNAT (001_TBL_CLIENTES_B2B) -- no se puede validar SUNAT/Osiptel para este RUC.'],0,
,,,,,SIN_HISTORIAL_DE_FACTURACION,,,,,False,ALERTA — REVISIÓN HUMANA,['Cliente no encontrado en el maestro SUNAT (001_TBL_CLIENTES_B2B) -- no se puede validar SUNAT/Osiptel para este RUC.'],0,
RUC_a0e432e00271,CLIENT_00606,LAMBAYEQUE,Chiclayo,Chiclayo,SIN_HISTORIAL_DE_FACTURACION,,,,,True,OK,[],0,
RUC_7ee412bb6525,CLIENT_00871,AREQUIPA,Arequipa,Arequipa,BAJO,BAJO,-8.5,-5.0,False,True,OK,[],0,Mantener ciclo de facturación estándar; sin acción de cobranza adicional.
,,,,,SIN_HISTORIAL_DE_FACTURACION,,,,,False,ALERTA — REVISIÓN HUMANA,['Cliente no encontrado en el maestro SUNAT (001_TBL_CLIENTES_B2B) -- no se puede validar SUNAT/Osiptel para este RUC.'],0,
,,,,,SIN_HISTORIAL_DE_FACTURACION,,,,,False,ALERTA — REVISIÓN HUMANA,['Cliente no encontrado en el maestro SUNAT (001_TBL_CLIENTES_B2B) -- no se puede validar SUNAT/Osiptel para este RUC.'],0,
,,,,,SIN_HISTORIAL_DE_FACTURACION,,,,,False,ALERTA — REVISIÓN HUMANA,['Cliente no encontrado en el maestro SUNAT (001_TBL_CLIENTES_B2B) -- no se puede validar SUNAT/Osiptel para este RUC.'],0,
RUC_35230f0db725,CLIENT_00541,LIMA,Lima,La Victoria,SIN_HISTORIAL_DE_FACTURACION,,,,,True,OK,[],0,
,,,,,BAJO,BAJO,-5.5,2.0,False,False,ALERTA — REVISIÓN HUMANA,['Cliente no encontrado en el maestro SUNAT (001_TBL_CLIENTES_B2B) -- no se puede validar SUNAT/Osiptel para este RUC.'],0,Mantener ciclo de facturación estándar; sin acción de cobranza adicional.
,,,,,SIN_HISTORIAL_DE_FACTURACION,,,,,False,ALERTA — REVISIÓN HUMANA,['Cliente no encontrado en el maestro SUNAT (001_TBL_CLIENTES_B2B) -- no se puede validar SUNAT/Osiptel para este RUC.'],0,
,,,,,SIN_HISTORIAL_DE_FACTURACION,,,,,False,ALERTA — REVISIÓN HUMANA,['Cliente no encontrado en el maestro SUNAT (001_TBL_CLIENTES_B2B) -- no se puede validar SUNAT/Osiptel para este RUC.'],0,
,,,,,BAJO,BAJO,-6.0,5.0,False,False,ALERTA — REVISIÓN HUMANA,['Cliente no encontrado en el maestro SUNAT (001_TBL_CLIENTES_B2B) -- no se puede validar SUNAT/Osiptel para este RUC.'],2,Mantener ciclo de facturación estándar; sin acción de cobranza adicional.
,,,,,BAJO,BAJO,-2.7,0.0,False,False,ALERTA — REVISIÓN HUMANA,['Cliente no encontrado en el maestro SUNAT (001_TBL_CLIENTES_B2B) -- no se puede validar SUNAT/Osiptel para este RUC.'],0,Mantener ciclo de facturación estándar; sin acción de cobranza adicional.
,,,,,SIN_HISTORIAL_DE_FACTURACION,,,,,False,ALERTA — REVISIÓN HUMANA,['Cliente no encontrado en el maestro SUNAT (001_TBL_CLIENTES_B2B) -- no se puede validar SUNAT/Osiptel para este RUC.'],0,
,,,,,BAJO,BAJO,3.5,5.0,True,False,ALERTA — REVISIÓN HUMANA,['Cliente no encontrado en el maestro SUNAT (001_TBL_CLIENTES_B2B) -- no se puede validar SUNAT/Osiptel para este RUC.'],0,Mantener ciclo de facturación estándar; sin acción de cobranza adicional.
,,,,,SIN_HISTORIAL_DE_FACTURACION,,,,,False,ALERTA — REVISIÓN HUMANA,['Cliente no encontrado en el maestro SUNAT (001_TBL_CLIENTES_B2B) -- no se puede validar SUNAT/Osiptel para este RUC.'],0,
RUC_fdbc271406a2,CLIENT_00426,LA LIBERTAD,Trujillo,Trujillo,ALTO,BAJO,-5.0,-5.0,False,True,ALERTA — REVISIÓN HUMANA,['SUNAT_ESTADO_CONTRIBUYENTE=BAJA DE OFICIO (no ACTIVO)'],0,Mantener ciclo de facturación estándar; sin acción de cobranza adicional.
RUC_6d3206b6e441,CLIENT_00353,LIMA,Lima,Lurigancho,BAJO,BAJO,-4.0,-4.0,False,True,OK,[],0,Mantener ciclo de facturación estándar; sin acción de cobranza adicional.
,,,,,SIN_HISTORIAL_DE_FACTURACION,,,,,False,ALERTA — REVISIÓN HUMANA,['Cliente no encontrado en el maestro SUNAT (001_TBL_CLIENTES_B2B) -- no se puede validar SUNAT/Osiptel para este RUC.'],0,
,,,,,SIN_HISTORIAL_DE_FACTURACION,,,,,False,ALERTA — REVISIÓN HUMANA,['Cliente no encontrado en el maestro SUNAT (001_TBL_CLIENTES_B2B) -- no se puede validar SUNAT/Osiptel para este RUC.'],0,
RUC_b3b8443e4282,CLIENT_00357,CUSCO,Cusco,Santiago,BAJO,BAJO,2.5,3.0,False,True,OK,[],0,Mantener ciclo de facturación estándar; sin acción de cobranza adicional.
,,,,,BAJO,BAJO,-0.5,3.0,False,False,ALERTA — REVISIÓN HUMANA,['Cliente no encontrado en el maestro SUNAT (001_TBL_CLIENTES_B2B) -- no se puede validar SUNAT/Osiptel para este RUC.'],0,Mantener ciclo de facturación estándar; sin acción de cobranza adicional.
RUC_439160962225,CLIENT_00608,PUNO,San Román,Juliaca,MEDIO,MEDIO,8.5,9.0,False,True,OK,[],0,Recordatorio automático 5 días antes del vencimiento por correo/WhatsApp; sin escalamiento humano todavía.
,,,,,SIN_HISTORIAL_DE_FACTURACION,,,,,False,ALERTA — REVISIÓN HUMANA,['Cliente no encontrado en el maestro SUNAT (001_TBL_CLIENTES_B2B) -- no se puede validar SUNAT/Osiptel para este RUC.'],0,
,,,,,SIN_HISTORIAL_DE_FACTURACION,,,,,False,ALERTA — REVISIÓN HUMANA,['Cliente no encontrado en el maestro SUNAT (001_TBL_CLIENTES_B2B) -- no se puede validar SUNAT/Osiptel para este RUC.'],0,
RUC_a4c9c1044088,CLIENT_00142,LIMA,Lima,Santiago de Surco,MEDIO,MEDIO,7.0,22.0,False,True,OK,[],2,Recordatorio automático 5 días antes del vencimiento por correo/WhatsApp; sin escalamiento humano todavía.
,,,,,SIN_HISTORIAL_DE_FACTURACION,,,,,False,ALERTA — REVISIÓN HUMANA,['Cliente no encontrado en el maestro SUNAT (001_TBL_CLIENTES_B2B) -- no se puede validar SUNAT/Osiptel para este RUC.'],0,
,,,,,SIN_HISTORIAL_DE_FACTURACION,,,,,False,ALERTA — REVISIÓN HUMANA,['Cliente no encontrado en el maestro SUNAT (001_TBL_CLIENTES_B2B) -- no se puede validar SUNAT/Osiptel para este RUC.'],0,
RUC_23552e179842,CLIENT_00925,ICA,Ica,Ica,BAJO,BAJO,2.0,2.0,False,True,OK,[],0,Mantener ciclo de facturación estándar; sin acción de cobranza adicional.
,,,,,SIN_HISTORIAL_DE_FACTURACION,,,,,False,ALERTA — REVISIÓN HUMANA,['Cliente no encontrado en el maestro SUNAT (001_TBL_CLIENTES_B2B) -- no se puede validar SUNAT/Osiptel para este RUC.'],0,
RUC_35c95a7c4b82,CLIENT_00191,APURIMAC,Abancay,Abancay,SIN_HISTORIAL_DE_FACTURACION,,,,,True,OK,[],0,
RUC_2dba7408f94d,CLIENT_00218,LIMA,Lima,San Isidro,BAJO,BAJO,-4.0,11.0,False,True,OK,[],2,Mantener ciclo de facturación estándar; sin acción de cobranza adicional.
,,,,,MEDIO,MEDIO,7.3,11.0,False,False,ALERTA — REVISIÓN HUMANA,['Cliente no encontrado en el maestro SUNAT (001_TBL_CLIENTES_B2B) -- no se puede validar SUNAT/Osiptel para este RUC.'],1,Recordatorio automático 5 días antes del vencimiento por correo/WhatsApp; sin escalamiento humano todavía.
,,,,,SIN_HISTORIAL_DE_FACTURACION,,,,,False,ALERTA — REVISIÓN HUMANA,['Cliente no encontrado en el maestro SUNAT (001_TBL_CLIENTES_B2B) -- no se puede validar SUNAT/Osiptel para este RUC.'],0,
,,,,,SIN_HISTORIAL_DE_FACTURACION,,,,,False,ALERTA — REVISIÓN HUMANA,['Cliente no encontrado en el maestro SUNAT (001_TBL_CLIENTES_B2B) -- no se puede validar SUNAT/Osiptel para este RUC.'],0,
,,,,,SIN_HISTORIAL_DE_FACTURACION,,,,,False,ALERTA — REVISIÓN HUMANA,['Cliente no encontrado en el maestro SUNAT (001_TBL_CLIENTES_B2B) -- no se puede validar SUNAT/Osiptel para este RUC.'],0,
,,,,,SIN_HISTORIAL_DE_FACTURACION,,,,,False,ALERTA — REVISIÓN HUMANA,['Cliente no encontrado en el maestro SUNAT (001_TBL_CLIENTES_B2B) -- no se puede validar SUNAT/Osiptel para este RUC.'],0,
,,,,,SIN_HISTORIAL_DE_FACTURACION,,,,,False,ALERTA — REVISIÓN HUMANA,['Cliente no encontrado en el maestro SUNAT (001_TBL_CLIENTES_B2B) -- no se puede validar SUNAT/Osiptel para este RUC.'],0,
,,,,,BAJO,BAJO,2.5,3.0,True,False,ALERTA — REVISIÓN HUMANA,['Cliente no encontrado en el maestro SUNAT (001_TBL_CLIENTES_B2B) -- no se puede validar SUNAT/Osiptel para este RUC.'],0,Mantener ciclo de facturación estándar; sin acción de cobranza adicional.
RUC_58075fbc64db,CLIENT_00567,CUSCO,Cusco,Wanchaq,ALTO,BAJO,2.5,4.0,False,True,ALERTA — REVISIÓN HUMANA,['SUNAT_ESTADO_CONTRIBUYENTE=BAJA DE OFICIO (no ACTIVO)'],2,Mantener ciclo de facturación estándar; sin acción de cobranza adicional.
,,,,,BAJO,BAJO,-12.0,3.0,False,False,ALERTA — REVISIÓN HUMANA,['Cliente no encontrado en el maestro SUNAT (001_TBL_CLIENTES_B2B) -- no se puede validar SUNAT/Osiptel para este RUC.'],1,Mantener ciclo de facturación estándar; sin acción de cobranza adicional.
,,,,,SIN_HISTORIAL_DE_FACTURACION,,,,,False,ALERTA — REVISIÓN HUMANA,['Cliente no encontrado en el maestro SUNAT (001_TBL_CLIENTES_B2B) -- no se puede validar SUNAT/Osiptel para este RUC.'],0,
,,,,,SIN_HISTORIAL_DE_FACTURACION,,,,,False,ALERTA — REVISIÓN HUMANA,['Cliente no encontrado en el maestro SUNAT (001_TBL_CLIENTES_B2B) -- no se puede validar SUNAT/Osiptel para este RUC.'],0,
,,,,,SIN_HISTORIAL_DE_FACTURACION,,,,,False,ALERTA — REVISIÓN HUMANA,['Cliente no encontrado en el maestro SUNAT (001_TBL_CLIENTES_B2B) -- no se puede validar SUNAT/Osiptel para este RUC.'],0,
,,,,,SIN_HISTORIAL_DE_FACTURACION,,,,,False,ALERTA — REVISIÓN HUMANA,['Cliente no encontrado en el maestro SUNAT (001_TBL_CLIENTES_B2B) -- no se puede validar SUNAT/Osiptel para este RUC.'],0,
,,,,,SIN_HISTORIAL_DE_FACTURACION,,,,,False,ALERTA — REVISIÓN HUMANA,['Cliente no encontrado en el maestro SUNAT (001_TBL_CLIENTES_B2B) -- no se puede validar SUNAT/Osiptel para este RUC.'],0,
,,,,,SIN_HISTORIAL_DE_FACTURACION,,,,,False,ALERTA — REVISIÓN HUMANA,['Cliente no encontrado en el maestro SUNAT (001_TBL_CLIENTES_B2B) -- no se puede validar SUNAT/Osiptel para este RUC.'],0,
,,,,,SIN_HISTORIAL_DE_FACTURACION,,,,,False,ALERTA — REVISIÓN HUMANA,['Cliente no encontrado en el maestro SUNAT (001_TBL_CLIENTES_B2B) -- no se puede validar SUNAT/Osiptel para este RUC.'],0,
RUC_30e9f26c1f8a,CLIENT_00019,LIMA,Lima,Carabayllo,SIN_HISTORIAL_DE_FACTURACION,,,,,True,OK,[],0,
RUC_cf70f1f21132,CLIENT_00149,LIMA,Lima,San Borja,BAJO,BAJO,-5.0,1.0,False,True,OK,[],0,Mantener ciclo de facturación estándar; sin acción de cobranza adicional.
,,,,,SIN_HISTORIAL_DE_FACTURACION,,,,,False,ALERTA — REVISIÓN HUMANA,['Cliente no encontrado en el maestro SUNAT (001_TBL_CLIENTES_B2B) -- no se puede validar SUNAT/Osiptel para este RUC.'],0,
,,,,,SIN_HISTORIAL_DE_FACTURACION,,,,,False,ALERTA — REVISIÓN HUMANA,['Cliente no encontrado en el maestro SUNAT (001_TBL_CLIENTES_B2B) -- no se puede validar SUNAT/Osiptel para este RUC.'],0,
,,,,,BAJO,BAJO,0.0,6.0,True,False,ALERTA — REVISIÓN HUMANA,['Cliente no encontrado en el maestro SUNAT (001_TBL_CLIENTES_B2B) -- no se puede validar SUNAT/Osiptel para este RUC.'],0,Mantener ciclo de facturación estándar; sin acción de cobranza adicional.
,,,,,SIN_HISTORIAL_DE_FACTURACION,,,,,False,ALERTA — REVISIÓN HUMANA,['Cliente no encontrado en el maestro SUNAT (001_TBL_CLIENTES_B2B) -- no se puede validar SUNAT/Osiptel para este RUC.'],0,
,,,,,SIN_HISTORIAL_DE_FACTURACION,,,,,False,ALERTA — REVISIÓN HUMANA,['Cliente no encontrado en el maestro SUNAT (001_TBL_CLIENTES_B2B) -- no se puede validar SUNAT/Osiptel para este RUC.'],0,
,,,,,SIN_HISTORIAL_DE_FACTURACION,,,,,False,ALERTA — REVISIÓN HUMANA,['Cliente no encontrado en el maestro SUNAT (001_TBL_CLIENTES_B2B) -- no se puede validar SUNAT/Osiptel para este RUC.'],0,
,,,,,SIN_HISTORIAL_DE_FACTURACION,,,,,False,ALERTA — REVISIÓN HUMANA,['Cliente no encontrado en el maestro SUNAT (001_TBL_CLIENTES_B2B) -- no se puede validar SUNAT/Osiptel para este RUC.'],0,
,,,,,SIN_HISTORIAL_DE_FACTURACION,,,,,False,ALERTA — REVISIÓN HUMANA,['Cliente no encontrado en el maestro SUNAT (001_TBL_CLIENTES_B2B) -- no se puede validar SUNAT/Osiptel para este RUC.'],0,
,,,,,BAJO,BAJO,-4.7,1.0,False,False,ALERTA — REVISIÓN HUMANA,['Cliente no encontrado en el maestro SUNAT (001_TBL_CLIENTES_B2B) -- no se puede validar SUNAT/Osiptel para este RUC.'],0,Mantener ciclo de facturación estándar; sin acción de cobranza adicional.
,,,,,SIN_HISTORIAL_DE_FACTURACION,,,,,False,ALERTA — REVISIÓN HUMANA,['Cliente no encontrado en el maestro SUNAT (001_TBL_CLIENTES_B2B) -- no se puede validar SUNAT/Osiptel para este RUC.'],0,
,,,,,SIN_HISTORIAL_DE_FACTURACION,,,,,False,ALERTA — REVISIÓN HUMANA,['Cliente no encontrado en el maestro SUNAT (001_TBL_CLIENTES_B2B) -- no se puede validar SUNAT/Osiptel para este RUC.'],0,
,,,,,SIN_HISTORIAL_DE_FACTURACION,,,,,False,ALERTA — REVISIÓN HUMANA,['Cliente no encontrado en el maestro SUNAT (001_TBL_CLIENTES_B2B) -- no se puede validar SUNAT/Osiptel para este RUC.'],0,
RUC_6b4c39f86664,CLIENT_00649,LIMA,Lima,Lima,ALTO,ALTO,18.0,18.0,False,True,OK,[],1,Contacto proactivo antes del vencimiento + oferta de plan de pago fraccionado; escalar a gestor de cuenta senior.
,,,,,SIN_HISTORIAL_DE_FACTURACION,,,,,False,ALERTA — REVISIÓN HUMANA,['Cliente no encontrado en el maestro SUNAT (001_TBL_CLIENTES_B2B) -- no se puede validar SUNAT/Osiptel para este RUC.'],0,
,,,,,SIN_HISTORIAL_DE_FACTURACION,,,,,False,ALERTA — REVISIÓN HUMANA,['Cliente no encontrado en el maestro SUNAT (001_TBL_CLIENTES_B2B) -- no se puede validar SUNAT/Osiptel para este RUC.'],0,
,,,,,MEDIO,MEDIO,14.5,27.0,False,False,ALERTA — REVISIÓN HUMANA,['Cliente no encontrado en el maestro SUNAT (001_TBL_CLIENTES_B2B) -- no se puede validar SUNAT/Osiptel para este RUC.'],2,Recordatorio automático 5 días antes del vencimiento por correo/WhatsApp; sin escalamiento humano todavía.
,,,,,SIN_HISTORIAL_DE_FACTURACION,,,,,False,ALERTA — REVISIÓN HUMANA,['Cliente no encontrado en el maestro SUNAT (001_TBL_CLIENTES_B2B) -- no se puede validar SUNAT/Osiptel para este RUC.'],0,
,,,,,SIN_HISTORIAL_DE_FACTURACION,,,,,False,ALERTA — REVISIÓN HUMANA,['Cliente no encontrado en el maestro SUNAT (001_TBL_CLIENTES_B2B) -- no se puede validar SUNAT/Osiptel para este RUC.'],0,
,,,,,BAJO,BAJO,-1.0,0.0,True,False,ALERTA — REVISIÓN HUMANA,['Cliente no encontrado en el maestro SUNAT (001_TBL_CLIENTES_B2B) -- no se puede validar SUNAT/Osiptel para este RUC.'],0,Mantener ciclo de facturación estándar; sin acción de cobranza adicional.
,,,,,SIN_HISTORIAL_DE_FACTURACION,,,,,False,ALERTA — REVISIÓN HUMANA,['Cliente no encontrado en el maestro SUNAT (001_TBL_CLIENTES_B2B) -- no se puede validar SUNAT/Osiptel para este RUC.'],0,
,,,,,SIN_HISTORIAL_DE_FACTURACION,,,,,False,ALERTA — REVISIÓN HUMANA,['Cliente no encontrado en el maestro SUNAT (001_TBL_CLIENTES_B2B) -- no se puede validar SUNAT/Osiptel para este RUC.'],0,
RUC_e24e9d91e426,CLIENT_00527,LIMA,Lima,Magdalena del Mar,BAJO,BAJO,2.7,11.0,False,True,OK,[],1,Mantener ciclo de facturación estándar; sin acción de cobranza adicional.
,,,,,SIN_HISTORIAL_DE_FACTURACION,,,,,False,ALERTA — REVISIÓN HUMANA,['Cliente no encontrado en el maestro SUNAT (001_TBL_CLIENTES_B2B) -- no se puede validar SUNAT/Osiptel para este RUC.'],0,
,,,,,SIN_HISTORIAL_DE_FACTURACION,,,,,False,ALERTA — REVISIÓN HUMANA,['Cliente no encontrado en el maestro SUNAT (001_TBL_CLIENTES_B2B) -- no se puede validar SUNAT/Osiptel para este RUC.'],0,
RUC_a04cf0f25770,CLIENT_00087,LIMA,Lima,San Martín de Porres,ALTO,BAJO,4.0,4.0,False,True,ALERTA — REVISIÓN HUMANA,"['SUNAT_ESTADO_RUC=NO HABIDO (no HABIDO)', 'SUNAT_ESTADO_CONTRIBUYENTE=SUSPENSION TEMPORAL (no ACTIVO)']",0,Mantener ciclo de facturación estándar; sin acción de cobranza adicional.
,,,,,SIN_HISTORIAL_DE_FACTURACION,,,,,False,ALERTA — REVISIÓN HUMANA,['Cliente no encontrado en el maestro SUNAT (001_TBL_CLIENTES_B2B) -- no se puede validar SUNAT/Osiptel para este RUC.'],0,
,,,,,SIN_HISTORIAL_DE_FACTURACION,,,,,False,ALERTA — REVISIÓN HUMANA,['Cliente no encontrado en el maestro SUNAT (001_TBL_CLIENTES_B2B) -- no se puede validar SUNAT/Osiptel para este RUC.'],0,
,,,,,SIN_HISTORIAL_DE_FACTURACION,,,,,False,ALERTA — REVISIÓN HUMANA,['Cliente no encontrado en el maestro SUNAT (001_TBL_CLIENTES_B2B) -- no se puede validar SUNAT/Osiptel para este RUC.'],0,
,,,,,SIN_HISTORIAL_DE_FACTURACION,,,,,False,ALERTA — REVISIÓN HUMANA,['Cliente no encontrado en el maestro SUNAT (001_TBL_CLIENTES_B2B) -- no se puede validar SUNAT/Osiptel para este RUC.'],0,
,,,,,SIN_HISTORIAL_DE_FACTURACION,,,,,False,ALERTA — REVISIÓN HUMANA,['Cliente no encontrado en el maestro SUNAT (001_TBL_CLIENTES_B2B) -- no se puede validar SUNAT/Osiptel para este RUC.'],0,
,,,,,SIN_HISTORIAL_DE_FACTURACION,,,,,False,ALERTA — REVISIÓN HUMANA,['Cliente no encontrado en el maestro SUNAT (001_TBL_CLIENTES_B2B) -- no se puede validar SUNAT/Osiptel para este RUC.'],0,
,,,,,SIN_HISTORIAL_DE_FACTURACION,,,,,False,ALERTA — REVISIÓN HUMANA,['Cliente no encontrado en el maestro SUNAT (001_TBL_CLIENTES_B2B) -- no se puede validar SUNAT/Osiptel para este RUC.'],0,
RUC_2de5d69ad67b,CLIENT_00643,CUSCO,Cusco,Cusco,BAJO,BAJO,4.0,19.0,False,True,OK,[],0,Mantener ciclo de facturación estándar; sin acción de cobranza adicional.
RUC_8826706a0802,CLIENT_00259,LIMA,Lima,Lurin,SIN_HISTORIAL_DE_FACTURACION,,,,,True,OK,[],0,
,,,,,BAJO,BAJO,-2.3,4.0,False,False,ALERTA — REVISIÓN HUMANA,['Cliente no encontrado en el maestro SUNAT (001_TBL_CLIENTES_B2B) -- no se puede validar SUNAT/Osiptel para este RUC.'],0,Mantener ciclo de facturación estándar; sin acción de cobranza adicional.
RUC_f83b3851ed17,CLIENT_00082,CALLAO,Prov. Const. del Callao,Carmen de la Legua Reynoso,SIN_HISTORIAL_DE_FACTURACION,,,,,True,OK,[],0,
,,,,,SIN_HISTORIAL_DE_FACTURACION,,,,,False,ALERTA — REVISIÓN HUMANA,['Cliente no encontrado en el maestro SUNAT (001_TBL_CLIENTES_B2B) -- no se puede validar SUNAT/Osiptel para este RUC.'],0,
,,,,,SIN_HISTORIAL_DE_FACTURACION,,,,,False,ALERTA — REVISIÓN HUMANA,['Cliente no encontrado en el maestro SUNAT (001_TBL_CLIENTES_B2B) -- no se puede validar SUNAT/Osiptel para este RUC.'],0,
,,,,,SIN_HISTORIAL_DE_FACTURACION,,,,,False,ALERTA — REVISIÓN HUMANA,['Cliente no encontrado en el maestro SUNAT (001_TBL_CLIENTES_B2B) -- no se puede validar SUNAT/Osiptel para este RUC.'],0,
RUC_22b680ef930f,CLIENT_00337,TACNA,Tacna,Alto de la Alianza,BAJO,BAJO,-7.0,-7.0,False,True,OK,[],0,Mantener ciclo de facturación estándar; sin acción de cobranza adicional.
,,,,,SIN_HISTORIAL_DE_FACTURACION,,,,,False,ALERTA — REVISIÓN HUMANA,['Cliente no encontrado en el maestro SUNAT (001_TBL_CLIENTES_B2B) -- no se puede validar SUNAT/Osiptel para este RUC.'],0,
RUC_ea4a71b07bc6,CLIENT_00619,LIMA,Lima,Miraflores,SIN_HISTORIAL_DE_FACTURACION,,,,,True,OK,[],0,
,,,,,SIN_HISTORIAL_DE_FACTURACION,,,,,False,ALERTA — REVISIÓN HUMANA,['Cliente no encontrado en el maestro SUNAT (001_TBL_CLIENTES_B2B) -- no se puede validar SUNAT/Osiptel para este RUC.'],0,
,,,,,SIN_HISTORIAL_DE_FACTURACION,,,,,False,ALERTA — REVISIÓN HUMANA,['Cliente no encontrado en el maestro SUNAT (001_TBL_CLIENTES_B2B) -- no se puede validar SUNAT/Osiptel para este RUC.'],0,
,,,,,SIN_HISTORIAL_DE_FACTURACION,,,,,False,ALERTA — REVISIÓN HUMANA,['Cliente no encontrado en el maestro SUNAT (001_TBL_CLIENTES_B2B) -- no se puede validar SUNAT/Osiptel para este RUC.'],0,
RUC_55868f670dea,CLIENT_00878,LIMA,Lima,Jesús María,BAJO,BAJO,-1.6,0.0,False,True,OK,[],0,Mantener ciclo de facturación estándar; sin acción de cobranza adicional.
RUC_3a09db76df34,CLIENT_00306,LIMA,Lima,Lima,BAJO,BAJO,-7.5,-2.0,True,True,OK,[],0,Mantener ciclo de facturación estándar; sin acción de cobranza adicional.
,,,,,SIN_HISTORIAL_DE_FACTURACION,,,,,False,ALERTA — REVISIÓN HUMANA,['Cliente no encontrado en el maestro SUNAT (001_TBL_CLIENTES_B2B) -- no se puede validar SUNAT/Osiptel para este RUC.'],0,
,,,,,SIN_HISTORIAL_DE_FACTURACION,,,,,False,ALERTA — REVISIÓN HUMANA,['Cliente no encontrado en el maestro SUNAT (001_TBL_CLIENTES_B2B) -- no se puede validar SUNAT/Osiptel para este RUC.'],0,
RUC_2870ee0c3a2d,CLIENT_00388,LA LIBERTAD,Trujillo,Trujillo,SIN_HISTORIAL_DE_FACTURACION,,,,,True,OK,[],0,
,,,,,SIN_HISTORIAL_DE_FACTURACION,,,,,False,ALERTA — REVISIÓN HUMANA,['Cliente no encontrado en el maestro SUNAT (001_TBL_CLIENTES_B2B) -- no se puede validar SUNAT/Osiptel para este RUC.'],0,
,,,,,SIN_HISTORIAL_DE_FACTURACION,,,,,False,ALERTA — REVISIÓN HUMANA,['Cliente no encontrado en el maestro SUNAT (001_TBL_CLIENTES_B2B) -- no se puede validar SUNAT/Osiptel para este RUC.'],0,
RUC_4e468cec1d7b,CLIENT_00086,LIMA,Lima,Barranco,BAJO,BAJO,-6.0,1.0,True,True,OK,[],0,Mantener ciclo de facturación estándar; sin acción de cobranza adicional.
RUC_388d2b79b8f2,CLIENT_00906,LIMA,Lima,Los Olivos,BAJO,BAJO,-6.5,-2.0,False,True,OK,[],1,Mantener ciclo de facturación estándar; sin acción de cobranza adicional.
RUC_3b811f362a6a,CLIENT_00917,LIMA,Lima,Ate,BAJO,BAJO,-8.8,-2.0,True,True,OK,[],0,Mantener ciclo de facturación estándar; sin acción de cobranza adicional.
,,,,,SIN_HISTORIAL_DE_FACTURACION,,,,,False,ALERTA — REVISIÓN HUMANA,['Cliente no encontrado en el maestro SUNAT (001_TBL_CLIENTES_B2B) -- no se puede validar SUNAT/Osiptel para este RUC.'],0,
RUC_8b01263dbda4,CLIENT_00049,LIMA,Lima,Lima,MEDIO,MEDIO,11.0,11.0,False,True,OK,[],0,Recordatorio automático 5 días antes del vencimiento por correo/WhatsApp; sin escalamiento humano todavía.
,,,,,SIN_HISTORIAL_DE_FACTURACION,,,,,False,ALERTA — REVISIÓN HUMANA,['Cliente no encontrado en el maestro SUNAT (001_TBL_CLIENTES_B2B) -- no se puede validar SUNAT/Osiptel para este RUC.'],0,
,,,,,SIN_HISTORIAL_DE_FACTURACION,,,,,False,ALERTA — REVISIÓN HUMANA,['Cliente no encontrado en el maestro SUNAT (001_TBL_CLIENTES_B2B) -- no se puede validar SUNAT/Osiptel para este RUC.'],0,
,,,,,SIN_HISTORIAL_DE_FACTURACION,,,,,False,ALERTA — REVISIÓN HUMANA,['Cliente no encontrado en el maestro SUNAT (001_TBL_CLIENTES_B2B) -- no se puede validar SUNAT/Osiptel para este RUC.'],0,
,,,,,SIN_HISTORIAL_DE_FACTURACION,,,,,False,ALERTA — REVISIÓN HUMANA,['Cliente no encontrado en el maestro SUNAT (001_TBL_CLIENTES_B2B) -- no se puede validar SUNAT/Osiptel para este RUC.'],0,
RUC_4406eb631aa8,CLIENT_00473,ANCASH,Santa,Nuevo Chimbote,SIN_HISTORIAL_DE_FACTURACION,,,,,True,OK,[],0,
,,,,,SIN_HISTORIAL_DE_FACTURACION,,,,,False,ALERTA — REVISIÓN HUMANA,['Cliente no encontrado en el maestro SUNAT (001_TBL_CLIENTES_B2B) -- no se puede validar SUNAT/Osiptel para este RUC.'],0,
RUC_d84c851efc0f,CLIENT_00563,LIMA,Huaral,Chancay,SIN_HISTORIAL_DE_FACTURACION,,,,,True,OK,[],0,
,,,,,BAJO,BAJO,0.4,20.0,False,False,ALERTA — REVISIÓN HUMANA,['Cliente no encontrado en el maestro SUNAT (001_TBL_CLIENTES_B2B) -- no se puede validar SUNAT/Osiptel para este RUC.'],0,Mantener ciclo de facturación estándar; sin acción de cobranza adicional.
,,,,,SIN_HISTORIAL_DE_FACTURACION,,,,,False,ALERTA — REVISIÓN HUMANA,['Cliente no encontrado en el maestro SUNAT (001_TBL_CLIENTES_B2B) -- no se puede validar SUNAT/Osiptel para este RUC.'],0,
,,,,,SIN_HISTORIAL_DE_FACTURACION,,,,,False,ALERTA — REVISIÓN HUMANA,['Cliente no encontrado en el maestro SUNAT (001_TBL_CLIENTES_B2B) -- no se puede validar SUNAT/Osiptel para este RUC.'],0,
RUC_b31457eedad5,CLIENT_00808,LIMA,Lima,La Victoria,ALTO,,,,,True,ALERTA — REVISIÓN HUMANA,['Todas sus líneas (fija/móvil) están inactivas o suspendidas'],0,
,,,,,SIN_HISTORIAL_DE_FACTURACION,,,,,False,ALERTA — REVISIÓN HUMANA,['Cliente no encontrado en el maestro SUNAT (001_TBL_CLIENTES_B2B) -- no se puede validar SUNAT/Osiptel para este RUC.'],0,
,,,,,SIN_HISTORIAL_DE_FACTURACION,,,,,False,ALERTA — REVISIÓN HUMANA,['Cliente no encontrado en el maestro SUNAT (001_TBL_CLIENTES_B2B) -- no se puede validar SUNAT/Osiptel para este RUC.'],0,
,,,,,SIN_HISTORIAL_DE_FACTURACION,,,,,False,ALERTA — REVISIÓN HUMANA,['Cliente no encontrado en el maestro SUNAT (001_TBL_CLIENTES_B2B) -- no se puede validar SUNAT/Osiptel para este RUC.'],0,
,,,,,SIN_HISTORIAL_DE_FACTURACION,,,,,False,ALERTA — REVISIÓN HUMANA,['Cliente no encontrado en el maestro SUNAT (001_TBL_CLIENTES_B2B) -- no se puede validar SUNAT/Osiptel para este RUC.'],0,
RUC_ccc7ec26f250,CLIENT_00901,LIMA,Lima,Villa El Salvador,BAJO,BAJO,-2.4,26.0,False,True,OK,[],3,Mantener ciclo de facturación estándar; sin acción de cobranza adicional.
,,,,,SIN_HISTORIAL_DE_FACTURACION,,,,,False,ALERTA — REVISIÓN HUMANA,['Cliente no encontrado en el maestro SUNAT (001_TBL_CLIENTES_B2B) -- no se puede validar SUNAT/Osiptel para este RUC.'],0,
,,,,,SIN_HISTORIAL_DE_FACTURACION,,,,,False,ALERTA — REVISIÓN HUMANA,['Cliente no encontrado en el maestro SUNAT (001_TBL_CLIENTES_B2B) -- no se puede validar SUNAT/Osiptel para este RUC.'],0,
,,,,,SIN_HISTORIAL_DE_FACTURACION,,,,,False,ALERTA — REVISIÓN HUMANA,['Cliente no encontrado en el maestro SUNAT (001_TBL_CLIENTES_B2B) -- no se puede validar SUNAT/Osiptel para este RUC.'],0,
RUC_f65c6a0d6db6,CLIENT_00379,LIMA,Lima,Villa El Salvador,ALTO,BAJO,-7.7,23.0,False,True,ALERTA — REVISIÓN HUMANA,['SUNAT_ESTADO_CONTRIBUYENTE=BAJA DE OFICIO (no ACTIVO)'],3,Mantener ciclo de facturación estándar; sin acción de cobranza adicional.
,,,,,SIN_HISTORIAL_DE_FACTURACION,,,,,False,ALERTA — REVISIÓN HUMANA,['Cliente no encontrado en el maestro SUNAT (001_TBL_CLIENTES_B2B) -- no se puede validar SUNAT/Osiptel para este RUC.'],0,
,,,,,SIN_HISTORIAL_DE_FACTURACION,,,,,False,ALERTA — REVISIÓN HUMANA,['Cliente no encontrado en el maestro SUNAT (001_TBL_CLIENTES_B2B) -- no se puede validar SUNAT/Osiptel para este RUC.'],0,
,,,,,SIN_HISTORIAL_DE_FACTURACION,,,,,False,ALERTA — REVISIÓN HUMANA,['Cliente no encontrado en el maestro SUNAT (001_TBL_CLIENTES_B2B) -- no se puede validar SUNAT/Osiptel para este RUC.'],0,
,,,,,SIN_HISTORIAL_DE_FACTURACION,,,,,False,ALERTA — REVISIÓN HUMANA,['Cliente no encontrado en el maestro SUNAT (001_TBL_CLIENTES_B2B) -- no se puede validar SUNAT/Osiptel para este RUC.'],0,
RUC_ea5a5e509ef6,CLIENT_00515,LIMA,Lima,Lima,SIN_HISTORIAL_DE_FACTURACION,,,,,True,OK,[],0,
RUC_6b051d45c2e2,CLIENT_00962,LIMA,Lima,San Isidro,ALTO,ALTO,336.3,413.0,False,True,OK,[],3,Contacto proactivo antes del vencimiento + oferta de plan de pago fraccionado; escalar a gestor de cuenta senior.
,,,,,BAJO,BAJO,5.0,10.0,False,False,ALERTA — REVISIÓN HUMANA,['Cliente no encontrado en el maestro SUNAT (001_TBL_CLIENTES_B2B) -- no se puede validar SUNAT/Osiptel para este RUC.'],1,Mantener ciclo de facturación estándar; sin acción de cobranza adicional.
,,,,,SIN_HISTORIAL_DE_FACTURACION,,,,,False,ALERTA — REVISIÓN HUMANA,['Cliente no encontrado en el maestro SUNAT (001_TBL_CLIENTES_B2B) -- no se puede validar SUNAT/Osiptel para este RUC.'],0,
,,,,,SIN_HISTORIAL_DE_FACTURACION,,,,,False,ALERTA — REVISIÓN HUMANA,['Cliente no encontrado en el maestro SUNAT (001_TBL_CLIENTES_B2B) -- no se puede validar SUNAT/Osiptel para este RUC.'],0,
RUC_0abfc04dab45,CLIENT_00220,LA LIBERTAD,Trujillo,La Esperanza,SIN_HISTORIAL_DE_FACTURACION,,,,,True,OK,[],0,
,,,,,SIN_HISTORIAL_DE_FACTURACION,,,,,False,ALERTA — REVISIÓN HUMANA,['Cliente no encontrado en el maestro SUNAT (001_TBL_CLIENTES_B2B) -- no se puede validar SUNAT/Osiptel para este RUC.'],0,
,,,,,SIN_HISTORIAL_DE_FACTURACION,,,,,False,ALERTA — REVISIÓN HUMANA,['Cliente no encontrado en el maestro SUNAT (001_TBL_CLIENTES_B2B) -- no se puede validar SUNAT/Osiptel para este RUC.'],0,
RUC_8c8aed2da0c1,CLIENT_00030,ANCASH,Santa,Chimbote,BAJO,BAJO,-4.0,5.0,True,True,OK,[],0,Mantener ciclo de facturación estándar; sin acción de cobranza adicional.
RUC_92b7443a0515,CLIENT_00718,LA LIBERTAD,Trujillo,Trujillo,BAJO,BAJO,-12.0,15.0,False,True,OK,[],4,Mantener ciclo de facturación estándar; sin acción de cobranza adicional.
,,,,,SIN_HISTORIAL_DE_FACTURACION,,,,,False,ALERTA — REVISIÓN HUMANA,['Cliente no encontrado en el maestro SUNAT (001_TBL_CLIENTES_B2B) -- no se puede validar SUNAT/Osiptel para este RUC.'],0,
,,,,,SIN_HISTORIAL_DE_FACTURACION,,,,,False,ALERTA — REVISIÓN HUMANA,['Cliente no encontrado en el maestro SUNAT (001_TBL_CLIENTES_B2B) -- no se puede validar SUNAT/Osiptel para este RUC.'],0,
,,,,,MEDIO,MEDIO,8.4,29.0,False,False,ALERTA — REVISIÓN HUMANA,['Cliente no encontrado en el maestro SUNAT (001_TBL_CLIENTES_B2B) -- no se puede validar SUNAT/Osiptel para este RUC.'],0,Recordatorio automático 5 días antes del vencimiento por correo/WhatsApp; sin escalamiento humano todavía.
RUC_56109a42435e,CLIENT_00978,LIMA,Lima,Ate,ALTO,BAJO,-9.0,-7.0,False,True,ALERTA — REVISIÓN HUMANA,['SUNAT_ESTADO_CONTRIBUYENTE=BAJA PROV. POR OFICI (no ACTIVO)'],0,Mantener ciclo de facturación estándar; sin acción de cobranza adicional.
RUC_356247659833,CLIENT_00119,LA LIBERTAD,Trujillo,Trujillo,BAJO,BAJO,2.0,2.0,False,True,OK,[],0,Mantener ciclo de facturación estándar; sin acción de cobranza adicional.
,,,,,SIN_HISTORIAL_DE_FACTURACION,,,,,False,ALERTA — REVISIÓN HUMANA,['Cliente no encontrado en el maestro SUNAT (001_TBL_CLIENTES_B2B) -- no se puede validar SUNAT/Osiptel para este RUC.'],0,
,,,,,SIN_HISTORIAL_DE_FACTURACION,,,,,False,ALERTA — REVISIÓN HUMANA,['Cliente no encontrado en el maestro SUNAT (001_TBL_CLIENTES_B2B) -- no se puede validar SUNAT/Osiptel para este RUC.'],0,
,,,,,SIN_HISTORIAL_DE_FACTURACION,,,,,False,ALERTA — REVISIÓN HUMANA,['Cliente no encontrado en el maestro SUNAT (001_TBL_CLIENTES_B2B) -- no se puede validar SUNAT/Osiptel para este RUC.'],0,
RUC_cfdbe516be5b,CLIENT_00328,LIMA,Lima,La Molina,SIN_HISTORIAL_DE_FACTURACION,,,,,True,OK,[],0,
RUC_d130f4002c71,CLIENT_00496,LIMA,Lima,Miraflores,SIN_HISTORIAL_DE_FACTURACION,,,,,True,OK,[],0,
RUC_69e3bb7b83b4,CLIENT_00153,LIMA,Lima,San Martín de Porres,MEDIO,MEDIO,8.5,19.0,False,True,OK,[],1,Recordatorio automático 5 días antes del vencimiento por correo/WhatsApp; sin escalamiento humano todavía.
,,,,,BAJO,BAJO,1.0,2.0,False,False,ALERTA — REVISIÓN HUMANA,['Cliente no encontrado en el maestro SUNAT (001_TBL_CLIENTES_B2B) -- no se puede validar SUNAT/Osiptel para este RUC.'],0,Mantener ciclo de facturación estándar; sin acción de cobranza adicional.
,,,,,BAJO,BAJO,-5.0,-3.0,True,False,ALERTA — REVISIÓN HUMANA,['Cliente no encontrado en el maestro SUNAT (001_TBL_CLIENTES_B2B) -- no se puede validar SUNAT/Osiptel para este RUC.'],0,Mantener ciclo de facturación estándar; sin acción de cobranza adicional.
RUC_cbce6b765dfa,CLIENT_00666,LIMA,Lima,Surquillo,SIN_HISTORIAL_DE_FACTURACION,,,,,True,OK,[],0,
,,,,,SIN_HISTORIAL_DE_FACTURACION,,,,,False,ALERTA — REVISIÓN HUMANA,['Cliente no encontrado en el maestro SUNAT (001_TBL_CLIENTES_B2B) -- no se puede validar SUNAT/Osiptel para este RUC.'],0,
,,,,,SIN_HISTORIAL_DE_FACTURACION,,,,,False,ALERTA — REVISIÓN HUMANA,['Cliente no encontrado en el maestro SUNAT (001_TBL_CLIENTES_B2B) -- no se puede validar SUNAT/Osiptel para este RUC.'],0,
,,,,,SIN_HISTORIAL_DE_FACTURACION,,,,,False,ALERTA — REVISIÓN HUMANA,['Cliente no encontrado en el maestro SUNAT (001_TBL_CLIENTES_B2B) -- no se puede validar SUNAT/Osiptel para este RUC.'],0,
,,,,,SIN_HISTORIAL_DE_FACTURACION,,,,,False,ALERTA — REVISIÓN HUMANA,['Cliente no encontrado en el maestro SUNAT (001_TBL_CLIENTES_B2B) -- no se puede validar SUNAT/Osiptel para este RUC.'],0,
RUC_3f94bb6f3c77,CLIENT_00147,SAN MARTIN,San Martín,Tarapoto,SIN_HISTORIAL_DE_FACTURACION,,,,,True,OK,[],0,
RUC_4f6487ca89df,CLIENT_00617,LIMA,Lima,San Isidro,BAJO,BAJO,-6.0,-4.0,False,True,OK,[],0,Mantener ciclo de facturación estándar; sin acción de cobranza adicional.
RUC_59c4fae6a018,CLIENT_00717,LIMA,Lima,Magdalena del Mar,BAJO,BAJO,-5.7,-2.0,False,True,OK,[],0,Mantener ciclo de facturación estándar; sin acción de cobranza adicional.
,,,,,BAJO,BAJO,0.5,2.0,False,False,ALERTA — REVISIÓN HUMANA,['Cliente no encontrado en el maestro SUNAT (001_TBL_CLIENTES_B2B) -- no se puede validar SUNAT/Osiptel para este RUC.'],0,Mantener ciclo de facturación estándar; sin acción de cobranza adicional.
,,,,,SIN_HISTORIAL_DE_FACTURACION,,,,,False,ALERTA — REVISIÓN HUMANA,['Cliente no encontrado en el maestro SUNAT (001_TBL_CLIENTES_B2B) -- no se puede validar SUNAT/Osiptel para este RUC.'],0,
,,,,,SIN_HISTORIAL_DE_FACTURACION,,,,,False,ALERTA — REVISIÓN HUMANA,['Cliente no encontrado en el maestro SUNAT (001_TBL_CLIENTES_B2B) -- no se puede validar SUNAT/Osiptel para este RUC.'],0,
,,,,,SIN_HISTORIAL_DE_FACTURACION,,,,,False,ALERTA — REVISIÓN HUMANA,['Cliente no encontrado en el maestro SUNAT (001_TBL_CLIENTES_B2B) -- no se puede validar SUNAT/Osiptel para este RUC.'],0,
,,,,,SIN_HISTORIAL_DE_FACTURACION,,,,,False,ALERTA — REVISIÓN HUMANA,['Cliente no encontrado en el maestro SUNAT (001_TBL_CLIENTES_B2B) -- no se puede validar SUNAT/Osiptel para este RUC.'],0,
,,,,,SIN_HISTORIAL_DE_FACTURACION,,,,,False,ALERTA — REVISIÓN HUMANA,['Cliente no encontrado en el maestro SUNAT (001_TBL_CLIENTES_B2B) -- no se puede validar SUNAT/Osiptel para este RUC.'],0,
,,,,,BAJO,BAJO,2.5,4.0,False,False,ALERTA — REVISIÓN HUMANA,['Cliente no encontrado en el maestro SUNAT (001_TBL_CLIENTES_B2B) -- no se puede validar SUNAT/Osiptel para este RUC.'],0,Mantener ciclo de facturación estándar; sin acción de cobranza adicional.
,,,,,SIN_HISTORIAL_DE_FACTURACION,,,,,False,ALERTA — REVISIÓN HUMANA,['Cliente no encontrado en el maestro SUNAT (001_TBL_CLIENTES_B2B) -- no se puede validar SUNAT/Osiptel para este RUC.'],0,
,,,,,SIN_HISTORIAL_DE_FACTURACION,,,,,False,ALERTA — REVISIÓN HUMANA,['Cliente no encontrado en el maestro SUNAT (001_TBL_CLIENTES_B2B) -- no se puede validar SUNAT/Osiptel para este RUC.'],0,
RUC_bff0299fdf06,CLIENT_00700,LIMA,Lima,La Molina,ALTO,ALTO,18.0,19.0,False,True,ALERTA — REVISIÓN HUMANA,"['SUNAT_ESTADO_RUC=NO HABIDO (no HABIDO)', 'SUNAT_ESTADO_CONTRIBUYENTE=BAJA DE OFICIO (no ACTIVO)']",0,Contacto proactivo antes del vencimiento + oferta de plan de pago fraccionado; escalar a gestor de cuenta senior.
,,,,,SIN_HISTORIAL_DE_FACTURACION,,,,,False,ALERTA — REVISIÓN HUMANA,['Cliente no encontrado en el maestro SUNAT (001_TBL_CLIENTES_B2B) -- no se puede validar SUNAT/Osiptel para este RUC.'],0,
,,,,,BAJO,BAJO,-0.5,0.0,False,False,ALERTA — REVISIÓN HUMANA,['Cliente no encontrado en el maestro SUNAT (001_TBL_CLIENTES_B2B) -- no se puede validar SUNAT/Osiptel para este RUC.'],0,Mantener ciclo de facturación estándar; sin acción de cobranza adicional.
RUC_04b287513fe6,CLIENT_00566,CUSCO,Cusco,Wanchaq,SIN_HISTORIAL_DE_FACTURACION,,,,,True,OK,[],0,
,,,,,SIN_HISTORIAL_DE_FACTURACION,,,,,False,ALERTA — REVISIÓN HUMANA,['Cliente no encontrado en el maestro SUNAT (001_TBL_CLIENTES_B2B) -- no se puede validar SUNAT/Osiptel para este RUC.'],0,
,,,,,SIN_HISTORIAL_DE_FACTURACION,,,,,False,ALERTA — REVISIÓN HUMANA,['Cliente no encontrado en el maestro SUNAT (001_TBL_CLIENTES_B2B) -- no se puede validar SUNAT/Osiptel para este RUC.'],0,
RUC_4586576973ff,CLIENT_00263,LIMA,Lima,San Martín de Porres,ALTO,BAJO,-1.0,0.0,True,True,ALERTA — REVISIÓN HUMANA,['SUNAT_ESTADO_CONTRIBUYENTE=BAJA DE OFICIO (no ACTIVO)'],0,Mantener ciclo de facturación estándar; sin acción de cobranza adicional.
RUC_9e34a036bd73,CLIENT_00675,SAN MARTIN,Rioja,Rioja,BAJO,BAJO,-0.5,0.0,False,True,OK,[],1,Mantener ciclo de facturación estándar; sin acción de cobranza adicional.
RUC_0f3dd7797709,CLIENT_00423,LIMA,Lima,Rímac,SIN_HISTORIAL_DE_FACTURACION,,,,,True,OK,[],0,
RUC_e14f9f762d84,CLIENT_00362,LIMA,Lima,Miraflores,SIN_HISTORIAL_DE_FACTURACION,,,,,True,OK,[],0,
,,,,,SIN_HISTORIAL_DE_FACTURACION,,,,,False,ALERTA — REVISIÓN HUMANA,['Cliente no encontrado en el maestro SUNAT (001_TBL_CLIENTES_B2B) -- no se puede validar SUNAT/Osiptel para este RUC.'],0,
,,,,,SIN_HISTORIAL_DE_FACTURACION,,,,,False,ALERTA — REVISIÓN HUMANA,['Cliente no encontrado en el maestro SUNAT (001_TBL_CLIENTES_B2B) -- no se puede validar SUNAT/Osiptel para este RUC.'],0,
,,,,,SIN_HISTORIAL_DE_FACTURACION,,,,,False,ALERTA — REVISIÓN HUMANA,['Cliente no encontrado en el maestro SUNAT (001_TBL_CLIENTES_B2B) -- no se puede validar SUNAT/Osiptel para este RUC.'],0,
,,,,,SIN_HISTORIAL_DE_FACTURACION,,,,,False,ALERTA — REVISIÓN HUMANA,['Cliente no encontrado en el maestro SUNAT (001_TBL_CLIENTES_B2B) -- no se puede validar SUNAT/Osiptel para este RUC.'],0,
RUC_a633f9cbfe4c,CLIENT_00548,AREQUIPA,Arequipa,Yanahuara,BAJO,BAJO,-7.0,-5.0,False,True,OK,[],0,Mantener ciclo de facturación estándar; sin acción de cobranza adicional.
RUC_9d717526bf07,CLIENT_00647,LIMA,Lima,Santiago de Surco,BAJO,BAJO,2.0,5.0,False,True,OK,[],0,Mantener ciclo de facturación estándar; sin acción de cobranza adicional.
,,,,,SIN_HISTORIAL_DE_FACTURACION,,,,,False,ALERTA — REVISIÓN HUMANA,['Cliente no encontrado en el maestro SUNAT (001_TBL_CLIENTES_B2B) -- no se puede validar SUNAT/Osiptel para este RUC.'],0,
,,,,,SIN_HISTORIAL_DE_FACTURACION,,,,,False,ALERTA — REVISIÓN HUMANA,['Cliente no encontrado en el maestro SUNAT (001_TBL_CLIENTES_B2B) -- no se puede validar SUNAT/Osiptel para este RUC.'],0,
,,,,,SIN_HISTORIAL_DE_FACTURACION,,,,,False,ALERTA — REVISIÓN HUMANA,['Cliente no encontrado en el maestro SUNAT (001_TBL_CLIENTES_B2B) -- no se puede validar SUNAT/Osiptel para este RUC.'],0,
RUC_a21920bd6718,CLIENT_00192,LIMA,Lima,Santiago de Surco,SIN_HISTORIAL_DE_FACTURACION,,,,,True,OK,[],0,
,,,,,SIN_HISTORIAL_DE_FACTURACION,,,,,False,ALERTA — REVISIÓN HUMANA,['Cliente no encontrado en el maestro SUNAT (001_TBL_CLIENTES_B2B) -- no se puede validar SUNAT/Osiptel para este RUC.'],0,
,,,,,SIN_HISTORIAL_DE_FACTURACION,,,,,False,ALERTA — REVISIÓN HUMANA,['Cliente no encontrado en el maestro SUNAT (001_TBL_CLIENTES_B2B) -- no se puede validar SUNAT/Osiptel para este RUC.'],0,
,,,,,SIN_HISTORIAL_DE_FACTURACION,,,,,False,ALERTA — REVISIÓN HUMANA,['Cliente no encontrado en el maestro SUNAT (001_TBL_CLIENTES_B2B) -- no se puede validar SUNAT/Osiptel para este RUC.'],0,
RUC_bcadb564ab7e,CLIENT_00725,MOQUEGUA,Ilo,Ilo,ALTO,ALTO,16.0,19.0,True,True,OK,[],1,Contacto proactivo antes del vencimiento + oferta de plan de pago fraccionado; escalar a gestor de cuenta senior.
RUC_65316c31db59,CLIENT_00344,LIMA,Lima,Ate,BAJO,BAJO,0.5,1.0,True,True,OK,[],0,Mantener ciclo de facturación estándar; sin acción de cobranza adicional.
,,,,,SIN_HISTORIAL_DE_FACTURACION,,,,,False,ALERTA — REVISIÓN HUMANA,['Cliente no encontrado en el maestro SUNAT (001_TBL_CLIENTES_B2B) -- no se puede validar SUNAT/Osiptel para este RUC.'],0,
RUC_4c3b94691990,CLIENT_00585,LIMA,Lima,Miraflores,BAJO,BAJO,4.5,5.0,False,True,OK,[],0,Mantener ciclo de facturación estándar; sin acción de cobranza adicional.
RUC_7cd810259adf,CLIENT_00728,LIMA,Lima,San Luis,SIN_HISTORIAL_DE_FACTURACION,,,,,True,OK,[],0,
,,,,,SIN_HISTORIAL_DE_FACTURACION,,,,,False,ALERTA — REVISIÓN HUMANA,['Cliente no encontrado en el maestro SUNAT (001_TBL_CLIENTES_B2B) -- no se puede validar SUNAT/Osiptel para este RUC.'],0,
RUC_9e01e1084b4b,CLIENT_00202,LIMA,Lima,La Molina,BAJO,BAJO,3.0,3.0,False,True,OK,[],0,Mantener ciclo de facturación estándar; sin acción de cobranza adicional.
,,,,,SIN_HISTORIAL_DE_FACTURACION,,,,,False,ALERTA — REVISIÓN HUMANA,['Cliente no encontrado en el maestro SUNAT (001_TBL_CLIENTES_B2B) -- no se puede validar SUNAT/Osiptel para este RUC.'],0,
RUC_cde704de8a43,CLIENT_00242,LIMA,Lima,Villa María del Triunfo,ALTO,ALTO,23.0,23.0,False,True,OK,[],1,Contacto proactivo antes del vencimiento + oferta de plan de pago fraccionado; escalar a gestor de cuenta senior.
,,,,,SIN_HISTORIAL_DE_FACTURACION,,,,,False,ALERTA — REVISIÓN HUMANA,['Cliente no encontrado en el maestro SUNAT (001_TBL_CLIENTES_B2B) -- no se puede validar SUNAT/Osiptel para este RUC.'],0,
RUC_31ab9e59092d,CLIENT_00464,LIMA,Huaura,Huacho,BAJO,BAJO,-1.0,0.0,True,True,OK,[],0,Mantener ciclo de facturación estándar; sin acción de cobranza adicional.
RUC_e9a4def0a8bb,CLIENT_00155,CUSCO,Cusco,Cusco,BAJO,BAJO,-2.5,-2.0,False,True,OK,[],0,Mantener ciclo de facturación estándar; sin acción de cobranza adicional.
,,,,,SIN_HISTORIAL_DE_FACTURACION,,,,,False,ALERTA — REVISIÓN HUMANA,['Cliente no encontrado en el maestro SUNAT (001_TBL_CLIENTES_B2B) -- no se puede validar SUNAT/Osiptel para este RUC.'],0,
,,,,,SIN_HISTORIAL_DE_FACTURACION,,,,,False,ALERTA — REVISIÓN HUMANA,['Cliente no encontrado en el maestro SUNAT (001_TBL_CLIENTES_B2B) -- no se puede validar SUNAT/Osiptel para este RUC.'],0,
,,,,,ALTO,ALTO,28.7,59.0,False,False,ALERTA — REVISIÓN HUMANA,['Cliente no encontrado en el maestro SUNAT (001_TBL_CLIENTES_B2B) -- no se puede validar SUNAT/Osiptel para este RUC.'],2,Contacto proactivo antes del vencimiento + oferta de plan de pago fraccionado; escalar a gestor de cuenta senior.
,,,,,SIN_HISTORIAL_DE_FACTURACION,,,,,False,ALERTA — REVISIÓN HUMANA,['Cliente no encontrado en el maestro SUNAT (001_TBL_CLIENTES_B2B) -- no se puede validar SUNAT/Osiptel para este RUC.'],0,
,,,,,SIN_HISTORIAL_DE_FACTURACION,,,,,False,ALERTA — REVISIÓN HUMANA,['Cliente no encontrado en el maestro SUNAT (001_TBL_CLIENTES_B2B) -- no se puede validar SUNAT/Osiptel para este RUC.'],0,
,,,,,SIN_HISTORIAL_DE_FACTURACION,,,,,False,ALERTA — REVISIÓN HUMANA,['Cliente no encontrado en el maestro SUNAT (001_TBL_CLIENTES_B2B) -- no se puede validar SUNAT/Osiptel para este RUC.'],0,
,,,,,SIN_HISTORIAL_DE_FACTURACION,,,,,False,ALERTA — REVISIÓN HUMANA,['Cliente no encontrado en el maestro SUNAT (001_TBL_CLIENTES_B2B) -- no se puede validar SUNAT/Osiptel para este RUC.'],0,
,,,,,SIN_HISTORIAL_DE_FACTURACION,,,,,False,ALERTA — REVISIÓN HUMANA,['Cliente no encontrado en el maestro SUNAT (001_TBL_CLIENTES_B2B) -- no se puede validar SUNAT/Osiptel para este RUC.'],0,
,,,,,BAJO,BAJO,3.0,4.0,False,False,ALERTA — REVISIÓN HUMANA,['Cliente no encontrado en el maestro SUNAT (001_TBL_CLIENTES_B2B) -- no se puede validar SUNAT/Osiptel para este RUC.'],2,Mantener ciclo de facturación estándar; sin acción de cobranza adicional.
RUC_13fe86a897fd,CLIENT_00505,TACNA,Tacna,Tacna,BAJO,BAJO,-6.0,-6.0,False,True,OK,[],0,Mantener ciclo de facturación estándar; sin acción de cobranza adicional.
,,,,,SIN_HISTORIAL_DE_FACTURACION,,,,,False,ALERTA — REVISIÓN HUMANA,['Cliente no encontrado en el maestro SUNAT (001_TBL_CLIENTES_B2B) -- no se puede validar SUNAT/Osiptel para este RUC.'],0,
,,,,,SIN_HISTORIAL_DE_FACTURACION,,,,,False,ALERTA — REVISIÓN HUMANA,['Cliente no encontrado en el maestro SUNAT (001_TBL_CLIENTES_B2B) -- no se puede validar SUNAT/Osiptel para este RUC.'],0,
,,,,,SIN_HISTORIAL_DE_FACTURACION,,,,,False,ALERTA — REVISIÓN HUMANA,['Cliente no encontrado en el maestro SUNAT (001_TBL_CLIENTES_B2B) -- no se puede validar SUNAT/Osiptel para este RUC.'],0,
,,,,,SIN_HISTORIAL_DE_FACTURACION,,,,,False,ALERTA — REVISIÓN HUMANA,['Cliente no encontrado en el maestro SUNAT (001_TBL_CLIENTES_B2B) -- no se puede validar SUNAT/Osiptel para este RUC.'],0,
,,,,,SIN_HISTORIAL_DE_FACTURACION,,,,,False,ALERTA — REVISIÓN HUMANA,['Cliente no encontrado en el maestro SUNAT (001_TBL_CLIENTES_B2B) -- no se puede validar SUNAT/Osiptel para este RUC.'],0,
RUC_c852d6b9100d,CLIENT_00456,LIMA,Lima,Lince,SIN_HISTORIAL_DE_FACTURACION,,,,,True,OK,[],0,
,,,,,SIN_HISTORIAL_DE_FACTURACION,,,,,False,ALERTA — REVISIÓN HUMANA,['Cliente no encontrado en el maestro SUNAT (001_TBL_CLIENTES_B2B) -- no se puede validar SUNAT/Osiptel para este RUC.'],0,
,,,,,SIN_HISTORIAL_DE_FACTURACION,,,,,False,ALERTA — REVISIÓN HUMANA,['Cliente no encontrado en el maestro SUNAT (001_TBL_CLIENTES_B2B) -- no se puede validar SUNAT/Osiptel para este RUC.'],0,
,,,,,SIN_HISTORIAL_DE_FACTURACION,,,,,False,ALERTA — REVISIÓN HUMANA,['Cliente no encontrado en el maestro SUNAT (001_TBL_CLIENTES_B2B) -- no se puede validar SUNAT/Osiptel para este RUC.'],0,
,,,,,SIN_HISTORIAL_DE_FACTURACION,,,,,False,ALERTA — REVISIÓN HUMANA,['Cliente no encontrado en el maestro SUNAT (001_TBL_CLIENTES_B2B) -- no se puede validar SUNAT/Osiptel para este RUC.'],0,
RUC_bd4d45f363c6,CLIENT_00753,LIMA,Lima,La Molina,SIN_HISTORIAL_DE_FACTURACION,,,,,True,OK,[],0,
,,,,,SIN_HISTORIAL_DE_FACTURACION,,,,,False,ALERTA — REVISIÓN HUMANA,['Cliente no encontrado en el maestro SUNAT (001_TBL_CLIENTES_B2B) -- no se puede validar SUNAT/Osiptel para este RUC.'],0,
RUC_21e1f2faa68a,CLIENT_00128,PIURA,Talara,Pariñas,SIN_HISTORIAL_DE_FACTURACION,,,,,True,OK,[],0,
,,,,,SIN_HISTORIAL_DE_FACTURACION,,,,,False,ALERTA — REVISIÓN HUMANA,['Cliente no encontrado en el maestro SUNAT (001_TBL_CLIENTES_B2B) -- no se puede validar SUNAT/Osiptel para este RUC.'],0,
RUC_48a249076a51,CLIENT_00382,LA LIBERTAD,Trujillo,Trujillo,SIN_HISTORIAL_DE_FACTURACION,,,,,True,OK,[],0,
RUC_b8af14acd3ed,CLIENT_00260,LIMA,Lima,La Victoria,BAJO,BAJO,3.0,3.0,False,True,OK,[],1,Mantener ciclo de facturación estándar; sin acción de cobranza adicional.
RUC_91927281c363,CLIENT_00669,CALLAO,Prov. Const. del Callao,Callao,BAJO,BAJO,-10.5,-10.0,False,True,OK,[],0,Mantener ciclo de facturación estándar; sin acción de cobranza adicional.
,,,,,MEDIO,MEDIO,11.6,93.0,False,False,ALERTA — REVISIÓN HUMANA,['Cliente no encontrado en el maestro SUNAT (001_TBL_CLIENTES_B2B) -- no se puede validar SUNAT/Osiptel para este RUC.'],9,Recordatorio automático 5 días antes del vencimiento por correo/WhatsApp; sin escalamiento humano todavía.
,,,,,SIN_HISTORIAL_DE_FACTURACION,,,,,False,ALERTA — REVISIÓN HUMANA,['Cliente no encontrado en el maestro SUNAT (001_TBL_CLIENTES_B2B) -- no se puede validar SUNAT/Osiptel para este RUC.'],0,
,,,,,BAJO,BAJO,2.5,3.0,True,False,ALERTA — REVISIÓN HUMANA,['Cliente no encontrado en el maestro SUNAT (001_TBL_CLIENTES_B2B) -- no se puede validar SUNAT/Osiptel para este RUC.'],1,Mantener ciclo de facturación estándar; sin acción de cobranza adicional.
,,,,,BAJO,BAJO,3.0,3.0,False,False,ALERTA — REVISIÓN HUMANA,['Cliente no encontrado en el maestro SUNAT (001_TBL_CLIENTES_B2B) -- no se puede validar SUNAT/Osiptel para este RUC.'],0,Mantener ciclo de facturación estándar; sin acción de cobranza adicional.
,,,,,SIN_HISTORIAL_DE_FACTURACION,,,,,False,ALERTA — REVISIÓN HUMANA,['Cliente no encontrado en el maestro SUNAT (001_TBL_CLIENTES_B2B) -- no se puede validar SUNAT/Osiptel para este RUC.'],0,
,,,,,SIN_HISTORIAL_DE_FACTURACION,,,,,False,ALERTA — REVISIÓN HUMANA,['Cliente no encontrado en el maestro SUNAT (001_TBL_CLIENTES_B2B) -- no se puede validar SUNAT/Osiptel para este RUC.'],0,
,,,,,MEDIO,MEDIO,6.0,14.0,False,False,ALERTA — REVISIÓN HUMANA,['Cliente no encontrado en el maestro SUNAT (001_TBL_CLIENTES_B2B) -- no se puede validar SUNAT/Osiptel para este RUC.'],1,Recordatorio automático 5 días antes del vencimiento por correo/WhatsApp; sin escalamiento humano todavía.
,,,,,SIN_HISTORIAL_DE_FACTURACION,,,,,False,ALERTA — REVISIÓN HUMANA,['Cliente no encontrado en el maestro SUNAT (001_TBL_CLIENTES_B2B) -- no se puede validar SUNAT/Osiptel para este RUC.'],0,
,,,,,BAJO,BAJO,0.0,4.0,False,False,ALERTA — REVISIÓN HUMANA,['Cliente no encontrado en el maestro SUNAT (001_TBL_CLIENTES_B2B) -- no se puede validar SUNAT/Osiptel para este RUC.'],0,Mantener ciclo de facturación estándar; sin acción de cobranza adicional.
,,,,,BAJO,BAJO,-2.8,0.0,False,False,ALERTA — REVISIÓN HUMANA,['Cliente no encontrado en el maestro SUNAT (001_TBL_CLIENTES_B2B) -- no se puede validar SUNAT/Osiptel para este RUC.'],1,Mantener ciclo de facturación estándar; sin acción de cobranza adicional.
,,,,,SIN_HISTORIAL_DE_FACTURACION,,,,,False,ALERTA — REVISIÓN HUMANA,['Cliente no encontrado en el maestro SUNAT (001_TBL_CLIENTES_B2B) -- no se puede validar SUNAT/Osiptel para este RUC.'],0,
RUC_1330ac20ac7e,CLIENT_00118,AREQUIPA,Arequipa,Arequipa,BAJO,BAJO,-0.5,1.0,False,True,OK,[],0,Mantener ciclo de facturación estándar; sin acción de cobranza adicional.
,,,,,SIN_HISTORIAL_DE_FACTURACION,,,,,False,ALERTA — REVISIÓN HUMANA,['Cliente no encontrado en el maestro SUNAT (001_TBL_CLIENTES_B2B) -- no se puede validar SUNAT/Osiptel para este RUC.'],0,
,,,,,SIN_HISTORIAL_DE_FACTURACION,,,,,False,ALERTA — REVISIÓN HUMANA,['Cliente no encontrado en el maestro SUNAT (001_TBL_CLIENTES_B2B) -- no se puede validar SUNAT/Osiptel para este RUC.'],0,
RUC_6c91b3f249e7,CLIENT_00952,LIMA,Lima,San Borja,MEDIO,MEDIO,9.0,9.0,False,True,OK,[],0,Recordatorio automático 5 días antes del vencimiento por correo/WhatsApp; sin escalamiento humano todavía.
RUC_5d51b92a0512,CLIENT_00004,LIMA,Lima,Santiago de Surco,SIN_HISTORIAL_DE_FACTURACION,,,,,True,OK,[],0,
,,,,,SIN_HISTORIAL_DE_FACTURACION,,,,,False,ALERTA — REVISIÓN HUMANA,['Cliente no encontrado en el maestro SUNAT (001_TBL_CLIENTES_B2B) -- no se puede validar SUNAT/Osiptel para este RUC.'],0,
,,,,,BAJO,BAJO,-4.5,1.0,True,False,ALERTA — REVISIÓN HUMANA,['Cliente no encontrado en el maestro SUNAT (001_TBL_CLIENTES_B2B) -- no se puede validar SUNAT/Osiptel para este RUC.'],0,Mantener ciclo de facturación estándar; sin acción de cobranza adicional.
RUC_2a9411440c15,CLIENT_00690,CALLAO,Prov. Const. del Callao,Ventanilla,SIN_HISTORIAL_DE_FACTURACION,,,,,True,OK,[],0,
,,,,,SIN_HISTORIAL_DE_FACTURACION,,,,,False,ALERTA — REVISIÓN HUMANA,['Cliente no encontrado en el maestro SUNAT (001_TBL_CLIENTES_B2B) -- no se puede validar SUNAT/Osiptel para este RUC.'],0,
,,,,,SIN_HISTORIAL_DE_FACTURACION,,,,,False,ALERTA — REVISIÓN HUMANA,['Cliente no encontrado en el maestro SUNAT (001_TBL_CLIENTES_B2B) -- no se puede validar SUNAT/Osiptel para este RUC.'],0,
RUC_ace5f8956b5d,CLIENT_00958,AREQUIPA,Arequipa,Jacobo Hunter,BAJO,BAJO,-6.0,-6.0,False,True,OK,[],0,Mantener ciclo de facturación estándar; sin acción de cobranza adicional.
,,,,,SIN_HISTORIAL_DE_FACTURACION,,,,,False,ALERTA — REVISIÓN HUMANA,['Cliente no encontrado en el maestro SUNAT (001_TBL_CLIENTES_B2B) -- no se puede validar SUNAT/Osiptel para este RUC.'],0,
RUC_b897bd0b3b4f,CLIENT_00042,LIMA,Lima,San Martín de Porres,SIN_HISTORIAL_DE_FACTURACION,,,,,True,OK,[],0,
RUC_b83ed5efbc4f,CLIENT_00591,LIMA,Lima,San Juan de Lurigancho,ALTO,BAJO,1.5,2.0,False,True,ALERTA — REVISIÓN HUMANA,['SUNAT_ESTADO_CONTRIBUYENTE=BAJA DE OFICIO (no ACTIVO)'],0,Mantener ciclo de facturación estándar; sin acción de cobranza adicional.
,,,,,SIN_HISTORIAL_DE_FACTURACION,,,,,False,ALERTA — REVISIÓN HUMANA,['Cliente no encontrado en el maestro SUNAT (001_TBL_CLIENTES_B2B) -- no se puede validar SUNAT/Osiptel para este RUC.'],0,
,,,,,SIN_HISTORIAL_DE_FACTURACION,,,,,False,ALERTA — REVISIÓN HUMANA,['Cliente no encontrado en el maestro SUNAT (001_TBL_CLIENTES_B2B) -- no se puede validar SUNAT/Osiptel para este RUC.'],0,
,,,,,SIN_HISTORIAL_DE_FACTURACION,,,,,False,ALERTA — REVISIÓN HUMANA,['Cliente no encontrado en el maestro SUNAT (001_TBL_CLIENTES_B2B) -- no se puede validar SUNAT/Osiptel para este RUC.'],0,
,,,,,SIN_HISTORIAL_DE_FACTURACION,,,,,False,ALERTA — REVISIÓN HUMANA,['Cliente no encontrado en el maestro SUNAT (001_TBL_CLIENTES_B2B) -- no se puede validar SUNAT/Osiptel para este RUC.'],0,
RUC_0931b0f5d164,CLIENT_00888,LA LIBERTAD,Virú,Viru,ALTO,,,,,True,ALERTA — REVISIÓN HUMANA,['SUNAT_ESTADO_CONTRIBUYENTE=SUSPENSION TEMPORAL (no ACTIVO)'],0,
,,,,,SIN_HISTORIAL_DE_FACTURACION,,,,,False,ALERTA — REVISIÓN HUMANA,['Cliente no encontrado en el maestro SUNAT (001_TBL_CLIENTES_B2B) -- no se puede validar SUNAT/Osiptel para este RUC.'],0,
RUC_b7966da79abe,CLIENT_00148,LIMA,Lima,San Isidro,SIN_HISTORIAL_DE_FACTURACION,,,,,True,OK,[],0,
RUC_67291341c46a,CLIENT_00550,LIMA,Lima,Breña,SIN_HISTORIAL_DE_FACTURACION,,,,,True,OK,[],0,
,,,,,SIN_HISTORIAL_DE_FACTURACION,,,,,False,ALERTA — REVISIÓN HUMANA,['Cliente no encontrado en el maestro SUNAT (001_TBL_CLIENTES_B2B) -- no se puede validar SUNAT/Osiptel para este RUC.'],0,
,,,,,BAJO,BAJO,-2.5,-2.0,False,False,ALERTA — REVISIÓN HUMANA,['Cliente no encontrado en el maestro SUNAT (001_TBL_CLIENTES_B2B) -- no se puede validar SUNAT/Osiptel para este RUC.'],1,Mantener ciclo de facturación estándar; sin acción de cobranza adicional.
,,,,,SIN_HISTORIAL_DE_FACTURACION,,,,,False,ALERTA — REVISIÓN HUMANA,['Cliente no encontrado en el maestro SUNAT (001_TBL_CLIENTES_B2B) -- no se puede validar SUNAT/Osiptel para este RUC.'],0,
,,,,,BAJO,BAJO,-1.0,1.0,False,False,ALERTA — REVISIÓN HUMANA,['Cliente no encontrado en el maestro SUNAT (001_TBL_CLIENTES_B2B) -- no se puede validar SUNAT/Osiptel para este RUC.'],0,Mantener ciclo de facturación estándar; sin acción de cobranza adicional.
,,,,,SIN_HISTORIAL_DE_FACTURACION,,,,,False,ALERTA — REVISIÓN HUMANA,['Cliente no encontrado en el maestro SUNAT (001_TBL_CLIENTES_B2B) -- no se puede validar SUNAT/Osiptel para este RUC.'],0,
,,,,,SIN_HISTORIAL_DE_FACTURACION,,,,,False,ALERTA — REVISIÓN HUMANA,['Cliente no encontrado en el maestro SUNAT (001_TBL_CLIENTES_B2B) -- no se puede validar SUNAT/Osiptel para este RUC.'],0,
,,,,,SIN_HISTORIAL_DE_FACTURACION,,,,,False,ALERTA — REVISIÓN HUMANA,['Cliente no encontrado en el maestro SUNAT (001_TBL_CLIENTES_B2B) -- no se puede validar SUNAT/Osiptel para este RUC.'],0,
,,,,,SIN_HISTORIAL_DE_FACTURACION,,,,,False,ALERTA — REVISIÓN HUMANA,['Cliente no encontrado en el maestro SUNAT (001_TBL_CLIENTES_B2B) -- no se puede validar SUNAT/Osiptel para este RUC.'],0,
,,,,,SIN_HISTORIAL_DE_FACTURACION,,,,,False,ALERTA — REVISIÓN HUMANA,['Cliente no encontrado en el maestro SUNAT (001_TBL_CLIENTES_B2B) -- no se puede validar SUNAT/Osiptel para este RUC.'],0,
,,,,,SIN_HISTORIAL_DE_FACTURACION,,,,,False,ALERTA — REVISIÓN HUMANA,['Cliente no encontrado en el maestro SUNAT (001_TBL_CLIENTES_B2B) -- no se puede validar SUNAT/Osiptel para este RUC.'],0,
,,,,,SIN_HISTORIAL_DE_FACTURACION,,,,,False,ALERTA — REVISIÓN HUMANA,['Cliente no encontrado en el maestro SUNAT (001_TBL_CLIENTES_B2B) -- no se puede validar SUNAT/Osiptel para este RUC.'],0,
,,,,,SIN_HISTORIAL_DE_FACTURACION,,,,,False,ALERTA — REVISIÓN HUMANA,['Cliente no encontrado en el maestro SUNAT (001_TBL_CLIENTES_B2B) -- no se puede validar SUNAT/Osiptel para este RUC.'],0,
,,,,,SIN_HISTORIAL_DE_FACTURACION,,,,,False,ALERTA — REVISIÓN HUMANA,['Cliente no encontrado en el maestro SUNAT (001_TBL_CLIENTES_B2B) -- no se puede validar SUNAT/Osiptel para este RUC.'],0,
,,,,,SIN_HISTORIAL_DE_FACTURACION,,,,,False,ALERTA — REVISIÓN HUMANA,['Cliente no encontrado en el maestro SUNAT (001_TBL_CLIENTES_B2B) -- no se puede validar SUNAT/Osiptel para este RUC.'],0,
RUC_60d51f1a5916,CLIENT_00752,AREQUIPA,Arequipa,Paucarpata,SIN_HISTORIAL_DE_FACTURACION,,,,,True,OK,[],0,
,,,,,SIN_HISTORIAL_DE_FACTURACION,,,,,False,ALERTA — REVISIÓN HUMANA,['Cliente no encontrado en el maestro SUNAT (001_TBL_CLIENTES_B2B) -- no se puede validar SUNAT/Osiptel para este RUC.'],0,
RUC_af7ff33d164b,CLIENT_00802,LIMA,Lima,Santiago de Surco,ALTO,BAJO,5.0,20.0,False,True,ALERTA — REVISIÓN HUMANA,['Todas sus líneas (fija/móvil) están inactivas o suspendidas'],0,Mantener ciclo de facturación estándar; sin acción de cobranza adicional.
,,,,,SIN_HISTORIAL_DE_FACTURACION,,,,,False,ALERTA — REVISIÓN HUMANA,['Cliente no encontrado en el maestro SUNAT (001_TBL_CLIENTES_B2B) -- no se puede validar SUNAT/Osiptel para este RUC.'],0,
RUC_16fb23006984,CLIENT_00681,UCAYALI,Coronel Portillo,Calleria,BAJO,BAJO,-2.0,3.0,False,True,OK,[],1,Mantener ciclo de facturación estándar; sin acción de cobranza adicional.
,,,,,BAJO,BAJO,0.2,3.0,False,False,ALERTA — REVISIÓN HUMANA,['Cliente no encontrado en el maestro SUNAT (001_TBL_CLIENTES_B2B) -- no se puede validar SUNAT/Osiptel para este RUC.'],0,Mantener ciclo de facturación estándar; sin acción de cobranza adicional.
,,,,,SIN_HISTORIAL_DE_FACTURACION,,,,,False,ALERTA — REVISIÓN HUMANA,['Cliente no encontrado en el maestro SUNAT (001_TBL_CLIENTES_B2B) -- no se puede validar SUNAT/Osiptel para este RUC.'],0,
,,,,,SIN_HISTORIAL_DE_FACTURACION,,,,,False,ALERTA — REVISIÓN HUMANA,['Cliente no encontrado en el maestro SUNAT (001_TBL_CLIENTES_B2B) -- no se puede validar SUNAT/Osiptel para este RUC.'],0,
,,,,,SIN_HISTORIAL_DE_FACTURACION,,,,,False,ALERTA — REVISIÓN HUMANA,['Cliente no encontrado en el maestro SUNAT (001_TBL_CLIENTES_B2B) -- no se puede validar SUNAT/Osiptel para este RUC.'],0,
RUC_05ba408887dc,CLIENT_00945,LIMA,Lima,Carabayllo,SIN_HISTORIAL_DE_FACTURACION,,,,,True,OK,[],0,
RUC_fd5e78e1ce72,CLIENT_00545,TUMBES,Tumbes,Tumbes,BAJO,BAJO,-5.0,-5.0,False,True,OK,[],0,Mantener ciclo de facturación estándar; sin acción de cobranza adicional.
,,,,,SIN_HISTORIAL_DE_FACTURACION,,,,,False,ALERTA — REVISIÓN HUMANA,['Cliente no encontrado en el maestro SUNAT (001_TBL_CLIENTES_B2B) -- no se puede validar SUNAT/Osiptel para este RUC.'],0,
,,,,,SIN_HISTORIAL_DE_FACTURACION,,,,,False,ALERTA — REVISIÓN HUMANA,['Cliente no encontrado en el maestro SUNAT (001_TBL_CLIENTES_B2B) -- no se puede validar SUNAT/Osiptel para este RUC.'],0,
,,,,,BAJO,BAJO,1.8,8.0,False,False,ALERTA — REVISIÓN HUMANA,['Cliente no encontrado en el maestro SUNAT (001_TBL_CLIENTES_B2B) -- no se puede validar SUNAT/Osiptel para este RUC.'],0,Mantener ciclo de facturación estándar; sin acción de cobranza adicional.
,,,,,SIN_HISTORIAL_DE_FACTURACION,,,,,False,ALERTA — REVISIÓN HUMANA,['Cliente no encontrado en el maestro SUNAT (001_TBL_CLIENTES_B2B) -- no se puede validar SUNAT/Osiptel para este RUC.'],0,
RUC_959747cd6ea5,CLIENT_00824,CUSCO,Cusco,San Sebastian,SIN_HISTORIAL_DE_FACTURACION,,,,,True,OK,[],0,
,,,,,SIN_HISTORIAL_DE_FACTURACION,,,,,False,ALERTA — REVISIÓN HUMANA,['Cliente no encontrado en el maestro SUNAT (001_TBL_CLIENTES_B2B) -- no se puede validar SUNAT/Osiptel para este RUC.'],0,
RUC_5a4285aaa439,CLIENT_00502,LIMA,Lima,Santiago de Surco,ALTO,ALTO,18.0,18.0,False,True,OK,[],0,Contacto proactivo antes del vencimiento + oferta de plan de pago fraccionado; escalar a gestor de cuenta senior.
RUC_4c10f460ec8a,CLIENT_00184,LIMA,Lima,Santiago de Surco,BAJO,BAJO,-12.0,-12.0,False,True,OK,[],0,Mantener ciclo de facturación estándar; sin acción de cobranza adicional.
RUC_b89ca00dcf15,CLIENT_00280,LIMA,Lima,Surquillo,ALTO,ALTO,19.7,41.0,False,True,OK,[],2,Contacto proactivo antes del vencimiento + oferta de plan de pago fraccionado; escalar a gestor de cuenta senior.
,,,,,BAJO,BAJO,3.0,5.0,True,False,ALERTA — REVISIÓN HUMANA,['Cliente no encontrado en el maestro SUNAT (001_TBL_CLIENTES_B2B) -- no se puede validar SUNAT/Osiptel para este RUC.'],0,Mantener ciclo de facturación estándar; sin acción de cobranza adicional.
,,,,,SIN_HISTORIAL_DE_FACTURACION,,,,,False,ALERTA — REVISIÓN HUMANA,['Cliente no encontrado en el maestro SUNAT (001_TBL_CLIENTES_B2B) -- no se puede validar SUNAT/Osiptel para este RUC.'],0,
,,,,,SIN_HISTORIAL_DE_FACTURACION,,,,,False,ALERTA — REVISIÓN HUMANA,['Cliente no encontrado en el maestro SUNAT (001_TBL_CLIENTES_B2B) -- no se puede validar SUNAT/Osiptel para este RUC.'],0,
,,,,,SIN_HISTORIAL_DE_FACTURACION,,,,,False,ALERTA — REVISIÓN HUMANA,['Cliente no encontrado en el maestro SUNAT (001_TBL_CLIENTES_B2B) -- no se puede validar SUNAT/Osiptel para este RUC.'],0,
,,,,,SIN_HISTORIAL_DE_FACTURACION,,,,,False,ALERTA — REVISIÓN HUMANA,['Cliente no encontrado en el maestro SUNAT (001_TBL_CLIENTES_B2B) -- no se puede validar SUNAT/Osiptel para este RUC.'],0,
,,,,,SIN_HISTORIAL_DE_FACTURACION,,,,,False,ALERTA — REVISIÓN HUMANA,['Cliente no encontrado en el maestro SUNAT (001_TBL_CLIENTES_B2B) -- no se puede validar SUNAT/Osiptel para este RUC.'],0,
,,,,,MEDIO,MEDIO,13.3,24.0,False,False,ALERTA — REVISIÓN HUMANA,['Cliente no encontrado en el maestro SUNAT (001_TBL_CLIENTES_B2B) -- no se puede validar SUNAT/Osiptel para este RUC.'],3,Recordatorio automático 5 días antes del vencimiento por correo/WhatsApp; sin escalamiento humano todavía.
,,,,,SIN_HISTORIAL_DE_FACTURACION,,,,,False,ALERTA — REVISIÓN HUMANA,['Cliente no encontrado en el maestro SUNAT (001_TBL_CLIENTES_B2B) -- no se puede validar SUNAT/Osiptel para este RUC.'],0,
,,,,,SIN_HISTORIAL_DE_FACTURACION,,,,,False,ALERTA — REVISIÓN HUMANA,['Cliente no encontrado en el maestro SUNAT (001_TBL_CLIENTES_B2B) -- no se puede validar SUNAT/Osiptel para este RUC.'],0,
,,,,,SIN_HISTORIAL_DE_FACTURACION,,,,,False,ALERTA — REVISIÓN HUMANA,['Cliente no encontrado en el maestro SUNAT (001_TBL_CLIENTES_B2B) -- no se puede validar SUNAT/Osiptel para este RUC.'],0,
,,,,,SIN_HISTORIAL_DE_FACTURACION,,,,,False,ALERTA — REVISIÓN HUMANA,['Cliente no encontrado en el maestro SUNAT (001_TBL_CLIENTES_B2B) -- no se puede validar SUNAT/Osiptel para este RUC.'],0,
,,,,,SIN_HISTORIAL_DE_FACTURACION,,,,,False,ALERTA — REVISIÓN HUMANA,['Cliente no encontrado en el maestro SUNAT (001_TBL_CLIENTES_B2B) -- no se puede validar SUNAT/Osiptel para este RUC.'],0,
,,,,,SIN_HISTORIAL_DE_FACTURACION,,,,,False,ALERTA — REVISIÓN HUMANA,['Cliente no encontrado en el maestro SUNAT (001_TBL_CLIENTES_B2B) -- no se puede validar SUNAT/Osiptel para este RUC.'],0,
,,,,,BAJO,BAJO,-1.5,-1.0,True,False,ALERTA — REVISIÓN HUMANA,['Cliente no encontrado en el maestro SUNAT (001_TBL_CLIENTES_B2B) -- no se puede validar SUNAT/Osiptel para este RUC.'],0,Mantener ciclo de facturación estándar; sin acción de cobranza adicional.
,,,,,SIN_HISTORIAL_DE_FACTURACION,,,,,False,ALERTA — REVISIÓN HUMANA,['Cliente no encontrado en el maestro SUNAT (001_TBL_CLIENTES_B2B) -- no se puede validar SUNAT/Osiptel para este RUC.'],0,
,,,,,BAJO,BAJO,-7.0,-5.0,True,False,ALERTA — REVISIÓN HUMANA,['Cliente no encontrado en el maestro SUNAT (001_TBL_CLIENTES_B2B) -- no se puede validar SUNAT/Osiptel para este RUC.'],0,Mantener ciclo de facturación estándar; sin acción de cobranza adicional.
,,,,,SIN_HISTORIAL_DE_FACTURACION,,,,,False,ALERTA — REVISIÓN HUMANA,['Cliente no encontrado en el maestro SUNAT (001_TBL_CLIENTES_B2B) -- no se puede validar SUNAT/Osiptel para este RUC.'],0,
,,,,,BAJO,BAJO,-0.5,0.0,False,False,ALERTA — REVISIÓN HUMANA,['Cliente no encontrado en el maestro SUNAT (001_TBL_CLIENTES_B2B) -- no se puede validar SUNAT/Osiptel para este RUC.'],0,Mantener ciclo de facturación estándar; sin acción de cobranza adicional.
,,,,,SIN_HISTORIAL_DE_FACTURACION,,,,,False,ALERTA — REVISIÓN HUMANA,['Cliente no encontrado en el maestro SUNAT (001_TBL_CLIENTES_B2B) -- no se puede validar SUNAT/Osiptel para este RUC.'],0,
,,,,,SIN_HISTORIAL_DE_FACTURACION,,,,,False,ALERTA — REVISIÓN HUMANA,['Cliente no encontrado en el maestro SUNAT (001_TBL_CLIENTES_B2B) -- no se puede validar SUNAT/Osiptel para este RUC.'],0,
,,,,,SIN_HISTORIAL_DE_FACTURACION,,,,,False,ALERTA — REVISIÓN HUMANA,['Cliente no encontrado en el maestro SUNAT (001_TBL_CLIENTES_B2B) -- no se puede validar SUNAT/Osiptel para este RUC.'],0,
,,,,,SIN_HISTORIAL_DE_FACTURACION,,,,,False,ALERTA — REVISIÓN HUMANA,['Cliente no encontrado en el maestro SUNAT (001_TBL_CLIENTES_B2B) -- no se puede validar SUNAT/Osiptel para este RUC.'],0,
,,,,,SIN_HISTORIAL_DE_FACTURACION,,,,,False,ALERTA — REVISIÓN HUMANA,['Cliente no encontrado en el maestro SUNAT (001_TBL_CLIENTES_B2B) -- no se puede validar SUNAT/Osiptel para este RUC.'],0,
,,,,,SIN_HISTORIAL_DE_FACTURACION,,,,,False,ALERTA — REVISIÓN HUMANA,['Cliente no encontrado en el maestro SUNAT (001_TBL_CLIENTES_B2B) -- no se puede validar SUNAT/Osiptel para este RUC.'],0,
,,,,,SIN_HISTORIAL_DE_FACTURACION,,,,,False,ALERTA — REVISIÓN HUMANA,['Cliente no encontrado en el maestro SUNAT (001_TBL_CLIENTES_B2B) -- no se puede validar SUNAT/Osiptel para este RUC.'],0,
,,,,,SIN_HISTORIAL_DE_FACTURACION,,,,,False,ALERTA — REVISIÓN HUMANA,['Cliente no encontrado en el maestro SUNAT (001_TBL_CLIENTES_B2B) -- no se puede validar SUNAT/Osiptel para este RUC.'],0,
,,,,,SIN_HISTORIAL_DE_FACTURACION,,,,,False,ALERTA — REVISIÓN HUMANA,['Cliente no encontrado en el maestro SUNAT (001_TBL_CLIENTES_B2B) -- no se puede validar SUNAT/Osiptel para este RUC.'],0,
RUC_eae1947ad810,CLIENT_00207,CAJAMARCA,Cajamarca,Cajamarca,SIN_HISTORIAL_DE_FACTURACION,,,,,True,OK,[],0,
,,,,,BAJO,BAJO,2.5,3.0,False,False,ALERTA — REVISIÓN HUMANA,['Cliente no encontrado en el maestro SUNAT (001_TBL_CLIENTES_B2B) -- no se puede validar SUNAT/Osiptel para este RUC.'],1,Mantener ciclo de facturación estándar; sin acción de cobranza adicional.
,,,,,SIN_HISTORIAL_DE_FACTURACION,,,,,False,ALERTA — REVISIÓN HUMANA,['Cliente no encontrado en el maestro SUNAT (001_TBL_CLIENTES_B2B) -- no se puede validar SUNAT/Osiptel para este RUC.'],0,
,,,,,SIN_HISTORIAL_DE_FACTURACION,,,,,False,ALERTA — REVISIÓN HUMANA,['Cliente no encontrado en el maestro SUNAT (001_TBL_CLIENTES_B2B) -- no se puede validar SUNAT/Osiptel para este RUC.'],0,
RUC_108e512cde96,CLIENT_00670,LIMA,Lima,Jesús María,ALTO,ALTO,22.5,23.0,True,True,OK,[],2,Contacto proactivo antes del vencimiento + oferta de plan de pago fraccionado; escalar a gestor de cuenta senior.
,,,,,SIN_HISTORIAL_DE_FACTURACION,,,,,False,ALERTA — REVISIÓN HUMANA,['Cliente no encontrado en el maestro SUNAT (001_TBL_CLIENTES_B2B) -- no se puede validar SUNAT/Osiptel para este RUC.'],0,
,,,,,SIN_HISTORIAL_DE_FACTURACION,,,,,False,ALERTA — REVISIÓN HUMANA,['Cliente no encontrado en el maestro SUNAT (001_TBL_CLIENTES_B2B) -- no se puede validar SUNAT/Osiptel para este RUC.'],0,
,,,,,BAJO,BAJO,-0.5,0.0,True,False,ALERTA — REVISIÓN HUMANA,['Cliente no encontrado en el maestro SUNAT (001_TBL_CLIENTES_B2B) -- no se puede validar SUNAT/Osiptel para este RUC.'],0,Mantener ciclo de facturación estándar; sin acción de cobranza adicional.
,,,,,SIN_HISTORIAL_DE_FACTURACION,,,,,False,ALERTA — REVISIÓN HUMANA,['Cliente no encontrado en el maestro SUNAT (001_TBL_CLIENTES_B2B) -- no se puede validar SUNAT/Osiptel para este RUC.'],0,
RUC_8f2d109e07b8,CLIENT_00982,LIMA,Lima,Santiago de Surco,SIN_HISTORIAL_DE_FACTURACION,,,,,True,OK,[],0,
RUC_f37a0733b6c4,CLIENT_00479,LIMA,Lima,San Isidro,BAJO,BAJO,1.5,2.0,False,True,OK,[],0,Mantener ciclo de facturación estándar; sin acción de cobranza adicional.
RUC_a7d2d60f33c0,CLIENT_00038,UCAYALI,Coronel Portillo,Calleria,MEDIO,MEDIO,9.0,9.0,False,True,OK,[],1,Recordatorio automático 5 días antes del vencimiento por correo/WhatsApp; sin escalamiento humano todavía.
,,,,,SIN_HISTORIAL_DE_FACTURACION,,,,,False,ALERTA — REVISIÓN HUMANA,['Cliente no encontrado en el maestro SUNAT (001_TBL_CLIENTES_B2B) -- no se puede validar SUNAT/Osiptel para este RUC.'],0,
RUC_0b72bb793889,CLIENT_00865,LIMA,Lima,La Molina,ALTO,ALTO,22.5,23.0,True,True,OK,[],2,Contacto proactivo antes del vencimiento + oferta de plan de pago fraccionado; escalar a gestor de cuenta senior.
RUC_04143b454477,CLIENT_00822,CAJAMARCA,Jaén,Jaén,BAJO,BAJO,-5.0,5.0,False,True,OK,[],4,Mantener ciclo de facturación estándar; sin acción de cobranza adicional.
,,,,,MEDIO,MEDIO,8.0,11.0,False,False,ALERTA — REVISIÓN HUMANA,['Cliente no encontrado en el maestro SUNAT (001_TBL_CLIENTES_B2B) -- no se puede validar SUNAT/Osiptel para este RUC.'],2,Recordatorio automático 5 días antes del vencimiento por correo/WhatsApp; sin escalamiento humano todavía.
RUC_63777dd1ba26,CLIENT_00935,LIMA,Lima,Jesús María,MEDIO,MEDIO,6.0,19.0,False,True,OK,[],1,Recordatorio automático 5 días antes del vencimiento por correo/WhatsApp; sin escalamiento humano todavía.
,,,,,SIN_HISTORIAL_DE_FACTURACION,,,,,False,ALERTA — REVISIÓN HUMANA,['Cliente no encontrado en el maestro SUNAT (001_TBL_CLIENTES_B2B) -- no se puede validar SUNAT/Osiptel para este RUC.'],0,
,,,,,SIN_HISTORIAL_DE_FACTURACION,,,,,False,ALERTA — REVISIÓN HUMANA,['Cliente no encontrado en el maestro SUNAT (001_TBL_CLIENTES_B2B) -- no se puede validar SUNAT/Osiptel para este RUC.'],0,
,,,,,SIN_HISTORIAL_DE_FACTURACION,,,,,False,ALERTA — REVISIÓN HUMANA,['Cliente no encontrado en el maestro SUNAT (001_TBL_CLIENTES_B2B) -- no se puede validar SUNAT/Osiptel para este RUC.'],0,
,,,,,MEDIO,MEDIO,7.7,13.0,False,False,ALERTA — REVISIÓN HUMANA,['Cliente no encontrado en el maestro SUNAT (001_TBL_CLIENTES_B2B) -- no se puede validar SUNAT/Osiptel para este RUC.'],0,Recordatorio automático 5 días antes del vencimiento por correo/WhatsApp; sin escalamiento humano todavía.
,,,,,SIN_HISTORIAL_DE_FACTURACION,,,,,False,ALERTA — REVISIÓN HUMANA,['Cliente no encontrado en el maestro SUNAT (001_TBL_CLIENTES_B2B) -- no se puede validar SUNAT/Osiptel para este RUC.'],0,
,,,,,BAJO,BAJO,1.0,1.0,False,False,ALERTA — REVISIÓN HUMANA,['Cliente no encontrado en el maestro SUNAT (001_TBL_CLIENTES_B2B) -- no se puede validar SUNAT/Osiptel para este RUC.'],0,Mantener ciclo de facturación estándar; sin acción de cobranza adicional.
,,,,,SIN_HISTORIAL_DE_FACTURACION,,,,,False,ALERTA — REVISIÓN HUMANA,['Cliente no encontrado en el maestro SUNAT (001_TBL_CLIENTES_B2B) -- no se puede validar SUNAT/Osiptel para este RUC.'],0,
,,,,,SIN_HISTORIAL_DE_FACTURACION,,,,,False,ALERTA — REVISIÓN HUMANA,['Cliente no encontrado en el maestro SUNAT (001_TBL_CLIENTES_B2B) -- no se puede validar SUNAT/Osiptel para este RUC.'],0,
,,,,,SIN_HISTORIAL_DE_FACTURACION,,,,,False,ALERTA — REVISIÓN HUMANA,['Cliente no encontrado en el maestro SUNAT (001_TBL_CLIENTES_B2B) -- no se puede validar SUNAT/Osiptel para este RUC.'],0,
,,,,,SIN_HISTORIAL_DE_FACTURACION,,,,,False,ALERTA — REVISIÓN HUMANA,['Cliente no encontrado en el maestro SUNAT (001_TBL_CLIENTES_B2B) -- no se puede validar SUNAT/Osiptel para este RUC.'],0,
RUC_d19f814c4327,CLIENT_00733,PUNO,San Román,Juliaca,BAJO,BAJO,4.0,5.0,False,True,OK,[],2,Mantener ciclo de facturación estándar; sin acción de cobranza adicional.
,,,,,BAJO,BAJO,2.0,6.0,False,False,ALERTA — REVISIÓN HUMANA,['Cliente no encontrado en el maestro SUNAT (001_TBL_CLIENTES_B2B) -- no se puede validar SUNAT/Osiptel para este RUC.'],3,Mantener ciclo de facturación estándar; sin acción de cobranza adicional.
,,,,,BAJO,BAJO,4.6,23.0,False,False,ALERTA — REVISIÓN HUMANA,['Cliente no encontrado en el maestro SUNAT (001_TBL_CLIENTES_B2B) -- no se puede validar SUNAT/Osiptel para este RUC.'],3,Mantener ciclo de facturación estándar; sin acción de cobranza adicional.
,,,,,SIN_HISTORIAL_DE_FACTURACION,,,,,False,ALERTA — REVISIÓN HUMANA,['Cliente no encontrado en el maestro SUNAT (001_TBL_CLIENTES_B2B) -- no se puede validar SUNAT/Osiptel para este RUC.'],0,
,,,,,ALTO,ALTO,19.2,94.0,False,False,ALERTA — REVISIÓN HUMANA,['Cliente no encontrado en el maestro SUNAT (001_TBL_CLIENTES_B2B) -- no se puede validar SUNAT/Osiptel para este RUC.'],1,Contacto proactivo antes del vencimiento + oferta de plan de pago fraccionado; escalar a gestor de cuenta senior.
RUC_47afd9f9ea65,CLIENT_00143,JUNIN,Huancayo,Huancayo,MEDIO,MEDIO,11.0,21.0,False,True,OK,[],1,Recordatorio automático 5 días antes del vencimiento por correo/WhatsApp; sin escalamiento humano todavía.
,,,,,SIN_HISTORIAL_DE_FACTURACION,,,,,False,ALERTA — REVISIÓN HUMANA,['Cliente no encontrado en el maestro SUNAT (001_TBL_CLIENTES_B2B) -- no se puede validar SUNAT/Osiptel para este RUC.'],0,
RUC_627a25f93e04,CLIENT_00638,LIMA,Lima,Puente Piedra,SIN_HISTORIAL_DE_FACTURACION,,,,,True,OK,[],0,
,,,,,SIN_HISTORIAL_DE_FACTURACION,,,,,False,ALERTA — REVISIÓN HUMANA,['Cliente no encontrado en el maestro SUNAT (001_TBL_CLIENTES_B2B) -- no se puede validar SUNAT/Osiptel para este RUC.'],0,
RUC_c97bd318b92a,CLIENT_00308,PASCO,Pasco,Yanacancha,SIN_HISTORIAL_DE_FACTURACION,,,,,True,OK,[],0,
,,,,,BAJO,BAJO,-11.0,-9.0,False,False,ALERTA — REVISIÓN HUMANA,['Cliente no encontrado en el maestro SUNAT (001_TBL_CLIENTES_B2B) -- no se puede validar SUNAT/Osiptel para este RUC.'],0,Mantener ciclo de facturación estándar; sin acción de cobranza adicional.
,,,,,SIN_HISTORIAL_DE_FACTURACION,,,,,False,ALERTA — REVISIÓN HUMANA,['Cliente no encontrado en el maestro SUNAT (001_TBL_CLIENTES_B2B) -- no se puede validar SUNAT/Osiptel para este RUC.'],0,
RUC_abeb8c2ca982,CLIENT_00276,LIMA,Lima,Pueblo Libre,MEDIO,MEDIO,9.0,9.0,False,True,OK,[],1,Recordatorio automático 5 días antes del vencimiento por correo/WhatsApp; sin escalamiento humano todavía.
,,,,,SIN_HISTORIAL_DE_FACTURACION,,,,,False,ALERTA — REVISIÓN HUMANA,['Cliente no encontrado en el maestro SUNAT (001_TBL_CLIENTES_B2B) -- no se puede validar SUNAT/Osiptel para este RUC.'],0,
,,,,,SIN_HISTORIAL_DE_FACTURACION,,,,,False,ALERTA — REVISIÓN HUMANA,['Cliente no encontrado en el maestro SUNAT (001_TBL_CLIENTES_B2B) -- no se puede validar SUNAT/Osiptel para este RUC.'],0,
,,,,,SIN_HISTORIAL_DE_FACTURACION,,,,,False,ALERTA — REVISIÓN HUMANA,['Cliente no encontrado en el maestro SUNAT (001_TBL_CLIENTES_B2B) -- no se puede validar SUNAT/Osiptel para este RUC.'],0,
,,,,,SIN_HISTORIAL_DE_FACTURACION,,,,,False,ALERTA — REVISIÓN HUMANA,['Cliente no encontrado en el maestro SUNAT (001_TBL_CLIENTES_B2B) -- no se puede validar SUNAT/Osiptel para este RUC.'],0,
,,,,,SIN_HISTORIAL_DE_FACTURACION,,,,,False,ALERTA — REVISIÓN HUMANA,['Cliente no encontrado en el maestro SUNAT (001_TBL_CLIENTES_B2B) -- no se puede validar SUNAT/Osiptel para este RUC.'],0,
,,,,,SIN_HISTORIAL_DE_FACTURACION,,,,,False,ALERTA — REVISIÓN HUMANA,['Cliente no encontrado en el maestro SUNAT (001_TBL_CLIENTES_B2B) -- no se puede validar SUNAT/Osiptel para este RUC.'],0,
RUC_1a9dd4dea7d9,CLIENT_00843,AREQUIPA,Arequipa,Cerro Colorado,SIN_HISTORIAL_DE_FACTURACION,,,,,True,OK,[],0,
,,,,,SIN_HISTORIAL_DE_FACTURACION,,,,,False,ALERTA — REVISIÓN HUMANA,['Cliente no encontrado en el maestro SUNAT (001_TBL_CLIENTES_B2B) -- no se puede validar SUNAT/Osiptel para este RUC.'],0,
,,,,,SIN_HISTORIAL_DE_FACTURACION,,,,,False,ALERTA — REVISIÓN HUMANA,['Cliente no encontrado en el maestro SUNAT (001_TBL_CLIENTES_B2B) -- no se puede validar SUNAT/Osiptel para este RUC.'],0,
RUC_a87805fceaf6,CLIENT_00145,LIMA,Lima,Comas,SIN_HISTORIAL_DE_FACTURACION,,,,,True,OK,[],0,
,,,,,SIN_HISTORIAL_DE_FACTURACION,,,,,False,ALERTA — REVISIÓN HUMANA,['Cliente no encontrado en el maestro SUNAT (001_TBL_CLIENTES_B2B) -- no se puede validar SUNAT/Osiptel para este RUC.'],0,
,,,,,SIN_HISTORIAL_DE_FACTURACION,,,,,False,ALERTA — REVISIÓN HUMANA,['Cliente no encontrado en el maestro SUNAT (001_TBL_CLIENTES_B2B) -- no se puede validar SUNAT/Osiptel para este RUC.'],0,
,,,,,SIN_HISTORIAL_DE_FACTURACION,,,,,False,ALERTA — REVISIÓN HUMANA,['Cliente no encontrado en el maestro SUNAT (001_TBL_CLIENTES_B2B) -- no se puede validar SUNAT/Osiptel para este RUC.'],0,
,,,,,BAJO,BAJO,-3.5,3.0,True,False,ALERTA — REVISIÓN HUMANA,['Cliente no encontrado en el maestro SUNAT (001_TBL_CLIENTES_B2B) -- no se puede validar SUNAT/Osiptel para este RUC.'],0,Mantener ciclo de facturación estándar; sin acción de cobranza adicional.
RUC_424c5eb0cf27,CLIENT_00465,JUNIN,Huancayo,Huancayo,ALTO,ALTO,19.7,65.0,False,True,OK,[],4,Contacto proactivo antes del vencimiento + oferta de plan de pago fraccionado; escalar a gestor de cuenta senior.
,,,,,SIN_HISTORIAL_DE_FACTURACION,,,,,False,ALERTA — REVISIÓN HUMANA,['Cliente no encontrado en el maestro SUNAT (001_TBL_CLIENTES_B2B) -- no se puede validar SUNAT/Osiptel para este RUC.'],0,
RUC_c5f5070f4670,CLIENT_00761,PIURA,Piura,Piura,SIN_HISTORIAL_DE_FACTURACION,,,,,True,OK,[],0,
,,,,,SIN_HISTORIAL_DE_FACTURACION,,,,,False,ALERTA — REVISIÓN HUMANA,['Cliente no encontrado en el maestro SUNAT (001_TBL_CLIENTES_B2B) -- no se puede validar SUNAT/Osiptel para este RUC.'],0,
RUC_2a51f41482cd,CLIENT_00194,HUANUCO,Huánuco,Huanuco,SIN_HISTORIAL_DE_FACTURACION,,,,,True,OK,[],0,
RUC_37b6e1fa4eca,CLIENT_00525,AREQUIPA,Arequipa,José Luis Bustamante Y Rivero,SIN_HISTORIAL_DE_FACTURACION,,,,,True,OK,[],0,
,,,,,ALTO,ALTO,18.0,33.0,False,False,ALERTA — REVISIÓN HUMANA,['Cliente no encontrado en el maestro SUNAT (001_TBL_CLIENTES_B2B) -- no se puede validar SUNAT/Osiptel para este RUC.'],2,Contacto proactivo antes del vencimiento + oferta de plan de pago fraccionado; escalar a gestor de cuenta senior.
RUC_19a94e0cec55,CLIENT_00860,LIMA,Lima,La Victoria,MEDIO,MEDIO,8.0,23.0,False,True,OK,[],2,Recordatorio automático 5 días antes del vencimiento por correo/WhatsApp; sin escalamiento humano todavía.
,,,,,SIN_HISTORIAL_DE_FACTURACION,,,,,False,ALERTA — REVISIÓN HUMANA,['Cliente no encontrado en el maestro SUNAT (001_TBL_CLIENTES_B2B) -- no se puede validar SUNAT/Osiptel para este RUC.'],0,
,,,,,SIN_HISTORIAL_DE_FACTURACION,,,,,False,ALERTA — REVISIÓN HUMANA,['Cliente no encontrado en el maestro SUNAT (001_TBL_CLIENTES_B2B) -- no se puede validar SUNAT/Osiptel para este RUC.'],0,
RUC_afd6d13cae44,CLIENT_00305,AREQUIPA,Arequipa,Sachaca,BAJO,BAJO,0.5,2.0,False,True,OK,[],0,Mantener ciclo de facturación estándar; sin acción de cobranza adicional.
RUC_3930b4d990f7,CLIENT_00094,CUSCO,Cusco,Cusco,SIN_HISTORIAL_DE_FACTURACION,,,,,True,OK,[],0,
,,,,,SIN_HISTORIAL_DE_FACTURACION,,,,,False,ALERTA — REVISIÓN HUMANA,['Cliente no encontrado en el maestro SUNAT (001_TBL_CLIENTES_B2B) -- no se puede validar SUNAT/Osiptel para este RUC.'],0,
,,,,,SIN_HISTORIAL_DE_FACTURACION,,,,,False,ALERTA — REVISIÓN HUMANA,['Cliente no encontrado en el maestro SUNAT (001_TBL_CLIENTES_B2B) -- no se puede validar SUNAT/Osiptel para este RUC.'],0,
,,,,,SIN_HISTORIAL_DE_FACTURACION,,,,,False,ALERTA — REVISIÓN HUMANA,['Cliente no encontrado en el maestro SUNAT (001_TBL_CLIENTES_B2B) -- no se puede validar SUNAT/Osiptel para este RUC.'],0,
,,,,,SIN_HISTORIAL_DE_FACTURACION,,,,,False,ALERTA — REVISIÓN HUMANA,['Cliente no encontrado en el maestro SUNAT (001_TBL_CLIENTES_B2B) -- no se puede validar SUNAT/Osiptel para este RUC.'],0,
,,,,,SIN_HISTORIAL_DE_FACTURACION,,,,,False,ALERTA — REVISIÓN HUMANA,['Cliente no encontrado en el maestro SUNAT (001_TBL_CLIENTES_B2B) -- no se puede validar SUNAT/Osiptel para este RUC.'],0,
,,,,,SIN_HISTORIAL_DE_FACTURACION,,,,,False,ALERTA — REVISIÓN HUMANA,['Cliente no encontrado en el maestro SUNAT (001_TBL_CLIENTES_B2B) -- no se puede validar SUNAT/Osiptel para este RUC.'],0,
,,,,,SIN_HISTORIAL_DE_FACTURACION,,,,,False,ALERTA — REVISIÓN HUMANA,['Cliente no encontrado en el maestro SUNAT (001_TBL_CLIENTES_B2B) -- no se puede validar SUNAT/Osiptel para este RUC.'],0,
RUC_0e86b436cfa0,CLIENT_00318,LIMA,Lima,Santiago de Surco,BAJO,BAJO,-7.3,-4.0,False,True,OK,[],0,Mantener ciclo de facturación estándar; sin acción de cobranza adicional.
,,,,,SIN_HISTORIAL_DE_FACTURACION,,,,,False,ALERTA — REVISIÓN HUMANA,['Cliente no encontrado en el maestro SUNAT (001_TBL_CLIENTES_B2B) -- no se puede validar SUNAT/Osiptel para este RUC.'],0,
,,,,,SIN_HISTORIAL_DE_FACTURACION,,,,,False,ALERTA — REVISIÓN HUMANA,['Cliente no encontrado en el maestro SUNAT (001_TBL_CLIENTES_B2B) -- no se puede validar SUNAT/Osiptel para este RUC.'],0,
,,,,,SIN_HISTORIAL_DE_FACTURACION,,,,,False,ALERTA — REVISIÓN HUMANA,['Cliente no encontrado en el maestro SUNAT (001_TBL_CLIENTES_B2B) -- no se puede validar SUNAT/Osiptel para este RUC.'],0,
,,,,,SIN_HISTORIAL_DE_FACTURACION,,,,,False,ALERTA — REVISIÓN HUMANA,['Cliente no encontrado en el maestro SUNAT (001_TBL_CLIENTES_B2B) -- no se puede validar SUNAT/Osiptel para este RUC.'],0,
,,,,,BAJO,BAJO,-2.0,2.0,False,False,ALERTA — REVISIÓN HUMANA,['Cliente no encontrado en el maestro SUNAT (001_TBL_CLIENTES_B2B) -- no se puede validar SUNAT/Osiptel para este RUC.'],0,Mantener ciclo de facturación estándar; sin acción de cobranza adicional.
,,,,,SIN_HISTORIAL_DE_FACTURACION,,,,,False,ALERTA — REVISIÓN HUMANA,['Cliente no encontrado en el maestro SUNAT (001_TBL_CLIENTES_B2B) -- no se puede validar SUNAT/Osiptel para este RUC.'],0,
,,,,,SIN_HISTORIAL_DE_FACTURACION,,,,,False,ALERTA — REVISIÓN HUMANA,['Cliente no encontrado en el maestro SUNAT (001_TBL_CLIENTES_B2B) -- no se puede validar SUNAT/Osiptel para este RUC.'],0,
RUC_caa9ea52bf49,CLIENT_00154,CALLAO,Prov. Const. del Callao,Callao,BAJO,BAJO,2.0,2.0,False,True,OK,[],0,Mantener ciclo de facturación estándar; sin acción de cobranza adicional.
RUC_8742d59ef5a8,CLIENT_00440,ANCASH,Santa,Chimbote,SIN_HISTORIAL_DE_FACTURACION,,,,,True,OK,[],0,
RUC_8800b1103a69,CLIENT_00738,LIMA,Lima,La Victoria,SIN_HISTORIAL_DE_FACTURACION,,,,,True,OK,[],0,
RUC_b27d958d2077,CLIENT_00041,ICA,Ica,San Juan Bautista,BAJO,BAJO,-3.0,0.0,True,True,OK,[],0,Mantener ciclo de facturación estándar; sin acción de cobranza adicional.
,,,,,SIN_HISTORIAL_DE_FACTURACION,,,,,False,ALERTA — REVISIÓN HUMANA,['Cliente no encontrado en el maestro SUNAT (001_TBL_CLIENTES_B2B) -- no se puede validar SUNAT/Osiptel para este RUC.'],0,
,,,,,SIN_HISTORIAL_DE_FACTURACION,,,,,False,ALERTA — REVISIÓN HUMANA,['Cliente no encontrado en el maestro SUNAT (001_TBL_CLIENTES_B2B) -- no se puede validar SUNAT/Osiptel para este RUC.'],0,
,,,,,SIN_HISTORIAL_DE_FACTURACION,,,,,False,ALERTA — REVISIÓN HUMANA,['Cliente no encontrado en el maestro SUNAT (001_TBL_CLIENTES_B2B) -- no se puede validar SUNAT/Osiptel para este RUC.'],0,
,,,,,SIN_HISTORIAL_DE_FACTURACION,,,,,False,ALERTA — REVISIÓN HUMANA,['Cliente no encontrado en el maestro SUNAT (001_TBL_CLIENTES_B2B) -- no se puede validar SUNAT/Osiptel para este RUC.'],0,
,,,,,SIN_HISTORIAL_DE_FACTURACION,,,,,False,ALERTA — REVISIÓN HUMANA,['Cliente no encontrado en el maestro SUNAT (001_TBL_CLIENTES_B2B) -- no se puede validar SUNAT/Osiptel para este RUC.'],0,
,,,,,SIN_HISTORIAL_DE_FACTURACION,,,,,False,ALERTA — REVISIÓN HUMANA,['Cliente no encontrado en el maestro SUNAT (001_TBL_CLIENTES_B2B) -- no se puede validar SUNAT/Osiptel para este RUC.'],0,
,,,,,SIN_HISTORIAL_DE_FACTURACION,,,,,False,ALERTA — REVISIÓN HUMANA,['Cliente no encontrado en el maestro SUNAT (001_TBL_CLIENTES_B2B) -- no se puede validar SUNAT/Osiptel para este RUC.'],0,
RUC_8e465b33c219,CLIENT_00152,JUNIN,Huancayo,Huancayo,SIN_HISTORIAL_DE_FACTURACION,,,,,True,OK,[],0,
,,,,,SIN_HISTORIAL_DE_FACTURACION,,,,,False,ALERTA — REVISIÓN HUMANA,['Cliente no encontrado en el maestro SUNAT (001_TBL_CLIENTES_B2B) -- no se puede validar SUNAT/Osiptel para este RUC.'],0,
,,,,,BAJO,BAJO,-3.0,-1.0,True,False,ALERTA — REVISIÓN HUMANA,['Cliente no encontrado en el maestro SUNAT (001_TBL_CLIENTES_B2B) -- no se puede validar SUNAT/Osiptel para este RUC.'],0,Mantener ciclo de facturación estándar; sin acción de cobranza adicional.
,,,,,SIN_HISTORIAL_DE_FACTURACION,,,,,False,ALERTA — REVISIÓN HUMANA,['Cliente no encontrado en el maestro SUNAT (001_TBL_CLIENTES_B2B) -- no se puede validar SUNAT/Osiptel para este RUC.'],0,
,,,,,SIN_HISTORIAL_DE_FACTURACION,,,,,False,ALERTA — REVISIÓN HUMANA,['Cliente no encontrado en el maestro SUNAT (001_TBL_CLIENTES_B2B) -- no se puede validar SUNAT/Osiptel para este RUC.'],0,
,,,,,BAJO,BAJO,-1.7,10.0,False,False,ALERTA — REVISIÓN HUMANA,['Cliente no encontrado en el maestro SUNAT (001_TBL_CLIENTES_B2B) -- no se puede validar SUNAT/Osiptel para este RUC.'],2,Mantener ciclo de facturación estándar; sin acción de cobranza adicional.
,,,,,SIN_HISTORIAL_DE_FACTURACION,,,,,False,ALERTA — REVISIÓN HUMANA,['Cliente no encontrado en el maestro SUNAT (001_TBL_CLIENTES_B2B) -- no se puede validar SUNAT/Osiptel para este RUC.'],0,
,,,,,SIN_HISTORIAL_DE_FACTURACION,,,,,False,ALERTA — REVISIÓN HUMANA,['Cliente no encontrado en el maestro SUNAT (001_TBL_CLIENTES_B2B) -- no se puede validar SUNAT/Osiptel para este RUC.'],0,
RUC_709a513d5ee3,CLIENT_00123,ANCASH,Santa,Chimbote,BAJO,BAJO,1.0,3.0,True,True,OK,[],0,Mantener ciclo de facturación estándar; sin acción de cobranza adicional.
,,,,,SIN_HISTORIAL_DE_FACTURACION,,,,,False,ALERTA — REVISIÓN HUMANA,['Cliente no encontrado en el maestro SUNAT (001_TBL_CLIENTES_B2B) -- no se puede validar SUNAT/Osiptel para este RUC.'],0,
,,,,,SIN_HISTORIAL_DE_FACTURACION,,,,,False,ALERTA — REVISIÓN HUMANA,['Cliente no encontrado en el maestro SUNAT (001_TBL_CLIENTES_B2B) -- no se puede validar SUNAT/Osiptel para este RUC.'],0,
,,,,,SIN_HISTORIAL_DE_FACTURACION,,,,,False,ALERTA — REVISIÓN HUMANA,['Cliente no encontrado en el maestro SUNAT (001_TBL_CLIENTES_B2B) -- no se puede validar SUNAT/Osiptel para este RUC.'],0,
,,,,,SIN_HISTORIAL_DE_FACTURACION,,,,,False,ALERTA — REVISIÓN HUMANA,['Cliente no encontrado en el maestro SUNAT (001_TBL_CLIENTES_B2B) -- no se puede validar SUNAT/Osiptel para este RUC.'],0,
,,,,,SIN_HISTORIAL_DE_FACTURACION,,,,,False,ALERTA — REVISIÓN HUMANA,['Cliente no encontrado en el maestro SUNAT (001_TBL_CLIENTES_B2B) -- no se puede validar SUNAT/Osiptel para este RUC.'],0,
,,,,,SIN_HISTORIAL_DE_FACTURACION,,,,,False,ALERTA — REVISIÓN HUMANA,['Cliente no encontrado en el maestro SUNAT (001_TBL_CLIENTES_B2B) -- no se puede validar SUNAT/Osiptel para este RUC.'],0,
,,,,,SIN_HISTORIAL_DE_FACTURACION,,,,,False,ALERTA — REVISIÓN HUMANA,['Cliente no encontrado en el maestro SUNAT (001_TBL_CLIENTES_B2B) -- no se puede validar SUNAT/Osiptel para este RUC.'],0,
,,,,,MEDIO,MEDIO,10.5,12.0,False,False,ALERTA — REVISIÓN HUMANA,['Cliente no encontrado en el maestro SUNAT (001_TBL_CLIENTES_B2B) -- no se puede validar SUNAT/Osiptel para este RUC.'],0,Recordatorio automático 5 días antes del vencimiento por correo/WhatsApp; sin escalamiento humano todavía.
,,,,,SIN_HISTORIAL_DE_FACTURACION,,,,,False,ALERTA — REVISIÓN HUMANA,['Cliente no encontrado en el maestro SUNAT (001_TBL_CLIENTES_B2B) -- no se puede validar SUNAT/Osiptel para este RUC.'],0,
,,,,,SIN_HISTORIAL_DE_FACTURACION,,,,,False,ALERTA — REVISIÓN HUMANA,['Cliente no encontrado en el maestro SUNAT (001_TBL_CLIENTES_B2B) -- no se puede validar SUNAT/Osiptel para este RUC.'],0,
,,,,,SIN_HISTORIAL_DE_FACTURACION,,,,,False,ALERTA — REVISIÓN HUMANA,['Cliente no encontrado en el maestro SUNAT (001_TBL_CLIENTES_B2B) -- no se puede validar SUNAT/Osiptel para este RUC.'],0,
,,,,,SIN_HISTORIAL_DE_FACTURACION,,,,,False,ALERTA — REVISIÓN HUMANA,['Cliente no encontrado en el maestro SUNAT (001_TBL_CLIENTES_B2B) -- no se puede validar SUNAT/Osiptel para este RUC.'],0,
RUC_750e61203652,CLIENT_00650,SAN MARTIN,San Martín,Tarapoto,BAJO,BAJO,-3.0,-2.0,False,True,OK,[],0,Mantener ciclo de facturación estándar; sin acción de cobranza adicional.
RUC_bedfdeec7bb4,CLIENT_00056,LIMA,Lima,Lima,BAJO,BAJO,3.0,4.0,True,True,OK,[],1,Mantener ciclo de facturación estándar; sin acción de cobranza adicional.
,,,,,SIN_HISTORIAL_DE_FACTURACION,,,,,False,ALERTA — REVISIÓN HUMANA,['Cliente no encontrado en el maestro SUNAT (001_TBL_CLIENTES_B2B) -- no se puede validar SUNAT/Osiptel para este RUC.'],0,
,,,,,SIN_HISTORIAL_DE_FACTURACION,,,,,False,ALERTA — REVISIÓN HUMANA,['Cliente no encontrado en el maestro SUNAT (001_TBL_CLIENTES_B2B) -- no se puede validar SUNAT/Osiptel para este RUC.'],0,
,,,,,SIN_HISTORIAL_DE_FACTURACION,,,,,False,ALERTA — REVISIÓN HUMANA,['Cliente no encontrado en el maestro SUNAT (001_TBL_CLIENTES_B2B) -- no se puede validar SUNAT/Osiptel para este RUC.'],0,
RUC_4d1b4b012b4b,CLIENT_00105,PASCO,Oxapampa,Villa Rica,BAJO,BAJO,-3.0,3.0,True,True,OK,[],0,Mantener ciclo de facturación estándar; sin acción de cobranza adicional.
,,,,,SIN_HISTORIAL_DE_FACTURACION,,,,,False,ALERTA — REVISIÓN HUMANA,['Cliente no encontrado en el maestro SUNAT (001_TBL_CLIENTES_B2B) -- no se puede validar SUNAT/Osiptel para este RUC.'],0,
RUC_ee0d84343468,CLIENT_00036,LIMA,Lima,Lince,BAJO,BAJO,-8.5,-8.0,True,True,OK,[],0,Mantener ciclo de facturación estándar; sin acción de cobranza adicional.
,,,,,SIN_HISTORIAL_DE_FACTURACION,,,,,False,ALERTA — REVISIÓN HUMANA,['Cliente no encontrado en el maestro SUNAT (001_TBL_CLIENTES_B2B) -- no se puede validar SUNAT/Osiptel para este RUC.'],0,
RUC_0f49ef075e2f,CLIENT_00134,SAN MARTIN,San Martín,Tarapoto,SIN_HISTORIAL_DE_FACTURACION,,,,,True,OK,[],0,
RUC_77ebc8c43318,CLIENT_00032,LIMA,Lima,Ate,SIN_HISTORIAL_DE_FACTURACION,,,,,True,OK,[],0,
,,,,,SIN_HISTORIAL_DE_FACTURACION,,,,,False,ALERTA — REVISIÓN HUMANA,['Cliente no encontrado en el maestro SUNAT (001_TBL_CLIENTES_B2B) -- no se puede validar SUNAT/Osiptel para este RUC.'],0,
,,,,,SIN_HISTORIAL_DE_FACTURACION,,,,,False,ALERTA — REVISIÓN HUMANA,['Cliente no encontrado en el maestro SUNAT (001_TBL_CLIENTES_B2B) -- no se puede validar SUNAT/Osiptel para este RUC.'],0,
,,,,,SIN_HISTORIAL_DE_FACTURACION,,,,,False,ALERTA — REVISIÓN HUMANA,['Cliente no encontrado en el maestro SUNAT (001_TBL_CLIENTES_B2B) -- no se puede validar SUNAT/Osiptel para este RUC.'],0,
,,,,,SIN_HISTORIAL_DE_FACTURACION,,,,,False,ALERTA — REVISIÓN HUMANA,['Cliente no encontrado en el maestro SUNAT (001_TBL_CLIENTES_B2B) -- no se puede validar SUNAT/Osiptel para este RUC.'],0,
,,,,,SIN_HISTORIAL_DE_FACTURACION,,,,,False,ALERTA — REVISIÓN HUMANA,['Cliente no encontrado en el maestro SUNAT (001_TBL_CLIENTES_B2B) -- no se puede validar SUNAT/Osiptel para este RUC.'],0,
,,,,,SIN_HISTORIAL_DE_FACTURACION,,,,,False,ALERTA — REVISIÓN HUMANA,['Cliente no encontrado en el maestro SUNAT (001_TBL_CLIENTES_B2B) -- no se puede validar SUNAT/Osiptel para este RUC.'],0,
,,,,,SIN_HISTORIAL_DE_FACTURACION,,,,,False,ALERTA — REVISIÓN HUMANA,['Cliente no encontrado en el maestro SUNAT (001_TBL_CLIENTES_B2B) -- no se puede validar SUNAT/Osiptel para este RUC.'],0,
,,,,,SIN_HISTORIAL_DE_FACTURACION,,,,,False,ALERTA — REVISIÓN HUMANA,['Cliente no encontrado en el maestro SUNAT (001_TBL_CLIENTES_B2B) -- no se puede validar SUNAT/Osiptel para este RUC.'],0,
,,,,,SIN_HISTORIAL_DE_FACTURACION,,,,,False,ALERTA — REVISIÓN HUMANA,['Cliente no encontrado en el maestro SUNAT (001_TBL_CLIENTES_B2B) -- no se puede validar SUNAT/Osiptel para este RUC.'],0,
RUC_b2cdd10d5888,CLIENT_00992,PIURA,Talara,Pariñas,MEDIO,MEDIO,12.0,12.0,False,True,OK,[],0,Recordatorio automático 5 días antes del vencimiento por correo/WhatsApp; sin escalamiento humano todavía.
,,,,,BAJO,BAJO,-12.8,-3.0,False,False,ALERTA — REVISIÓN HUMANA,['Cliente no encontrado en el maestro SUNAT (001_TBL_CLIENTES_B2B) -- no se puede validar SUNAT/Osiptel para este RUC.'],5,Mantener ciclo de facturación estándar; sin acción de cobranza adicional.
RUC_85196c52c0e7,CLIENT_00607,LIMA,Lima,San Luis,ALTO,,,,,True,ALERTA — REVISIÓN HUMANA,['SUNAT_ESTADO_CONTRIBUYENTE=BAJA DE OFICIO (no ACTIVO)'],0,
,,,,,SIN_HISTORIAL_DE_FACTURACION,,,,,False,ALERTA — REVISIÓN HUMANA,['Cliente no encontrado en el maestro SUNAT (001_TBL_CLIENTES_B2B) -- no se puede validar SUNAT/Osiptel para este RUC.'],0,
RUC_d456126b49f9,CLIENT_00801,LIMA,Lima,Miraflores,MEDIO,MEDIO,13.5,19.0,False,True,OK,[],2,Recordatorio automático 5 días antes del vencimiento por correo/WhatsApp; sin escalamiento humano todavía.
,,,,,SIN_HISTORIAL_DE_FACTURACION,,,,,False,ALERTA — REVISIÓN HUMANA,['Cliente no encontrado en el maestro SUNAT (001_TBL_CLIENTES_B2B) -- no se puede validar SUNAT/Osiptel para este RUC.'],0,
,,,,,SIN_HISTORIAL_DE_FACTURACION,,,,,False,ALERTA — REVISIÓN HUMANA,['Cliente no encontrado en el maestro SUNAT (001_TBL_CLIENTES_B2B) -- no se puede validar SUNAT/Osiptel para este RUC.'],0,
,,,,,SIN_HISTORIAL_DE_FACTURACION,,,,,False,ALERTA — REVISIÓN HUMANA,['Cliente no encontrado en el maestro SUNAT (001_TBL_CLIENTES_B2B) -- no se puede validar SUNAT/Osiptel para este RUC.'],0,
,,,,,BAJO,BAJO,-5.7,7.0,False,False,ALERTA — REVISIÓN HUMANA,['Cliente no encontrado en el maestro SUNAT (001_TBL_CLIENTES_B2B) -- no se puede validar SUNAT/Osiptel para este RUC.'],4,Mantener ciclo de facturación estándar; sin acción de cobranza adicional.
,,,,,SIN_HISTORIAL_DE_FACTURACION,,,,,False,ALERTA — REVISIÓN HUMANA,['Cliente no encontrado en el maestro SUNAT (001_TBL_CLIENTES_B2B) -- no se puede validar SUNAT/Osiptel para este RUC.'],0,
RUC_6c33b0804c1f,CLIENT_00198,LIMA,Lima,Lince,BAJO,BAJO,1.0,8.0,False,True,OK,[],0,Mantener ciclo de facturación estándar; sin acción de cobranza adicional.
,,,,,SIN_HISTORIAL_DE_FACTURACION,,,,,False,ALERTA — REVISIÓN HUMANA,['Cliente no encontrado en el maestro SUNAT (001_TBL_CLIENTES_B2B) -- no se puede validar SUNAT/Osiptel para este RUC.'],0,
RUC_bc4f35cd127a,CLIENT_00460,LIMA,Lima,Carabayllo,BAJO,BAJO,-11.5,-10.0,True,True,OK,[],0,Mantener ciclo de facturación estándar; sin acción de cobranza adicional.
,,,,,SIN_HISTORIAL_DE_FACTURACION,,,,,False,ALERTA — REVISIÓN HUMANA,['Cliente no encontrado en el maestro SUNAT (001_TBL_CLIENTES_B2B) -- no se puede validar SUNAT/Osiptel para este RUC.'],0,
,,,,,SIN_HISTORIAL_DE_FACTURACION,,,,,False,ALERTA — REVISIÓN HUMANA,['Cliente no encontrado en el maestro SUNAT (001_TBL_CLIENTES_B2B) -- no se puede validar SUNAT/Osiptel para este RUC.'],0,
,,,,,BAJO,BAJO,-1.0,0.0,False,False,ALERTA — REVISIÓN HUMANA,['Cliente no encontrado en el maestro SUNAT (001_TBL_CLIENTES_B2B) -- no se puede validar SUNAT/Osiptel para este RUC.'],0,Mantener ciclo de facturación estándar; sin acción de cobranza adicional.
,,,,,BAJO,BAJO,-8.0,-3.0,True,False,ALERTA — REVISIÓN HUMANA,['Cliente no encontrado en el maestro SUNAT (001_TBL_CLIENTES_B2B) -- no se puede validar SUNAT/Osiptel para este RUC.'],0,Mantener ciclo de facturación estándar; sin acción de cobranza adicional.
,,,,,SIN_HISTORIAL_DE_FACTURACION,,,,,False,ALERTA — REVISIÓN HUMANA,['Cliente no encontrado en el maestro SUNAT (001_TBL_CLIENTES_B2B) -- no se puede validar SUNAT/Osiptel para este RUC.'],0,
,,,,,BAJO,BAJO,-8.5,-4.0,True,False,ALERTA — REVISIÓN HUMANA,['Cliente no encontrado en el maestro SUNAT (001_TBL_CLIENTES_B2B) -- no se puede validar SUNAT/Osiptel para este RUC.'],0,Mantener ciclo de facturación estándar; sin acción de cobranza adicional.
,,,,,SIN_HISTORIAL_DE_FACTURACION,,,,,False,ALERTA — REVISIÓN HUMANA,['Cliente no encontrado en el maestro SUNAT (001_TBL_CLIENTES_B2B) -- no se puede validar SUNAT/Osiptel para este RUC.'],0,
,,,,,SIN_HISTORIAL_DE_FACTURACION,,,,,False,ALERTA — REVISIÓN HUMANA,['Cliente no encontrado en el maestro SUNAT (001_TBL_CLIENTES_B2B) -- no se puede validar SUNAT/Osiptel para este RUC.'],0,
,,,,,SIN_HISTORIAL_DE_FACTURACION,,,,,False,ALERTA — REVISIÓN HUMANA,['Cliente no encontrado en el maestro SUNAT (001_TBL_CLIENTES_B2B) -- no se puede validar SUNAT/Osiptel para este RUC.'],0,
RUC_47a8739084f5,CLIENT_00864,LIMA,Lima,San Miguel,SIN_HISTORIAL_DE_FACTURACION,,,,,True,OK,[],0,
,,,,,MEDIO,MEDIO,8.5,16.0,False,False,ALERTA — REVISIÓN HUMANA,['Cliente no encontrado en el maestro SUNAT (001_TBL_CLIENTES_B2B) -- no se puede validar SUNAT/Osiptel para este RUC.'],2,Recordatorio automático 5 días antes del vencimiento por correo/WhatsApp; sin escalamiento humano todavía.
,,,,,SIN_HISTORIAL_DE_FACTURACION,,,,,False,ALERTA — REVISIÓN HUMANA,['Cliente no encontrado en el maestro SUNAT (001_TBL_CLIENTES_B2B) -- no se puede validar SUNAT/Osiptel para este RUC.'],0,
,,,,,SIN_HISTORIAL_DE_FACTURACION,,,,,False,ALERTA — REVISIÓN HUMANA,['Cliente no encontrado en el maestro SUNAT (001_TBL_CLIENTES_B2B) -- no se puede validar SUNAT/Osiptel para este RUC.'],0,
,,,,,BAJO,BAJO,-14.0,6.0,False,False,ALERTA — REVISIÓN HUMANA,['Cliente no encontrado en el maestro SUNAT (001_TBL_CLIENTES_B2B) -- no se puede validar SUNAT/Osiptel para este RUC.'],3,Mantener ciclo de facturación estándar; sin acción de cobranza adicional.
,,,,,MEDIO,MEDIO,8.0,37.0,False,False,ALERTA — REVISIÓN HUMANA,['Cliente no encontrado en el maestro SUNAT (001_TBL_CLIENTES_B2B) -- no se puede validar SUNAT/Osiptel para este RUC.'],4,Recordatorio automático 5 días antes del vencimiento por correo/WhatsApp; sin escalamiento humano todavía.
RUC_9d875b88f27c,CLIENT_00385,LIMA,Lima,Lima,SIN_HISTORIAL_DE_FACTURACION,,,,,True,OK,[],0,
RUC_371d134e2434,CLIENT_00115,LIMA,Lima,Surquillo,BAJO,BAJO,1.0,2.0,True,True,OK,[],0,Mantener ciclo de facturación estándar; sin acción de cobranza adicional.
RUC_538aabeb48ca,CLIENT_00097,LIMA,Lima,Ate,ALTO,,,,,True,ALERTA — REVISIÓN HUMANA,['SUNAT_ESTADO_CONTRIBUYENTE=BAJA DE OFICIO (no ACTIVO)'],0,
,,,,,SIN_HISTORIAL_DE_FACTURACION,,,,,False,ALERTA — REVISIÓN HUMANA,['Cliente no encontrado en el maestro SUNAT (001_TBL_CLIENTES_B2B) -- no se puede validar SUNAT/Osiptel para este RUC.'],0,
,,,,,SIN_HISTORIAL_DE_FACTURACION,,,,,False,ALERTA — REVISIÓN HUMANA,['Cliente no encontrado en el maestro SUNAT (001_TBL_CLIENTES_B2B) -- no se puede validar SUNAT/Osiptel para este RUC.'],0,
RUC_18f0328c80dc,CLIENT_00099,LIMA,Lima,San Martín de Porres,SIN_HISTORIAL_DE_FACTURACION,,,,,True,OK,[],0,
,,,,,SIN_HISTORIAL_DE_FACTURACION,,,,,False,ALERTA — REVISIÓN HUMANA,['Cliente no encontrado en el maestro SUNAT (001_TBL_CLIENTES_B2B) -- no se puede validar SUNAT/Osiptel para este RUC.'],0,
,,,,,BAJO,BAJO,-11.0,-8.0,False,False,ALERTA — REVISIÓN HUMANA,['Cliente no encontrado en el maestro SUNAT (001_TBL_CLIENTES_B2B) -- no se puede validar SUNAT/Osiptel para este RUC.'],0,Mantener ciclo de facturación estándar; sin acción de cobranza adicional.
,,,,,BAJO,BAJO,1.0,2.0,True,False,ALERTA — REVISIÓN HUMANA,['Cliente no encontrado en el maestro SUNAT (001_TBL_CLIENTES_B2B) -- no se puede validar SUNAT/Osiptel para este RUC.'],0,Mantener ciclo de facturación estándar; sin acción de cobranza adicional.
RUC_f9faf2cc2de3,CLIENT_00227,AMAZONAS,Utcubamba,Bagua Grande,BAJO,BAJO,2.5,3.0,False,True,OK,[],0,Mantener ciclo de facturación estándar; sin acción de cobranza adicional.
RUC_d955d5f4ec82,CLIENT_00522,LIMA,Lima,Villa El Salvador,SIN_HISTORIAL_DE_FACTURACION,,,,,True,OK,[],0,
RUC_c2573dd1e6f2,CLIENT_00676,LIMA,Lima,Lince,BAJO,BAJO,-5.5,-5.0,False,True,OK,[],0,Mantener ciclo de facturación estándar; sin acción de cobranza adicional.
RUC_4efdb6d781b5,CLIENT_00812,TACNA,Tacna,Tacna,SIN_HISTORIAL_DE_FACTURACION,,,,,True,OK,[],0,
RUC_e54c01d13b34,CLIENT_00546,LA LIBERTAD,Trujillo,Trujillo,SIN_HISTORIAL_DE_FACTURACION,,,,,True,OK,[],0,
RUC_b3d463e041fa,CLIENT_00922,AYACUCHO,Huamanga,Ayacucho,SIN_HISTORIAL_DE_FACTURACION,,,,,True,OK,[],0,
RUC_505eb30bf095,CLIENT_00893,CAJAMARCA,Cajamarca,Cajamarca,ALTO,MEDIO,6.0,6.0,False,True,ALERTA — REVISIÓN HUMANA,['SUNAT_ESTADO_CONTRIBUYENTE=SUSPENSION TEMPORAL (no ACTIVO)'],1,Recordatorio automático 5 días antes del vencimiento por correo/WhatsApp; sin escalamiento humano todavía.
,,,,,SIN_HISTORIAL_DE_FACTURACION,,,,,False,ALERTA — REVISIÓN HUMANA,['Cliente no encontrado en el maestro SUNAT (001_TBL_CLIENTES_B2B) -- no se puede validar SUNAT/Osiptel para este RUC.'],0,
,,,,,MEDIO,MEDIO,6.0,14.0,False,False,ALERTA — REVISIÓN HUMANA,['Cliente no encontrado en el maestro SUNAT (001_TBL_CLIENTES_B2B) -- no se puede validar SUNAT/Osiptel para este RUC.'],2,Recordatorio automático 5 días antes del vencimiento por correo/WhatsApp; sin escalamiento humano todavía.
,,,,,ALTO,ALTO,42.0,128.0,False,False,ALERTA — REVISIÓN HUMANA,['Cliente no encontrado en el maestro SUNAT (001_TBL_CLIENTES_B2B) -- no se puede validar SUNAT/Osiptel para este RUC.'],5,Contacto proactivo antes del vencimiento + oferta de plan de pago fraccionado; escalar a gestor de cuenta senior.
,,,,,ALTO,ALTO,26.5,29.0,True,False,ALERTA — REVISIÓN HUMANA,['Cliente no encontrado en el maestro SUNAT (001_TBL_CLIENTES_B2B) -- no se puede validar SUNAT/Osiptel para este RUC.'],1,Contacto proactivo antes del vencimiento + oferta de plan de pago fraccionado; escalar a gestor de cuenta senior.
,,,,,ALTO,ALTO,23.5,25.0,False,False,ALERTA — REVISIÓN HUMANA,['Cliente no encontrado en el maestro SUNAT (001_TBL_CLIENTES_B2B) -- no se puede validar SUNAT/Osiptel para este RUC.'],0,Contacto proactivo antes del vencimiento + oferta de plan de pago fraccionado; escalar a gestor de cuenta senior.
,,,,,SIN_HISTORIAL_DE_FACTURACION,,,,,False,ALERTA — REVISIÓN HUMANA,['Cliente no encontrado en el maestro SUNAT (001_TBL_CLIENTES_B2B) -- no se puede validar SUNAT/Osiptel para este RUC.'],0,
,,,,,SIN_HISTORIAL_DE_FACTURACION,,,,,False,ALERTA — REVISIÓN HUMANA,['Cliente no encontrado en el maestro SUNAT (001_TBL_CLIENTES_B2B) -- no se puede validar SUNAT/Osiptel para este RUC.'],0,
,,,,,SIN_HISTORIAL_DE_FACTURACION,,,,,False,ALERTA — REVISIÓN HUMANA,['Cliente no encontrado en el maestro SUNAT (001_TBL_CLIENTES_B2B) -- no se puede validar SUNAT/Osiptel para este RUC.'],0,
,,,,,SIN_HISTORIAL_DE_FACTURACION,,,,,False,ALERTA — REVISIÓN HUMANA,['Cliente no encontrado en el maestro SUNAT (001_TBL_CLIENTES_B2B) -- no se puede validar SUNAT/Osiptel para este RUC.'],0,
,,,,,SIN_HISTORIAL_DE_FACTURACION,,,,,False,ALERTA — REVISIÓN HUMANA,['Cliente no encontrado en el maestro SUNAT (001_TBL_CLIENTES_B2B) -- no se puede validar SUNAT/Osiptel para este RUC.'],0,
,,,,,SIN_HISTORIAL_DE_FACTURACION,,,,,False,ALERTA — REVISIÓN HUMANA,['Cliente no encontrado en el maestro SUNAT (001_TBL_CLIENTES_B2B) -- no se puede validar SUNAT/Osiptel para este RUC.'],0,
,,,,,BAJO,BAJO,-2.3,0.0,False,False,ALERTA — REVISIÓN HUMANA,['Cliente no encontrado en el maestro SUNAT (001_TBL_CLIENTES_B2B) -- no se puede validar SUNAT/Osiptel para este RUC.'],0,Mantener ciclo de facturación estándar; sin acción de cobranza adicional.
,,,,,SIN_HISTORIAL_DE_FACTURACION,,,,,False,ALERTA — REVISIÓN HUMANA,['Cliente no encontrado en el maestro SUNAT (001_TBL_CLIENTES_B2B) -- no se puede validar SUNAT/Osiptel para este RUC.'],0,
RUC_20805f150270,CLIENT_00175,LIMA,Lima,Ate,SIN_HISTORIAL_DE_FACTURACION,,,,,True,OK,[],0,
RUC_f6803ece9a87,CLIENT_00125,LIMA,Lima,Surquillo,SIN_HISTORIAL_DE_FACTURACION,,,,,True,OK,[],0,
,,,,,SIN_HISTORIAL_DE_FACTURACION,,,,,False,ALERTA — REVISIÓN HUMANA,['Cliente no encontrado en el maestro SUNAT (001_TBL_CLIENTES_B2B) -- no se puede validar SUNAT/Osiptel para este RUC.'],0,
,,,,,SIN_HISTORIAL_DE_FACTURACION,,,,,False,ALERTA — REVISIÓN HUMANA,['Cliente no encontrado en el maestro SUNAT (001_TBL_CLIENTES_B2B) -- no se puede validar SUNAT/Osiptel para este RUC.'],0,
RUC_f14316fd8ae4,CLIENT_00345,LA LIBERTAD,Trujillo,Trujillo,ALTO,ALTO,12.0,16.0,True,True,OK,[],0,Contacto proactivo antes del vencimiento + oferta de plan de pago fraccionado; escalar a gestor de cuenta senior.
,,,,,SIN_HISTORIAL_DE_FACTURACION,,,,,False,ALERTA — REVISIÓN HUMANA,['Cliente no encontrado en el maestro SUNAT (001_TBL_CLIENTES_B2B) -- no se puede validar SUNAT/Osiptel para este RUC.'],0,
RUC_79b2c9a5522f,CLIENT_00959,LIMA,Lima,Lima,SIN_HISTORIAL_DE_FACTURACION,,,,,True,OK,[],0,
RUC_19d75c193619,CLIENT_00366,ANCASH,Santa,Chimbote,SIN_HISTORIAL_DE_FACTURACION,,,,,True,OK,[],0,
,,,,,BAJO,BAJO,-7.0,-6.0,True,False,ALERTA — REVISIÓN HUMANA,['Cliente no encontrado en el maestro SUNAT (001_TBL_CLIENTES_B2B) -- no se puede validar SUNAT/Osiptel para este RUC.'],0,Mantener ciclo de facturación estándar; sin acción de cobranza adicional.
RUC_d592f0c70f44,CLIENT_00559,LIMA,Cañete,Asia,BAJO,BAJO,2.5,3.0,False,True,OK,[],0,Mantener ciclo de facturación estándar; sin acción de cobranza adicional.
,,,,,BAJO,BAJO,-6.3,-1.0,False,False,ALERTA — REVISIÓN HUMANA,['Cliente no encontrado en el maestro SUNAT (001_TBL_CLIENTES_B2B) -- no se puede validar SUNAT/Osiptel para este RUC.'],0,Mantener ciclo de facturación estándar; sin acción de cobranza adicional.
,,,,,SIN_HISTORIAL_DE_FACTURACION,,,,,False,ALERTA — REVISIÓN HUMANA,['Cliente no encontrado en el maestro SUNAT (001_TBL_CLIENTES_B2B) -- no se puede validar SUNAT/Osiptel para este RUC.'],0,
,,,,,SIN_HISTORIAL_DE_FACTURACION,,,,,False,ALERTA — REVISIÓN HUMANA,['Cliente no encontrado en el maestro SUNAT (001_TBL_CLIENTES_B2B) -- no se puede validar SUNAT/Osiptel para este RUC.'],0,
RUC_834912a8547d,CLIENT_00889,LA LIBERTAD,Trujillo,Victor Larco Herrera,BAJO,BAJO,1.0,3.0,False,True,OK,[],0,Mantener ciclo de facturación estándar; sin acción de cobranza adicional.
,,,,,SIN_HISTORIAL_DE_FACTURACION,,,,,False,ALERTA — REVISIÓN HUMANA,['Cliente no encontrado en el maestro SUNAT (001_TBL_CLIENTES_B2B) -- no se puede validar SUNAT/Osiptel para este RUC.'],0,
,,,,,BAJO,BAJO,-1.0,-1.0,False,False,ALERTA — REVISIÓN HUMANA,['Cliente no encontrado en el maestro SUNAT (001_TBL_CLIENTES_B2B) -- no se puede validar SUNAT/Osiptel para este RUC.'],0,Mantener ciclo de facturación estándar; sin acción de cobranza adicional.
RUC_35c71dacc7fb,CLIENT_00710,LIMA,Lima,La Victoria,SIN_HISTORIAL_DE_FACTURACION,,,,,True,OK,[],0,
,,,,,SIN_HISTORIAL_DE_FACTURACION,,,,,False,ALERTA — REVISIÓN HUMANA,['Cliente no encontrado en el maestro SUNAT (001_TBL_CLIENTES_B2B) -- no se puede validar SUNAT/Osiptel para este RUC.'],0,
,,,,,SIN_HISTORIAL_DE_FACTURACION,,,,,False,ALERTA — REVISIÓN HUMANA,['Cliente no encontrado en el maestro SUNAT (001_TBL_CLIENTES_B2B) -- no se puede validar SUNAT/Osiptel para este RUC.'],0,
,,,,,BAJO,BAJO,1.2,3.0,True,False,ALERTA — REVISIÓN HUMANA,['Cliente no encontrado en el maestro SUNAT (001_TBL_CLIENTES_B2B) -- no se puede validar SUNAT/Osiptel para este RUC.'],0,Mantener ciclo de facturación estándar; sin acción de cobranza adicional.
RUC_f182a8089df6,CLIENT_00284,ICA,Ica,Ica,SIN_HISTORIAL_DE_FACTURACION,,,,,True,OK,[],0,
,,,,,SIN_HISTORIAL_DE_FACTURACION,,,,,False,ALERTA — REVISIÓN HUMANA,['Cliente no encontrado en el maestro SUNAT (001_TBL_CLIENTES_B2B) -- no se puede validar SUNAT/Osiptel para este RUC.'],0,
RUC_830c0cfe09c4,CLIENT_00325,LIMA,Lima,San Isidro,SIN_HISTORIAL_DE_FACTURACION,,,,,True,OK,[],0,
,,,,,SIN_HISTORIAL_DE_FACTURACION,,,,,False,ALERTA — REVISIÓN HUMANA,['Cliente no encontrado en el maestro SUNAT (001_TBL_CLIENTES_B2B) -- no se puede validar SUNAT/Osiptel para este RUC.'],0,
,,,,,SIN_HISTORIAL_DE_FACTURACION,,,,,False,ALERTA — REVISIÓN HUMANA,['Cliente no encontrado en el maestro SUNAT (001_TBL_CLIENTES_B2B) -- no se puede validar SUNAT/Osiptel para este RUC.'],0,
RUC_bd90f3f98bfe,CLIENT_00735,LA LIBERTAD,Chepén,Chepen,SIN_HISTORIAL_DE_FACTURACION,,,,,True,OK,[],0,
,,,,,SIN_HISTORIAL_DE_FACTURACION,,,,,False,ALERTA — REVISIÓN HUMANA,['Cliente no encontrado en el maestro SUNAT (001_TBL_CLIENTES_B2B) -- no se puede validar SUNAT/Osiptel para este RUC.'],0,
,,,,,SIN_HISTORIAL_DE_FACTURACION,,,,,False,ALERTA — REVISIÓN HUMANA,['Cliente no encontrado en el maestro SUNAT (001_TBL_CLIENTES_B2B) -- no se puede validar SUNAT/Osiptel para este RUC.'],0,
RUC_3056f1363181,CLIENT_00270,ANCASH,Santa,Chimbote,BAJO,BAJO,3.0,3.0,False,True,OK,[],0,Mantener ciclo de facturación estándar; sin acción de cobranza adicional.
RUC_ffba0c1cdd6e,CLIENT_00281,LIMA,Lima,San Borja,BAJO,BAJO,-8.0,-8.0,False,True,OK,[],0,Mantener ciclo de facturación estándar; sin acción de cobranza adicional.
,,,,,SIN_HISTORIAL_DE_FACTURACION,,,,,False,ALERTA — REVISIÓN HUMANA,['Cliente no encontrado en el maestro SUNAT (001_TBL_CLIENTES_B2B) -- no se puede validar SUNAT/Osiptel para este RUC.'],0,
,,,,,SIN_HISTORIAL_DE_FACTURACION,,,,,False,ALERTA — REVISIÓN HUMANA,['Cliente no encontrado en el maestro SUNAT (001_TBL_CLIENTES_B2B) -- no se puede validar SUNAT/Osiptel para este RUC.'],0,
,,,,,SIN_HISTORIAL_DE_FACTURACION,,,,,False,ALERTA — REVISIÓN HUMANA,['Cliente no encontrado en el maestro SUNAT (001_TBL_CLIENTES_B2B) -- no se puede validar SUNAT/Osiptel para este RUC.'],0,
RUC_ad9123e8f343,CLIENT_00213,LIMA,Lima,Pueblo Libre,SIN_HISTORIAL_DE_FACTURACION,,,,,True,OK,[],0,
,,,,,SIN_HISTORIAL_DE_FACTURACION,,,,,False,ALERTA — REVISIÓN HUMANA,['Cliente no encontrado en el maestro SUNAT (001_TBL_CLIENTES_B2B) -- no se puede validar SUNAT/Osiptel para este RUC.'],0,
,,,,,SIN_HISTORIAL_DE_FACTURACION,,,,,False,ALERTA — REVISIÓN HUMANA,['Cliente no encontrado en el maestro SUNAT (001_TBL_CLIENTES_B2B) -- no se puede validar SUNAT/Osiptel para este RUC.'],0,
RUC_95c441b83904,CLIENT_00739,LIMA,Barranca,Barranca,ALTO,BAJO,-1.5,5.0,True,True,ALERTA — REVISIÓN HUMANA,['SUNAT_ESTADO_CONTRIBUYENTE=BAJA DE OFICIO (no ACTIVO)'],0,Mantener ciclo de facturación estándar; sin acción de cobranza adicional.
,,,,,BAJO,BAJO,-3.3,8.0,False,False,ALERTA — REVISIÓN HUMANA,['Cliente no encontrado en el maestro SUNAT (001_TBL_CLIENTES_B2B) -- no se puede validar SUNAT/Osiptel para este RUC.'],2,Mantener ciclo de facturación estándar; sin acción de cobranza adicional.
RUC_5a259f410769,CLIENT_00295,MADRE DE DIOS,Tambopata,Tambopata,BAJO,BAJO,-8.0,-5.0,False,True,OK,[],0,Mantener ciclo de facturación estándar; sin acción de cobranza adicional.
RUC_0b7dbb2911a1,CLIENT_00934,LIMA,Lima,Lurigancho,BAJO,BAJO,-5.0,-5.0,False,True,OK,[],0,Mantener ciclo de facturación estándar; sin acción de cobranza adicional.
,,,,,SIN_HISTORIAL_DE_FACTURACION,,,,,False,ALERTA — REVISIÓN HUMANA,['Cliente no encontrado en el maestro SUNAT (001_TBL_CLIENTES_B2B) -- no se puede validar SUNAT/Osiptel para este RUC.'],0,
RUC_1ed3b8b18473,CLIENT_00720,LIMA,Lima,Comas,ALTO,BAJO,1.5,2.0,True,True,ALERTA — REVISIÓN HUMANA,['SUNAT_ESTADO_CONTRIBUYENTE=SUSPENSION TEMPORAL (no ACTIVO)'],1,Mantener ciclo de facturación estándar; sin acción de cobranza adicional.
RUC_2249d16d2077,CLIENT_00903,LIMA,Lima,San Juan de Lurigancho,SIN_HISTORIAL_DE_FACTURACION,,,,,True,OK,[],0,
,,,,,BAJO,BAJO,-5.5,2.0,False,False,ALERTA — REVISIÓN HUMANA,['Cliente no encontrado en el maestro SUNAT (001_TBL_CLIENTES_B2B) -- no se puede validar SUNAT/Osiptel para este RUC.'],0,Mantener ciclo de facturación estándar; sin acción de cobranza adicional.
,,,,,SIN_HISTORIAL_DE_FACTURACION,,,,,False,ALERTA — REVISIÓN HUMANA,['Cliente no encontrado en el maestro SUNAT (001_TBL_CLIENTES_B2B) -- no se puede validar SUNAT/Osiptel para este RUC.'],0,
,,,,,BAJO,BAJO,1.0,1.0,False,False,ALERTA — REVISIÓN HUMANA,['Cliente no encontrado en el maestro SUNAT (001_TBL_CLIENTES_B2B) -- no se puede validar SUNAT/Osiptel para este RUC.'],0,Mantener ciclo de facturación estándar; sin acción de cobranza adicional.
RUC_01fa24048175,CLIENT_00442,LIMA,Lima,Santa Anita,SIN_HISTORIAL_DE_FACTURACION,,,,,True,OK,[],0,
RUC_fc52593ed761,CLIENT_00240,LIMA,Lima,San Juan de Lurigancho,BAJO,BAJO,-3.5,-1.0,False,True,OK,[],0,Mantener ciclo de facturación estándar; sin acción de cobranza adicional.
,,,,,BAJO,BAJO,-8.0,-7.0,True,False,ALERTA — REVISIÓN HUMANA,['Cliente no encontrado en el maestro SUNAT (001_TBL_CLIENTES_B2B) -- no se puede validar SUNAT/Osiptel para este RUC.'],0,Mantener ciclo de facturación estándar; sin acción de cobranza adicional.
,,,,,SIN_HISTORIAL_DE_FACTURACION,,,,,False,ALERTA — REVISIÓN HUMANA,['Cliente no encontrado en el maestro SUNAT (001_TBL_CLIENTES_B2B) -- no se puede validar SUNAT/Osiptel para este RUC.'],0,
,,,,,SIN_HISTORIAL_DE_FACTURACION,,,,,False,ALERTA — REVISIÓN HUMANA,['Cliente no encontrado en el maestro SUNAT (001_TBL_CLIENTES_B2B) -- no se puede validar SUNAT/Osiptel para este RUC.'],0,
,,,,,SIN_HISTORIAL_DE_FACTURACION,,,,,False,ALERTA — REVISIÓN HUMANA,['Cliente no encontrado en el maestro SUNAT (001_TBL_CLIENTES_B2B) -- no se puede validar SUNAT/Osiptel para este RUC.'],0,
RUC_bb1dc791f723,CLIENT_00687,LIMA,Lima,Chorrillos,SIN_HISTORIAL_DE_FACTURACION,,,,,True,OK,[],0,
,,,,,SIN_HISTORIAL_DE_FACTURACION,,,,,False,ALERTA — REVISIÓN HUMANA,['Cliente no encontrado en el maestro SUNAT (001_TBL_CLIENTES_B2B) -- no se puede validar SUNAT/Osiptel para este RUC.'],0,
,,,,,SIN_HISTORIAL_DE_FACTURACION,,,,,False,ALERTA — REVISIÓN HUMANA,['Cliente no encontrado en el maestro SUNAT (001_TBL_CLIENTES_B2B) -- no se puede validar SUNAT/Osiptel para este RUC.'],0,
,,,,,SIN_HISTORIAL_DE_FACTURACION,,,,,False,ALERTA — REVISIÓN HUMANA,['Cliente no encontrado en el maestro SUNAT (001_TBL_CLIENTES_B2B) -- no se puede validar SUNAT/Osiptel para este RUC.'],0,
,,,,,SIN_HISTORIAL_DE_FACTURACION,,,,,False,ALERTA — REVISIÓN HUMANA,['Cliente no encontrado en el maestro SUNAT (001_TBL_CLIENTES_B2B) -- no se puede validar SUNAT/Osiptel para este RUC.'],0,
,,,,,SIN_HISTORIAL_DE_FACTURACION,,,,,False,ALERTA — REVISIÓN HUMANA,['Cliente no encontrado en el maestro SUNAT (001_TBL_CLIENTES_B2B) -- no se puede validar SUNAT/Osiptel para este RUC.'],0,
RUC_b608a73aaf2c,CLIENT_00881,LIMA,Lima,Barranco,SIN_HISTORIAL_DE_FACTURACION,,,,,True,OK,[],0,
RUC_817f216950ef,CLIENT_00348,ICA,Chincha,Chincha Alta,BAJO,BAJO,-6.0,-1.0,False,True,OK,[],0,Mantener ciclo de facturación estándar; sin acción de cobranza adicional.
,,,,,SIN_HISTORIAL_DE_FACTURACION,,,,,False,ALERTA — REVISIÓN HUMANA,['Cliente no encontrado en el maestro SUNAT (001_TBL_CLIENTES_B2B) -- no se puede validar SUNAT/Osiptel para este RUC.'],0,
,,,,,SIN_HISTORIAL_DE_FACTURACION,,,,,False,ALERTA — REVISIÓN HUMANA,['Cliente no encontrado en el maestro SUNAT (001_TBL_CLIENTES_B2B) -- no se puede validar SUNAT/Osiptel para este RUC.'],0,
,,,,,BAJO,BAJO,2.6,21.0,False,False,ALERTA — REVISIÓN HUMANA,['Cliente no encontrado en el maestro SUNAT (001_TBL_CLIENTES_B2B) -- no se puede validar SUNAT/Osiptel para este RUC.'],1,Mantener ciclo de facturación estándar; sin acción de cobranza adicional.
,,,,,SIN_HISTORIAL_DE_FACTURACION,,,,,False,ALERTA — REVISIÓN HUMANA,['Cliente no encontrado en el maestro SUNAT (001_TBL_CLIENTES_B2B) -- no se puede validar SUNAT/Osiptel para este RUC.'],0,
RUC_6e06e2940035,CLIENT_00009,APURIMAC,Andahuaylas,San Jerónimo,SIN_HISTORIAL_DE_FACTURACION,,,,,True,OK,[],0,
,,,,,SIN_HISTORIAL_DE_FACTURACION,,,,,False,ALERTA — REVISIÓN HUMANA,['Cliente no encontrado en el maestro SUNAT (001_TBL_CLIENTES_B2B) -- no se puede validar SUNAT/Osiptel para este RUC.'],0,
RUC_2be3d4387b4b,CLIENT_00815,LIMA,Lima,San Isidro,SIN_HISTORIAL_DE_FACTURACION,,,,,True,OK,[],0,
,,,,,SIN_HISTORIAL_DE_FACTURACION,,,,,False,ALERTA — REVISIÓN HUMANA,['Cliente no encontrado en el maestro SUNAT (001_TBL_CLIENTES_B2B) -- no se puede validar SUNAT/Osiptel para este RUC.'],0,
,,,,,SIN_HISTORIAL_DE_FACTURACION,,,,,False,ALERTA — REVISIÓN HUMANA,['Cliente no encontrado en el maestro SUNAT (001_TBL_CLIENTES_B2B) -- no se puede validar SUNAT/Osiptel para este RUC.'],0,
,,,,,BAJO,BAJO,-8.0,-7.0,False,False,ALERTA — REVISIÓN HUMANA,['Cliente no encontrado en el maestro SUNAT (001_TBL_CLIENTES_B2B) -- no se puede validar SUNAT/Osiptel para este RUC.'],0,Mantener ciclo de facturación estándar; sin acción de cobranza adicional.
RUC_042a1cc4e337,CLIENT_00560,CUSCO,Cusco,Wanchaq,SIN_HISTORIAL_DE_FACTURACION,,,,,True,OK,[],0,
,,,,,SIN_HISTORIAL_DE_FACTURACION,,,,,False,ALERTA — REVISIÓN HUMANA,['Cliente no encontrado en el maestro SUNAT (001_TBL_CLIENTES_B2B) -- no se puede validar SUNAT/Osiptel para este RUC.'],0,
RUC_6d151421a8dd,CLIENT_00129,CUSCO,Cusco,Cusco,BAJO,BAJO,-1.3,1.0,False,True,OK,[],0,Mantener ciclo de facturación estándar; sin acción de cobranza adicional.
RUC_e2f19bd356d9,CLIENT_00501,LIMA,Lima,Santiago de Surco,BAJO,BAJO,5.0,5.0,False,True,OK,[],1,Mantener ciclo de facturación estándar; sin acción de cobranza adicional.
,,,,,SIN_HISTORIAL_DE_FACTURACION,,,,,False,ALERTA — REVISIÓN HUMANA,['Cliente no encontrado en el maestro SUNAT (001_TBL_CLIENTES_B2B) -- no se puede validar SUNAT/Osiptel para este RUC.'],0,
RUC_65c1b72417ae,CLIENT_00433,ICA,Ica,Ica,BAJO,BAJO,-5.8,8.0,False,True,OK,[],1,Mantener ciclo de facturación estándar; sin acción de cobranza adicional.
,,,,,SIN_HISTORIAL_DE_FACTURACION,,,,,False,ALERTA — REVISIÓN HUMANA,['Cliente no encontrado en el maestro SUNAT (001_TBL_CLIENTES_B2B) -- no se puede validar SUNAT/Osiptel para este RUC.'],0,
,,,,,SIN_HISTORIAL_DE_FACTURACION,,,,,False,ALERTA — REVISIÓN HUMANA,['Cliente no encontrado en el maestro SUNAT (001_TBL_CLIENTES_B2B) -- no se puede validar SUNAT/Osiptel para este RUC.'],0,
,,,,,SIN_HISTORIAL_DE_FACTURACION,,,,,False,ALERTA — REVISIÓN HUMANA,['Cliente no encontrado en el maestro SUNAT (001_TBL_CLIENTES_B2B) -- no se puede validar SUNAT/Osiptel para este RUC.'],0,
,,,,,SIN_HISTORIAL_DE_FACTURACION,,,,,False,ALERTA — REVISIÓN HUMANA,['Cliente no encontrado en el maestro SUNAT (001_TBL_CLIENTES_B2B) -- no se puede validar SUNAT/Osiptel para este RUC.'],0,
,,,,,SIN_HISTORIAL_DE_FACTURACION,,,,,False,ALERTA — REVISIÓN HUMANA,['Cliente no encontrado en el maestro SUNAT (001_TBL_CLIENTES_B2B) -- no se puede validar SUNAT/Osiptel para este RUC.'],0,
,,,,,SIN_HISTORIAL_DE_FACTURACION,,,,,False,ALERTA — REVISIÓN HUMANA,['Cliente no encontrado en el maestro SUNAT (001_TBL_CLIENTES_B2B) -- no se puede validar SUNAT/Osiptel para este RUC.'],0,
RUC_ddc6972abd4b,CLIENT_00747,PIURA,Piura,Piura,SIN_HISTORIAL_DE_FACTURACION,,,,,True,OK,[],0,
,,,,,SIN_HISTORIAL_DE_FACTURACION,,,,,False,ALERTA — REVISIÓN HUMANA,['Cliente no encontrado en el maestro SUNAT (001_TBL_CLIENTES_B2B) -- no se puede validar SUNAT/Osiptel para este RUC.'],0,
,,,,,SIN_HISTORIAL_DE_FACTURACION,,,,,False,ALERTA — REVISIÓN HUMANA,['Cliente no encontrado en el maestro SUNAT (001_TBL_CLIENTES_B2B) -- no se puede validar SUNAT/Osiptel para este RUC.'],0,
RUC_4a517e82370a,CLIENT_00949,LIMA,Lima,Chorrillos,SIN_HISTORIAL_DE_FACTURACION,,,,,True,OK,[],0,
,,,,,ALTO,ALTO,15.4,57.0,False,False,ALERTA — REVISIÓN HUMANA,['Cliente no encontrado en el maestro SUNAT (001_TBL_CLIENTES_B2B) -- no se puede validar SUNAT/Osiptel para este RUC.'],2,Contacto proactivo antes del vencimiento + oferta de plan de pago fraccionado; escalar a gestor de cuenta senior.
,,,,,SIN_HISTORIAL_DE_FACTURACION,,,,,False,ALERTA — REVISIÓN HUMANA,['Cliente no encontrado en el maestro SUNAT (001_TBL_CLIENTES_B2B) -- no se puede validar SUNAT/Osiptel para este RUC.'],0,
,,,,,SIN_HISTORIAL_DE_FACTURACION,,,,,False,ALERTA — REVISIÓN HUMANA,['Cliente no encontrado en el maestro SUNAT (001_TBL_CLIENTES_B2B) -- no se puede validar SUNAT/Osiptel para este RUC.'],0,
RUC_b1fc467d8412,CLIENT_00101,LIMA,Lima,La Victoria,SIN_HISTORIAL_DE_FACTURACION,,,,,True,OK,[],0,
RUC_a0eff74d3ab5,CLIENT_00542,LIMA,Lima,Miraflores,BAJO,BAJO,-3.0,-3.0,False,True,OK,[],0,Mantener ciclo de facturación estándar; sin acción de cobranza adicional.
,,,,,SIN_HISTORIAL_DE_FACTURACION,,,,,False,ALERTA — REVISIÓN HUMANA,['Cliente no encontrado en el maestro SUNAT (001_TBL_CLIENTES_B2B) -- no se puede validar SUNAT/Osiptel para este RUC.'],0,
,,,,,SIN_HISTORIAL_DE_FACTURACION,,,,,False,ALERTA — REVISIÓN HUMANA,['Cliente no encontrado en el maestro SUNAT (001_TBL_CLIENTES_B2B) -- no se puede validar SUNAT/Osiptel para este RUC.'],0,
,,,,,SIN_HISTORIAL_DE_FACTURACION,,,,,False,ALERTA — REVISIÓN HUMANA,['Cliente no encontrado en el maestro SUNAT (001_TBL_CLIENTES_B2B) -- no se puede validar SUNAT/Osiptel para este RUC.'],0,
,,,,,SIN_HISTORIAL_DE_FACTURACION,,,,,False,ALERTA — REVISIÓN HUMANA,['Cliente no encontrado en el maestro SUNAT (001_TBL_CLIENTES_B2B) -- no se puede validar SUNAT/Osiptel para este RUC.'],0,
RUC_f0a3b68dc7d3,CLIENT_00584,AREQUIPA,Arequipa,Arequipa,BAJO,BAJO,-2.2,-1.0,False,True,OK,[],0,Mantener ciclo de facturación estándar; sin acción de cobranza adicional.
RUC_5a4aee8b42e3,CLIENT_00554,LIMA,Lima,Lima,ALTO,,,,,True,ALERTA — REVISIÓN HUMANA,['Todas sus líneas (fija/móvil) están inactivas o suspendidas'],0,
,,,,,SIN_HISTORIAL_DE_FACTURACION,,,,,False,ALERTA — REVISIÓN HUMANA,['Cliente no encontrado en el maestro SUNAT (001_TBL_CLIENTES_B2B) -- no se puede validar SUNAT/Osiptel para este RUC.'],0,
RUC_ff869e546da4,CLIENT_00923,LA LIBERTAD,Trujillo,Trujillo,BAJO,BAJO,-4.5,-4.0,True,True,OK,[],0,Mantener ciclo de facturación estándar; sin acción de cobranza adicional.
,,,,,ALTO,ALTO,4.0,16.0,True,False,ALERTA — REVISIÓN HUMANA,['Cliente no encontrado en el maestro SUNAT (001_TBL_CLIENTES_B2B) -- no se puede validar SUNAT/Osiptel para este RUC.'],0,Contacto proactivo antes del vencimiento + oferta de plan de pago fraccionado; escalar a gestor de cuenta senior.
RUC_0628fe003bbd,CLIENT_00237,LA LIBERTAD,Trujillo,Trujillo,MEDIO,MEDIO,12.5,39.0,False,True,OK,[],2,Recordatorio automático 5 días antes del vencimiento por correo/WhatsApp; sin escalamiento humano todavía.
RUC_aa97cf5ae9ae,CLIENT_00338,LIMA,Lima,San Juan de Lurigancho,BAJO,BAJO,-2.2,7.0,False,True,OK,[],0,Mantener ciclo de facturación estándar; sin acción de cobranza adicional.
,,,,,SIN_HISTORIAL_DE_FACTURACION,,,,,False,ALERTA — REVISIÓN HUMANA,['Cliente no encontrado en el maestro SUNAT (001_TBL_CLIENTES_B2B) -- no se puede validar SUNAT/Osiptel para este RUC.'],0,
RUC_985370c9b9d9,CLIENT_00707,LA LIBERTAD,Virú,Viru,SIN_HISTORIAL_DE_FACTURACION,,,,,True,OK,[],0,
RUC_dbeee6dc086b,CLIENT_00364,AREQUIPA,Arequipa,Arequipa,SIN_HISTORIAL_DE_FACTURACION,,,,,True,OK,[],0,
RUC_22920b29b5b4,CLIENT_00914,AREQUIPA,Arequipa,Arequipa,SIN_HISTORIAL_DE_FACTURACION,,,,,True,OK,[],0,
,,,,,SIN_HISTORIAL_DE_FACTURACION,,,,,False,ALERTA — REVISIÓN HUMANA,['Cliente no encontrado en el maestro SUNAT (001_TBL_CLIENTES_B2B) -- no se puede validar SUNAT/Osiptel para este RUC.'],0,
,,,,,SIN_HISTORIAL_DE_FACTURACION,,,,,False,ALERTA — REVISIÓN HUMANA,['Cliente no encontrado en el maestro SUNAT (001_TBL_CLIENTES_B2B) -- no se puede validar SUNAT/Osiptel para este RUC.'],0,
,,,,,ALTO,ALTO,21.0,22.0,False,False,ALERTA — REVISIÓN HUMANA,['Cliente no encontrado en el maestro SUNAT (001_TBL_CLIENTES_B2B) -- no se puede validar SUNAT/Osiptel para este RUC.'],2,Contacto proactivo antes del vencimiento + oferta de plan de pago fraccionado; escalar a gestor de cuenta senior.
,,,,,SIN_HISTORIAL_DE_FACTURACION,,,,,False,ALERTA — REVISIÓN HUMANA,['Cliente no encontrado en el maestro SUNAT (001_TBL_CLIENTES_B2B) -- no se puede validar SUNAT/Osiptel para este RUC.'],0,
,,,,,SIN_HISTORIAL_DE_FACTURACION,,,,,False,ALERTA — REVISIÓN HUMANA,['Cliente no encontrado en el maestro SUNAT (001_TBL_CLIENTES_B2B) -- no se puede validar SUNAT/Osiptel para este RUC.'],0,
RUC_4d6a430bb792,CLIENT_00377,LIMA,Lima,San Borja,SIN_HISTORIAL_DE_FACTURACION,,,,,True,OK,[],0,
,,,,,SIN_HISTORIAL_DE_FACTURACION,,,,,False,ALERTA — REVISIÓN HUMANA,['Cliente no encontrado en el maestro SUNAT (001_TBL_CLIENTES_B2B) -- no se puede validar SUNAT/Osiptel para este RUC.'],0,
RUC_7211ea0ebcf7,CLIENT_00977,PIURA,Piura,Piura,ALTO,BAJO,-7.3,23.0,False,True,ALERTA — REVISIÓN HUMANA,['Todas sus líneas (fija/móvil) están inactivas o suspendidas'],2,Mantener ciclo de facturación estándar; sin acción de cobranza adicional.
,,,,,BAJO,BAJO,-1.8,4.0,False,False,ALERTA — REVISIÓN HUMANA,['Cliente no encontrado en el maestro SUNAT (001_TBL_CLIENTES_B2B) -- no se puede validar SUNAT/Osiptel para este RUC.'],0,Mantener ciclo de facturación estándar; sin acción de cobranza adicional.
,,,,,SIN_HISTORIAL_DE_FACTURACION,,,,,False,ALERTA — REVISIÓN HUMANA,['Cliente no encontrado en el maestro SUNAT (001_TBL_CLIENTES_B2B) -- no se puede validar SUNAT/Osiptel para este RUC.'],0,
,,,,,SIN_HISTORIAL_DE_FACTURACION,,,,,False,ALERTA — REVISIÓN HUMANA,['Cliente no encontrado en el maestro SUNAT (001_TBL_CLIENTES_B2B) -- no se puede validar SUNAT/Osiptel para este RUC.'],0,
RUC_1f799a4dc19f,CLIENT_00489,PASCO,Pasco,Chaupimarca,SIN_HISTORIAL_DE_FACTURACION,,,,,True,OK,[],0,
,,,,,SIN_HISTORIAL_DE_FACTURACION,,,,,False,ALERTA — REVISIÓN HUMANA,['Cliente no encontrado en el maestro SUNAT (001_TBL_CLIENTES_B2B) -- no se puede validar SUNAT/Osiptel para este RUC.'],0,
RUC_63ee9d97dc70,CLIENT_00083,AREQUIPA,Arequipa,La Joya,ALTO,,,,,True,ALERTA — REVISIÓN HUMANA,['SUNAT_ESTADO_CONTRIBUYENTE=BAJA DE OFICIO (no ACTIVO)'],0,
,,,,,ALTO,ALTO,24.7,48.0,False,False,ALERTA — REVISIÓN HUMANA,['Cliente no encontrado en el maestro SUNAT (001_TBL_CLIENTES_B2B) -- no se puede validar SUNAT/Osiptel para este RUC.'],5,Contacto proactivo antes del vencimiento + oferta de plan de pago fraccionado; escalar a gestor de cuenta senior.
RUC_02f4fbb04946,CLIENT_00292,LIMA,Lima,San Borja,BAJO,BAJO,0.0,4.0,True,True,OK,[],0,Mantener ciclo de facturación estándar; sin acción de cobranza adicional.
,,,,,SIN_HISTORIAL_DE_FACTURACION,,,,,False,ALERTA — REVISIÓN HUMANA,['Cliente no encontrado en el maestro SUNAT (001_TBL_CLIENTES_B2B) -- no se puede validar SUNAT/Osiptel para este RUC.'],0,
RUC_94ce3f11537f,CLIENT_00885,LA LIBERTAD,Trujillo,Trujillo,SIN_HISTORIAL_DE_FACTURACION,,,,,True,OK,[],0,
,,,,,SIN_HISTORIAL_DE_FACTURACION,,,,,False,ALERTA — REVISIÓN HUMANA,['Cliente no encontrado en el maestro SUNAT (001_TBL_CLIENTES_B2B) -- no se puede validar SUNAT/Osiptel para este RUC.'],0,
,,,,,SIN_HISTORIAL_DE_FACTURACION,,,,,False,ALERTA — REVISIÓN HUMANA,['Cliente no encontrado en el maestro SUNAT (001_TBL_CLIENTES_B2B) -- no se puede validar SUNAT/Osiptel para este RUC.'],0,
,,,,,BAJO,BAJO,-5.2,1.0,False,False,ALERTA — REVISIÓN HUMANA,['Cliente no encontrado en el maestro SUNAT (001_TBL_CLIENTES_B2B) -- no se puede validar SUNAT/Osiptel para este RUC.'],0,Mantener ciclo de facturación estándar; sin acción de cobranza adicional.
,,,,,SIN_HISTORIAL_DE_FACTURACION,,,,,False,ALERTA — REVISIÓN HUMANA,['Cliente no encontrado en el maestro SUNAT (001_TBL_CLIENTES_B2B) -- no se puede validar SUNAT/Osiptel para este RUC.'],0,
,,,,,BAJO,BAJO,-1.5,0.0,True,False,ALERTA — REVISIÓN HUMANA,['Cliente no encontrado en el maestro SUNAT (001_TBL_CLIENTES_B2B) -- no se puede validar SUNAT/Osiptel para este RUC.'],1,Mantener ciclo de facturación estándar; sin acción de cobranza adicional.
,,,,,SIN_HISTORIAL_DE_FACTURACION,,,,,False,ALERTA — REVISIÓN HUMANA,['Cliente no encontrado en el maestro SUNAT (001_TBL_CLIENTES_B2B) -- no se puede validar SUNAT/Osiptel para este RUC.'],0,
,,,,,SIN_HISTORIAL_DE_FACTURACION,,,,,False,ALERTA — REVISIÓN HUMANA,['Cliente no encontrado en el maestro SUNAT (001_TBL_CLIENTES_B2B) -- no se puede validar SUNAT/Osiptel para este RUC.'],0,
,,,,,SIN_HISTORIAL_DE_FACTURACION,,,,,False,ALERTA — REVISIÓN HUMANA,['Cliente no encontrado en el maestro SUNAT (001_TBL_CLIENTES_B2B) -- no se puede validar SUNAT/Osiptel para este RUC.'],0,
RUC_83db615be044,CLIENT_00861,LIMA,Lima,Lince,SIN_HISTORIAL_DE_FACTURACION,,,,,True,OK,[],0,
,,,,,SIN_HISTORIAL_DE_FACTURACION,,,,,False,ALERTA — REVISIÓN HUMANA,['Cliente no encontrado en el maestro SUNAT (001_TBL_CLIENTES_B2B) -- no se puede validar SUNAT/Osiptel para este RUC.'],0,
,,,,,SIN_HISTORIAL_DE_FACTURACION,,,,,False,ALERTA — REVISIÓN HUMANA,['Cliente no encontrado en el maestro SUNAT (001_TBL_CLIENTES_B2B) -- no se puede validar SUNAT/Osiptel para este RUC.'],0,
RUC_68c69b764c23,CLIENT_00459,PIURA,Piura,Castilla,SIN_HISTORIAL_DE_FACTURACION,,,,,True,OK,[],0,
RUC_512e5e0b3a7a,CLIENT_00371,LIMA,Lima,San Martín de Porres,BAJO,BAJO,-13.0,-12.0,False,True,OK,[],0,Mantener ciclo de facturación estándar; sin acción de cobranza adicional.
,,,,,BAJO,BAJO,2.5,3.0,False,False,ALERTA — REVISIÓN HUMANA,['Cliente no encontrado en el maestro SUNAT (001_TBL_CLIENTES_B2B) -- no se puede validar SUNAT/Osiptel para este RUC.'],1,Mantener ciclo de facturación estándar; sin acción de cobranza adicional.
,,,,,BAJO,BAJO,-1.0,1.0,False,False,ALERTA — REVISIÓN HUMANA,['Cliente no encontrado en el maestro SUNAT (001_TBL_CLIENTES_B2B) -- no se puede validar SUNAT/Osiptel para este RUC.'],0,Mantener ciclo de facturación estándar; sin acción de cobranza adicional.
,,,,,SIN_HISTORIAL_DE_FACTURACION,,,,,False,ALERTA — REVISIÓN HUMANA,['Cliente no encontrado en el maestro SUNAT (001_TBL_CLIENTES_B2B) -- no se puede validar SUNAT/Osiptel para este RUC.'],0,
,,,,,SIN_HISTORIAL_DE_FACTURACION,,,,,False,ALERTA — REVISIÓN HUMANA,['Cliente no encontrado en el maestro SUNAT (001_TBL_CLIENTES_B2B) -- no se puede validar SUNAT/Osiptel para este RUC.'],0,
,,,,,SIN_HISTORIAL_DE_FACTURACION,,,,,False,ALERTA — REVISIÓN HUMANA,['Cliente no encontrado en el maestro SUNAT (001_TBL_CLIENTES_B2B) -- no se puede validar SUNAT/Osiptel para este RUC.'],0,
,,,,,SIN_HISTORIAL_DE_FACTURACION,,,,,False,ALERTA — REVISIÓN HUMANA,['Cliente no encontrado en el maestro SUNAT (001_TBL_CLIENTES_B2B) -- no se puede validar SUNAT/Osiptel para este RUC.'],0,
,,,,,SIN_HISTORIAL_DE_FACTURACION,,,,,False,ALERTA — REVISIÓN HUMANA,['Cliente no encontrado en el maestro SUNAT (001_TBL_CLIENTES_B2B) -- no se puede validar SUNAT/Osiptel para este RUC.'],0,
,,,,,SIN_HISTORIAL_DE_FACTURACION,,,,,False,ALERTA — REVISIÓN HUMANA,['Cliente no encontrado en el maestro SUNAT (001_TBL_CLIENTES_B2B) -- no se puede validar SUNAT/Osiptel para este RUC.'],0,
RUC_0d963318d90a,CLIENT_00564,CAJAMARCA,Cajamarca,Cajamarca,BAJO,BAJO,-6.0,-6.0,False,True,OK,[],0,Mantener ciclo de facturación estándar; sin acción de cobranza adicional.
RUC_752a92f544f8,CLIENT_00044,LIMA,Lima,Chorrillos,SIN_HISTORIAL_DE_FACTURACION,,,,,True,OK,[],0,
RUC_cf92a9b93290,CLIENT_00376,LIMA,Lima,Pueblo Libre,ALTO,ALTO,30.0,30.0,False,True,OK,[],1,Contacto proactivo antes del vencimiento + oferta de plan de pago fraccionado; escalar a gestor de cuenta senior.
,,,,,SIN_HISTORIAL_DE_FACTURACION,,,,,False,ALERTA — REVISIÓN HUMANA,['Cliente no encontrado en el maestro SUNAT (001_TBL_CLIENTES_B2B) -- no se puede validar SUNAT/Osiptel para este RUC.'],0,
,,,,,SIN_HISTORIAL_DE_FACTURACION,,,,,False,ALERTA — REVISIÓN HUMANA,['Cliente no encontrado en el maestro SUNAT (001_TBL_CLIENTES_B2B) -- no se puede validar SUNAT/Osiptel para este RUC.'],0,
,,,,,SIN_HISTORIAL_DE_FACTURACION,,,,,False,ALERTA — REVISIÓN HUMANA,['Cliente no encontrado en el maestro SUNAT (001_TBL_CLIENTES_B2B) -- no se puede validar SUNAT/Osiptel para este RUC.'],0,
,,,,,SIN_HISTORIAL_DE_FACTURACION,,,,,False,ALERTA — REVISIÓN HUMANA,['Cliente no encontrado en el maestro SUNAT (001_TBL_CLIENTES_B2B) -- no se puede validar SUNAT/Osiptel para este RUC.'],0,
,,,,,BAJO,BAJO,-10.5,-10.0,True,False,ALERTA — REVISIÓN HUMANA,['Cliente no encontrado en el maestro SUNAT (001_TBL_CLIENTES_B2B) -- no se puede validar SUNAT/Osiptel para este RUC.'],1,Mantener ciclo de facturación estándar; sin acción de cobranza adicional.
,,,,,SIN_HISTORIAL_DE_FACTURACION,,,,,False,ALERTA — REVISIÓN HUMANA,['Cliente no encontrado en el maestro SUNAT (001_TBL_CLIENTES_B2B) -- no se puede validar SUNAT/Osiptel para este RUC.'],0,
RUC_0798da4f4504,CLIENT_00445,CAJAMARCA,Jaén,Pucara,SIN_HISTORIAL_DE_FACTURACION,,,,,True,OK,[],0,
,,,,,SIN_HISTORIAL_DE_FACTURACION,,,,,False,ALERTA — REVISIÓN HUMANA,['Cliente no encontrado en el maestro SUNAT (001_TBL_CLIENTES_B2B) -- no se puede validar SUNAT/Osiptel para este RUC.'],0,
,,,,,SIN_HISTORIAL_DE_FACTURACION,,,,,False,ALERTA — REVISIÓN HUMANA,['Cliente no encontrado en el maestro SUNAT (001_TBL_CLIENTES_B2B) -- no se puede validar SUNAT/Osiptel para este RUC.'],0,
RUC_7abbf0cf87ab,CLIENT_00850,PIURA,Piura,Piura,ALTO,BAJO,-4.2,4.0,False,True,ALERTA — REVISIÓN HUMANA,['SUNAT_ESTADO_CONTRIBUYENTE=BAJA DE OFICIO (no ACTIVO)'],0,Mantener ciclo de facturación estándar; sin acción de cobranza adicional.
RUC_3e42e73c0db6,CLIENT_00506,LIMA,Lima,Lima,SIN_HISTORIAL_DE_FACTURACION,,,,,True,OK,[],0,
,,,,,SIN_HISTORIAL_DE_FACTURACION,,,,,False,ALERTA — REVISIÓN HUMANA,['Cliente no encontrado en el maestro SUNAT (001_TBL_CLIENTES_B2B) -- no se puede validar SUNAT/Osiptel para este RUC.'],0,
,,,,,SIN_HISTORIAL_DE_FACTURACION,,,,,False,ALERTA — REVISIÓN HUMANA,['Cliente no encontrado en el maestro SUNAT (001_TBL_CLIENTES_B2B) -- no se puede validar SUNAT/Osiptel para este RUC.'],0,
,,,,,SIN_HISTORIAL_DE_FACTURACION,,,,,False,ALERTA — REVISIÓN HUMANA,['Cliente no encontrado en el maestro SUNAT (001_TBL_CLIENTES_B2B) -- no se puede validar SUNAT/Osiptel para este RUC.'],0,
,,,,,SIN_HISTORIAL_DE_FACTURACION,,,,,False,ALERTA — REVISIÓN HUMANA,['Cliente no encontrado en el maestro SUNAT (001_TBL_CLIENTES_B2B) -- no se puede validar SUNAT/Osiptel para este RUC.'],0,
,,,,,SIN_HISTORIAL_DE_FACTURACION,,,,,False,ALERTA — REVISIÓN HUMANA,['Cliente no encontrado en el maestro SUNAT (001_TBL_CLIENTES_B2B) -- no se puede validar SUNAT/Osiptel para este RUC.'],0,
RUC_2dd38cd2a8cb,CLIENT_00352,LIMA,Lima,Miraflores,SIN_HISTORIAL_DE_FACTURACION,,,,,True,OK,[],0,
RUC_d158edee8c02,CLIENT_00277,LA LIBERTAD,Trujillo,Trujillo,SIN_HISTORIAL_DE_FACTURACION,,,,,True,OK,[],0,
,,,,,SIN_HISTORIAL_DE_FACTURACION,,,,,False,ALERTA — REVISIÓN HUMANA,['Cliente no encontrado en el maestro SUNAT (001_TBL_CLIENTES_B2B) -- no se puede validar SUNAT/Osiptel para este RUC.'],0,
,,,,,SIN_HISTORIAL_DE_FACTURACION,,,,,False,ALERTA — REVISIÓN HUMANA,['Cliente no encontrado en el maestro SUNAT (001_TBL_CLIENTES_B2B) -- no se puede validar SUNAT/Osiptel para este RUC.'],0,
,,,,,SIN_HISTORIAL_DE_FACTURACION,,,,,False,ALERTA — REVISIÓN HUMANA,['Cliente no encontrado en el maestro SUNAT (001_TBL_CLIENTES_B2B) -- no se puede validar SUNAT/Osiptel para este RUC.'],0,
,,,,,BAJO,BAJO,-2.0,2.0,False,False,ALERTA — REVISIÓN HUMANA,['Cliente no encontrado en el maestro SUNAT (001_TBL_CLIENTES_B2B) -- no se puede validar SUNAT/Osiptel para este RUC.'],0,Mantener ciclo de facturación estándar; sin acción de cobranza adicional.
,,,,,SIN_HISTORIAL_DE_FACTURACION,,,,,False,ALERTA — REVISIÓN HUMANA,['Cliente no encontrado en el maestro SUNAT (001_TBL_CLIENTES_B2B) -- no se puede validar SUNAT/Osiptel para este RUC.'],0,
,,,,,SIN_HISTORIAL_DE_FACTURACION,,,,,False,ALERTA — REVISIÓN HUMANA,['Cliente no encontrado en el maestro SUNAT (001_TBL_CLIENTES_B2B) -- no se puede validar SUNAT/Osiptel para este RUC.'],0,
,,,,,BAJO,BAJO,-12.5,-12.0,True,False,ALERTA — REVISIÓN HUMANA,['Cliente no encontrado en el maestro SUNAT (001_TBL_CLIENTES_B2B) -- no se puede validar SUNAT/Osiptel para este RUC.'],0,Mantener ciclo de facturación estándar; sin acción de cobranza adicional.
,,,,,SIN_HISTORIAL_DE_FACTURACION,,,,,False,ALERTA — REVISIÓN HUMANA,['Cliente no encontrado en el maestro SUNAT (001_TBL_CLIENTES_B2B) -- no se puede validar SUNAT/Osiptel para este RUC.'],0,
,,,,,SIN_HISTORIAL_DE_FACTURACION,,,,,False,ALERTA — REVISIÓN HUMANA,['Cliente no encontrado en el maestro SUNAT (001_TBL_CLIENTES_B2B) -- no se puede validar SUNAT/Osiptel para este RUC.'],0,
,,,,,SIN_HISTORIAL_DE_FACTURACION,,,,,False,ALERTA — REVISIÓN HUMANA,['Cliente no encontrado en el maestro SUNAT (001_TBL_CLIENTES_B2B) -- no se puede validar SUNAT/Osiptel para este RUC.'],0,
RUC_9c1af89a9798,CLIENT_00646,LA LIBERTAD,Trujillo,Trujillo,ALTO,ALTO,15.5,27.0,False,True,OK,[],1,Contacto proactivo antes del vencimiento + oferta de plan de pago fraccionado; escalar a gestor de cuenta senior.
,,,,,SIN_HISTORIAL_DE_FACTURACION,,,,,False,ALERTA — REVISIÓN HUMANA,['Cliente no encontrado en el maestro SUNAT (001_TBL_CLIENTES_B2B) -- no se puede validar SUNAT/Osiptel para este RUC.'],0,
,,,,,SIN_HISTORIAL_DE_FACTURACION,,,,,False,ALERTA — REVISIÓN HUMANA,['Cliente no encontrado en el maestro SUNAT (001_TBL_CLIENTES_B2B) -- no se puede validar SUNAT/Osiptel para este RUC.'],0,
RUC_bed1c06f0140,CLIENT_00310,JUNIN,Huancayo,Chilca,ALTO,BAJO,-2.0,3.0,False,True,ALERTA — REVISIÓN HUMANA,['SUNAT_ESTADO_CONTRIBUYENTE=BAJA DE OFICIO (no ACTIVO)'],0,Mantener ciclo de facturación estándar; sin acción de cobranza adicional.
,,,,,SIN_HISTORIAL_DE_FACTURACION,,,,,False,ALERTA — REVISIÓN HUMANA,['Cliente no encontrado en el maestro SUNAT (001_TBL_CLIENTES_B2B) -- no se puede validar SUNAT/Osiptel para este RUC.'],0,
,,,,,SIN_HISTORIAL_DE_FACTURACION,,,,,False,ALERTA — REVISIÓN HUMANA,['Cliente no encontrado en el maestro SUNAT (001_TBL_CLIENTES_B2B) -- no se puede validar SUNAT/Osiptel para este RUC.'],0,
,,,,,SIN_HISTORIAL_DE_FACTURACION,,,,,False,ALERTA — REVISIÓN HUMANA,['Cliente no encontrado en el maestro SUNAT (001_TBL_CLIENTES_B2B) -- no se puede validar SUNAT/Osiptel para este RUC.'],0,
RUC_738437fccf9a,CLIENT_00091,LIMA,Lima,La Victoria,BAJO,BAJO,-11.5,-9.0,False,True,OK,[],0,Mantener ciclo de facturación estándar; sin acción de cobranza adicional.
RUC_fb14de69ecc9,CLIENT_00074,PIURA,Piura,Piura,ALTO,,,,,True,ALERTA — REVISIÓN HUMANA,['Todas sus líneas (fija/móvil) están inactivas o suspendidas'],0,
RUC_ffaaaf4a9c8a,CLIENT_00536,SAN MARTIN,San Martín,La Banda de Shilcayo,ALTO,,,,,True,ALERTA — REVISIÓN HUMANA,['Todas sus líneas (fija/móvil) están inactivas o suspendidas'],0,
,,,,,SIN_HISTORIAL_DE_FACTURACION,,,,,False,ALERTA — REVISIÓN HUMANA,['Cliente no encontrado en el maestro SUNAT (001_TBL_CLIENTES_B2B) -- no se puede validar SUNAT/Osiptel para este RUC.'],0,
,,,,,BAJO,BAJO,-6.8,-3.0,False,False,ALERTA — REVISIÓN HUMANA,['Cliente no encontrado en el maestro SUNAT (001_TBL_CLIENTES_B2B) -- no se puede validar SUNAT/Osiptel para este RUC.'],0,Mantener ciclo de facturación estándar; sin acción de cobranza adicional.
,,,,,BAJO,BAJO,-4.0,3.0,False,False,ALERTA — REVISIÓN HUMANA,['Cliente no encontrado en el maestro SUNAT (001_TBL_CLIENTES_B2B) -- no se puede validar SUNAT/Osiptel para este RUC.'],0,Mantener ciclo de facturación estándar; sin acción de cobranza adicional.
,,,,,SIN_HISTORIAL_DE_FACTURACION,,,,,False,ALERTA — REVISIÓN HUMANA,['Cliente no encontrado en el maestro SUNAT (001_TBL_CLIENTES_B2B) -- no se puede validar SUNAT/Osiptel para este RUC.'],0,
,,,,,BAJO,BAJO,3.3,18.0,False,False,ALERTA — REVISIÓN HUMANA,['Cliente no encontrado en el maestro SUNAT (001_TBL_CLIENTES_B2B) -- no se puede validar SUNAT/Osiptel para este RUC.'],3,Mantener ciclo de facturación estándar; sin acción de cobranza adicional.
,,,,,BAJO,BAJO,-2.7,3.0,False,False,ALERTA — REVISIÓN HUMANA,['Cliente no encontrado en el maestro SUNAT (001_TBL_CLIENTES_B2B) -- no se puede validar SUNAT/Osiptel para este RUC.'],0,Mantener ciclo de facturación estándar; sin acción de cobranza adicional.
,,,,,SIN_HISTORIAL_DE_FACTURACION,,,,,False,ALERTA — REVISIÓN HUMANA,['Cliente no encontrado en el maestro SUNAT (001_TBL_CLIENTES_B2B) -- no se puede validar SUNAT/Osiptel para este RUC.'],0,
,,,,,SIN_HISTORIAL_DE_FACTURACION,,,,,False,ALERTA — REVISIÓN HUMANA,['Cliente no encontrado en el maestro SUNAT (001_TBL_CLIENTES_B2B) -- no se puede validar SUNAT/Osiptel para este RUC.'],0,
RUC_0e6b7ca6520e,CLIENT_00613,LIMA,Lima,Carabayllo,BAJO,BAJO,-7.3,3.0,False,True,OK,[],3,Mantener ciclo de facturación estándar; sin acción de cobranza adicional.
,,,,,SIN_HISTORIAL_DE_FACTURACION,,,,,False,ALERTA — REVISIÓN HUMANA,['Cliente no encontrado en el maestro SUNAT (001_TBL_CLIENTES_B2B) -- no se puede validar SUNAT/Osiptel para este RUC.'],0,
,,,,,SIN_HISTORIAL_DE_FACTURACION,,,,,False,ALERTA — REVISIÓN HUMANA,['Cliente no encontrado en el maestro SUNAT (001_TBL_CLIENTES_B2B) -- no se puede validar SUNAT/Osiptel para este RUC.'],0,
,,,,,SIN_HISTORIAL_DE_FACTURACION,,,,,False,ALERTA — REVISIÓN HUMANA,['Cliente no encontrado en el maestro SUNAT (001_TBL_CLIENTES_B2B) -- no se puede validar SUNAT/Osiptel para este RUC.'],0,
,,,,,BAJO,BAJO,1.0,1.0,False,False,ALERTA — REVISIÓN HUMANA,['Cliente no encontrado en el maestro SUNAT (001_TBL_CLIENTES_B2B) -- no se puede validar SUNAT/Osiptel para este RUC.'],0,Mantener ciclo de facturación estándar; sin acción de cobranza adicional.
,,,,,SIN_HISTORIAL_DE_FACTURACION,,,,,False,ALERTA — REVISIÓN HUMANA,['Cliente no encontrado en el maestro SUNAT (001_TBL_CLIENTES_B2B) -- no se puede validar SUNAT/Osiptel para este RUC.'],0,
,,,,,SIN_HISTORIAL_DE_FACTURACION,,,,,False,ALERTA — REVISIÓN HUMANA,['Cliente no encontrado en el maestro SUNAT (001_TBL_CLIENTES_B2B) -- no se puede validar SUNAT/Osiptel para este RUC.'],0,
,,,,,SIN_HISTORIAL_DE_FACTURACION,,,,,False,ALERTA — REVISIÓN HUMANA,['Cliente no encontrado en el maestro SUNAT (001_TBL_CLIENTES_B2B) -- no se puede validar SUNAT/Osiptel para este RUC.'],0,
RUC_e893c57adeb8,CLIENT_00997,AREQUIPA,Arequipa,Paucarpata,BAJO,BAJO,3.0,7.0,True,True,OK,[],0,Mantener ciclo de facturación estándar; sin acción de cobranza adicional.
,,,,,SIN_HISTORIAL_DE_FACTURACION,,,,,False,ALERTA — REVISIÓN HUMANA,['Cliente no encontrado en el maestro SUNAT (001_TBL_CLIENTES_B2B) -- no se puede validar SUNAT/Osiptel para este RUC.'],0,
,,,,,SIN_HISTORIAL_DE_FACTURACION,,,,,False,ALERTA — REVISIÓN HUMANA,['Cliente no encontrado en el maestro SUNAT (001_TBL_CLIENTES_B2B) -- no se puede validar SUNAT/Osiptel para este RUC.'],0,
RUC_feb6d62217e8,CLIENT_00031,LIMA,Lima,Lince,ALTO,BAJO,-4.0,-4.0,False,True,ALERTA — REVISIÓN HUMANA,['SUNAT_ESTADO_CONTRIBUYENTE=SUSPENSION TEMPORAL (no ACTIVO)'],0,Mantener ciclo de facturación estándar; sin acción de cobranza adicional.
,,,,,SIN_HISTORIAL_DE_FACTURACION,,,,,False,ALERTA — REVISIÓN HUMANA,['Cliente no encontrado en el maestro SUNAT (001_TBL_CLIENTES_B2B) -- no se puede validar SUNAT/Osiptel para este RUC.'],0,
,,,,,SIN_HISTORIAL_DE_FACTURACION,,,,,False,ALERTA — REVISIÓN HUMANA,['Cliente no encontrado en el maestro SUNAT (001_TBL_CLIENTES_B2B) -- no se puede validar SUNAT/Osiptel para este RUC.'],0,
,,,,,SIN_HISTORIAL_DE_FACTURACION,,,,,False,ALERTA — REVISIÓN HUMANA,['Cliente no encontrado en el maestro SUNAT (001_TBL_CLIENTES_B2B) -- no se puede validar SUNAT/Osiptel para este RUC.'],0,
RUC_2393d73e95a2,CLIENT_00565,LIMA,Lima,San Isidro,SIN_HISTORIAL_DE_FACTURACION,,,,,True,OK,[],0,
RUC_ddbb085672f5,CLIENT_00630,LAMBAYEQUE,Chiclayo,José Leonardo Ortiz,ALTO,ALTO,22.5,23.0,True,True,OK,[],2,Contacto proactivo antes del vencimiento + oferta de plan de pago fraccionado; escalar a gestor de cuenta senior.
,,,,,SIN_HISTORIAL_DE_FACTURACION,,,,,False,ALERTA — REVISIÓN HUMANA,['Cliente no encontrado en el maestro SUNAT (001_TBL_CLIENTES_B2B) -- no se puede validar SUNAT/Osiptel para este RUC.'],0,
,,,,,SIN_HISTORIAL_DE_FACTURACION,,,,,False,ALERTA — REVISIÓN HUMANA,['Cliente no encontrado en el maestro SUNAT (001_TBL_CLIENTES_B2B) -- no se puede validar SUNAT/Osiptel para este RUC.'],0,
,,,,,SIN_HISTORIAL_DE_FACTURACION,,,,,False,ALERTA — REVISIÓN HUMANA,['Cliente no encontrado en el maestro SUNAT (001_TBL_CLIENTES_B2B) -- no se puede validar SUNAT/Osiptel para este RUC.'],0,
,,,,,BAJO,BAJO,1.2,3.0,False,False,ALERTA — REVISIÓN HUMANA,['Cliente no encontrado en el maestro SUNAT (001_TBL_CLIENTES_B2B) -- no se puede validar SUNAT/Osiptel para este RUC.'],0,Mantener ciclo de facturación estándar; sin acción de cobranza adicional.
,,,,,SIN_HISTORIAL_DE_FACTURACION,,,,,False,ALERTA — REVISIÓN HUMANA,['Cliente no encontrado en el maestro SUNAT (001_TBL_CLIENTES_B2B) -- no se puede validar SUNAT/Osiptel para este RUC.'],0,
,,,,,SIN_HISTORIAL_DE_FACTURACION,,,,,False,ALERTA — REVISIÓN HUMANA,['Cliente no encontrado en el maestro SUNAT (001_TBL_CLIENTES_B2B) -- no se puede validar SUNAT/Osiptel para este RUC.'],0,
RUC_c4d28934c334,CLIENT_00578,LIMA,Lima,San Borja,BAJO,BAJO,-14.5,-13.0,False,True,OK,[],0,Mantener ciclo de facturación estándar; sin acción de cobranza adicional.
,,,,,SIN_HISTORIAL_DE_FACTURACION,,,,,False,ALERTA — REVISIÓN HUMANA,['Cliente no encontrado en el maestro SUNAT (001_TBL_CLIENTES_B2B) -- no se puede validar SUNAT/Osiptel para este RUC.'],0,
,,,,,SIN_HISTORIAL_DE_FACTURACION,,,,,False,ALERTA — REVISIÓN HUMANA,['Cliente no encontrado en el maestro SUNAT (001_TBL_CLIENTES_B2B) -- no se puede validar SUNAT/Osiptel para este RUC.'],0,
,,,,,SIN_HISTORIAL_DE_FACTURACION,,,,,False,ALERTA — REVISIÓN HUMANA,['Cliente no encontrado en el maestro SUNAT (001_TBL_CLIENTES_B2B) -- no se puede validar SUNAT/Osiptel para este RUC.'],0,
,,,,,SIN_HISTORIAL_DE_FACTURACION,,,,,False,ALERTA — REVISIÓN HUMANA,['Cliente no encontrado en el maestro SUNAT (001_TBL_CLIENTES_B2B) -- no se puede validar SUNAT/Osiptel para este RUC.'],0,
,,,,,SIN_HISTORIAL_DE_FACTURACION,,,,,False,ALERTA — REVISIÓN HUMANA,['Cliente no encontrado en el maestro SUNAT (001_TBL_CLIENTES_B2B) -- no se puede validar SUNAT/Osiptel para este RUC.'],0,
,,,,,SIN_HISTORIAL_DE_FACTURACION,,,,,False,ALERTA — REVISIÓN HUMANA,['Cliente no encontrado en el maestro SUNAT (001_TBL_CLIENTES_B2B) -- no se puede validar SUNAT/Osiptel para este RUC.'],0,
,,,,,SIN_HISTORIAL_DE_FACTURACION,,,,,False,ALERTA — REVISIÓN HUMANA,['Cliente no encontrado en el maestro SUNAT (001_TBL_CLIENTES_B2B) -- no se puede validar SUNAT/Osiptel para este RUC.'],0,
,,,,,SIN_HISTORIAL_DE_FACTURACION,,,,,False,ALERTA — REVISIÓN HUMANA,['Cliente no encontrado en el maestro SUNAT (001_TBL_CLIENTES_B2B) -- no se puede validar SUNAT/Osiptel para este RUC.'],0,
,,,,,SIN_HISTORIAL_DE_FACTURACION,,,,,False,ALERTA — REVISIÓN HUMANA,['Cliente no encontrado en el maestro SUNAT (001_TBL_CLIENTES_B2B) -- no se puede validar SUNAT/Osiptel para este RUC.'],0,
,,,,,SIN_HISTORIAL_DE_FACTURACION,,,,,False,ALERTA — REVISIÓN HUMANA,['Cliente no encontrado en el maestro SUNAT (001_TBL_CLIENTES_B2B) -- no se puede validar SUNAT/Osiptel para este RUC.'],0,
,,,,,SIN_HISTORIAL_DE_FACTURACION,,,,,False,ALERTA — REVISIÓN HUMANA,['Cliente no encontrado en el maestro SUNAT (001_TBL_CLIENTES_B2B) -- no se puede validar SUNAT/Osiptel para este RUC.'],0,
,,,,,BAJO,BAJO,1.3,39.0,False,False,ALERTA — REVISIÓN HUMANA,['Cliente no encontrado en el maestro SUNAT (001_TBL_CLIENTES_B2B) -- no se puede validar SUNAT/Osiptel para este RUC.'],3,Mantener ciclo de facturación estándar; sin acción de cobranza adicional.
,,,,,SIN_HISTORIAL_DE_FACTURACION,,,,,False,ALERTA — REVISIÓN HUMANA,['Cliente no encontrado en el maestro SUNAT (001_TBL_CLIENTES_B2B) -- no se puede validar SUNAT/Osiptel para este RUC.'],0,
,,,,,SIN_HISTORIAL_DE_FACTURACION,,,,,False,ALERTA — REVISIÓN HUMANA,['Cliente no encontrado en el maestro SUNAT (001_TBL_CLIENTES_B2B) -- no se puede validar SUNAT/Osiptel para este RUC.'],0,
,,,,,BAJO,BAJO,-11.5,-11.0,True,False,ALERTA — REVISIÓN HUMANA,['Cliente no encontrado en el maestro SUNAT (001_TBL_CLIENTES_B2B) -- no se puede validar SUNAT/Osiptel para este RUC.'],0,Mantener ciclo de facturación estándar; sin acción de cobranza adicional.
,,,,,SIN_HISTORIAL_DE_FACTURACION,,,,,False,ALERTA — REVISIÓN HUMANA,['Cliente no encontrado en el maestro SUNAT (001_TBL_CLIENTES_B2B) -- no se puede validar SUNAT/Osiptel para este RUC.'],0,
RUC_15d0d26f7384,CLIENT_00809,LIMA,Lima,Miraflores,BAJO,BAJO,0.0,2.0,False,True,OK,[],0,Mantener ciclo de facturación estándar; sin acción de cobranza adicional.
RUC_23cd03d19dbd,CLIENT_00730,CUSCO,Cusco,Cusco,ALTO,BAJO,0.0,0.0,False,True,ALERTA — REVISIÓN HUMANA,['SUNAT_ESTADO_CONTRIBUYENTE=BAJA DE OFICIO (no ACTIVO)'],0,Mantener ciclo de facturación estándar; sin acción de cobranza adicional.
,,,,,SIN_HISTORIAL_DE_FACTURACION,,,,,False,ALERTA — REVISIÓN HUMANA,['Cliente no encontrado en el maestro SUNAT (001_TBL_CLIENTES_B2B) -- no se puede validar SUNAT/Osiptel para este RUC.'],0,
,,,,,SIN_HISTORIAL_DE_FACTURACION,,,,,False,ALERTA — REVISIÓN HUMANA,['Cliente no encontrado en el maestro SUNAT (001_TBL_CLIENTES_B2B) -- no se puede validar SUNAT/Osiptel para este RUC.'],0,
,,,,,SIN_HISTORIAL_DE_FACTURACION,,,,,False,ALERTA — REVISIÓN HUMANA,['Cliente no encontrado en el maestro SUNAT (001_TBL_CLIENTES_B2B) -- no se puede validar SUNAT/Osiptel para este RUC.'],0,
,,,,,SIN_HISTORIAL_DE_FACTURACION,,,,,False,ALERTA — REVISIÓN HUMANA,['Cliente no encontrado en el maestro SUNAT (001_TBL_CLIENTES_B2B) -- no se puede validar SUNAT/Osiptel para este RUC.'],0,
RUC_eb85581d4a2c,CLIENT_00634,LIMA,Lima,La Molina,BAJO,BAJO,2.0,2.0,False,True,OK,[],0,Mantener ciclo de facturación estándar; sin acción de cobranza adicional.
,,,,,SIN_HISTORIAL_DE_FACTURACION,,,,,False,ALERTA — REVISIÓN HUMANA,['Cliente no encontrado en el maestro SUNAT (001_TBL_CLIENTES_B2B) -- no se puede validar SUNAT/Osiptel para este RUC.'],0,
,,,,,SIN_HISTORIAL_DE_FACTURACION,,,,,False,ALERTA — REVISIÓN HUMANA,['Cliente no encontrado en el maestro SUNAT (001_TBL_CLIENTES_B2B) -- no se puede validar SUNAT/Osiptel para este RUC.'],0,
,,,,,SIN_HISTORIAL_DE_FACTURACION,,,,,False,ALERTA — REVISIÓN HUMANA,['Cliente no encontrado en el maestro SUNAT (001_TBL_CLIENTES_B2B) -- no se puede validar SUNAT/Osiptel para este RUC.'],0,
,,,,,SIN_HISTORIAL_DE_FACTURACION,,,,,False,ALERTA — REVISIÓN HUMANA,['Cliente no encontrado en el maestro SUNAT (001_TBL_CLIENTES_B2B) -- no se puede validar SUNAT/Osiptel para este RUC.'],0,
,,,,,SIN_HISTORIAL_DE_FACTURACION,,,,,False,ALERTA — REVISIÓN HUMANA,['Cliente no encontrado en el maestro SUNAT (001_TBL_CLIENTES_B2B) -- no se puede validar SUNAT/Osiptel para este RUC.'],0,
,,,,,SIN_HISTORIAL_DE_FACTURACION,,,,,False,ALERTA — REVISIÓN HUMANA,['Cliente no encontrado en el maestro SUNAT (001_TBL_CLIENTES_B2B) -- no se puede validar SUNAT/Osiptel para este RUC.'],0,
RUC_ffb5ac9d1de7,CLIENT_00402,CAJAMARCA,Cajamarca,San Juan,BAJO,BAJO,-10.5,-9.0,False,True,OK,[],0,Mantener ciclo de facturación estándar; sin acción de cobranza adicional.
,,,,,SIN_HISTORIAL_DE_FACTURACION,,,,,False,ALERTA — REVISIÓN HUMANA,['Cliente no encontrado en el maestro SUNAT (001_TBL_CLIENTES_B2B) -- no se puede validar SUNAT/Osiptel para este RUC.'],0,
,,,,,SIN_HISTORIAL_DE_FACTURACION,,,,,False,ALERTA — REVISIÓN HUMANA,['Cliente no encontrado en el maestro SUNAT (001_TBL_CLIENTES_B2B) -- no se puede validar SUNAT/Osiptel para este RUC.'],0,
,,,,,SIN_HISTORIAL_DE_FACTURACION,,,,,False,ALERTA — REVISIÓN HUMANA,['Cliente no encontrado en el maestro SUNAT (001_TBL_CLIENTES_B2B) -- no se puede validar SUNAT/Osiptel para este RUC.'],0,
,,,,,SIN_HISTORIAL_DE_FACTURACION,,,,,False,ALERTA — REVISIÓN HUMANA,['Cliente no encontrado en el maestro SUNAT (001_TBL_CLIENTES_B2B) -- no se puede validar SUNAT/Osiptel para este RUC.'],0,
,,,,,SIN_HISTORIAL_DE_FACTURACION,,,,,False,ALERTA — REVISIÓN HUMANA,['Cliente no encontrado en el maestro SUNAT (001_TBL_CLIENTES_B2B) -- no se puede validar SUNAT/Osiptel para este RUC.'],0,
,,,,,SIN_HISTORIAL_DE_FACTURACION,,,,,False,ALERTA — REVISIÓN HUMANA,['Cliente no encontrado en el maestro SUNAT (001_TBL_CLIENTES_B2B) -- no se puede validar SUNAT/Osiptel para este RUC.'],0,
,,,,,BAJO,BAJO,1.9,22.0,False,False,ALERTA — REVISIÓN HUMANA,['Cliente no encontrado en el maestro SUNAT (001_TBL_CLIENTES_B2B) -- no se puede validar SUNAT/Osiptel para este RUC.'],2,Mantener ciclo de facturación estándar; sin acción de cobranza adicional.
,,,,,SIN_HISTORIAL_DE_FACTURACION,,,,,False,ALERTA — REVISIÓN HUMANA,['Cliente no encontrado en el maestro SUNAT (001_TBL_CLIENTES_B2B) -- no se puede validar SUNAT/Osiptel para este RUC.'],0,
,,,,,SIN_HISTORIAL_DE_FACTURACION,,,,,False,ALERTA — REVISIÓN HUMANA,['Cliente no encontrado en el maestro SUNAT (001_TBL_CLIENTES_B2B) -- no se puede validar SUNAT/Osiptel para este RUC.'],0,
,,,,,SIN_HISTORIAL_DE_FACTURACION,,,,,False,ALERTA — REVISIÓN HUMANA,['Cliente no encontrado en el maestro SUNAT (001_TBL_CLIENTES_B2B) -- no se puede validar SUNAT/Osiptel para este RUC.'],0,
,,,,,SIN_HISTORIAL_DE_FACTURACION,,,,,False,ALERTA — REVISIÓN HUMANA,['Cliente no encontrado en el maestro SUNAT (001_TBL_CLIENTES_B2B) -- no se puede validar SUNAT/Osiptel para este RUC.'],0,
,,,,,SIN_HISTORIAL_DE_FACTURACION,,,,,False,ALERTA — REVISIÓN HUMANA,['Cliente no encontrado en el maestro SUNAT (001_TBL_CLIENTES_B2B) -- no se puede validar SUNAT/Osiptel para este RUC.'],0,
,,,,,SIN_HISTORIAL_DE_FACTURACION,,,,,False,ALERTA — REVISIÓN HUMANA,['Cliente no encontrado en el maestro SUNAT (001_TBL_CLIENTES_B2B) -- no se puede validar SUNAT/Osiptel para este RUC.'],0,
RUC_13caa7dd83d3,CLIENT_00956,AREQUIPA,Arequipa,Cerro Colorado,SIN_HISTORIAL_DE_FACTURACION,,,,,True,OK,[],0,
,,,,,SIN_HISTORIAL_DE_FACTURACION,,,,,False,ALERTA — REVISIÓN HUMANA,['Cliente no encontrado en el maestro SUNAT (001_TBL_CLIENTES_B2B) -- no se puede validar SUNAT/Osiptel para este RUC.'],0,
,,,,,BAJO,BAJO,-4.0,1.0,False,False,ALERTA — REVISIÓN HUMANA,['Cliente no encontrado en el maestro SUNAT (001_TBL_CLIENTES_B2B) -- no se puede validar SUNAT/Osiptel para este RUC.'],0,Mantener ciclo de facturación estándar; sin acción de cobranza adicional.
RUC_9a007852a0fc,CLIENT_00742,LIMA,Lima,San Juan de Lurigancho,SIN_HISTORIAL_DE_FACTURACION,,,,,True,OK,[],0,
,,,,,SIN_HISTORIAL_DE_FACTURACION,,,,,False,ALERTA — REVISIÓN HUMANA,['Cliente no encontrado en el maestro SUNAT (001_TBL_CLIENTES_B2B) -- no se puede validar SUNAT/Osiptel para este RUC.'],0,
,,,,,SIN_HISTORIAL_DE_FACTURACION,,,,,False,ALERTA — REVISIÓN HUMANA,['Cliente no encontrado en el maestro SUNAT (001_TBL_CLIENTES_B2B) -- no se puede validar SUNAT/Osiptel para este RUC.'],0,
RUC_fce202044a0c,CLIENT_00933,LIMA,Lima,Miraflores,BAJO,BAJO,-6.0,-4.0,False,True,OK,[],0,Mantener ciclo de facturación estándar; sin acción de cobranza adicional.
,,,,,SIN_HISTORIAL_DE_FACTURACION,,,,,False,ALERTA — REVISIÓN HUMANA,['Cliente no encontrado en el maestro SUNAT (001_TBL_CLIENTES_B2B) -- no se puede validar SUNAT/Osiptel para este RUC.'],0,
,,,,,BAJO,BAJO,-3.0,-3.0,False,False,ALERTA — REVISIÓN HUMANA,['Cliente no encontrado en el maestro SUNAT (001_TBL_CLIENTES_B2B) -- no se puede validar SUNAT/Osiptel para este RUC.'],1,Mantener ciclo de facturación estándar; sin acción de cobranza adicional.
,,,,,SIN_HISTORIAL_DE_FACTURACION,,,,,False,ALERTA — REVISIÓN HUMANA,['Cliente no encontrado en el maestro SUNAT (001_TBL_CLIENTES_B2B) -- no se puede validar SUNAT/Osiptel para este RUC.'],0,
,,,,,BAJO,BAJO,-0.5,0.0,False,False,ALERTA — REVISIÓN HUMANA,['Cliente no encontrado en el maestro SUNAT (001_TBL_CLIENTES_B2B) -- no se puede validar SUNAT/Osiptel para este RUC.'],0,Mantener ciclo de facturación estándar; sin acción de cobranza adicional.
RUC_dfa46c20f24d,CLIENT_00487,LIMA,Lima,Lima,MEDIO,MEDIO,8.0,23.0,False,True,OK,[],0,Recordatorio automático 5 días antes del vencimiento por correo/WhatsApp; sin escalamiento humano todavía.
,,,,,SIN_HISTORIAL_DE_FACTURACION,,,,,False,ALERTA — REVISIÓN HUMANA,['Cliente no encontrado en el maestro SUNAT (001_TBL_CLIENTES_B2B) -- no se puede validar SUNAT/Osiptel para este RUC.'],0,
,,,,,SIN_HISTORIAL_DE_FACTURACION,,,,,False,ALERTA — REVISIÓN HUMANA,['Cliente no encontrado en el maestro SUNAT (001_TBL_CLIENTES_B2B) -- no se puede validar SUNAT/Osiptel para este RUC.'],0,
,,,,,SIN_HISTORIAL_DE_FACTURACION,,,,,False,ALERTA — REVISIÓN HUMANA,['Cliente no encontrado en el maestro SUNAT (001_TBL_CLIENTES_B2B) -- no se puede validar SUNAT/Osiptel para este RUC.'],0,
,,,,,SIN_HISTORIAL_DE_FACTURACION,,,,,False,ALERTA — REVISIÓN HUMANA,['Cliente no encontrado en el maestro SUNAT (001_TBL_CLIENTES_B2B) -- no se puede validar SUNAT/Osiptel para este RUC.'],0,
RUC_514d8f1831df,CLIENT_00048,LIMA,Lima,El Agustino,SIN_HISTORIAL_DE_FACTURACION,,,,,True,OK,[],0,
,,,,,SIN_HISTORIAL_DE_FACTURACION,,,,,False,ALERTA — REVISIÓN HUMANA,['Cliente no encontrado en el maestro SUNAT (001_TBL_CLIENTES_B2B) -- no se puede validar SUNAT/Osiptel para este RUC.'],0,
RUC_a58b05d9bb0b,CLIENT_00784,LIMA,Lima,Jesús María,SIN_HISTORIAL_DE_FACTURACION,,,,,True,OK,[],0,
,,,,,BAJO,BAJO,-10.0,-8.0,True,False,ALERTA — REVISIÓN HUMANA,['Cliente no encontrado en el maestro SUNAT (001_TBL_CLIENTES_B2B) -- no se puede validar SUNAT/Osiptel para este RUC.'],1,Mantener ciclo de facturación estándar; sin acción de cobranza adicional.
,,,,,BAJO,BAJO,3.0,4.0,True,False,ALERTA — REVISIÓN HUMANA,['Cliente no encontrado en el maestro SUNAT (001_TBL_CLIENTES_B2B) -- no se puede validar SUNAT/Osiptel para este RUC.'],0,Mantener ciclo de facturación estándar; sin acción de cobranza adicional.
,,,,,SIN_HISTORIAL_DE_FACTURACION,,,,,False,ALERTA — REVISIÓN HUMANA,['Cliente no encontrado en el maestro SUNAT (001_TBL_CLIENTES_B2B) -- no se puede validar SUNAT/Osiptel para este RUC.'],0,
,,,,,SIN_HISTORIAL_DE_FACTURACION,,,,,False,ALERTA — REVISIÓN HUMANA,['Cliente no encontrado en el maestro SUNAT (001_TBL_CLIENTES_B2B) -- no se puede validar SUNAT/Osiptel para este RUC.'],0,
,,,,,SIN_HISTORIAL_DE_FACTURACION,,,,,False,ALERTA — REVISIÓN HUMANA,['Cliente no encontrado en el maestro SUNAT (001_TBL_CLIENTES_B2B) -- no se puede validar SUNAT/Osiptel para este RUC.'],0,
RUC_733b276b6c46,CLIENT_00859,LIMA,Lima,Miraflores,ALTO,ALTO,7.5,15.0,True,True,OK,[],0,Contacto proactivo antes del vencimiento + oferta de plan de pago fraccionado; escalar a gestor de cuenta senior.
,,,,,SIN_HISTORIAL_DE_FACTURACION,,,,,False,ALERTA — REVISIÓN HUMANA,['Cliente no encontrado en el maestro SUNAT (001_TBL_CLIENTES_B2B) -- no se puede validar SUNAT/Osiptel para este RUC.'],0,
,,,,,SIN_HISTORIAL_DE_FACTURACION,,,,,False,ALERTA — REVISIÓN HUMANA,['Cliente no encontrado en el maestro SUNAT (001_TBL_CLIENTES_B2B) -- no se puede validar SUNAT/Osiptel para este RUC.'],0,
,,,,,SIN_HISTORIAL_DE_FACTURACION,,,,,False,ALERTA — REVISIÓN HUMANA,['Cliente no encontrado en el maestro SUNAT (001_TBL_CLIENTES_B2B) -- no se puede validar SUNAT/Osiptel para este RUC.'],0,
RUC_7a2420a57ced,CLIENT_00195,LAMBAYEQUE,Chiclayo,Chiclayo,SIN_HISTORIAL_DE_FACTURACION,,,,,True,OK,[],0,
RUC_75bd5bbab3a8,CLIENT_00474,PIURA,Piura,Piura,SIN_HISTORIAL_DE_FACTURACION,,,,,True,OK,[],0,
,,,,,SIN_HISTORIAL_DE_FACTURACION,,,,,False,ALERTA — REVISIÓN HUMANA,['Cliente no encontrado en el maestro SUNAT (001_TBL_CLIENTES_B2B) -- no se puede validar SUNAT/Osiptel para este RUC.'],0,
RUC_6a4bd262389d,CLIENT_00453,LIMA,Lima,La Victoria,BAJO,BAJO,-3.0,-2.0,False,True,OK,[],0,Mantener ciclo de facturación estándar; sin acción de cobranza adicional.
,,,,,SIN_HISTORIAL_DE_FACTURACION,,,,,False,ALERTA — REVISIÓN HUMANA,['Cliente no encontrado en el maestro SUNAT (001_TBL_CLIENTES_B2B) -- no se puede validar SUNAT/Osiptel para este RUC.'],0,
RUC_84f7a495def2,CLIENT_00039,CALLAO,Prov. Const. del Callao,Callao,BAJO,BAJO,-10.0,-8.0,True,True,OK,[],0,Mantener ciclo de facturación estándar; sin acción de cobranza adicional.
RUC_1877397226cd,CLIENT_00555,LIMA,Lima,La Victoria,BAJO,BAJO,-6.0,-6.0,False,True,OK,[],0,Mantener ciclo de facturación estándar; sin acción de cobranza adicional.
,,,,,MEDIO,MEDIO,6.0,26.0,False,False,ALERTA — REVISIÓN HUMANA,['Cliente no encontrado en el maestro SUNAT (001_TBL_CLIENTES_B2B) -- no se puede validar SUNAT/Osiptel para este RUC.'],3,Recordatorio automático 5 días antes del vencimiento por correo/WhatsApp; sin escalamiento humano todavía.
,,,,,SIN_HISTORIAL_DE_FACTURACION,,,,,False,ALERTA — REVISIÓN HUMANA,['Cliente no encontrado en el maestro SUNAT (001_TBL_CLIENTES_B2B) -- no se puede validar SUNAT/Osiptel para este RUC.'],0,
,,,,,MEDIO,MEDIO,10.0,13.0,False,False,ALERTA — REVISIÓN HUMANA,['Cliente no encontrado en el maestro SUNAT (001_TBL_CLIENTES_B2B) -- no se puede validar SUNAT/Osiptel para este RUC.'],0,Recordatorio automático 5 días antes del vencimiento por correo/WhatsApp; sin escalamiento humano todavía.
RUC_87cd6b262487,CLIENT_00777,LIMA,Huaura,Huacho,SIN_HISTORIAL_DE_FACTURACION,,,,,True,OK,[],0,
RUC_e1a4230d2753,CLIENT_00689,LA LIBERTAD,Trujillo,Trujillo,SIN_HISTORIAL_DE_FACTURACION,,,,,True,OK,[],0,
RUC_784874cdb3a1,CLIENT_00301,LIMA,Lima,Miraflores,SIN_HISTORIAL_DE_FACTURACION,,,,,True,OK,[],0,
RUC_c2420814773f,CLIENT_00726,LIMA,Lima,Chorrillos,ALTO,ALTO,20.0,20.0,False,True,OK,[],1,Contacto proactivo antes del vencimiento + oferta de plan de pago fraccionado; escalar a gestor de cuenta senior.
RUC_a1904c65a047,CLIENT_00904,LIMA,Lima,San Luis,MEDIO,MEDIO,6.0,7.0,False,True,OK,[],2,Recordatorio automático 5 días antes del vencimiento por correo/WhatsApp; sin escalamiento humano todavía.
,,,,,SIN_HISTORIAL_DE_FACTURACION,,,,,False,ALERTA — REVISIÓN HUMANA,['Cliente no encontrado en el maestro SUNAT (001_TBL_CLIENTES_B2B) -- no se puede validar SUNAT/Osiptel para este RUC.'],0,
RUC_8f74391f9be7,CLIENT_00941,LIMA,Lima,San Isidro,SIN_HISTORIAL_DE_FACTURACION,,,,,True,OK,[],0,
,,,,,SIN_HISTORIAL_DE_FACTURACION,,,,,False,ALERTA — REVISIÓN HUMANA,['Cliente no encontrado en el maestro SUNAT (001_TBL_CLIENTES_B2B) -- no se puede validar SUNAT/Osiptel para este RUC.'],0,
,,,,,SIN_HISTORIAL_DE_FACTURACION,,,,,False,ALERTA — REVISIÓN HUMANA,['Cliente no encontrado en el maestro SUNAT (001_TBL_CLIENTES_B2B) -- no se puede validar SUNAT/Osiptel para este RUC.'],0,
,,,,,BAJO,BAJO,2.5,3.0,False,False,ALERTA — REVISIÓN HUMANA,['Cliente no encontrado en el maestro SUNAT (001_TBL_CLIENTES_B2B) -- no se puede validar SUNAT/Osiptel para este RUC.'],0,Mantener ciclo de facturación estándar; sin acción de cobranza adicional.
,,,,,BAJO,BAJO,-4.0,-4.0,False,False,ALERTA — REVISIÓN HUMANA,['Cliente no encontrado en el maestro SUNAT (001_TBL_CLIENTES_B2B) -- no se puede validar SUNAT/Osiptel para este RUC.'],0,Mantener ciclo de facturación estándar; sin acción de cobranza adicional.
RUC_04b68904fec3,CLIENT_00309,LAMBAYEQUE,Chiclayo,José Leonardo Ortiz,BAJO,BAJO,3.0,3.0,False,True,OK,[],0,Mantener ciclo de facturación estándar; sin acción de cobranza adicional.
,,,,,BAJO,BAJO,-10.5,-9.0,False,False,ALERTA — REVISIÓN HUMANA,['Cliente no encontrado en el maestro SUNAT (001_TBL_CLIENTES_B2B) -- no se puede validar SUNAT/Osiptel para este RUC.'],0,Mantener ciclo de facturación estándar; sin acción de cobranza adicional.
,,,,,SIN_HISTORIAL_DE_FACTURACION,,,,,False,ALERTA — REVISIÓN HUMANA,['Cliente no encontrado en el maestro SUNAT (001_TBL_CLIENTES_B2B) -- no se puede validar SUNAT/Osiptel para este RUC.'],0,
,,,,,BAJO,BAJO,-1.0,1.0,False,False,ALERTA — REVISIÓN HUMANA,['Cliente no encontrado en el maestro SUNAT (001_TBL_CLIENTES_B2B) -- no se puede validar SUNAT/Osiptel para este RUC.'],0,Mantener ciclo de facturación estándar; sin acción de cobranza adicional.
,,,,,SIN_HISTORIAL_DE_FACTURACION,,,,,False,ALERTA — REVISIÓN HUMANA,['Cliente no encontrado en el maestro SUNAT (001_TBL_CLIENTES_B2B) -- no se puede validar SUNAT/Osiptel para este RUC.'],0,
,,,,,BAJO,BAJO,-2.5,-2.0,True,False,ALERTA — REVISIÓN HUMANA,['Cliente no encontrado en el maestro SUNAT (001_TBL_CLIENTES_B2B) -- no se puede validar SUNAT/Osiptel para este RUC.'],0,Mantener ciclo de facturación estándar; sin acción de cobranza adicional.
,,,,,SIN_HISTORIAL_DE_FACTURACION,,,,,False,ALERTA — REVISIÓN HUMANA,['Cliente no encontrado en el maestro SUNAT (001_TBL_CLIENTES_B2B) -- no se puede validar SUNAT/Osiptel para este RUC.'],0,
RUC_602e1d632609,CLIENT_00021,LIMA,Lima,San Isidro,SIN_HISTORIAL_DE_FACTURACION,,,,,True,OK,[],0,
RUC_7f7803a3dcd2,CLIENT_00972,ANCASH,Huaraz,Huaraz,ALTO,,,,,True,ALERTA — REVISIÓN HUMANA,['Todas sus líneas (fija/móvil) están inactivas o suspendidas'],0,
RUC_9ce118a33908,CLIENT_00472,CALLAO,Prov. Const. del Callao,Callao,ALTO,ALTO,130.5,146.0,False,True,OK,[],4,Contacto proactivo antes del vencimiento + oferta de plan de pago fraccionado; escalar a gestor de cuenta senior.
,,,,,SIN_HISTORIAL_DE_FACTURACION,,,,,False,ALERTA — REVISIÓN HUMANA,['Cliente no encontrado en el maestro SUNAT (001_TBL_CLIENTES_B2B) -- no se puede validar SUNAT/Osiptel para este RUC.'],0,
RUC_e9751f3195b4,CLIENT_00692,AREQUIPA,Arequipa,Sachaca,ALTO,ALTO,18.3,75.0,False,True,OK,[],3,Contacto proactivo antes del vencimiento + oferta de plan de pago fraccionado; escalar a gestor de cuenta senior.
,,,,,SIN_HISTORIAL_DE_FACTURACION,,,,,False,ALERTA — REVISIÓN HUMANA,['Cliente no encontrado en el maestro SUNAT (001_TBL_CLIENTES_B2B) -- no se puede validar SUNAT/Osiptel para este RUC.'],0,
,,,,,BAJO,BAJO,3.0,4.0,False,False,ALERTA — REVISIÓN HUMANA,['Cliente no encontrado en el maestro SUNAT (001_TBL_CLIENTES_B2B) -- no se puede validar SUNAT/Osiptel para este RUC.'],0,Mantener ciclo de facturación estándar; sin acción de cobranza adicional.
,,,,,MEDIO,MEDIO,7.4,29.0,False,False,ALERTA — REVISIÓN HUMANA,['Cliente no encontrado en el maestro SUNAT (001_TBL_CLIENTES_B2B) -- no se puede validar SUNAT/Osiptel para este RUC.'],2,Recordatorio automático 5 días antes del vencimiento por correo/WhatsApp; sin escalamiento humano todavía.
RUC_8273d0536a89,CLIENT_00246,LIMA,Lima,La Victoria,BAJO,BAJO,-10.5,5.0,False,True,OK,[],2,Mantener ciclo de facturación estándar; sin acción de cobranza adicional.
,,,,,SIN_HISTORIAL_DE_FACTURACION,,,,,False,ALERTA — REVISIÓN HUMANA,['Cliente no encontrado en el maestro SUNAT (001_TBL_CLIENTES_B2B) -- no se puede validar SUNAT/Osiptel para este RUC.'],0,
,,,,,SIN_HISTORIAL_DE_FACTURACION,,,,,False,ALERTA — REVISIÓN HUMANA,['Cliente no encontrado en el maestro SUNAT (001_TBL_CLIENTES_B2B) -- no se puede validar SUNAT/Osiptel para este RUC.'],0,
RUC_a4b0e989307c,CLIENT_00645,LIMA,Lima,Santa Anita,SIN_HISTORIAL_DE_FACTURACION,,,,,True,OK,[],0,
,,,,,SIN_HISTORIAL_DE_FACTURACION,,,,,False,ALERTA — REVISIÓN HUMANA,['Cliente no encontrado en el maestro SUNAT (001_TBL_CLIENTES_B2B) -- no se puede validar SUNAT/Osiptel para este RUC.'],0,
,,,,,SIN_HISTORIAL_DE_FACTURACION,,,,,False,ALERTA — REVISIÓN HUMANA,['Cliente no encontrado en el maestro SUNAT (001_TBL_CLIENTES_B2B) -- no se puede validar SUNAT/Osiptel para este RUC.'],0,
,,,,,SIN_HISTORIAL_DE_FACTURACION,,,,,False,ALERTA — REVISIÓN HUMANA,['Cliente no encontrado en el maestro SUNAT (001_TBL_CLIENTES_B2B) -- no se puede validar SUNAT/Osiptel para este RUC.'],0,
RUC_6a9fadf8933c,CLIENT_00667,LIMA,Lima,Lima,BAJO,BAJO,3.0,4.0,True,True,OK,[],0,Mantener ciclo de facturación estándar; sin acción de cobranza adicional.
RUC_c49f99e6bee3,CLIENT_00594,LIMA,Lima,La Victoria,SIN_HISTORIAL_DE_FACTURACION,,,,,True,OK,[],0,
,,,,,SIN_HISTORIAL_DE_FACTURACION,,,,,False,ALERTA — REVISIÓN HUMANA,['Cliente no encontrado en el maestro SUNAT (001_TBL_CLIENTES_B2B) -- no se puede validar SUNAT/Osiptel para este RUC.'],0,
RUC_ba173fb88bd0,CLIENT_00185,UCAYALI,Coronel Portillo,Yarinacocha,BAJO,BAJO,-8.3,-4.0,False,True,OK,[],0,Mantener ciclo de facturación estándar; sin acción de cobranza adicional.
,,,,,SIN_HISTORIAL_DE_FACTURACION,,,,,False,ALERTA — REVISIÓN HUMANA,['Cliente no encontrado en el maestro SUNAT (001_TBL_CLIENTES_B2B) -- no se puede validar SUNAT/Osiptel para este RUC.'],0,
,,,,,SIN_HISTORIAL_DE_FACTURACION,,,,,False,ALERTA — REVISIÓN HUMANA,['Cliente no encontrado en el maestro SUNAT (001_TBL_CLIENTES_B2B) -- no se puede validar SUNAT/Osiptel para este RUC.'],0,
RUC_81235750bad4,CLIENT_00840,LIMA,Lima,Chorrillos,BAJO,BAJO,3.0,4.0,True,True,OK,[],0,Mantener ciclo de facturación estándar; sin acción de cobranza adicional.
,,,,,SIN_HISTORIAL_DE_FACTURACION,,,,,False,ALERTA — REVISIÓN HUMANA,['Cliente no encontrado en el maestro SUNAT (001_TBL_CLIENTES_B2B) -- no se puede validar SUNAT/Osiptel para este RUC.'],0,
,,,,,SIN_HISTORIAL_DE_FACTURACION,,,,,False,ALERTA — REVISIÓN HUMANA,['Cliente no encontrado en el maestro SUNAT (001_TBL_CLIENTES_B2B) -- no se puede validar SUNAT/Osiptel para este RUC.'],0,
,,,,,SIN_HISTORIAL_DE_FACTURACION,,,,,False,ALERTA — REVISIÓN HUMANA,['Cliente no encontrado en el maestro SUNAT (001_TBL_CLIENTES_B2B) -- no se puede validar SUNAT/Osiptel para este RUC.'],0,
,,,,,SIN_HISTORIAL_DE_FACTURACION,,,,,False,ALERTA — REVISIÓN HUMANA,['Cliente no encontrado en el maestro SUNAT (001_TBL_CLIENTES_B2B) -- no se puede validar SUNAT/Osiptel para este RUC.'],0,
,,,,,SIN_HISTORIAL_DE_FACTURACION,,,,,False,ALERTA — REVISIÓN HUMANA,['Cliente no encontrado en el maestro SUNAT (001_TBL_CLIENTES_B2B) -- no se puede validar SUNAT/Osiptel para este RUC.'],0,
,,,,,SIN_HISTORIAL_DE_FACTURACION,,,,,False,ALERTA — REVISIÓN HUMANA,['Cliente no encontrado en el maestro SUNAT (001_TBL_CLIENTES_B2B) -- no se puede validar SUNAT/Osiptel para este RUC.'],0,
RUC_5e0e0f3639df,CLIENT_00230,LIMA,Lima,Lima,BAJO,BAJO,0.0,0.0,False,True,OK,[],1,Mantener ciclo de facturación estándar; sin acción de cobranza adicional.
,,,,,SIN_HISTORIAL_DE_FACTURACION,,,,,False,ALERTA — REVISIÓN HUMANA,['Cliente no encontrado en el maestro SUNAT (001_TBL_CLIENTES_B2B) -- no se puede validar SUNAT/Osiptel para este RUC.'],0,
,,,,,SIN_HISTORIAL_DE_FACTURACION,,,,,False,ALERTA — REVISIÓN HUMANA,['Cliente no encontrado en el maestro SUNAT (001_TBL_CLIENTES_B2B) -- no se puede validar SUNAT/Osiptel para este RUC.'],0,
,,,,,SIN_HISTORIAL_DE_FACTURACION,,,,,False,ALERTA — REVISIÓN HUMANA,['Cliente no encontrado en el maestro SUNAT (001_TBL_CLIENTES_B2B) -- no se puede validar SUNAT/Osiptel para este RUC.'],0,
,,,,,SIN_HISTORIAL_DE_FACTURACION,,,,,False,ALERTA — REVISIÓN HUMANA,['Cliente no encontrado en el maestro SUNAT (001_TBL_CLIENTES_B2B) -- no se puede validar SUNAT/Osiptel para este RUC.'],0,
,,,,,SIN_HISTORIAL_DE_FACTURACION,,,,,False,ALERTA — REVISIÓN HUMANA,['Cliente no encontrado en el maestro SUNAT (001_TBL_CLIENTES_B2B) -- no se puede validar SUNAT/Osiptel para este RUC.'],0,
,,,,,MEDIO,MEDIO,5.5,9.0,False,False,ALERTA — REVISIÓN HUMANA,['Cliente no encontrado en el maestro SUNAT (001_TBL_CLIENTES_B2B) -- no se puede validar SUNAT/Osiptel para este RUC.'],1,Recordatorio automático 5 días antes del vencimiento por correo/WhatsApp; sin escalamiento humano todavía.
,,,,,SIN_HISTORIAL_DE_FACTURACION,,,,,False,ALERTA — REVISIÓN HUMANA,['Cliente no encontrado en el maestro SUNAT (001_TBL_CLIENTES_B2B) -- no se puede validar SUNAT/Osiptel para este RUC.'],0,
,,,,,SIN_HISTORIAL_DE_FACTURACION,,,,,False,ALERTA — REVISIÓN HUMANA,['Cliente no encontrado en el maestro SUNAT (001_TBL_CLIENTES_B2B) -- no se puede validar SUNAT/Osiptel para este RUC.'],0,
,,,,,BAJO,BAJO,3.3,19.0,False,False,ALERTA — REVISIÓN HUMANA,['Cliente no encontrado en el maestro SUNAT (001_TBL_CLIENTES_B2B) -- no se puede validar SUNAT/Osiptel para este RUC.'],3,Mantener ciclo de facturación estándar; sin acción de cobranza adicional.
,,,,,SIN_HISTORIAL_DE_FACTURACION,,,,,False,ALERTA — REVISIÓN HUMANA,['Cliente no encontrado en el maestro SUNAT (001_TBL_CLIENTES_B2B) -- no se puede validar SUNAT/Osiptel para este RUC.'],0,
,,,,,SIN_HISTORIAL_DE_FACTURACION,,,,,False,ALERTA — REVISIÓN HUMANA,['Cliente no encontrado en el maestro SUNAT (001_TBL_CLIENTES_B2B) -- no se puede validar SUNAT/Osiptel para este RUC.'],0,
,,,,,SIN_HISTORIAL_DE_FACTURACION,,,,,False,ALERTA — REVISIÓN HUMANA,['Cliente no encontrado en el maestro SUNAT (001_TBL_CLIENTES_B2B) -- no se puede validar SUNAT/Osiptel para este RUC.'],0,
,,,,,SIN_HISTORIAL_DE_FACTURACION,,,,,False,ALERTA — REVISIÓN HUMANA,['Cliente no encontrado en el maestro SUNAT (001_TBL_CLIENTES_B2B) -- no se puede validar SUNAT/Osiptel para este RUC.'],0,
RUC_9c1197b6a270,CLIENT_00786,LIMA,Lima,Miraflores,BAJO,BAJO,-10.0,-9.0,False,True,OK,[],0,Mantener ciclo de facturación estándar; sin acción de cobranza adicional.
,,,,,SIN_HISTORIAL_DE_FACTURACION,,,,,False,ALERTA — REVISIÓN HUMANA,['Cliente no encontrado en el maestro SUNAT (001_TBL_CLIENTES_B2B) -- no se puede validar SUNAT/Osiptel para este RUC.'],0,
,,,,,SIN_HISTORIAL_DE_FACTURACION,,,,,False,ALERTA — REVISIÓN HUMANA,['Cliente no encontrado en el maestro SUNAT (001_TBL_CLIENTES_B2B) -- no se puede validar SUNAT/Osiptel para este RUC.'],0,
,,,,,SIN_HISTORIAL_DE_FACTURACION,,,,,False,ALERTA — REVISIÓN HUMANA,['Cliente no encontrado en el maestro SUNAT (001_TBL_CLIENTES_B2B) -- no se puede validar SUNAT/Osiptel para este RUC.'],0,
,,,,,SIN_HISTORIAL_DE_FACTURACION,,,,,False,ALERTA — REVISIÓN HUMANA,['Cliente no encontrado en el maestro SUNAT (001_TBL_CLIENTES_B2B) -- no se puede validar SUNAT/Osiptel para este RUC.'],0,
,,,,,SIN_HISTORIAL_DE_FACTURACION,,,,,False,ALERTA — REVISIÓN HUMANA,['Cliente no encontrado en el maestro SUNAT (001_TBL_CLIENTES_B2B) -- no se puede validar SUNAT/Osiptel para este RUC.'],0,
RUC_f08f33ae1ac7,CLIENT_00807,LIMA,Lima,Chorrillos,BAJO,BAJO,1.0,2.0,False,True,OK,[],0,Mantener ciclo de facturación estándar; sin acción de cobranza adicional.
,,,,,SIN_HISTORIAL_DE_FACTURACION,,,,,False,ALERTA — REVISIÓN HUMANA,['Cliente no encontrado en el maestro SUNAT (001_TBL_CLIENTES_B2B) -- no se puede validar SUNAT/Osiptel para este RUC.'],0,
,,,,,SIN_HISTORIAL_DE_FACTURACION,,,,,False,ALERTA — REVISIÓN HUMANA,['Cliente no encontrado en el maestro SUNAT (001_TBL_CLIENTES_B2B) -- no se puede validar SUNAT/Osiptel para este RUC.'],0,
RUC_4a321217ff53,CLIENT_00217,LIMA,Lima,Los Olivos,BAJO,BAJO,-5.0,-4.0,False,True,OK,[],0,Mantener ciclo de facturación estándar; sin acción de cobranza adicional.
,,,,,ALTO,ALTO,19.5,25.0,True,False,ALERTA — REVISIÓN HUMANA,['Cliente no encontrado en el maestro SUNAT (001_TBL_CLIENTES_B2B) -- no se puede validar SUNAT/Osiptel para este RUC.'],0,Contacto proactivo antes del vencimiento + oferta de plan de pago fraccionado; escalar a gestor de cuenta senior.
,,,,,SIN_HISTORIAL_DE_FACTURACION,,,,,False,ALERTA — REVISIÓN HUMANA,['Cliente no encontrado en el maestro SUNAT (001_TBL_CLIENTES_B2B) -- no se puede validar SUNAT/Osiptel para este RUC.'],0,
,,,,,BAJO,BAJO,2.5,3.0,False,False,ALERTA — REVISIÓN HUMANA,['Cliente no encontrado en el maestro SUNAT (001_TBL_CLIENTES_B2B) -- no se puede validar SUNAT/Osiptel para este RUC.'],0,Mantener ciclo de facturación estándar; sin acción de cobranza adicional.
,,,,,SIN_HISTORIAL_DE_FACTURACION,,,,,False,ALERTA — REVISIÓN HUMANA,['Cliente no encontrado en el maestro SUNAT (001_TBL_CLIENTES_B2B) -- no se puede validar SUNAT/Osiptel para este RUC.'],0,
,,,,,SIN_HISTORIAL_DE_FACTURACION,,,,,False,ALERTA — REVISIÓN HUMANA,['Cliente no encontrado en el maestro SUNAT (001_TBL_CLIENTES_B2B) -- no se puede validar SUNAT/Osiptel para este RUC.'],0,
RUC_596d7d9854dd,CLIENT_00610,LIMA,Lima,Lince,BAJO,BAJO,-3.0,-3.0,False,True,OK,[],1,Mantener ciclo de facturación estándar; sin acción de cobranza adicional.
,,,,,SIN_HISTORIAL_DE_FACTURACION,,,,,False,ALERTA — REVISIÓN HUMANA,['Cliente no encontrado en el maestro SUNAT (001_TBL_CLIENTES_B2B) -- no se puede validar SUNAT/Osiptel para este RUC.'],0,
,,,,,ALTO,ALTO,11.0,17.0,True,False,ALERTA — REVISIÓN HUMANA,['Cliente no encontrado en el maestro SUNAT (001_TBL_CLIENTES_B2B) -- no se puede validar SUNAT/Osiptel para este RUC.'],1,Contacto proactivo antes del vencimiento + oferta de plan de pago fraccionado; escalar a gestor de cuenta senior.
,,,,,SIN_HISTORIAL_DE_FACTURACION,,,,,False,ALERTA — REVISIÓN HUMANA,['Cliente no encontrado en el maestro SUNAT (001_TBL_CLIENTES_B2B) -- no se puede validar SUNAT/Osiptel para este RUC.'],0,
RUC_3a1fece70d6c,CLIENT_00372,TUMBES,Tumbes,Tumbes,SIN_HISTORIAL_DE_FACTURACION,,,,,True,OK,[],0,
,,,,,SIN_HISTORIAL_DE_FACTURACION,,,,,False,ALERTA — REVISIÓN HUMANA,['Cliente no encontrado en el maestro SUNAT (001_TBL_CLIENTES_B2B) -- no se puede validar SUNAT/Osiptel para este RUC.'],0,
,,,,,BAJO,BAJO,3.0,3.0,False,False,ALERTA — REVISIÓN HUMANA,['Cliente no encontrado en el maestro SUNAT (001_TBL_CLIENTES_B2B) -- no se puede validar SUNAT/Osiptel para este RUC.'],0,Mantener ciclo de facturación estándar; sin acción de cobranza adicional.
,,,,,SIN_HISTORIAL_DE_FACTURACION,,,,,False,ALERTA — REVISIÓN HUMANA,['Cliente no encontrado en el maestro SUNAT (001_TBL_CLIENTES_B2B) -- no se puede validar SUNAT/Osiptel para este RUC.'],0,
,,,,,BAJO,BAJO,-2.0,4.0,False,False,ALERTA — REVISIÓN HUMANA,['Cliente no encontrado en el maestro SUNAT (001_TBL_CLIENTES_B2B) -- no se puede validar SUNAT/Osiptel para este RUC.'],0,Mantener ciclo de facturación estándar; sin acción de cobranza adicional.
,,,,,SIN_HISTORIAL_DE_FACTURACION,,,,,False,ALERTA — REVISIÓN HUMANA,['Cliente no encontrado en el maestro SUNAT (001_TBL_CLIENTES_B2B) -- no se puede validar SUNAT/Osiptel para este RUC.'],0,
,,,,,SIN_HISTORIAL_DE_FACTURACION,,,,,False,ALERTA — REVISIÓN HUMANA,['Cliente no encontrado en el maestro SUNAT (001_TBL_CLIENTES_B2B) -- no se puede validar SUNAT/Osiptel para este RUC.'],0,
RUC_0e0f871e2f13,CLIENT_00596,CALLAO,Prov. Const. del Callao,Callao,SIN_HISTORIAL_DE_FACTURACION,,,,,True,OK,[],0,
,,,,,BAJO,BAJO,0.0,2.0,True,False,ALERTA — REVISIÓN HUMANA,['Cliente no encontrado en el maestro SUNAT (001_TBL_CLIENTES_B2B) -- no se puede validar SUNAT/Osiptel para este RUC.'],0,Mantener ciclo de facturación estándar; sin acción de cobranza adicional.
RUC_2b7cf318575f,CLIENT_00771,LA LIBERTAD,Trujillo,Trujillo,SIN_HISTORIAL_DE_FACTURACION,,,,,True,OK,[],0,
RUC_f3e84fe82ee3,CLIENT_00333,LIMA,Lima,San Borja,BAJO,BAJO,3.0,3.0,False,True,OK,[],0,Mantener ciclo de facturación estándar; sin acción de cobranza adicional.
,,,,,SIN_HISTORIAL_DE_FACTURACION,,,,,False,ALERTA — REVISIÓN HUMANA,['Cliente no encontrado en el maestro SUNAT (001_TBL_CLIENTES_B2B) -- no se puede validar SUNAT/Osiptel para este RUC.'],0,
,,,,,BAJO,BAJO,1.0,13.0,False,False,ALERTA — REVISIÓN HUMANA,['Cliente no encontrado en el maestro SUNAT (001_TBL_CLIENTES_B2B) -- no se puede validar SUNAT/Osiptel para este RUC.'],0,Mantener ciclo de facturación estándar; sin acción de cobranza adicional.
,,,,,SIN_HISTORIAL_DE_FACTURACION,,,,,False,ALERTA — REVISIÓN HUMANA,['Cliente no encontrado en el maestro SUNAT (001_TBL_CLIENTES_B2B) -- no se puede validar SUNAT/Osiptel para este RUC.'],0,
,,,,,SIN_HISTORIAL_DE_FACTURACION,,,,,False,ALERTA — REVISIÓN HUMANA,['Cliente no encontrado en el maestro SUNAT (001_TBL_CLIENTES_B2B) -- no se puede validar SUNAT/Osiptel para este RUC.'],0,
RUC_adc18b7b4955,CLIENT_00331,CAJAMARCA,Cajamarca,Cajamarca,BAJO,BAJO,-7.5,-6.0,False,True,OK,[],0,Mantener ciclo de facturación estándar; sin acción de cobranza adicional.
RUC_3e1cf1b14855,CLIENT_00734,TACNA,Tacna,Tacna,SIN_HISTORIAL_DE_FACTURACION,,,,,True,OK,[],0,
,,,,,SIN_HISTORIAL_DE_FACTURACION,,,,,False,ALERTA — REVISIÓN HUMANA,['Cliente no encontrado en el maestro SUNAT (001_TBL_CLIENTES_B2B) -- no se puede validar SUNAT/Osiptel para este RUC.'],0,
,,,,,SIN_HISTORIAL_DE_FACTURACION,,,,,False,ALERTA — REVISIÓN HUMANA,['Cliente no encontrado en el maestro SUNAT (001_TBL_CLIENTES_B2B) -- no se puede validar SUNAT/Osiptel para este RUC.'],0,
,,,,,SIN_HISTORIAL_DE_FACTURACION,,,,,False,ALERTA — REVISIÓN HUMANA,['Cliente no encontrado en el maestro SUNAT (001_TBL_CLIENTES_B2B) -- no se puede validar SUNAT/Osiptel para este RUC.'],0,
,,,,,BAJO,BAJO,-10.0,-7.0,False,False,ALERTA — REVISIÓN HUMANA,['Cliente no encontrado en el maestro SUNAT (001_TBL_CLIENTES_B2B) -- no se puede validar SUNAT/Osiptel para este RUC.'],1,Mantener ciclo de facturación estándar; sin acción de cobranza adicional.
RUC_5d2aee6f2c23,CLIENT_00096,LIMA,Lima,Santiago de Surco,BAJO,BAJO,-3.5,-3.0,False,True,OK,[],0,Mantener ciclo de facturación estándar; sin acción de cobranza adicional.
RUC_e0dcdb3eaad8,CLIENT_00033,LIMA,Cañete,San Vicente de Cañete,BAJO,BAJO,2.0,2.0,False,True,OK,[],0,Mantener ciclo de facturación estándar; sin acción de cobranza adicional.
,,,,,SIN_HISTORIAL_DE_FACTURACION,,,,,False,ALERTA — REVISIÓN HUMANA,['Cliente no encontrado en el maestro SUNAT (001_TBL_CLIENTES_B2B) -- no se puede validar SUNAT/Osiptel para este RUC.'],0,
,,,,,SIN_HISTORIAL_DE_FACTURACION,,,,,False,ALERTA — REVISIÓN HUMANA,['Cliente no encontrado en el maestro SUNAT (001_TBL_CLIENTES_B2B) -- no se puede validar SUNAT/Osiptel para este RUC.'],0,
RUC_6e96638cbeec,CLIENT_00855,LIMA,Lima,San Juan de Lurigancho,SIN_HISTORIAL_DE_FACTURACION,,,,,True,OK,[],0,
,,,,,SIN_HISTORIAL_DE_FACTURACION,,,,,False,ALERTA — REVISIÓN HUMANA,['Cliente no encontrado en el maestro SUNAT (001_TBL_CLIENTES_B2B) -- no se puede validar SUNAT/Osiptel para este RUC.'],0,
,,,,,SIN_HISTORIAL_DE_FACTURACION,,,,,False,ALERTA — REVISIÓN HUMANA,['Cliente no encontrado en el maestro SUNAT (001_TBL_CLIENTES_B2B) -- no se puede validar SUNAT/Osiptel para este RUC.'],0,
,,,,,SIN_HISTORIAL_DE_FACTURACION,,,,,False,ALERTA — REVISIÓN HUMANA,['Cliente no encontrado en el maestro SUNAT (001_TBL_CLIENTES_B2B) -- no se puede validar SUNAT/Osiptel para este RUC.'],0,
,,,,,SIN_HISTORIAL_DE_FACTURACION,,,,,False,ALERTA — REVISIÓN HUMANA,['Cliente no encontrado en el maestro SUNAT (001_TBL_CLIENTES_B2B) -- no se puede validar SUNAT/Osiptel para este RUC.'],0,
RUC_223ac1b31a8c,CLIENT_00946,LIMA,Lima,San Miguel,BAJO,BAJO,-0.5,0.0,True,True,OK,[],0,Mantener ciclo de facturación estándar; sin acción de cobranza adicional.
,,,,,SIN_HISTORIAL_DE_FACTURACION,,,,,False,ALERTA — REVISIÓN HUMANA,['Cliente no encontrado en el maestro SUNAT (001_TBL_CLIENTES_B2B) -- no se puede validar SUNAT/Osiptel para este RUC.'],0,
RUC_aaf78577df86,CLIENT_00803,LIMA,Lima,Ate,MEDIO,MEDIO,15.0,18.0,False,True,OK,[],0,Recordatorio automático 5 días antes del vencimiento por correo/WhatsApp; sin escalamiento humano todavía.
,,,,,SIN_HISTORIAL_DE_FACTURACION,,,,,False,ALERTA — REVISIÓN HUMANA,['Cliente no encontrado en el maestro SUNAT (001_TBL_CLIENTES_B2B) -- no se puede validar SUNAT/Osiptel para este RUC.'],0,
RUC_f0b0733049c8,CLIENT_00183,LA LIBERTAD,Trujillo,El Porvenir,SIN_HISTORIAL_DE_FACTURACION,,,,,True,OK,[],0,
,,,,,SIN_HISTORIAL_DE_FACTURACION,,,,,False,ALERTA — REVISIÓN HUMANA,['Cliente no encontrado en el maestro SUNAT (001_TBL_CLIENTES_B2B) -- no se puede validar SUNAT/Osiptel para este RUC.'],0,
,,,,,SIN_HISTORIAL_DE_FACTURACION,,,,,False,ALERTA — REVISIÓN HUMANA,['Cliente no encontrado en el maestro SUNAT (001_TBL_CLIENTES_B2B) -- no se puede validar SUNAT/Osiptel para este RUC.'],0,
,,,,,SIN_HISTORIAL_DE_FACTURACION,,,,,False,ALERTA — REVISIÓN HUMANA,['Cliente no encontrado en el maestro SUNAT (001_TBL_CLIENTES_B2B) -- no se puede validar SUNAT/Osiptel para este RUC.'],0,
,,,,,SIN_HISTORIAL_DE_FACTURACION,,,,,False,ALERTA — REVISIÓN HUMANA,['Cliente no encontrado en el maestro SUNAT (001_TBL_CLIENTES_B2B) -- no se puede validar SUNAT/Osiptel para este RUC.'],0,
RUC_ab1b2d6bf072,CLIENT_00653,TACNA,Tacna,Tacna,SIN_HISTORIAL_DE_FACTURACION,,,,,True,OK,[],0,
,,,,,SIN_HISTORIAL_DE_FACTURACION,,,,,False,ALERTA — REVISIÓN HUMANA,['Cliente no encontrado en el maestro SUNAT (001_TBL_CLIENTES_B2B) -- no se puede validar SUNAT/Osiptel para este RUC.'],0,
,,,,,MEDIO,MEDIO,5.4,27.0,False,False,ALERTA — REVISIÓN HUMANA,['Cliente no encontrado en el maestro SUNAT (001_TBL_CLIENTES_B2B) -- no se puede validar SUNAT/Osiptel para este RUC.'],0,Recordatorio automático 5 días antes del vencimiento por correo/WhatsApp; sin escalamiento humano todavía.
,,,,,SIN_HISTORIAL_DE_FACTURACION,,,,,False,ALERTA — REVISIÓN HUMANA,['Cliente no encontrado en el maestro SUNAT (001_TBL_CLIENTES_B2B) -- no se puede validar SUNAT/Osiptel para este RUC.'],0,
,,,,,SIN_HISTORIAL_DE_FACTURACION,,,,,False,ALERTA — REVISIÓN HUMANA,['Cliente no encontrado en el maestro SUNAT (001_TBL_CLIENTES_B2B) -- no se puede validar SUNAT/Osiptel para este RUC.'],0,
,,,,,SIN_HISTORIAL_DE_FACTURACION,,,,,False,ALERTA — REVISIÓN HUMANA,['Cliente no encontrado en el maestro SUNAT (001_TBL_CLIENTES_B2B) -- no se puede validar SUNAT/Osiptel para este RUC.'],0,
,,,,,SIN_HISTORIAL_DE_FACTURACION,,,,,False,ALERTA — REVISIÓN HUMANA,['Cliente no encontrado en el maestro SUNAT (001_TBL_CLIENTES_B2B) -- no se puede validar SUNAT/Osiptel para este RUC.'],0,
,,,,,BAJO,BAJO,2.5,3.0,False,False,ALERTA — REVISIÓN HUMANA,['Cliente no encontrado en el maestro SUNAT (001_TBL_CLIENTES_B2B) -- no se puede validar SUNAT/Osiptel para este RUC.'],0,Mantener ciclo de facturación estándar; sin acción de cobranza adicional.
,,,,,SIN_HISTORIAL_DE_FACTURACION,,,,,False,ALERTA — REVISIÓN HUMANA,['Cliente no encontrado en el maestro SUNAT (001_TBL_CLIENTES_B2B) -- no se puede validar SUNAT/Osiptel para este RUC.'],0,
,,,,,SIN_HISTORIAL_DE_FACTURACION,,,,,False,ALERTA — REVISIÓN HUMANA,['Cliente no encontrado en el maestro SUNAT (001_TBL_CLIENTES_B2B) -- no se puede validar SUNAT/Osiptel para este RUC.'],0,
,,,,,SIN_HISTORIAL_DE_FACTURACION,,,,,False,ALERTA — REVISIÓN HUMANA,['Cliente no encontrado en el maestro SUNAT (001_TBL_CLIENTES_B2B) -- no se puede validar SUNAT/Osiptel para este RUC.'],0,
,,,,,SIN_HISTORIAL_DE_FACTURACION,,,,,False,ALERTA — REVISIÓN HUMANA,['Cliente no encontrado en el maestro SUNAT (001_TBL_CLIENTES_B2B) -- no se puede validar SUNAT/Osiptel para este RUC.'],0,
RUC_95edad02917a,CLIENT_00990,LIMA,Lima,Lima,SIN_HISTORIAL_DE_FACTURACION,,,,,True,OK,[],0,
,,,,,BAJO,BAJO,-1.2,0.0,False,False,ALERTA — REVISIÓN HUMANA,['Cliente no encontrado en el maestro SUNAT (001_TBL_CLIENTES_B2B) -- no se puede validar SUNAT/Osiptel para este RUC.'],0,Mantener ciclo de facturación estándar; sin acción de cobranza adicional.
RUC_91bad31d3bad,CLIENT_00872,CUSCO,Cusco,Cusco,BAJO,BAJO,1.0,1.0,False,True,OK,[],0,Mantener ciclo de facturación estándar; sin acción de cobranza adicional.
,,,,,SIN_HISTORIAL_DE_FACTURACION,,,,,False,ALERTA — REVISIÓN HUMANA,['Cliente no encontrado en el maestro SUNAT (001_TBL_CLIENTES_B2B) -- no se puede validar SUNAT/Osiptel para este RUC.'],0,
,,,,,SIN_HISTORIAL_DE_FACTURACION,,,,,False,ALERTA — REVISIÓN HUMANA,['Cliente no encontrado en el maestro SUNAT (001_TBL_CLIENTES_B2B) -- no se puede validar SUNAT/Osiptel para este RUC.'],0,
,,,,,SIN_HISTORIAL_DE_FACTURACION,,,,,False,ALERTA — REVISIÓN HUMANA,['Cliente no encontrado en el maestro SUNAT (001_TBL_CLIENTES_B2B) -- no se puede validar SUNAT/Osiptel para este RUC.'],0,
,,,,,SIN_HISTORIAL_DE_FACTURACION,,,,,False,ALERTA — REVISIÓN HUMANA,['Cliente no encontrado en el maestro SUNAT (001_TBL_CLIENTES_B2B) -- no se puede validar SUNAT/Osiptel para este RUC.'],0,
,,,,,SIN_HISTORIAL_DE_FACTURACION,,,,,False,ALERTA — REVISIÓN HUMANA,['Cliente no encontrado en el maestro SUNAT (001_TBL_CLIENTES_B2B) -- no se puede validar SUNAT/Osiptel para este RUC.'],0,
RUC_4022c46f7911,CLIENT_00837,LIMA,Lima,Lince,SIN_HISTORIAL_DE_FACTURACION,,,,,True,OK,[],0,
,,,,,SIN_HISTORIAL_DE_FACTURACION,,,,,False,ALERTA — REVISIÓN HUMANA,['Cliente no encontrado en el maestro SUNAT (001_TBL_CLIENTES_B2B) -- no se puede validar SUNAT/Osiptel para este RUC.'],0,
,,,,,SIN_HISTORIAL_DE_FACTURACION,,,,,False,ALERTA — REVISIÓN HUMANA,['Cliente no encontrado en el maestro SUNAT (001_TBL_CLIENTES_B2B) -- no se puede validar SUNAT/Osiptel para este RUC.'],0,
,,,,,BAJO,BAJO,-14.0,-12.0,False,False,ALERTA — REVISIÓN HUMANA,['Cliente no encontrado en el maestro SUNAT (001_TBL_CLIENTES_B2B) -- no se puede validar SUNAT/Osiptel para este RUC.'],0,Mantener ciclo de facturación estándar; sin acción de cobranza adicional.
,,,,,BAJO,BAJO,0.0,29.0,False,False,ALERTA — REVISIÓN HUMANA,['Cliente no encontrado en el maestro SUNAT (001_TBL_CLIENTES_B2B) -- no se puede validar SUNAT/Osiptel para este RUC.'],3,Mantener ciclo de facturación estándar; sin acción de cobranza adicional.
RUC_3f2a3f9719cd,CLIENT_00523,LIMA,Lima,Lince,SIN_HISTORIAL_DE_FACTURACION,,,,,True,OK,[],0,
,,,,,BAJO,BAJO,-4.0,0.0,False,False,ALERTA — REVISIÓN HUMANA,['Cliente no encontrado en el maestro SUNAT (001_TBL_CLIENTES_B2B) -- no se puede validar SUNAT/Osiptel para este RUC.'],0,Mantener ciclo de facturación estándar; sin acción de cobranza adicional.
RUC_47f1b1a5334b,CLIENT_00652,LIMA,Lima,Miraflores,SIN_HISTORIAL_DE_FACTURACION,,,,,True,OK,[],0,
,,,,,SIN_HISTORIAL_DE_FACTURACION,,,,,False,ALERTA — REVISIÓN HUMANA,['Cliente no encontrado en el maestro SUNAT (001_TBL_CLIENTES_B2B) -- no se puede validar SUNAT/Osiptel para este RUC.'],0,
,,,,,SIN_HISTORIAL_DE_FACTURACION,,,,,False,ALERTA — REVISIÓN HUMANA,['Cliente no encontrado en el maestro SUNAT (001_TBL_CLIENTES_B2B) -- no se puede validar SUNAT/Osiptel para este RUC.'],0,
,,,,,SIN_HISTORIAL_DE_FACTURACION,,,,,False,ALERTA — REVISIÓN HUMANA,['Cliente no encontrado en el maestro SUNAT (001_TBL_CLIENTES_B2B) -- no se puede validar SUNAT/Osiptel para este RUC.'],0,
RUC_fab2a4510f78,CLIENT_00886,CALLAO,Prov. Const. del Callao,Callao,ALTO,ALTO,17.4,80.0,False,True,OK,[],10,Contacto proactivo antes del vencimiento + oferta de plan de pago fraccionado; escalar a gestor de cuenta senior.
RUC_667260583484,CLIENT_00602,HUANUCO,Huánuco,Huanuco,BAJO,BAJO,2.0,17.0,False,True,OK,[],2,Mantener ciclo de facturación estándar; sin acción de cobranza adicional.
,,,,,SIN_HISTORIAL_DE_FACTURACION,,,,,False,ALERTA — REVISIÓN HUMANA,['Cliente no encontrado en el maestro SUNAT (001_TBL_CLIENTES_B2B) -- no se puede validar SUNAT/Osiptel para este RUC.'],0,
,,,,,SIN_HISTORIAL_DE_FACTURACION,,,,,False,ALERTA — REVISIÓN HUMANA,['Cliente no encontrado en el maestro SUNAT (001_TBL_CLIENTES_B2B) -- no se puede validar SUNAT/Osiptel para este RUC.'],0,
,,,,,SIN_HISTORIAL_DE_FACTURACION,,,,,False,ALERTA — REVISIÓN HUMANA,['Cliente no encontrado en el maestro SUNAT (001_TBL_CLIENTES_B2B) -- no se puede validar SUNAT/Osiptel para este RUC.'],0,
RUC_04e830dd0b0a,CLIENT_00297,CUSCO,Cusco,Cusco,ALTO,ALTO,28.0,56.0,False,True,OK,[],1,Contacto proactivo antes del vencimiento + oferta de plan de pago fraccionado; escalar a gestor de cuenta senior.
RUC_8f8f1b26027a,CLIENT_00779,LA LIBERTAD,Trujillo,Trujillo,MEDIO,MEDIO,9.8,34.0,False,True,OK,[],3,Recordatorio automático 5 días antes del vencimiento por correo/WhatsApp; sin escalamiento humano todavía.
,,,,,SIN_HISTORIAL_DE_FACTURACION,,,,,False,ALERTA — REVISIÓN HUMANA,['Cliente no encontrado en el maestro SUNAT (001_TBL_CLIENTES_B2B) -- no se puede validar SUNAT/Osiptel para este RUC.'],0,
RUC_2af7b35624a4,CLIENT_00983,PUNO,Puno,Puno,SIN_HISTORIAL_DE_FACTURACION,,,,,True,OK,[],0,
,,,,,SIN_HISTORIAL_DE_FACTURACION,,,,,False,ALERTA — REVISIÓN HUMANA,['Cliente no encontrado en el maestro SUNAT (001_TBL_CLIENTES_B2B) -- no se puede validar SUNAT/Osiptel para este RUC.'],0,
RUC_c14587d7c477,CLIENT_00223,LIMA,Lima,Santiago de Surco,SIN_HISTORIAL_DE_FACTURACION,,,,,True,OK,[],0,
,,,,,SIN_HISTORIAL_DE_FACTURACION,,,,,False,ALERTA — REVISIÓN HUMANA,['Cliente no encontrado en el maestro SUNAT (001_TBL_CLIENTES_B2B) -- no se puede validar SUNAT/Osiptel para este RUC.'],0,
,,,,,SIN_HISTORIAL_DE_FACTURACION,,,,,False,ALERTA — REVISIÓN HUMANA,['Cliente no encontrado en el maestro SUNAT (001_TBL_CLIENTES_B2B) -- no se puede validar SUNAT/Osiptel para este RUC.'],0,
,,,,,SIN_HISTORIAL_DE_FACTURACION,,,,,False,ALERTA — REVISIÓN HUMANA,['Cliente no encontrado en el maestro SUNAT (001_TBL_CLIENTES_B2B) -- no se puede validar SUNAT/Osiptel para este RUC.'],0,
,,,,,SIN_HISTORIAL_DE_FACTURACION,,,,,False,ALERTA — REVISIÓN HUMANA,['Cliente no encontrado en el maestro SUNAT (001_TBL_CLIENTES_B2B) -- no se puede validar SUNAT/Osiptel para este RUC.'],0,
,,,,,BAJO,BAJO,-7.0,-2.0,True,False,ALERTA — REVISIÓN HUMANA,['Cliente no encontrado en el maestro SUNAT (001_TBL_CLIENTES_B2B) -- no se puede validar SUNAT/Osiptel para este RUC.'],0,Mantener ciclo de facturación estándar; sin acción de cobranza adicional.
RUC_98de2c01ead7,CLIENT_00015,LIMA,Lima,Miraflores,SIN_HISTORIAL_DE_FACTURACION,,,,,True,OK,[],0,
RUC_03bcd0c63831,CLIENT_00937,LIMA,Lima,Barranco,SIN_HISTORIAL_DE_FACTURACION,,,,,True,OK,[],0,
,,,,,SIN_HISTORIAL_DE_FACTURACION,,,,,False,ALERTA — REVISIÓN HUMANA,['Cliente no encontrado en el maestro SUNAT (001_TBL_CLIENTES_B2B) -- no se puede validar SUNAT/Osiptel para este RUC.'],0,
,,,,,SIN_HISTORIAL_DE_FACTURACION,,,,,False,ALERTA — REVISIÓN HUMANA,['Cliente no encontrado en el maestro SUNAT (001_TBL_CLIENTES_B2B) -- no se puede validar SUNAT/Osiptel para este RUC.'],0,
,,,,,SIN_HISTORIAL_DE_FACTURACION,,,,,False,ALERTA — REVISIÓN HUMANA,['Cliente no encontrado en el maestro SUNAT (001_TBL_CLIENTES_B2B) -- no se puede validar SUNAT/Osiptel para este RUC.'],0,
,,,,,SIN_HISTORIAL_DE_FACTURACION,,,,,False,ALERTA — REVISIÓN HUMANA,['Cliente no encontrado en el maestro SUNAT (001_TBL_CLIENTES_B2B) -- no se puede validar SUNAT/Osiptel para este RUC.'],0,
RUC_19a0021fbb7e,CLIENT_00425,LIMA,Lima,La Victoria,BAJO,BAJO,-0.5,0.0,False,True,OK,[],0,Mantener ciclo de facturación estándar; sin acción de cobranza adicional.
RUC_e29d9e2fe6c2,CLIENT_00877,LIMA,Lima,Barranco,BAJO,BAJO,5.0,5.0,False,True,OK,[],0,Mantener ciclo de facturación estándar; sin acción de cobranza adicional.
,,,,,SIN_HISTORIAL_DE_FACTURACION,,,,,False,ALERTA — REVISIÓN HUMANA,['Cliente no encontrado en el maestro SUNAT (001_TBL_CLIENTES_B2B) -- no se puede validar SUNAT/Osiptel para este RUC.'],0,
,,,,,SIN_HISTORIAL_DE_FACTURACION,,,,,False,ALERTA — REVISIÓN HUMANA,['Cliente no encontrado en el maestro SUNAT (001_TBL_CLIENTES_B2B) -- no se puede validar SUNAT/Osiptel para este RUC.'],0,
RUC_56e3d88d041a,CLIENT_00431,LIMA,Lima,San Martín de Porres,ALTO,ALTO,19.5,22.0,False,True,OK,[],2,Contacto proactivo antes del vencimiento + oferta de plan de pago fraccionado; escalar a gestor de cuenta senior.
RUC_6cb10e75abad,CLIENT_00172,LIMA,Lima,San Luis,SIN_HISTORIAL_DE_FACTURACION,,,,,True,OK,[],0,
,,,,,SIN_HISTORIAL_DE_FACTURACION,,,,,False,ALERTA — REVISIÓN HUMANA,['Cliente no encontrado en el maestro SUNAT (001_TBL_CLIENTES_B2B) -- no se puede validar SUNAT/Osiptel para este RUC.'],0,
,,,,,SIN_HISTORIAL_DE_FACTURACION,,,,,False,ALERTA — REVISIÓN HUMANA,['Cliente no encontrado en el maestro SUNAT (001_TBL_CLIENTES_B2B) -- no se puede validar SUNAT/Osiptel para este RUC.'],0,
,,,,,SIN_HISTORIAL_DE_FACTURACION,,,,,False,ALERTA — REVISIÓN HUMANA,['Cliente no encontrado en el maestro SUNAT (001_TBL_CLIENTES_B2B) -- no se puede validar SUNAT/Osiptel para este RUC.'],0,
RUC_813631da3930,CLIENT_00603,LIMA,Lima,Ate,SIN_HISTORIAL_DE_FACTURACION,,,,,True,OK,[],0,
,,,,,SIN_HISTORIAL_DE_FACTURACION,,,,,False,ALERTA — REVISIÓN HUMANA,['Cliente no encontrado en el maestro SUNAT (001_TBL_CLIENTES_B2B) -- no se puede validar SUNAT/Osiptel para este RUC.'],0,
RUC_c996c0efd6be,CLIENT_00062,LIMA,Lima,Lima,SIN_HISTORIAL_DE_FACTURACION,,,,,True,OK,[],0,
RUC_0112644b0d23,CLIENT_00612,PIURA,Morropón,Chulucanas,SIN_HISTORIAL_DE_FACTURACION,,,,,True,OK,[],0,
,,,,,SIN_HISTORIAL_DE_FACTURACION,,,,,False,ALERTA — REVISIÓN HUMANA,['Cliente no encontrado en el maestro SUNAT (001_TBL_CLIENTES_B2B) -- no se puede validar SUNAT/Osiptel para este RUC.'],0,
,,,,,SIN_HISTORIAL_DE_FACTURACION,,,,,False,ALERTA — REVISIÓN HUMANA,['Cliente no encontrado en el maestro SUNAT (001_TBL_CLIENTES_B2B) -- no se puede validar SUNAT/Osiptel para este RUC.'],0,
,,,,,SIN_HISTORIAL_DE_FACTURACION,,,,,False,ALERTA — REVISIÓN HUMANA,['Cliente no encontrado en el maestro SUNAT (001_TBL_CLIENTES_B2B) -- no se puede validar SUNAT/Osiptel para este RUC.'],0,
RUC_7ba5257a89cc,CLIENT_00174,CALLAO,Prov. Const. del Callao,La Perla,SIN_HISTORIAL_DE_FACTURACION,,,,,True,OK,[],0,
,,,,,BAJO,BAJO,1.0,1.0,False,False,ALERTA — REVISIÓN HUMANA,['Cliente no encontrado en el maestro SUNAT (001_TBL_CLIENTES_B2B) -- no se puede validar SUNAT/Osiptel para este RUC.'],0,Mantener ciclo de facturación estándar; sin acción de cobranza adicional.
,,,,,SIN_HISTORIAL_DE_FACTURACION,,,,,False,ALERTA — REVISIÓN HUMANA,['Cliente no encontrado en el maestro SUNAT (001_TBL_CLIENTES_B2B) -- no se puede validar SUNAT/Osiptel para este RUC.'],0,
,,,,,SIN_HISTORIAL_DE_FACTURACION,,,,,False,ALERTA — REVISIÓN HUMANA,['Cliente no encontrado en el maestro SUNAT (001_TBL_CLIENTES_B2B) -- no se puede validar SUNAT/Osiptel para este RUC.'],0,
,,,,,SIN_HISTORIAL_DE_FACTURACION,,,,,False,ALERTA — REVISIÓN HUMANA,['Cliente no encontrado en el maestro SUNAT (001_TBL_CLIENTES_B2B) -- no se puede validar SUNAT/Osiptel para este RUC.'],0,
,,,,,SIN_HISTORIAL_DE_FACTURACION,,,,,False,ALERTA — REVISIÓN HUMANA,['Cliente no encontrado en el maestro SUNAT (001_TBL_CLIENTES_B2B) -- no se puede validar SUNAT/Osiptel para este RUC.'],0,
RUC_d116b7eec19c,CLIENT_00680,LIMA,Lima,Lurigancho,ALTO,ALTO,564.5,580.0,False,True,OK,[],2,Contacto proactivo antes del vencimiento + oferta de plan de pago fraccionado; escalar a gestor de cuenta senior.
,,,,,SIN_HISTORIAL_DE_FACTURACION,,,,,False,ALERTA — REVISIÓN HUMANA,['Cliente no encontrado en el maestro SUNAT (001_TBL_CLIENTES_B2B) -- no se puede validar SUNAT/Osiptel para este RUC.'],0,
,,,,,SIN_HISTORIAL_DE_FACTURACION,,,,,False,ALERTA — REVISIÓN HUMANA,['Cliente no encontrado en el maestro SUNAT (001_TBL_CLIENTES_B2B) -- no se puede validar SUNAT/Osiptel para este RUC.'],0,
,,,,,SIN_HISTORIAL_DE_FACTURACION,,,,,False,ALERTA — REVISIÓN HUMANA,['Cliente no encontrado en el maestro SUNAT (001_TBL_CLIENTES_B2B) -- no se puede validar SUNAT/Osiptel para este RUC.'],0,
RUC_f9139dd3ba2a,CLIENT_00642,HUANUCO,Huánuco,Amarilis,ALTO,BAJO,-11.7,-10.0,False,True,ALERTA — REVISIÓN HUMANA,['SUNAT_ESTADO_CONTRIBUYENTE=SUSPENSION TEMPORAL (no ACTIVO)'],0,Mantener ciclo de facturación estándar; sin acción de cobranza adicional.
,,,,,SIN_HISTORIAL_DE_FACTURACION,,,,,False,ALERTA — REVISIÓN HUMANA,['Cliente no encontrado en el maestro SUNAT (001_TBL_CLIENTES_B2B) -- no se puede validar SUNAT/Osiptel para este RUC.'],0,
RUC_0a812a28ea6e,CLIENT_00330,TACNA,Tacna,Tacna,MEDIO,MEDIO,9.0,10.0,False,True,OK,[],0,Recordatorio automático 5 días antes del vencimiento por correo/WhatsApp; sin escalamiento humano todavía.
,,,,,SIN_HISTORIAL_DE_FACTURACION,,,,,False,ALERTA — REVISIÓN HUMANA,['Cliente no encontrado en el maestro SUNAT (001_TBL_CLIENTES_B2B) -- no se puede validar SUNAT/Osiptel para este RUC.'],0,
,,,,,SIN_HISTORIAL_DE_FACTURACION,,,,,False,ALERTA — REVISIÓN HUMANA,['Cliente no encontrado en el maestro SUNAT (001_TBL_CLIENTES_B2B) -- no se puede validar SUNAT/Osiptel para este RUC.'],0,
,,,,,BAJO,BAJO,-10.2,-7.0,False,False,ALERTA — REVISIÓN HUMANA,['Cliente no encontrado en el maestro SUNAT (001_TBL_CLIENTES_B2B) -- no se puede validar SUNAT/Osiptel para este RUC.'],0,Mantener ciclo de facturación estándar; sin acción de cobranza adicional.
RUC_5d869c93d64a,CLIENT_00580,LIMA,Lima,San Juan de Miraflores,BAJO,BAJO,2.0,2.0,False,True,OK,[],0,Mantener ciclo de facturación estándar; sin acción de cobranza adicional.
RUC_a404c5d15a0a,CLIENT_00225,LA LIBERTAD,Ascope,Chicama,SIN_HISTORIAL_DE_FACTURACION,,,,,True,OK,[],0,
,,,,,SIN_HISTORIAL_DE_FACTURACION,,,,,False,ALERTA — REVISIÓN HUMANA,['Cliente no encontrado en el maestro SUNAT (001_TBL_CLIENTES_B2B) -- no se puede validar SUNAT/Osiptel para este RUC.'],0,
RUC_a08f6aa39736,CLIENT_00436,UCAYALI,Coronel Portillo,Yarinacocha,ALTO,,,,,True,ALERTA — REVISIÓN HUMANA,['SUNAT_ESTADO_RUC=NO HABIDO (no HABIDO)'],0,
,,,,,SIN_HISTORIAL_DE_FACTURACION,,,,,False,ALERTA — REVISIÓN HUMANA,['Cliente no encontrado en el maestro SUNAT (001_TBL_CLIENTES_B2B) -- no se puede validar SUNAT/Osiptel para este RUC.'],0,
RUC_6d358ade9e31,CLIENT_00323,LIMA,Lima,Santiago de Surco,SIN_HISTORIAL_DE_FACTURACION,,,,,True,OK,[],0,
RUC_591514351f86,CLIENT_00375,LIMA,Lima,Lima,BAJO,BAJO,2.0,2.0,False,True,OK,[],0,Mantener ciclo de facturación estándar; sin acción de cobranza adicional.
,,,,,BAJO,BAJO,-8.0,-8.0,False,False,ALERTA — REVISIÓN HUMANA,['Cliente no encontrado en el maestro SUNAT (001_TBL_CLIENTES_B2B) -- no se puede validar SUNAT/Osiptel para este RUC.'],0,Mantener ciclo de facturación estándar; sin acción de cobranza adicional.
,,,,,SIN_HISTORIAL_DE_FACTURACION,,,,,False,ALERTA — REVISIÓN HUMANA,['Cliente no encontrado en el maestro SUNAT (001_TBL_CLIENTES_B2B) -- no se puede validar SUNAT/Osiptel para este RUC.'],0,
RUC_75963d6425a5,CLIENT_00577,LIMA,Lima,La Victoria,BAJO,BAJO,-7.0,3.0,False,True,OK,[],2,Mantener ciclo de facturación estándar; sin acción de cobranza adicional.
,,,,,SIN_HISTORIAL_DE_FACTURACION,,,,,False,ALERTA — REVISIÓN HUMANA,['Cliente no encontrado en el maestro SUNAT (001_TBL_CLIENTES_B2B) -- no se puede validar SUNAT/Osiptel para este RUC.'],0,
RUC_092c1e65578d,CLIENT_00544,LIMA,Lima,Lima,BAJO,BAJO,-2.0,0.0,False,True,OK,[],0,Mantener ciclo de facturación estándar; sin acción de cobranza adicional.
,,,,,SIN_HISTORIAL_DE_FACTURACION,,,,,False,ALERTA — REVISIÓN HUMANA,['Cliente no encontrado en el maestro SUNAT (001_TBL_CLIENTES_B2B) -- no se puede validar SUNAT/Osiptel para este RUC.'],0,
,,,,,SIN_HISTORIAL_DE_FACTURACION,,,,,False,ALERTA — REVISIÓN HUMANA,['Cliente no encontrado en el maestro SUNAT (001_TBL_CLIENTES_B2B) -- no se puede validar SUNAT/Osiptel para este RUC.'],0,
RUC_3be2affe758b,CLIENT_00356,LIMA,Lima,Ate,ALTO,ALTO,38.0,38.0,False,True,OK,[],1,Contacto proactivo antes del vencimiento + oferta de plan de pago fraccionado; escalar a gestor de cuenta senior.
,,,,,SIN_HISTORIAL_DE_FACTURACION,,,,,False,ALERTA — REVISIÓN HUMANA,['Cliente no encontrado en el maestro SUNAT (001_TBL_CLIENTES_B2B) -- no se puede validar SUNAT/Osiptel para este RUC.'],0,
,,,,,SIN_HISTORIAL_DE_FACTURACION,,,,,False,ALERTA — REVISIÓN HUMANA,['Cliente no encontrado en el maestro SUNAT (001_TBL_CLIENTES_B2B) -- no se puede validar SUNAT/Osiptel para este RUC.'],0,
RUC_7a7a658b3354,CLIENT_00250,HUANUCO,Huánuco,Huanuco,BAJO,BAJO,-7.5,0.0,False,True,OK,[],0,Mantener ciclo de facturación estándar; sin acción de cobranza adicional.
,,,,,SIN_HISTORIAL_DE_FACTURACION,,,,,False,ALERTA — REVISIÓN HUMANA,['Cliente no encontrado en el maestro SUNAT (001_TBL_CLIENTES_B2B) -- no se puede validar SUNAT/Osiptel para este RUC.'],0,
,,,,,SIN_HISTORIAL_DE_FACTURACION,,,,,False,ALERTA — REVISIÓN HUMANA,['Cliente no encontrado en el maestro SUNAT (001_TBL_CLIENTES_B2B) -- no se puede validar SUNAT/Osiptel para este RUC.'],0,
RUC_c9ed014d3140,CLIENT_00458,CUSCO,Cusco,Cusco,ALTO,,,,,True,ALERTA — REVISIÓN HUMANA,['SUNAT_ESTADO_CONTRIBUYENTE=BAJA DE OFICIO (no ACTIVO)'],0,
RUC_8409dbb51eb3,CLIENT_00744,ICA,Pisco,San Andrés,BAJO,BAJO,-0.3,2.0,False,True,OK,[],0,Mantener ciclo de facturación estándar; sin acción de cobranza adicional.
,,,,,ALTO,ALTO,19.5,25.0,False,False,ALERTA — REVISIÓN HUMANA,['Cliente no encontrado en el maestro SUNAT (001_TBL_CLIENTES_B2B) -- no se puede validar SUNAT/Osiptel para este RUC.'],1,Contacto proactivo antes del vencimiento + oferta de plan de pago fraccionado; escalar a gestor de cuenta senior.
,,,,,SIN_HISTORIAL_DE_FACTURACION,,,,,False,ALERTA — REVISIÓN HUMANA,['Cliente no encontrado en el maestro SUNAT (001_TBL_CLIENTES_B2B) -- no se puede validar SUNAT/Osiptel para este RUC.'],0,
,,,,,SIN_HISTORIAL_DE_FACTURACION,,,,,False,ALERTA — REVISIÓN HUMANA,['Cliente no encontrado en el maestro SUNAT (001_TBL_CLIENTES_B2B) -- no se puede validar SUNAT/Osiptel para este RUC.'],0,
RUC_c381fee6524d,CLIENT_00955,CAJAMARCA,Chota,Chota,SIN_HISTORIAL_DE_FACTURACION,,,,,True,OK,[],0,
,,,,,SIN_HISTORIAL_DE_FACTURACION,,,,,False,ALERTA — REVISIÓN HUMANA,['Cliente no encontrado en el maestro SUNAT (001_TBL_CLIENTES_B2B) -- no se puede validar SUNAT/Osiptel para este RUC.'],0,
,,,,,SIN_HISTORIAL_DE_FACTURACION,,,,,False,ALERTA — REVISIÓN HUMANA,['Cliente no encontrado en el maestro SUNAT (001_TBL_CLIENTES_B2B) -- no se puede validar SUNAT/Osiptel para este RUC.'],0,
,,,,,BAJO,BAJO,-1.0,-1.0,False,False,ALERTA — REVISIÓN HUMANA,['Cliente no encontrado en el maestro SUNAT (001_TBL_CLIENTES_B2B) -- no se puede validar SUNAT/Osiptel para este RUC.'],1,Mantener ciclo de facturación estándar; sin acción de cobranza adicional.
,,,,,SIN_HISTORIAL_DE_FACTURACION,,,,,False,ALERTA — REVISIÓN HUMANA,['Cliente no encontrado en el maestro SUNAT (001_TBL_CLIENTES_B2B) -- no se puede validar SUNAT/Osiptel para este RUC.'],0,
,,,,,SIN_HISTORIAL_DE_FACTURACION,,,,,False,ALERTA — REVISIÓN HUMANA,['Cliente no encontrado en el maestro SUNAT (001_TBL_CLIENTES_B2B) -- no se puede validar SUNAT/Osiptel para este RUC.'],0,
RUC_3308f91767d3,CLIENT_00139,LIMA,Lima,San Miguel,ALTO,BAJO,-12.5,-12.0,False,True,ALERTA — REVISIÓN HUMANA,['Todas sus líneas (fija/móvil) están inactivas o suspendidas'],0,Mantener ciclo de facturación estándar; sin acción de cobranza adicional.
,,,,,BAJO,BAJO,3.5,6.0,True,False,ALERTA — REVISIÓN HUMANA,['Cliente no encontrado en el maestro SUNAT (001_TBL_CLIENTES_B2B) -- no se puede validar SUNAT/Osiptel para este RUC.'],0,Mantener ciclo de facturación estándar; sin acción de cobranza adicional.
,,,,,SIN_HISTORIAL_DE_FACTURACION,,,,,False,ALERTA — REVISIÓN HUMANA,['Cliente no encontrado en el maestro SUNAT (001_TBL_CLIENTES_B2B) -- no se puede validar SUNAT/Osiptel para este RUC.'],0,
RUC_76b94fe26a66,CLIENT_00137,LIMA,Lima,San Isidro,BAJO,BAJO,-11.5,-10.0,True,True,OK,[],0,Mantener ciclo de facturación estándar; sin acción de cobranza adicional.
,,,,,SIN_HISTORIAL_DE_FACTURACION,,,,,False,ALERTA — REVISIÓN HUMANA,['Cliente no encontrado en el maestro SUNAT (001_TBL_CLIENTES_B2B) -- no se puede validar SUNAT/Osiptel para este RUC.'],0,
RUC_e2b28036bef0,CLIENT_00488,PIURA,Talara,Mancora,SIN_HISTORIAL_DE_FACTURACION,,,,,True,OK,[],0,
RUC_47cb45f4f883,CLIENT_00415,LIMA,Lima,Santiago de Surco,MEDIO,MEDIO,5.8,22.0,False,True,OK,[],0,Recordatorio automático 5 días antes del vencimiento por correo/WhatsApp; sin escalamiento humano todavía.
,,,,,SIN_HISTORIAL_DE_FACTURACION,,,,,False,ALERTA — REVISIÓN HUMANA,['Cliente no encontrado en el maestro SUNAT (001_TBL_CLIENTES_B2B) -- no se puede validar SUNAT/Osiptel para este RUC.'],0,
,,,,,SIN_HISTORIAL_DE_FACTURACION,,,,,False,ALERTA — REVISIÓN HUMANA,['Cliente no encontrado en el maestro SUNAT (001_TBL_CLIENTES_B2B) -- no se puede validar SUNAT/Osiptel para este RUC.'],0,
RUC_531babb15ecf,CLIENT_00434,LIMA,Lima,Santiago de Surco,SIN_HISTORIAL_DE_FACTURACION,,,,,True,OK,[],0,
,,,,,SIN_HISTORIAL_DE_FACTURACION,,,,,False,ALERTA — REVISIÓN HUMANA,['Cliente no encontrado en el maestro SUNAT (001_TBL_CLIENTES_B2B) -- no se puede validar SUNAT/Osiptel para este RUC.'],0,
,,,,,SIN_HISTORIAL_DE_FACTURACION,,,,,False,ALERTA — REVISIÓN HUMANA,['Cliente no encontrado en el maestro SUNAT (001_TBL_CLIENTES_B2B) -- no se puede validar SUNAT/Osiptel para este RUC.'],0,
,,,,,SIN_HISTORIAL_DE_FACTURACION,,,,,False,ALERTA — REVISIÓN HUMANA,['Cliente no encontrado en el maestro SUNAT (001_TBL_CLIENTES_B2B) -- no se puede validar SUNAT/Osiptel para este RUC.'],0,
,,,,,SIN_HISTORIAL_DE_FACTURACION,,,,,False,ALERTA — REVISIÓN HUMANA,['Cliente no encontrado en el maestro SUNAT (001_TBL_CLIENTES_B2B) -- no se puede validar SUNAT/Osiptel para este RUC.'],0,
,,,,,SIN_HISTORIAL_DE_FACTURACION,,,,,False,ALERTA — REVISIÓN HUMANA,['Cliente no encontrado en el maestro SUNAT (001_TBL_CLIENTES_B2B) -- no se puede validar SUNAT/Osiptel para este RUC.'],0,
,,,,,SIN_HISTORIAL_DE_FACTURACION,,,,,False,ALERTA — REVISIÓN HUMANA,['Cliente no encontrado en el maestro SUNAT (001_TBL_CLIENTES_B2B) -- no se puede validar SUNAT/Osiptel para este RUC.'],0,
,,,,,SIN_HISTORIAL_DE_FACTURACION,,,,,False,ALERTA — REVISIÓN HUMANA,['Cliente no encontrado en el maestro SUNAT (001_TBL_CLIENTES_B2B) -- no se puede validar SUNAT/Osiptel para este RUC.'],0,
,,,,,SIN_HISTORIAL_DE_FACTURACION,,,,,False,ALERTA — REVISIÓN HUMANA,['Cliente no encontrado en el maestro SUNAT (001_TBL_CLIENTES_B2B) -- no se puede validar SUNAT/Osiptel para este RUC.'],0,
,,,,,SIN_HISTORIAL_DE_FACTURACION,,,,,False,ALERTA — REVISIÓN HUMANA,['Cliente no encontrado en el maestro SUNAT (001_TBL_CLIENTES_B2B) -- no se puede validar SUNAT/Osiptel para este RUC.'],0,
,,,,,SIN_HISTORIAL_DE_FACTURACION,,,,,False,ALERTA — REVISIÓN HUMANA,['Cliente no encontrado en el maestro SUNAT (001_TBL_CLIENTES_B2B) -- no se puede validar SUNAT/Osiptel para este RUC.'],0,
RUC_129d51499352,CLIENT_00008,CUSCO,Cusco,Wanchaq,BAJO,BAJO,1.0,2.0,True,True,OK,[],0,Mantener ciclo de facturación estándar; sin acción de cobranza adicional.
,,,,,BAJO,BAJO,1.2,3.0,False,False,ALERTA — REVISIÓN HUMANA,['Cliente no encontrado en el maestro SUNAT (001_TBL_CLIENTES_B2B) -- no se puede validar SUNAT/Osiptel para este RUC.'],0,Mantener ciclo de facturación estándar; sin acción de cobranza adicional.
,,,,,BAJO,BAJO,-8.8,-6.0,False,False,ALERTA — REVISIÓN HUMANA,['Cliente no encontrado en el maestro SUNAT (001_TBL_CLIENTES_B2B) -- no se puede validar SUNAT/Osiptel para este RUC.'],3,Mantener ciclo de facturación estándar; sin acción de cobranza adicional.
,,,,,BAJO,BAJO,-7.3,4.0,False,False,ALERTA — REVISIÓN HUMANA,['Cliente no encontrado en el maestro SUNAT (001_TBL_CLIENTES_B2B) -- no se puede validar SUNAT/Osiptel para este RUC.'],2,Mantener ciclo de facturación estándar; sin acción de cobranza adicional.
,,,,,SIN_HISTORIAL_DE_FACTURACION,,,,,False,ALERTA — REVISIÓN HUMANA,['Cliente no encontrado en el maestro SUNAT (001_TBL_CLIENTES_B2B) -- no se puede validar SUNAT/Osiptel para este RUC.'],0,
RUC_ec09f334ccd3,CLIENT_00622,CUSCO,Cusco,Wanchaq,ALTO,BAJO,2.0,2.0,False,True,ALERTA — REVISIÓN HUMANA,['SUNAT_ESTADO_CONTRIBUYENTE=SUSPENSION TEMPORAL (no ACTIVO)'],1,Mantener ciclo de facturación estándar; sin acción de cobranza adicional.
,,,,,SIN_HISTORIAL_DE_FACTURACION,,,,,False,ALERTA — REVISIÓN HUMANA,['Cliente no encontrado en el maestro SUNAT (001_TBL_CLIENTES_B2B) -- no se puede validar SUNAT/Osiptel para este RUC.'],0,
RUC_e8721b2e7af9,CLIENT_00679,CALLAO,Prov. Const. del Callao,Bellavista,BAJO,BAJO,-3.5,-3.0,False,True,OK,[],0,Mantener ciclo de facturación estándar; sin acción de cobranza adicional.
,,,,,SIN_HISTORIAL_DE_FACTURACION,,,,,False,ALERTA — REVISIÓN HUMANA,['Cliente no encontrado en el maestro SUNAT (001_TBL_CLIENTES_B2B) -- no se puede validar SUNAT/Osiptel para este RUC.'],0,
RUC_5458346f3814,CLIENT_00224,ANCASH,Santa,Nuevo Chimbote,SIN_HISTORIAL_DE_FACTURACION,,,,,True,OK,[],0,
,,,,,BAJO,BAJO,-13.0,-12.0,False,False,ALERTA — REVISIÓN HUMANA,['Cliente no encontrado en el maestro SUNAT (001_TBL_CLIENTES_B2B) -- no se puede validar SUNAT/Osiptel para este RUC.'],0,Mantener ciclo de facturación estándar; sin acción de cobranza adicional.
,,,,,SIN_HISTORIAL_DE_FACTURACION,,,,,False,ALERTA — REVISIÓN HUMANA,['Cliente no encontrado en el maestro SUNAT (001_TBL_CLIENTES_B2B) -- no se puede validar SUNAT/Osiptel para este RUC.'],0,
,,,,,SIN_HISTORIAL_DE_FACTURACION,,,,,False,ALERTA — REVISIÓN HUMANA,['Cliente no encontrado en el maestro SUNAT (001_TBL_CLIENTES_B2B) -- no se puede validar SUNAT/Osiptel para este RUC.'],0,
,,,,,SIN_HISTORIAL_DE_FACTURACION,,,,,False,ALERTA — REVISIÓN HUMANA,['Cliente no encontrado en el maestro SUNAT (001_TBL_CLIENTES_B2B) -- no se puede validar SUNAT/Osiptel para este RUC.'],0,
,,,,,SIN_HISTORIAL_DE_FACTURACION,,,,,False,ALERTA — REVISIÓN HUMANA,['Cliente no encontrado en el maestro SUNAT (001_TBL_CLIENTES_B2B) -- no se puede validar SUNAT/Osiptel para este RUC.'],0,
RUC_cd922ea731a9,CLIENT_00060,LIMA,Barranca,Paramonga,MEDIO,MEDIO,14.5,15.0,False,True,OK,[],0,Recordatorio automático 5 días antes del vencimiento por correo/WhatsApp; sin escalamiento humano todavía.
,,,,,SIN_HISTORIAL_DE_FACTURACION,,,,,False,ALERTA — REVISIÓN HUMANA,['Cliente no encontrado en el maestro SUNAT (001_TBL_CLIENTES_B2B) -- no se puede validar SUNAT/Osiptel para este RUC.'],0,
,,,,,SIN_HISTORIAL_DE_FACTURACION,,,,,False,ALERTA — REVISIÓN HUMANA,['Cliente no encontrado en el maestro SUNAT (001_TBL_CLIENTES_B2B) -- no se puede validar SUNAT/Osiptel para este RUC.'],0,
,,,,,BAJO,BAJO,-11.1,-6.0,False,False,ALERTA — REVISIÓN HUMANA,['Cliente no encontrado en el maestro SUNAT (001_TBL_CLIENTES_B2B) -- no se puede validar SUNAT/Osiptel para este RUC.'],2,Mantener ciclo de facturación estándar; sin acción de cobranza adicional.
,,,,,BAJO,BAJO,0.8,3.0,False,False,ALERTA — REVISIÓN HUMANA,['Cliente no encontrado en el maestro SUNAT (001_TBL_CLIENTES_B2B) -- no se puede validar SUNAT/Osiptel para este RUC.'],0,Mantener ciclo de facturación estándar; sin acción de cobranza adicional.
,,,,,BAJO,BAJO,3.0,3.0,False,False,ALERTA — REVISIÓN HUMANA,['Cliente no encontrado en el maestro SUNAT (001_TBL_CLIENTES_B2B) -- no se puede validar SUNAT/Osiptel para este RUC.'],1,Mantener ciclo de facturación estándar; sin acción de cobranza adicional.
,,,,,SIN_HISTORIAL_DE_FACTURACION,,,,,False,ALERTA — REVISIÓN HUMANA,['Cliente no encontrado en el maestro SUNAT (001_TBL_CLIENTES_B2B) -- no se puede validar SUNAT/Osiptel para este RUC.'],0,
,,,,,SIN_HISTORIAL_DE_FACTURACION,,,,,False,ALERTA — REVISIÓN HUMANA,['Cliente no encontrado en el maestro SUNAT (001_TBL_CLIENTES_B2B) -- no se puede validar SUNAT/Osiptel para este RUC.'],0,
RUC_0e9fce344a4f,CLIENT_00892,PIURA,Piura,Castilla,SIN_HISTORIAL_DE_FACTURACION,,,,,True,OK,[],0,
,,,,,SIN_HISTORIAL_DE_FACTURACION,,,,,False,ALERTA — REVISIÓN HUMANA,['Cliente no encontrado en el maestro SUNAT (001_TBL_CLIENTES_B2B) -- no se puede validar SUNAT/Osiptel para este RUC.'],0,
,,,,,SIN_HISTORIAL_DE_FACTURACION,,,,,False,ALERTA — REVISIÓN HUMANA,['Cliente no encontrado en el maestro SUNAT (001_TBL_CLIENTES_B2B) -- no se puede validar SUNAT/Osiptel para este RUC.'],0,
RUC_f9de71b1429c,CLIENT_00475,SAN MARTIN,San Martín,Tarapoto,ALTO,BAJO,-4.0,-4.0,False,True,ALERTA — REVISIÓN HUMANA,['Todas sus líneas (fija/móvil) están inactivas o suspendidas'],0,Mantener ciclo de facturación estándar; sin acción de cobranza adicional.
,,,,,BAJO,BAJO,-2.3,10.0,False,False,ALERTA — REVISIÓN HUMANA,['Cliente no encontrado en el maestro SUNAT (001_TBL_CLIENTES_B2B) -- no se puede validar SUNAT/Osiptel para este RUC.'],1,Mantener ciclo de facturación estándar; sin acción de cobranza adicional.
RUC_781c81882299,CLIENT_01000,SAN MARTIN,Tocache,Tocache,BAJO,BAJO,0.5,3.0,False,True,OK,[],0,Mantener ciclo de facturación estándar; sin acción de cobranza adicional.
,,,,,SIN_HISTORIAL_DE_FACTURACION,,,,,False,ALERTA — REVISIÓN HUMANA,['Cliente no encontrado en el maestro SUNAT (001_TBL_CLIENTES_B2B) -- no se puede validar SUNAT/Osiptel para este RUC.'],0,
RUC_b6aec3b08013,CLIENT_00636,LIMA,Lima,Miraflores,BAJO,BAJO,-1.0,-1.0,False,True,OK,[],0,Mantener ciclo de facturación estándar; sin acción de cobranza adicional.
,,,,,SIN_HISTORIAL_DE_FACTURACION,,,,,False,ALERTA — REVISIÓN HUMANA,['Cliente no encontrado en el maestro SUNAT (001_TBL_CLIENTES_B2B) -- no se puede validar SUNAT/Osiptel para este RUC.'],0,
,,,,,SIN_HISTORIAL_DE_FACTURACION,,,,,False,ALERTA — REVISIÓN HUMANA,['Cliente no encontrado en el maestro SUNAT (001_TBL_CLIENTES_B2B) -- no se puede validar SUNAT/Osiptel para este RUC.'],0,
RUC_a4cc92796980,CLIENT_00810,LIMA,Lima,Comas,BAJO,BAJO,1.0,1.0,False,True,OK,[],0,Mantener ciclo de facturación estándar; sin acción de cobranza adicional.
,,,,,BAJO,BAJO,2.5,4.0,True,False,ALERTA — REVISIÓN HUMANA,['Cliente no encontrado en el maestro SUNAT (001_TBL_CLIENTES_B2B) -- no se puede validar SUNAT/Osiptel para este RUC.'],0,Mantener ciclo de facturación estándar; sin acción de cobranza adicional.
,,,,,SIN_HISTORIAL_DE_FACTURACION,,,,,False,ALERTA — REVISIÓN HUMANA,['Cliente no encontrado en el maestro SUNAT (001_TBL_CLIENTES_B2B) -- no se puede validar SUNAT/Osiptel para este RUC.'],0,
RUC_c9b17a4d7a64,CLIENT_00078,LA LIBERTAD,Trujillo,Huanchaco,SIN_HISTORIAL_DE_FACTURACION,,,,,True,OK,[],0,
,,,,,SIN_HISTORIAL_DE_FACTURACION,,,,,False,ALERTA — REVISIÓN HUMANA,['Cliente no encontrado en el maestro SUNAT (001_TBL_CLIENTES_B2B) -- no se puede validar SUNAT/Osiptel para este RUC.'],0,
RUC_2debe4144b43,CLIENT_00334,LIMA,Lima,Lima,SIN_HISTORIAL_DE_FACTURACION,,,,,True,OK,[],0,
,,,,,SIN_HISTORIAL_DE_FACTURACION,,,,,False,ALERTA — REVISIÓN HUMANA,['Cliente no encontrado en el maestro SUNAT (001_TBL_CLIENTES_B2B) -- no se puede validar SUNAT/Osiptel para este RUC.'],0,
,,,,,SIN_HISTORIAL_DE_FACTURACION,,,,,False,ALERTA — REVISIÓN HUMANA,['Cliente no encontrado en el maestro SUNAT (001_TBL_CLIENTES_B2B) -- no se puede validar SUNAT/Osiptel para este RUC.'],0,
,,,,,SIN_HISTORIAL_DE_FACTURACION,,,,,False,ALERTA — REVISIÓN HUMANA,['Cliente no encontrado en el maestro SUNAT (001_TBL_CLIENTES_B2B) -- no se puede validar SUNAT/Osiptel para este RUC.'],0,
,,,,,BAJO,BAJO,-6.7,7.0,False,False,ALERTA — REVISIÓN HUMANA,['Cliente no encontrado en el maestro SUNAT (001_TBL_CLIENTES_B2B) -- no se puede validar SUNAT/Osiptel para este RUC.'],1,Mantener ciclo de facturación estándar; sin acción de cobranza adicional.
,,,,,SIN_HISTORIAL_DE_FACTURACION,,,,,False,ALERTA — REVISIÓN HUMANA,['Cliente no encontrado en el maestro SUNAT (001_TBL_CLIENTES_B2B) -- no se puede validar SUNAT/Osiptel para este RUC.'],0,
RUC_1450e4fbc969,CLIENT_00208,PASCO,Pasco,Yanacancha,ALTO,BAJO,-3.0,-2.0,False,True,ALERTA — REVISIÓN HUMANA,['SUNAT_ESTADO_CONTRIBUYENTE=BAJA DE OFICIO (no ACTIVO)'],0,Mantener ciclo de facturación estándar; sin acción de cobranza adicional.
RUC_d2cb4461aae3,CLIENT_00797,AREQUIPA,Arequipa,Arequipa,BAJO,BAJO,-10.5,-10.0,False,True,OK,[],0,Mantener ciclo de facturación estándar; sin acción de cobranza adicional.
,,,,,SIN_HISTORIAL_DE_FACTURACION,,,,,False,ALERTA — REVISIÓN HUMANA,['Cliente no encontrado en el maestro SUNAT (001_TBL_CLIENTES_B2B) -- no se puede validar SUNAT/Osiptel para este RUC.'],0,
,,,,,SIN_HISTORIAL_DE_FACTURACION,,,,,False,ALERTA — REVISIÓN HUMANA,['Cliente no encontrado en el maestro SUNAT (001_TBL_CLIENTES_B2B) -- no se puede validar SUNAT/Osiptel para este RUC.'],0,
RUC_9cf533190c90,CLIENT_00272,LIMA,Lima,San Juan de Lurigancho,ALTO,BAJO,2.5,3.0,True,True,ALERTA — REVISIÓN HUMANA,['SUNAT_ESTADO_CONTRIBUYENTE=BAJA DE OFICIO (no ACTIVO)'],0,Mantener ciclo de facturación estándar; sin acción de cobranza adicional.
,,,,,SIN_HISTORIAL_DE_FACTURACION,,,,,False,ALERTA — REVISIÓN HUMANA,['Cliente no encontrado en el maestro SUNAT (001_TBL_CLIENTES_B2B) -- no se puede validar SUNAT/Osiptel para este RUC.'],0,
RUC_9a4f249f3a52,CLIENT_00477,LIMA,Lima,Santiago de Surco,ALTO,,,,,True,ALERTA — REVISIÓN HUMANA,['SUNAT_ESTADO_CONTRIBUYENTE=BAJA DE OFICIO (no ACTIVO)'],0,
,,,,,SIN_HISTORIAL_DE_FACTURACION,,,,,False,ALERTA — REVISIÓN HUMANA,['Cliente no encontrado en el maestro SUNAT (001_TBL_CLIENTES_B2B) -- no se puede validar SUNAT/Osiptel para este RUC.'],0,
,,,,,BAJO,BAJO,-1.5,-1.0,True,False,ALERTA — REVISIÓN HUMANA,['Cliente no encontrado en el maestro SUNAT (001_TBL_CLIENTES_B2B) -- no se puede validar SUNAT/Osiptel para este RUC.'],0,Mantener ciclo de facturación estándar; sin acción de cobranza adicional.
,,,,,SIN_HISTORIAL_DE_FACTURACION,,,,,False,ALERTA — REVISIÓN HUMANA,['Cliente no encontrado en el maestro SUNAT (001_TBL_CLIENTES_B2B) -- no se puede validar SUNAT/Osiptel para este RUC.'],0,
,,,,,SIN_HISTORIAL_DE_FACTURACION,,,,,False,ALERTA — REVISIÓN HUMANA,['Cliente no encontrado en el maestro SUNAT (001_TBL_CLIENTES_B2B) -- no se puede validar SUNAT/Osiptel para este RUC.'],0,
,,,,,SIN_HISTORIAL_DE_FACTURACION,,,,,False,ALERTA — REVISIÓN HUMANA,['Cliente no encontrado en el maestro SUNAT (001_TBL_CLIENTES_B2B) -- no se puede validar SUNAT/Osiptel para este RUC.'],0,
RUC_9474e3956ee5,CLIENT_00203,LIMA,Lima,Chorrillos,BAJO,BAJO,4.0,5.0,False,True,OK,[],2,Mantener ciclo de facturación estándar; sin acción de cobranza adicional.
,,,,,SIN_HISTORIAL_DE_FACTURACION,,,,,False,ALERTA — REVISIÓN HUMANA,['Cliente no encontrado en el maestro SUNAT (001_TBL_CLIENTES_B2B) -- no se puede validar SUNAT/Osiptel para este RUC.'],0,
,,,,,SIN_HISTORIAL_DE_FACTURACION,,,,,False,ALERTA — REVISIÓN HUMANA,['Cliente no encontrado en el maestro SUNAT (001_TBL_CLIENTES_B2B) -- no se puede validar SUNAT/Osiptel para este RUC.'],0,
,,,,,SIN_HISTORIAL_DE_FACTURACION,,,,,False,ALERTA — REVISIÓN HUMANA,['Cliente no encontrado en el maestro SUNAT (001_TBL_CLIENTES_B2B) -- no se puede validar SUNAT/Osiptel para este RUC.'],0,
,,,,,BAJO,BAJO,2.5,5.0,True,False,ALERTA — REVISIÓN HUMANA,['Cliente no encontrado en el maestro SUNAT (001_TBL_CLIENTES_B2B) -- no se puede validar SUNAT/Osiptel para este RUC.'],0,Mantener ciclo de facturación estándar; sin acción de cobranza adicional.
,,,,,SIN_HISTORIAL_DE_FACTURACION,,,,,False,ALERTA — REVISIÓN HUMANA,['Cliente no encontrado en el maestro SUNAT (001_TBL_CLIENTES_B2B) -- no se puede validar SUNAT/Osiptel para este RUC.'],0,
,,,,,BAJO,BAJO,2.0,3.0,True,False,ALERTA — REVISIÓN HUMANA,['Cliente no encontrado en el maestro SUNAT (001_TBL_CLIENTES_B2B) -- no se puede validar SUNAT/Osiptel para este RUC.'],0,Mantener ciclo de facturación estándar; sin acción de cobranza adicional.
,,,,,BAJO,BAJO,-10.0,4.0,False,False,ALERTA — REVISIÓN HUMANA,['Cliente no encontrado en el maestro SUNAT (001_TBL_CLIENTES_B2B) -- no se puede validar SUNAT/Osiptel para este RUC.'],2,Mantener ciclo de facturación estándar; sin acción de cobranza adicional.
,,,,,SIN_HISTORIAL_DE_FACTURACION,,,,,False,ALERTA — REVISIÓN HUMANA,['Cliente no encontrado en el maestro SUNAT (001_TBL_CLIENTES_B2B) -- no se puede validar SUNAT/Osiptel para este RUC.'],0,
,,,,,SIN_HISTORIAL_DE_FACTURACION,,,,,False,ALERTA — REVISIÓN HUMANA,['Cliente no encontrado en el maestro SUNAT (001_TBL_CLIENTES_B2B) -- no se puede validar SUNAT/Osiptel para este RUC.'],0,
,,,,,SIN_HISTORIAL_DE_FACTURACION,,,,,False,ALERTA — REVISIÓN HUMANA,['Cliente no encontrado en el maestro SUNAT (001_TBL_CLIENTES_B2B) -- no se puede validar SUNAT/Osiptel para este RUC.'],0,
RUC_7a091eafef12,CLIENT_00616,AREQUIPA,Arequipa,Arequipa,BAJO,BAJO,-2.0,-2.0,False,True,OK,[],1,Mantener ciclo de facturación estándar; sin acción de cobranza adicional.
,,,,,SIN_HISTORIAL_DE_FACTURACION,,,,,False,ALERTA — REVISIÓN HUMANA,['Cliente no encontrado en el maestro SUNAT (001_TBL_CLIENTES_B2B) -- no se puede validar SUNAT/Osiptel para este RUC.'],0,
,,,,,SIN_HISTORIAL_DE_FACTURACION,,,,,False,ALERTA — REVISIÓN HUMANA,['Cliente no encontrado en el maestro SUNAT (001_TBL_CLIENTES_B2B) -- no se puede validar SUNAT/Osiptel para este RUC.'],0,
RUC_a32c1658fcb2,CLIENT_00368,LIMA,Lima,Barranco,SIN_HISTORIAL_DE_FACTURACION,,,,,True,OK,[],0,
,,,,,SIN_HISTORIAL_DE_FACTURACION,,,,,False,ALERTA — REVISIÓN HUMANA,['Cliente no encontrado en el maestro SUNAT (001_TBL_CLIENTES_B2B) -- no se puede validar SUNAT/Osiptel para este RUC.'],0,
,,,,,BAJO,BAJO,-11.0,-11.0,False,False,ALERTA — REVISIÓN HUMANA,['Cliente no encontrado en el maestro SUNAT (001_TBL_CLIENTES_B2B) -- no se puede validar SUNAT/Osiptel para este RUC.'],0,Mantener ciclo de facturación estándar; sin acción de cobranza adicional.
RUC_86cf71ef780c,CLIENT_00624,LIMA,Lima,San Isidro,SIN_HISTORIAL_DE_FACTURACION,,,,,True,OK,[],0,
,,,,,SIN_HISTORIAL_DE_FACTURACION,,,,,False,ALERTA — REVISIÓN HUMANA,['Cliente no encontrado en el maestro SUNAT (001_TBL_CLIENTES_B2B) -- no se puede validar SUNAT/Osiptel para este RUC.'],0,
,,,,,SIN_HISTORIAL_DE_FACTURACION,,,,,False,ALERTA — REVISIÓN HUMANA,['Cliente no encontrado en el maestro SUNAT (001_TBL_CLIENTES_B2B) -- no se puede validar SUNAT/Osiptel para este RUC.'],0,
,,,,,SIN_HISTORIAL_DE_FACTURACION,,,,,False,ALERTA — REVISIÓN HUMANA,['Cliente no encontrado en el maestro SUNAT (001_TBL_CLIENTES_B2B) -- no se puede validar SUNAT/Osiptel para este RUC.'],0,
,,,,,SIN_HISTORIAL_DE_FACTURACION,,,,,False,ALERTA — REVISIÓN HUMANA,['Cliente no encontrado en el maestro SUNAT (001_TBL_CLIENTES_B2B) -- no se puede validar SUNAT/Osiptel para este RUC.'],0,
,,,,,SIN_HISTORIAL_DE_FACTURACION,,,,,False,ALERTA — REVISIÓN HUMANA,['Cliente no encontrado en el maestro SUNAT (001_TBL_CLIENTES_B2B) -- no se puede validar SUNAT/Osiptel para este RUC.'],0,
,,,,,MEDIO,MEDIO,13.3,47.0,False,False,ALERTA — REVISIÓN HUMANA,['Cliente no encontrado en el maestro SUNAT (001_TBL_CLIENTES_B2B) -- no se puede validar SUNAT/Osiptel para este RUC.'],1,Recordatorio automático 5 días antes del vencimiento por correo/WhatsApp; sin escalamiento humano todavía.
,,,,,SIN_HISTORIAL_DE_FACTURACION,,,,,False,ALERTA — REVISIÓN HUMANA,['Cliente no encontrado en el maestro SUNAT (001_TBL_CLIENTES_B2B) -- no se puede validar SUNAT/Osiptel para este RUC.'],0,
,,,,,SIN_HISTORIAL_DE_FACTURACION,,,,,False,ALERTA — REVISIÓN HUMANA,['Cliente no encontrado en el maestro SUNAT (001_TBL_CLIENTES_B2B) -- no se puede validar SUNAT/Osiptel para este RUC.'],0,
RUC_6f6cde773d1a,CLIENT_00429,ICA,Ica,Ica,SIN_HISTORIAL_DE_FACTURACION,,,,,True,OK,[],0,
,,,,,SIN_HISTORIAL_DE_FACTURACION,,,,,False,ALERTA — REVISIÓN HUMANA,['Cliente no encontrado en el maestro SUNAT (001_TBL_CLIENTES_B2B) -- no se puede validar SUNAT/Osiptel para este RUC.'],0,
RUC_ca2a70bcd052,CLIENT_00716,LIMA,Lima,Carabayllo,SIN_HISTORIAL_DE_FACTURACION,,,,,True,OK,[],0,
RUC_3a04990edf75,CLIENT_00451,LAMBAYEQUE,Lambayeque,Mochumi,SIN_HISTORIAL_DE_FACTURACION,,,,,True,OK,[],0,
,,,,,SIN_HISTORIAL_DE_FACTURACION,,,,,False,ALERTA — REVISIÓN HUMANA,['Cliente no encontrado en el maestro SUNAT (001_TBL_CLIENTES_B2B) -- no se puede validar SUNAT/Osiptel para este RUC.'],0,
,,,,,SIN_HISTORIAL_DE_FACTURACION,,,,,False,ALERTA — REVISIÓN HUMANA,['Cliente no encontrado en el maestro SUNAT (001_TBL_CLIENTES_B2B) -- no se puede validar SUNAT/Osiptel para este RUC.'],0,
RUC_45832b2e8f84,CLIENT_00884,LIMA,Lima,Rímac,SIN_HISTORIAL_DE_FACTURACION,,,,,True,OK,[],0,
RUC_8fc6016b0352,CLIENT_00785,LAMBAYEQUE,Chiclayo,La Victoria,ALTO,ALTO,22.7,23.0,False,True,OK,[],1,Contacto proactivo antes del vencimiento + oferta de plan de pago fraccionado; escalar a gestor de cuenta senior.
,,,,,SIN_HISTORIAL_DE_FACTURACION,,,,,False,ALERTA — REVISIÓN HUMANA,['Cliente no encontrado en el maestro SUNAT (001_TBL_CLIENTES_B2B) -- no se puede validar SUNAT/Osiptel para este RUC.'],0,
RUC_d22083425190,CLIENT_00745,PIURA,Piura,Veintiseis de Octubre,BAJO,BAJO,-12.3,13.0,False,True,OK,[],0,Mantener ciclo de facturación estándar; sin acción de cobranza adicional.
RUC_0cd45fb49543,CLIENT_00856,LIMA,Lima,La Victoria,SIN_HISTORIAL_DE_FACTURACION,,,,,True,OK,[],0,
,,,,,SIN_HISTORIAL_DE_FACTURACION,,,,,False,ALERTA — REVISIÓN HUMANA,['Cliente no encontrado en el maestro SUNAT (001_TBL_CLIENTES_B2B) -- no se puede validar SUNAT/Osiptel para este RUC.'],0,
,,,,,SIN_HISTORIAL_DE_FACTURACION,,,,,False,ALERTA — REVISIÓN HUMANA,['Cliente no encontrado en el maestro SUNAT (001_TBL_CLIENTES_B2B) -- no se puede validar SUNAT/Osiptel para este RUC.'],0,
RUC_e00545b77459,CLIENT_00685,LIMA,Lima,Pueblo Libre,SIN_HISTORIAL_DE_FACTURACION,,,,,True,OK,[],0,
,,,,,SIN_HISTORIAL_DE_FACTURACION,,,,,False,ALERTA — REVISIÓN HUMANA,['Cliente no encontrado en el maestro SUNAT (001_TBL_CLIENTES_B2B) -- no se puede validar SUNAT/Osiptel para este RUC.'],0,
,,,,,SIN_HISTORIAL_DE_FACTURACION,,,,,False,ALERTA — REVISIÓN HUMANA,['Cliente no encontrado en el maestro SUNAT (001_TBL_CLIENTES_B2B) -- no se puede validar SUNAT/Osiptel para este RUC.'],0,
,,,,,SIN_HISTORIAL_DE_FACTURACION,,,,,False,ALERTA — REVISIÓN HUMANA,['Cliente no encontrado en el maestro SUNAT (001_TBL_CLIENTES_B2B) -- no se puede validar SUNAT/Osiptel para este RUC.'],0,
,,,,,SIN_HISTORIAL_DE_FACTURACION,,,,,False,ALERTA — REVISIÓN HUMANA,['Cliente no encontrado en el maestro SUNAT (001_TBL_CLIENTES_B2B) -- no se puede validar SUNAT/Osiptel para este RUC.'],0,
,,,,,SIN_HISTORIAL_DE_FACTURACION,,,,,False,ALERTA — REVISIÓN HUMANA,['Cliente no encontrado en el maestro SUNAT (001_TBL_CLIENTES_B2B) -- no se puede validar SUNAT/Osiptel para este RUC.'],0,
,,,,,SIN_HISTORIAL_DE_FACTURACION,,,,,False,ALERTA — REVISIÓN HUMANA,['Cliente no encontrado en el maestro SUNAT (001_TBL_CLIENTES_B2B) -- no se puede validar SUNAT/Osiptel para este RUC.'],0,
,,,,,SIN_HISTORIAL_DE_FACTURACION,,,,,False,ALERTA — REVISIÓN HUMANA,['Cliente no encontrado en el maestro SUNAT (001_TBL_CLIENTES_B2B) -- no se puede validar SUNAT/Osiptel para este RUC.'],0,
,,,,,SIN_HISTORIAL_DE_FACTURACION,,,,,False,ALERTA — REVISIÓN HUMANA,['Cliente no encontrado en el maestro SUNAT (001_TBL_CLIENTES_B2B) -- no se puede validar SUNAT/Osiptel para este RUC.'],0,
,,,,,SIN_HISTORIAL_DE_FACTURACION,,,,,False,ALERTA — REVISIÓN HUMANA,['Cliente no encontrado en el maestro SUNAT (001_TBL_CLIENTES_B2B) -- no se puede validar SUNAT/Osiptel para este RUC.'],0,
RUC_c0eb32993806,CLIENT_00891,LIMA,Lima,Surquillo,BAJO,BAJO,-1.5,0.0,False,True,OK,[],1,Mantener ciclo de facturación estándar; sin acción de cobranza adicional.
,,,,,SIN_HISTORIAL_DE_FACTURACION,,,,,False,ALERTA — REVISIÓN HUMANA,['Cliente no encontrado en el maestro SUNAT (001_TBL_CLIENTES_B2B) -- no se puede validar SUNAT/Osiptel para este RUC.'],0,
RUC_df321e7ef2d1,CLIENT_00702,LIMA,Lima,Villa El Salvador,ALTO,,,,,True,ALERTA — REVISIÓN HUMANA,['SUNAT_ESTADO_CONTRIBUYENTE=BAJA DE OFICIO (no ACTIVO)'],0,
,,,,,SIN_HISTORIAL_DE_FACTURACION,,,,,False,ALERTA — REVISIÓN HUMANA,['Cliente no encontrado en el maestro SUNAT (001_TBL_CLIENTES_B2B) -- no se puede validar SUNAT/Osiptel para este RUC.'],0,
,,,,,SIN_HISTORIAL_DE_FACTURACION,,,,,False,ALERTA — REVISIÓN HUMANA,['Cliente no encontrado en el maestro SUNAT (001_TBL_CLIENTES_B2B) -- no se puede validar SUNAT/Osiptel para este RUC.'],0,
,,,,,SIN_HISTORIAL_DE_FACTURACION,,,,,False,ALERTA — REVISIÓN HUMANA,['Cliente no encontrado en el maestro SUNAT (001_TBL_CLIENTES_B2B) -- no se puede validar SUNAT/Osiptel para este RUC.'],0,
,,,,,SIN_HISTORIAL_DE_FACTURACION,,,,,False,ALERTA — REVISIÓN HUMANA,['Cliente no encontrado en el maestro SUNAT (001_TBL_CLIENTES_B2B) -- no se puede validar SUNAT/Osiptel para este RUC.'],0,
,,,,,SIN_HISTORIAL_DE_FACTURACION,,,,,False,ALERTA — REVISIÓN HUMANA,['Cliente no encontrado en el maestro SUNAT (001_TBL_CLIENTES_B2B) -- no se puede validar SUNAT/Osiptel para este RUC.'],0,
,,,,,SIN_HISTORIAL_DE_FACTURACION,,,,,False,ALERTA — REVISIÓN HUMANA,['Cliente no encontrado en el maestro SUNAT (001_TBL_CLIENTES_B2B) -- no se puede validar SUNAT/Osiptel para este RUC.'],0,
,,,,,ALTO,ALTO,28.0,30.0,True,False,ALERTA — REVISIÓN HUMANA,['Cliente no encontrado en el maestro SUNAT (001_TBL_CLIENTES_B2B) -- no se puede validar SUNAT/Osiptel para este RUC.'],0,Contacto proactivo antes del vencimiento + oferta de plan de pago fraccionado; escalar a gestor de cuenta senior.
,,,,,SIN_HISTORIAL_DE_FACTURACION,,,,,False,ALERTA — REVISIÓN HUMANA,['Cliente no encontrado en el maestro SUNAT (001_TBL_CLIENTES_B2B) -- no se puede validar SUNAT/Osiptel para este RUC.'],0,
RUC_d9b229ee8321,CLIENT_00516,CALLAO,Prov. Const. del Callao,Callao,ALTO,ALTO,25.5,26.0,False,True,OK,[],1,Contacto proactivo antes del vencimiento + oferta de plan de pago fraccionado; escalar a gestor de cuenta senior.
,,,,,SIN_HISTORIAL_DE_FACTURACION,,,,,False,ALERTA — REVISIÓN HUMANA,['Cliente no encontrado en el maestro SUNAT (001_TBL_CLIENTES_B2B) -- no se puede validar SUNAT/Osiptel para este RUC.'],0,
,,,,,SIN_HISTORIAL_DE_FACTURACION,,,,,False,ALERTA — REVISIÓN HUMANA,['Cliente no encontrado en el maestro SUNAT (001_TBL_CLIENTES_B2B) -- no se puede validar SUNAT/Osiptel para este RUC.'],0,
RUC_76e52876211d,CLIENT_00182,AYACUCHO,Huamanga,Ayacucho,SIN_HISTORIAL_DE_FACTURACION,,,,,True,OK,[],0,
RUC_c9c8f887fa11,CLIENT_00347,LIMA,Lima,Comas,ALTO,ALTO,153.4,214.0,False,True,ALERTA — REVISIÓN HUMANA,['SUNAT_ESTADO_CONTRIBUYENTE=BAJA DE OFICIO (no ACTIVO)'],5,Contacto proactivo antes del vencimiento + oferta de plan de pago fraccionado; escalar a gestor de cuenta senior.
RUC_246517ba9c9b,CLIENT_00265,SAN MARTIN,Tocache,Tocache,BAJO,BAJO,1.8,26.0,False,True,OK,[],8,Mantener ciclo de facturación estándar; sin acción de cobranza adicional.
,,,,,BAJO,BAJO,-5.2,32.0,False,False,ALERTA — REVISIÓN HUMANA,['Cliente no encontrado en el maestro SUNAT (001_TBL_CLIENTES_B2B) -- no se puede validar SUNAT/Osiptel para este RUC.'],2,Mantener ciclo de facturación estándar; sin acción de cobranza adicional.
,,,,,SIN_HISTORIAL_DE_FACTURACION,,,,,False,ALERTA — REVISIÓN HUMANA,['Cliente no encontrado en el maestro SUNAT (001_TBL_CLIENTES_B2B) -- no se puede validar SUNAT/Osiptel para este RUC.'],0,
RUC_83fb8048a24a,CLIENT_00365,LAMBAYEQUE,Chiclayo,Chiclayo,ALTO,,,,,True,ALERTA — REVISIÓN HUMANA,['Todas sus líneas (fija/móvil) están inactivas o suspendidas'],0,
,,,,,SIN_HISTORIAL_DE_FACTURACION,,,,,False,ALERTA — REVISIÓN HUMANA,['Cliente no encontrado en el maestro SUNAT (001_TBL_CLIENTES_B2B) -- no se puede validar SUNAT/Osiptel para este RUC.'],0,
,,,,,ALTO,ALTO,29.9,59.0,False,False,ALERTA — REVISIÓN HUMANA,['Cliente no encontrado en el maestro SUNAT (001_TBL_CLIENTES_B2B) -- no se puede validar SUNAT/Osiptel para este RUC.'],3,Contacto proactivo antes del vencimiento + oferta de plan de pago fraccionado; escalar a gestor de cuenta senior.
RUC_7d0dc70263ad,CLIENT_00598,LIMA,Lima,Santiago de Surco,MEDIO,MEDIO,10.7,24.0,False,True,OK,[],2,Recordatorio automático 5 días antes del vencimiento por correo/WhatsApp; sin escalamiento humano todavía.
,,,,,SIN_HISTORIAL_DE_FACTURACION,,,,,False,ALERTA — REVISIÓN HUMANA,['Cliente no encontrado en el maestro SUNAT (001_TBL_CLIENTES_B2B) -- no se puede validar SUNAT/Osiptel para este RUC.'],0,
,,,,,SIN_HISTORIAL_DE_FACTURACION,,,,,False,ALERTA — REVISIÓN HUMANA,['Cliente no encontrado en el maestro SUNAT (001_TBL_CLIENTES_B2B) -- no se puede validar SUNAT/Osiptel para este RUC.'],0,
,,,,,BAJO,BAJO,-5.0,-5.0,False,False,ALERTA — REVISIÓN HUMANA,['Cliente no encontrado en el maestro SUNAT (001_TBL_CLIENTES_B2B) -- no se puede validar SUNAT/Osiptel para este RUC.'],0,Mantener ciclo de facturación estándar; sin acción de cobranza adicional.
,,,,,SIN_HISTORIAL_DE_FACTURACION,,,,,False,ALERTA — REVISIÓN HUMANA,['Cliente no encontrado en el maestro SUNAT (001_TBL_CLIENTES_B2B) -- no se puede validar SUNAT/Osiptel para este RUC.'],0,
,,,,,SIN_HISTORIAL_DE_FACTURACION,,,,,False,ALERTA — REVISIÓN HUMANA,['Cliente no encontrado en el maestro SUNAT (001_TBL_CLIENTES_B2B) -- no se puede validar SUNAT/Osiptel para este RUC.'],0,
,,,,,SIN_HISTORIAL_DE_FACTURACION,,,,,False,ALERTA — REVISIÓN HUMANA,['Cliente no encontrado en el maestro SUNAT (001_TBL_CLIENTES_B2B) -- no se puede validar SUNAT/Osiptel para este RUC.'],0,
,,,,,SIN_HISTORIAL_DE_FACTURACION,,,,,False,ALERTA — REVISIÓN HUMANA,['Cliente no encontrado en el maestro SUNAT (001_TBL_CLIENTES_B2B) -- no se puede validar SUNAT/Osiptel para este RUC.'],0,
RUC_6cd116d82d3e,CLIENT_00413,LIMA,Lima,Miraflores,SIN_HISTORIAL_DE_FACTURACION,,,,,True,OK,[],0,
RUC_885c6b4f953a,CLIENT_00623,CALLAO,Prov. Const. del Callao,Bellavista,ALTO,,,,,True,ALERTA — REVISIÓN HUMANA,['SUNAT_ESTADO_CONTRIBUYENTE=SUSPENSION TEMPORAL (no ACTIVO)'],0,
,,,,,SIN_HISTORIAL_DE_FACTURACION,,,,,False,ALERTA — REVISIÓN HUMANA,['Cliente no encontrado en el maestro SUNAT (001_TBL_CLIENTES_B2B) -- no se puede validar SUNAT/Osiptel para este RUC.'],0,
,,,,,SIN_HISTORIAL_DE_FACTURACION,,,,,False,ALERTA — REVISIÓN HUMANA,['Cliente no encontrado en el maestro SUNAT (001_TBL_CLIENTES_B2B) -- no se puede validar SUNAT/Osiptel para este RUC.'],0,
RUC_94bc6e76d81c,CLIENT_00528,CUSCO,Cusco,Wanchaq,BAJO,BAJO,1.0,2.0,True,True,OK,[],1,Mantener ciclo de facturación estándar; sin acción de cobranza adicional.
,,,,,SIN_HISTORIAL_DE_FACTURACION,,,,,False,ALERTA — REVISIÓN HUMANA,['Cliente no encontrado en el maestro SUNAT (001_TBL_CLIENTES_B2B) -- no se puede validar SUNAT/Osiptel para este RUC.'],0,
,,,,,SIN_HISTORIAL_DE_FACTURACION,,,,,False,ALERTA — REVISIÓN HUMANA,['Cliente no encontrado en el maestro SUNAT (001_TBL_CLIENTES_B2B) -- no se puede validar SUNAT/Osiptel para este RUC.'],0,
,,,,,SIN_HISTORIAL_DE_FACTURACION,,,,,False,ALERTA — REVISIÓN HUMANA,['Cliente no encontrado en el maestro SUNAT (001_TBL_CLIENTES_B2B) -- no se puede validar SUNAT/Osiptel para este RUC.'],0,
RUC_f518bf81dbcc,CLIENT_00768,LIMA,Lima,Barranco,BAJO,BAJO,-2.0,-1.0,False,True,OK,[],0,Mantener ciclo de facturación estándar; sin acción de cobranza adicional.
,,,,,SIN_HISTORIAL_DE_FACTURACION,,,,,False,ALERTA — REVISIÓN HUMANA,['Cliente no encontrado en el maestro SUNAT (001_TBL_CLIENTES_B2B) -- no se puede validar SUNAT/Osiptel para este RUC.'],0,
,,,,,SIN_HISTORIAL_DE_FACTURACION,,,,,False,ALERTA — REVISIÓN HUMANA,['Cliente no encontrado en el maestro SUNAT (001_TBL_CLIENTES_B2B) -- no se puede validar SUNAT/Osiptel para este RUC.'],0,
,,,,,SIN_HISTORIAL_DE_FACTURACION,,,,,False,ALERTA — REVISIÓN HUMANA,['Cliente no encontrado en el maestro SUNAT (001_TBL_CLIENTES_B2B) -- no se puede validar SUNAT/Osiptel para este RUC.'],0,
,,,,,SIN_HISTORIAL_DE_FACTURACION,,,,,False,ALERTA — REVISIÓN HUMANA,['Cliente no encontrado en el maestro SUNAT (001_TBL_CLIENTES_B2B) -- no se puede validar SUNAT/Osiptel para este RUC.'],0,
,,,,,SIN_HISTORIAL_DE_FACTURACION,,,,,False,ALERTA — REVISIÓN HUMANA,['Cliente no encontrado en el maestro SUNAT (001_TBL_CLIENTES_B2B) -- no se puede validar SUNAT/Osiptel para este RUC.'],0,
RUC_0d2d1ca203e2,CLIENT_00947,LA LIBERTAD,Virú,Viru,SIN_HISTORIAL_DE_FACTURACION,,,,,True,OK,[],0,
RUC_e4bad0fe0378,CLIENT_00529,LIMA,Lima,Jesús María,SIN_HISTORIAL_DE_FACTURACION,,,,,True,OK,[],0,
RUC_64cf997ae5cc,CLIENT_00740,LIMA,Lima,San Borja,SIN_HISTORIAL_DE_FACTURACION,,,,,True,OK,[],0,
,,,,,SIN_HISTORIAL_DE_FACTURACION,,,,,False,ALERTA — REVISIÓN HUMANA,['Cliente no encontrado en el maestro SUNAT (001_TBL_CLIENTES_B2B) -- no se puede validar SUNAT/Osiptel para este RUC.'],0,
,,,,,SIN_HISTORIAL_DE_FACTURACION,,,,,False,ALERTA — REVISIÓN HUMANA,['Cliente no encontrado en el maestro SUNAT (001_TBL_CLIENTES_B2B) -- no se puede validar SUNAT/Osiptel para este RUC.'],0,
,,,,,SIN_HISTORIAL_DE_FACTURACION,,,,,False,ALERTA — REVISIÓN HUMANA,['Cliente no encontrado en el maestro SUNAT (001_TBL_CLIENTES_B2B) -- no se puede validar SUNAT/Osiptel para este RUC.'],0,
,,,,,SIN_HISTORIAL_DE_FACTURACION,,,,,False,ALERTA — REVISIÓN HUMANA,['Cliente no encontrado en el maestro SUNAT (001_TBL_CLIENTES_B2B) -- no se puede validar SUNAT/Osiptel para este RUC.'],0,
,,,,,SIN_HISTORIAL_DE_FACTURACION,,,,,False,ALERTA — REVISIÓN HUMANA,['Cliente no encontrado en el maestro SUNAT (001_TBL_CLIENTES_B2B) -- no se puede validar SUNAT/Osiptel para este RUC.'],0,
,,,,,BAJO,BAJO,-2.5,-1.0,False,False,ALERTA — REVISIÓN HUMANA,['Cliente no encontrado en el maestro SUNAT (001_TBL_CLIENTES_B2B) -- no se puede validar SUNAT/Osiptel para este RUC.'],0,Mantener ciclo de facturación estándar; sin acción de cobranza adicional.
RUC_7bbcc70dfc6d,CLIENT_00380,LIMA,Lima,San Isidro,SIN_HISTORIAL_DE_FACTURACION,,,,,True,OK,[],0,
,,,,,SIN_HISTORIAL_DE_FACTURACION,,,,,False,ALERTA — REVISIÓN HUMANA,['Cliente no encontrado en el maestro SUNAT (001_TBL_CLIENTES_B2B) -- no se puede validar SUNAT/Osiptel para este RUC.'],0,
RUC_c7d1cbe0ec84,CLIENT_00022,TACNA,Tacna,Tacna,ALTO,BAJO,3.0,3.0,False,True,ALERTA — REVISIÓN HUMANA,['SUNAT_ESTADO_CONTRIBUYENTE=BAJA DE OFICIO (no ACTIVO)'],0,Mantener ciclo de facturación estándar; sin acción de cobranza adicional.
RUC_6b0e927162a3,CLIENT_00868,MOQUEGUA,Ilo,Ilo,SIN_HISTORIAL_DE_FACTURACION,,,,,True,OK,[],0,
RUC_1e15b5b1acd7,CLIENT_00654,LIMA,Lima,La Molina,SIN_HISTORIAL_DE_FACTURACION,,,,,True,OK,[],0,
,,,,,SIN_HISTORIAL_DE_FACTURACION,,,,,False,ALERTA — REVISIÓN HUMANA,['Cliente no encontrado en el maestro SUNAT (001_TBL_CLIENTES_B2B) -- no se puede validar SUNAT/Osiptel para este RUC.'],0,
