RUC,RAZON_SOCIAL,SUNAT_DEPARTAMENTO,SUNAT_PROVINCIA,SUNAT_DISTRITO,segmento_riesgo_final,nivel_riesgo,promedio_dias_atraso,maximo_dias_atraso,tendencia_creciente,tiene_ficha_maestro_clientes,status_regulatorio,alertas_regulatorias,facturas_pendientes_revision,accion_cobro_sugerida
1001951138,,,,,SIN_HISTORIAL_DE_FACTURACION,,,,,False,ALERTA — REVISIÓN HUMANA,['Cliente no encontrado en el maestro SUNAT (001_TBL_CLIENTES_B2B) -- no se puede validar SUNAT/Osiptel para este RUC.'],0,
1002033932,,,,,BAJO,BAJO,1.0,1.0,False,False,ALERTA — REVISIÓN HUMANA,['Cliente no encontrado en el maestro SUNAT (001_TBL_CLIENTES_B2B) -- no se puede validar SUNAT/Osiptel para este RUC.'],0,Mantener ciclo de facturación estándar; sin acción de cobranza adicional.
1002436750,CLIENT_00326,HUANUCO,Huánuco,Huanuco,BAJO,BAJO,0.5,1.0,False,True,OK,[],0,Mantener ciclo de facturación estándar; sin acción de cobranza adicional.
1003385935,CLIENT_00953,LIMA,Lima,San Isidro,BAJO,BAJO,-9.8,-3.0,False,True,OK,[],0,Mantener ciclo de facturación estándar; sin acción de cobranza adicional.
1011628152,,,,,SIN_HISTORIAL_DE_FACTURACION,,,,,False,ALERTA — REVISIÓN HUMANA,['Cliente no encontrado en el maestro SUNAT (001_TBL_CLIENTES_B2B) -- no se puede validar SUNAT/Osiptel para este RUC.'],0,
1013794712,,,,,SIN_HISTORIAL_DE_FACTURACION,,,,,False,ALERTA — REVISIÓN HUMANA,['Cliente no encontrado en el maestro SUNAT (001_TBL_CLIENTES_B2B) -- no se puede validar SUNAT/Osiptel para este RUC.'],0,
1018052829,,,,,SIN_HISTORIAL_DE_FACTURACION,,,,,False,ALERTA — REVISIÓN HUMANA,['Cliente no encontrado en el maestro SUNAT (001_TBL_CLIENTES_B2B) -- no se puede validar SUNAT/Osiptel para este RUC.'],0,
1018362944,,,,,SIN_HISTORIAL_DE_FACTURACION,,,,,False,ALERTA — REVISIÓN HUMANA,['Cliente no encontrado en el maestro SUNAT (001_TBL_CLIENTES_B2B) -- no se puede validar SUNAT/Osiptel para este RUC.'],0,
1021456215,,,,,SIN_HISTORIAL_DE_FACTURACION,,,,,False,ALERTA — REVISIÓN HUMANA,['Cliente no encontrado en el maestro SUNAT (001_TBL_CLIENTES_B2B) -- no se puede validar SUNAT/Osiptel para este RUC.'],0,
1021589348,CLIENT_00084,JUNIN,Huancayo,Huancayo,BAJO,BAJO,-3.5,-2.0,False,True,OK,[],0,Mantener ciclo de facturación estándar; sin acción de cobranza adicional.
1029634589,,,,,SIN_HISTORIAL_DE_FACTURACION,,,,,False,ALERTA — REVISIÓN HUMANA,['Cliente no encontrado en el maestro SUNAT (001_TBL_CLIENTES_B2B) -- no se puede validar SUNAT/Osiptel para este RUC.'],0,
1031024653,CLIENT_00975,LA LIBERTAD,Trujillo,Trujillo,BAJO,BAJO,-3.2,5.0,False,True,OK,[],0,Mantener ciclo de facturación estándar; sin acción de cobranza adicional.
1033919058,CLIENT_00092,ICA,Pisco,San Andrés,SIN_HISTORIAL_DE_FACTURACION,,,,,True,OK,[],0,
1035693468,,,,,SIN_HISTORIAL_DE_FACTURACION,,,,,False,ALERTA — REVISIÓN HUMANA,['Cliente no encontrado en el maestro SUNAT (001_TBL_CLIENTES_B2B) -- no se puede validar SUNAT/Osiptel para este RUC.'],0,
1036454956,,,,,SIN_HISTORIAL_DE_FACTURACION,,,,,False,ALERTA — REVISIÓN HUMANA,['Cliente no encontrado en el maestro SUNAT (001_TBL_CLIENTES_B2B) -- no se puede validar SUNAT/Osiptel para este RUC.'],0,
1038544262,CLIENT_00966,LIMA,Lima,Jesús María,BAJO,BAJO,-3.5,-2.0,False,True,OK,[],0,Mantener ciclo de facturación estándar; sin acción de cobranza adicional.
1038807829,,,,,SIN_HISTORIAL_DE_FACTURACION,,,,,False,ALERTA — REVISIÓN HUMANA,['Cliente no encontrado en el maestro SUNAT (001_TBL_CLIENTES_B2B) -- no se puede validar SUNAT/Osiptel para este RUC.'],0,
1041175895,,,,,SIN_HISTORIAL_DE_FACTURACION,,,,,False,ALERTA — REVISIÓN HUMANA,['Cliente no encontrado en el maestro SUNAT (001_TBL_CLIENTES_B2B) -- no se puede validar SUNAT/Osiptel para este RUC.'],0,
1042311948,CLIENT_00722,LIMA,Lima,Independencia,BAJO,BAJO,-3.5,-2.0,True,True,OK,[],0,Mantener ciclo de facturación estándar; sin acción de cobranza adicional.
1042862786,CLIENT_00787,LIMA,Lima,Miraflores,BAJO,BAJO,3.0,18.0,False,True,OK,[],1,Mantener ciclo de facturación estándar; sin acción de cobranza adicional.
1048743727,CLIENT_00498,LA LIBERTAD,Trujillo,El Porvenir,BAJO,BAJO,0.9,5.0,False,True,OK,[],1,Mantener ciclo de facturación estándar; sin acción de cobranza adicional.
1049488348,,,,,SIN_HISTORIAL_DE_FACTURACION,,,,,False,ALERTA — REVISIÓN HUMANA,['Cliente no encontrado en el maestro SUNAT (001_TBL_CLIENTES_B2B) -- no se puede validar SUNAT/Osiptel para este RUC.'],0,
1051818896,,,,,SIN_HISTORIAL_DE_FACTURACION,,,,,False,ALERTA — REVISIÓN HUMANA,['Cliente no encontrado en el maestro SUNAT (001_TBL_CLIENTES_B2B) -- no se puede validar SUNAT/Osiptel para este RUC.'],0,
1052406684,,,,,SIN_HISTORIAL_DE_FACTURACION,,,,,False,ALERTA — REVISIÓN HUMANA,['Cliente no encontrado en el maestro SUNAT (001_TBL_CLIENTES_B2B) -- no se puede validar SUNAT/Osiptel para este RUC.'],0,
1054565272,,,,,SIN_HISTORIAL_DE_FACTURACION,,,,,False,ALERTA — REVISIÓN HUMANA,['Cliente no encontrado en el maestro SUNAT (001_TBL_CLIENTES_B2B) -- no se puede validar SUNAT/Osiptel para este RUC.'],0,
1063933116,,,,,SIN_HISTORIAL_DE_FACTURACION,,,,,False,ALERTA — REVISIÓN HUMANA,['Cliente no encontrado en el maestro SUNAT (001_TBL_CLIENTES_B2B) -- no se puede validar SUNAT/Osiptel para este RUC.'],0,
1064650265,,,,,SIN_HISTORIAL_DE_FACTURACION,,,,,False,ALERTA — REVISIÓN HUMANA,['Cliente no encontrado en el maestro SUNAT (001_TBL_CLIENTES_B2B) -- no se puede validar SUNAT/Osiptel para este RUC.'],0,
1069969731,,,,,SIN_HISTORIAL_DE_FACTURACION,,,,,False,ALERTA — REVISIÓN HUMANA,['Cliente no encontrado en el maestro SUNAT (001_TBL_CLIENTES_B2B) -- no se puede validar SUNAT/Osiptel para este RUC.'],0,
1070278631,,,,,SIN_HISTORIAL_DE_FACTURACION,,,,,False,ALERTA — REVISIÓN HUMANA,['Cliente no encontrado en el maestro SUNAT (001_TBL_CLIENTES_B2B) -- no se puede validar SUNAT/Osiptel para este RUC.'],0,
1071719080,,,,,SIN_HISTORIAL_DE_FACTURACION,,,,,False,ALERTA — REVISIÓN HUMANA,['Cliente no encontrado en el maestro SUNAT (001_TBL_CLIENTES_B2B) -- no se puede validar SUNAT/Osiptel para este RUC.'],0,
1074435315,,,,,SIN_HISTORIAL_DE_FACTURACION,,,,,False,ALERTA — REVISIÓN HUMANA,['Cliente no encontrado en el maestro SUNAT (001_TBL_CLIENTES_B2B) -- no se puede validar SUNAT/Osiptel para este RUC.'],0,
1077245079,,,,,SIN_HISTORIAL_DE_FACTURACION,,,,,False,ALERTA — REVISIÓN HUMANA,['Cliente no encontrado en el maestro SUNAT (001_TBL_CLIENTES_B2B) -- no se puede validar SUNAT/Osiptel para este RUC.'],0,
1083016879,,,,,SIN_HISTORIAL_DE_FACTURACION,,,,,False,ALERTA — REVISIÓN HUMANA,['Cliente no encontrado en el maestro SUNAT (001_TBL_CLIENTES_B2B) -- no se puede validar SUNAT/Osiptel para este RUC.'],0,
1099203495,,,,,SIN_HISTORIAL_DE_FACTURACION,,,,,False,ALERTA — REVISIÓN HUMANA,['Cliente no encontrado en el maestro SUNAT (001_TBL_CLIENTES_B2B) -- no se puede validar SUNAT/Osiptel para este RUC.'],0,
2000073282,,,,,SIN_HISTORIAL_DE_FACTURACION,,,,,False,ALERTA — REVISIÓN HUMANA,['Cliente no encontrado en el maestro SUNAT (001_TBL_CLIENTES_B2B) -- no se puede validar SUNAT/Osiptel para este RUC.'],0,
2000097055,,,,,BAJO,BAJO,2.7,8.0,False,False,ALERTA — REVISIÓN HUMANA,['Cliente no encontrado en el maestro SUNAT (001_TBL_CLIENTES_B2B) -- no se puede validar SUNAT/Osiptel para este RUC.'],1,Mantener ciclo de facturación estándar; sin acción de cobranza adicional.
2000103903,,,,,BAJO,BAJO,-6.0,-3.0,True,False,ALERTA — REVISIÓN HUMANA,['Cliente no encontrado en el maestro SUNAT (001_TBL_CLIENTES_B2B) -- no se puede validar SUNAT/Osiptel para este RUC.'],0,Mantener ciclo de facturación estándar; sin acción de cobranza adicional.
2000105993,,,,,SIN_HISTORIAL_DE_FACTURACION,,,,,False,ALERTA — REVISIÓN HUMANA,['Cliente no encontrado en el maestro SUNAT (001_TBL_CLIENTES_B2B) -- no se puede validar SUNAT/Osiptel para este RUC.'],0,
2000121758,CLIENT_00553,LIMA,Huaura,Huacho,SIN_HISTORIAL_DE_FACTURACION,,,,,True,OK,[],0,
2000142910,,,,,SIN_HISTORIAL_DE_FACTURACION,,,,,False,ALERTA — REVISIÓN HUMANA,['Cliente no encontrado en el maestro SUNAT (001_TBL_CLIENTES_B2B) -- no se puede validar SUNAT/Osiptel para este RUC.'],0,
2000150523,,,,,BAJO,BAJO,-8.0,-8.0,False,False,ALERTA — REVISIÓN HUMANA,['Cliente no encontrado en el maestro SUNAT (001_TBL_CLIENTES_B2B) -- no se puede validar SUNAT/Osiptel para este RUC.'],0,Mantener ciclo de facturación estándar; sin acción de cobranza adicional.
2000172680,,,,,SIN_HISTORIAL_DE_FACTURACION,,,,,False,ALERTA — REVISIÓN HUMANA,['Cliente no encontrado en el maestro SUNAT (001_TBL_CLIENTES_B2B) -- no se puede validar SUNAT/Osiptel para este RUC.'],0,
2000179815,,,,,SIN_HISTORIAL_DE_FACTURACION,,,,,False,ALERTA — REVISIÓN HUMANA,['Cliente no encontrado en el maestro SUNAT (001_TBL_CLIENTES_B2B) -- no se puede validar SUNAT/Osiptel para este RUC.'],0,
2000248896,,,,,SIN_HISTORIAL_DE_FACTURACION,,,,,False,ALERTA — REVISIÓN HUMANA,['Cliente no encontrado en el maestro SUNAT (001_TBL_CLIENTES_B2B) -- no se puede validar SUNAT/Osiptel para este RUC.'],0,
2000252800,CLIENT_00467,CUSCO,Cusco,San Sebastian,SIN_HISTORIAL_DE_FACTURACION,,,,,True,OK,[],0,
2000279692,CLIENT_00168,CALLAO,Prov. Const. del Callao,Callao,BAJO,BAJO,2.8,3.0,False,True,OK,[],0,Mantener ciclo de facturación estándar; sin acción de cobranza adicional.
2000285970,,,,,SIN_HISTORIAL_DE_FACTURACION,,,,,False,ALERTA — REVISIÓN HUMANA,['Cliente no encontrado en el maestro SUNAT (001_TBL_CLIENTES_B2B) -- no se puede validar SUNAT/Osiptel para este RUC.'],0,
2000300509,,,,,SIN_HISTORIAL_DE_FACTURACION,,,,,False,ALERTA — REVISIÓN HUMANA,['Cliente no encontrado en el maestro SUNAT (001_TBL_CLIENTES_B2B) -- no se puede validar SUNAT/Osiptel para este RUC.'],0,
2000303795,,,,,SIN_HISTORIAL_DE_FACTURACION,,,,,False,ALERTA — REVISIÓN HUMANA,['Cliente no encontrado en el maestro SUNAT (001_TBL_CLIENTES_B2B) -- no se puede validar SUNAT/Osiptel para este RUC.'],0,
2000318628,,,,,SIN_HISTORIAL_DE_FACTURACION,,,,,False,ALERTA — REVISIÓN HUMANA,['Cliente no encontrado en el maestro SUNAT (001_TBL_CLIENTES_B2B) -- no se puede validar SUNAT/Osiptel para este RUC.'],0,
2000357153,CLIENT_00510,LIMA,Lima,San Miguel,BAJO,BAJO,-9.5,-7.0,True,True,OK,[],0,Mantener ciclo de facturación estándar; sin acción de cobranza adicional.
2000394964,,,,,SIN_HISTORIAL_DE_FACTURACION,,,,,False,ALERTA — REVISIÓN HUMANA,['Cliente no encontrado en el maestro SUNAT (001_TBL_CLIENTES_B2B) -- no se puede validar SUNAT/Osiptel para este RUC.'],0,
2000414951,,,,,BAJO,BAJO,0.0,11.0,False,False,ALERTA — REVISIÓN HUMANA,['Cliente no encontrado en el maestro SUNAT (001_TBL_CLIENTES_B2B) -- no se puede validar SUNAT/Osiptel para este RUC.'],2,Mantener ciclo de facturación estándar; sin acción de cobranza adicional.
2000440108,,,,,SIN_HISTORIAL_DE_FACTURACION,,,,,False,ALERTA — REVISIÓN HUMANA,['Cliente no encontrado en el maestro SUNAT (001_TBL_CLIENTES_B2B) -- no se puede validar SUNAT/Osiptel para este RUC.'],0,
2000467776,CLIENT_00136,LIMA,Lima,Lima,SIN_HISTORIAL_DE_FACTURACION,,,,,True,OK,[],0,
2000507960,CLIENT_00943,LA LIBERTAD,Ascope,Paijan,SIN_HISTORIAL_DE_FACTURACION,,,,,True,OK,[],0,
2000560801,,,,,SIN_HISTORIAL_DE_FACTURACION,,,,,False,ALERTA — REVISIÓN HUMANA,['Cliente no encontrado en el maestro SUNAT (001_TBL_CLIENTES_B2B) -- no se puede validar SUNAT/Osiptel para este RUC.'],0,
2000591425,,,,,SIN_HISTORIAL_DE_FACTURACION,,,,,False,ALERTA — REVISIÓN HUMANA,['Cliente no encontrado en el maestro SUNAT (001_TBL_CLIENTES_B2B) -- no se puede validar SUNAT/Osiptel para este RUC.'],0,
2000629040,,,,,SIN_HISTORIAL_DE_FACTURACION,,,,,False,ALERTA — REVISIÓN HUMANA,['Cliente no encontrado en el maestro SUNAT (001_TBL_CLIENTES_B2B) -- no se puede validar SUNAT/Osiptel para este RUC.'],0,
2000629958,,,,,SIN_HISTORIAL_DE_FACTURACION,,,,,False,ALERTA — REVISIÓN HUMANA,['Cliente no encontrado en el maestro SUNAT (001_TBL_CLIENTES_B2B) -- no se puede validar SUNAT/Osiptel para este RUC.'],0,
2000636356,,,,,SIN_HISTORIAL_DE_FACTURACION,,,,,False,ALERTA — REVISIÓN HUMANA,['Cliente no encontrado en el maestro SUNAT (001_TBL_CLIENTES_B2B) -- no se puede validar SUNAT/Osiptel para este RUC.'],0,
2000662988,,,,,SIN_HISTORIAL_DE_FACTURACION,,,,,False,ALERTA — REVISIÓN HUMANA,['Cliente no encontrado en el maestro SUNAT (001_TBL_CLIENTES_B2B) -- no se puede validar SUNAT/Osiptel para este RUC.'],0,
2000697092,,,,,SIN_HISTORIAL_DE_FACTURACION,,,,,False,ALERTA — REVISIÓN HUMANA,['Cliente no encontrado en el maestro SUNAT (001_TBL_CLIENTES_B2B) -- no se puede validar SUNAT/Osiptel para este RUC.'],0,
2000734783,,,,,ALTO,ALTO,16.0,17.0,False,False,ALERTA — REVISIÓN HUMANA,['Cliente no encontrado en el maestro SUNAT (001_TBL_CLIENTES_B2B) -- no se puede validar SUNAT/Osiptel para este RUC.'],2,Contacto proactivo antes del vencimiento + oferta de plan de pago fraccionado; escalar a gestor de cuenta senior.
2000782800,,,,,SIN_HISTORIAL_DE_FACTURACION,,,,,False,ALERTA — REVISIÓN HUMANA,['Cliente no encontrado en el maestro SUNAT (001_TBL_CLIENTES_B2B) -- no se puede validar SUNAT/Osiptel para este RUC.'],0,
2000829287,CLIENT_00703,LIMA,Lima,Santiago de Surco,SIN_HISTORIAL_DE_FACTURACION,,,,,True,OK,[],0,
2000865303,,,,,BAJO,BAJO,-7.3,3.0,False,False,ALERTA — REVISIÓN HUMANA,['Cliente no encontrado en el maestro SUNAT (001_TBL_CLIENTES_B2B) -- no se puede validar SUNAT/Osiptel para este RUC.'],2,Mantener ciclo de facturación estándar; sin acción de cobranza adicional.
2000873711,,,,,SIN_HISTORIAL_DE_FACTURACION,,,,,False,ALERTA — REVISIÓN HUMANA,['Cliente no encontrado en el maestro SUNAT (001_TBL_CLIENTES_B2B) -- no se puede validar SUNAT/Osiptel para este RUC.'],0,
2000875718,,,,,BAJO,BAJO,1.2,16.0,False,False,ALERTA — REVISIÓN HUMANA,['Cliente no encontrado en el maestro SUNAT (001_TBL_CLIENTES_B2B) -- no se puede validar SUNAT/Osiptel para este RUC.'],1,Mantener ciclo de facturación estándar; sin acción de cobranza adicional.
2000894625,,,,,SIN_HISTORIAL_DE_FACTURACION,,,,,False,ALERTA — REVISIÓN HUMANA,['Cliente no encontrado en el maestro SUNAT (001_TBL_CLIENTES_B2B) -- no se puede validar SUNAT/Osiptel para este RUC.'],0,
2000932163,,,,,SIN_HISTORIAL_DE_FACTURACION,,,,,False,ALERTA — REVISIÓN HUMANA,['Cliente no encontrado en el maestro SUNAT (001_TBL_CLIENTES_B2B) -- no se puede validar SUNAT/Osiptel para este RUC.'],0,
2000954519,CLIENT_00989,LIMA,Lima,Lima,SIN_HISTORIAL_DE_FACTURACION,,,,,True,OK,[],0,
2001030392,,,,,SIN_HISTORIAL_DE_FACTURACION,,,,,False,ALERTA — REVISIÓN HUMANA,['Cliente no encontrado en el maestro SUNAT (001_TBL_CLIENTES_B2B) -- no se puede validar SUNAT/Osiptel para este RUC.'],0,
2001034891,,,,,MEDIO,MEDIO,10.3,16.0,False,False,ALERTA — REVISIÓN HUMANA,['Cliente no encontrado en el maestro SUNAT (001_TBL_CLIENTES_B2B) -- no se puede validar SUNAT/Osiptel para este RUC.'],1,Recordatorio automático 5 días antes del vencimiento por correo/WhatsApp; sin escalamiento humano todavía.
2001047693,,,,,MEDIO,MEDIO,7.0,16.0,False,False,ALERTA — REVISIÓN HUMANA,['Cliente no encontrado en el maestro SUNAT (001_TBL_CLIENTES_B2B) -- no se puede validar SUNAT/Osiptel para este RUC.'],1,Recordatorio automático 5 días antes del vencimiento por correo/WhatsApp; sin escalamiento humano todavía.
2001063341,,,,,ALTO,ALTO,15.0,20.0,True,False,ALERTA — REVISIÓN HUMANA,['Cliente no encontrado en el maestro SUNAT (001_TBL_CLIENTES_B2B) -- no se puede validar SUNAT/Osiptel para este RUC.'],0,Contacto proactivo antes del vencimiento + oferta de plan de pago fraccionado; escalar a gestor de cuenta senior.
2001085022,,,,,SIN_HISTORIAL_DE_FACTURACION,,,,,False,ALERTA — REVISIÓN HUMANA,['Cliente no encontrado en el maestro SUNAT (001_TBL_CLIENTES_B2B) -- no se puede validar SUNAT/Osiptel para este RUC.'],0,
2001109147,CLIENT_00012,CUSCO,Cusco,Cusco,BAJO,BAJO,0.0,2.0,False,True,OK,[],0,Mantener ciclo de facturación estándar; sin acción de cobranza adicional.
2001115330,CLIENT_00908,LIMA,Lima,La Molina,BAJO,BAJO,-3.0,-2.0,False,True,OK,[],0,Mantener ciclo de facturación estándar; sin acción de cobranza adicional.
2001133274,,,,,SIN_HISTORIAL_DE_FACTURACION,,,,,False,ALERTA — REVISIÓN HUMANA,['Cliente no encontrado en el maestro SUNAT (001_TBL_CLIENTES_B2B) -- no se puede validar SUNAT/Osiptel para este RUC.'],0,
2001156117,,,,,BAJO,BAJO,-2.0,14.0,False,False,ALERTA — REVISIÓN HUMANA,['Cliente no encontrado en el maestro SUNAT (001_TBL_CLIENTES_B2B) -- no se puede validar SUNAT/Osiptel para este RUC.'],6,Mantener ciclo de facturación estándar; sin acción de cobranza adicional.
2001171079,,,,,SIN_HISTORIAL_DE_FACTURACION,,,,,False,ALERTA — REVISIÓN HUMANA,['Cliente no encontrado en el maestro SUNAT (001_TBL_CLIENTES_B2B) -- no se puede validar SUNAT/Osiptel para este RUC.'],0,
2001174534,,,,,SIN_HISTORIAL_DE_FACTURACION,,,,,False,ALERTA — REVISIÓN HUMANA,['Cliente no encontrado en el maestro SUNAT (001_TBL_CLIENTES_B2B) -- no se puede validar SUNAT/Osiptel para este RUC.'],0,
2001272251,,,,,SIN_HISTORIAL_DE_FACTURACION,,,,,False,ALERTA — REVISIÓN HUMANA,['Cliente no encontrado en el maestro SUNAT (001_TBL_CLIENTES_B2B) -- no se puede validar SUNAT/Osiptel para este RUC.'],0,
2001300260,,,,,SIN_HISTORIAL_DE_FACTURACION,,,,,False,ALERTA — REVISIÓN HUMANA,['Cliente no encontrado en el maestro SUNAT (001_TBL_CLIENTES_B2B) -- no se puede validar SUNAT/Osiptel para este RUC.'],0,
2001303110,,,,,SIN_HISTORIAL_DE_FACTURACION,,,,,False,ALERTA — REVISIÓN HUMANA,['Cliente no encontrado en el maestro SUNAT (001_TBL_CLIENTES_B2B) -- no se puede validar SUNAT/Osiptel para este RUC.'],0,
2001304335,CLIENT_00428,LIMA,Lima,San Miguel,SIN_HISTORIAL_DE_FACTURACION,,,,,True,OK,[],0,
2001341193,CLIENT_00816,LIMA,Lima,San Isidro,SIN_HISTORIAL_DE_FACTURACION,,,,,True,OK,[],0,
2001341850,,,,,SIN_HISTORIAL_DE_FACTURACION,,,,,False,ALERTA — REVISIÓN HUMANA,['Cliente no encontrado en el maestro SUNAT (001_TBL_CLIENTES_B2B) -- no se puede validar SUNAT/Osiptel para este RUC.'],0,
2001348802,,,,,SIN_HISTORIAL_DE_FACTURACION,,,,,False,ALERTA — REVISIÓN HUMANA,['Cliente no encontrado en el maestro SUNAT (001_TBL_CLIENTES_B2B) -- no se puede validar SUNAT/Osiptel para este RUC.'],0,
2001399815,,,,,SIN_HISTORIAL_DE_FACTURACION,,,,,False,ALERTA — REVISIÓN HUMANA,['Cliente no encontrado en el maestro SUNAT (001_TBL_CLIENTES_B2B) -- no se puede validar SUNAT/Osiptel para este RUC.'],0,
2001432018,,,,,SIN_HISTORIAL_DE_FACTURACION,,,,,False,ALERTA — REVISIÓN HUMANA,['Cliente no encontrado en el maestro SUNAT (001_TBL_CLIENTES_B2B) -- no se puede validar SUNAT/Osiptel para este RUC.'],0,
2001434210,,,,,SIN_HISTORIAL_DE_FACTURACION,,,,,False,ALERTA — REVISIÓN HUMANA,['Cliente no encontrado en el maestro SUNAT (001_TBL_CLIENTES_B2B) -- no se puede validar SUNAT/Osiptel para este RUC.'],0,
2001445858,,,,,ALTO,ALTO,52.3,149.0,False,False,ALERTA — REVISIÓN HUMANA,['Cliente no encontrado en el maestro SUNAT (001_TBL_CLIENTES_B2B) -- no se puede validar SUNAT/Osiptel para este RUC.'],3,Contacto proactivo antes del vencimiento + oferta de plan de pago fraccionado; escalar a gestor de cuenta senior.
2001476166,CLIENT_00915,LIMA,Lima,Santiago de Surco,ALTO,ALTO,50.0,50.0,False,True,OK,[],0,Contacto proactivo antes del vencimiento + oferta de plan de pago fraccionado; escalar a gestor de cuenta senior.
2001486599,,,,,ALTO,ALTO,19.7,23.0,False,False,ALERTA — REVISIÓN HUMANA,['Cliente no encontrado en el maestro SUNAT (001_TBL_CLIENTES_B2B) -- no se puede validar SUNAT/Osiptel para este RUC.'],1,Contacto proactivo antes del vencimiento + oferta de plan de pago fraccionado; escalar a gestor de cuenta senior.
2001510479,,,,,SIN_HISTORIAL_DE_FACTURACION,,,,,False,ALERTA — REVISIÓN HUMANA,['Cliente no encontrado en el maestro SUNAT (001_TBL_CLIENTES_B2B) -- no se puede validar SUNAT/Osiptel para este RUC.'],0,
2001580114,CLIENT_00016,LIMA,Lima,San Isidro,SIN_HISTORIAL_DE_FACTURACION,,,,,True,OK,[],0,
2001602219,,,,,SIN_HISTORIAL_DE_FACTURACION,,,,,False,ALERTA — REVISIÓN HUMANA,['Cliente no encontrado en el maestro SUNAT (001_TBL_CLIENTES_B2B) -- no se puede validar SUNAT/Osiptel para este RUC.'],0,
2001605530,,,,,BAJO,BAJO,-8.3,6.0,False,False,ALERTA — REVISIÓN HUMANA,['Cliente no encontrado en el maestro SUNAT (001_TBL_CLIENTES_B2B) -- no se puede validar SUNAT/Osiptel para este RUC.'],4,Mantener ciclo de facturación estándar; sin acción de cobranza adicional.
2001625741,CLIENT_00222,LAMBAYEQUE,Chiclayo,Chiclayo,ALTO,BAJO,-1.0,-1.0,False,True,ALERTA — REVISIÓN HUMANA,"['SUNAT_ESTADO_RUC=NO HABIDO (no HABIDO)', 'SUNAT_ESTADO_CONTRIBUYENTE=BAJA DE OFICIO (no ACTIVO)']",0,Mantener ciclo de facturación estándar; sin acción de cobranza adicional.
2001633537,,,,,SIN_HISTORIAL_DE_FACTURACION,,,,,False,ALERTA — REVISIÓN HUMANA,['Cliente no encontrado en el maestro SUNAT (001_TBL_CLIENTES_B2B) -- no se puede validar SUNAT/Osiptel para este RUC.'],0,
2001681016,CLIENT_00750,LA LIBERTAD,Trujillo,Trujillo,BAJO,BAJO,-5.0,-5.0,False,True,OK,[],0,Mantener ciclo de facturación estándar; sin acción de cobranza adicional.
2001699108,,,,,BAJO,BAJO,-6.0,5.0,False,False,ALERTA — REVISIÓN HUMANA,['Cliente no encontrado en el maestro SUNAT (001_TBL_CLIENTES_B2B) -- no se puede validar SUNAT/Osiptel para este RUC.'],2,Mantener ciclo de facturación estándar; sin acción de cobranza adicional.
2001713209,,,,,SIN_HISTORIAL_DE_FACTURACION,,,,,False,ALERTA — REVISIÓN HUMANA,['Cliente no encontrado en el maestro SUNAT (001_TBL_CLIENTES_B2B) -- no se puede validar SUNAT/Osiptel para este RUC.'],0,
2001720617,CLIENT_00817,LIMA,Lima,Ate,MEDIO,MEDIO,9.5,10.0,True,True,OK,[],1,Recordatorio automático 5 días antes del vencimiento por correo/WhatsApp; sin escalamiento humano todavía.
2001789050,,,,,SIN_HISTORIAL_DE_FACTURACION,,,,,False,ALERTA — REVISIÓN HUMANA,['Cliente no encontrado en el maestro SUNAT (001_TBL_CLIENTES_B2B) -- no se puede validar SUNAT/Osiptel para este RUC.'],0,
2001795605,,,,,SIN_HISTORIAL_DE_FACTURACION,,,,,False,ALERTA — REVISIÓN HUMANA,['Cliente no encontrado en el maestro SUNAT (001_TBL_CLIENTES_B2B) -- no se puede validar SUNAT/Osiptel para este RUC.'],0,
2001809758,,,,,BAJO,BAJO,-6.3,4.0,False,False,ALERTA — REVISIÓN HUMANA,['Cliente no encontrado en el maestro SUNAT (001_TBL_CLIENTES_B2B) -- no se puede validar SUNAT/Osiptel para este RUC.'],2,Mantener ciclo de facturación estándar; sin acción de cobranza adicional.
2001825805,,,,,SIN_HISTORIAL_DE_FACTURACION,,,,,False,ALERTA — REVISIÓN HUMANA,['Cliente no encontrado en el maestro SUNAT (001_TBL_CLIENTES_B2B) -- no se puede validar SUNAT/Osiptel para este RUC.'],0,
2001889079,,,,,MEDIO,MEDIO,13.0,52.0,False,False,ALERTA — REVISIÓN HUMANA,['Cliente no encontrado en el maestro SUNAT (001_TBL_CLIENTES_B2B) -- no se puede validar SUNAT/Osiptel para este RUC.'],1,Recordatorio automático 5 días antes del vencimiento por correo/WhatsApp; sin escalamiento humano todavía.
2001914360,,,,,SIN_HISTORIAL_DE_FACTURACION,,,,,False,ALERTA — REVISIÓN HUMANA,['Cliente no encontrado en el maestro SUNAT (001_TBL_CLIENTES_B2B) -- no se puede validar SUNAT/Osiptel para este RUC.'],0,
2001919358,CLIENT_00658,LIMA,Lima,Lince,SIN_HISTORIAL_DE_FACTURACION,,,,,True,OK,[],0,
2001938901,CLIENT_00457,LIMA,Lima,Villa El Salvador,SIN_HISTORIAL_DE_FACTURACION,,,,,True,OK,[],0,
2001957086,,,,,SIN_HISTORIAL_DE_FACTURACION,,,,,False,ALERTA — REVISIÓN HUMANA,['Cliente no encontrado en el maestro SUNAT (001_TBL_CLIENTES_B2B) -- no se puede validar SUNAT/Osiptel para este RUC.'],0,
2002042551,,,,,BAJO,BAJO,-13.5,-11.0,False,False,ALERTA — REVISIÓN HUMANA,['Cliente no encontrado en el maestro SUNAT (001_TBL_CLIENTES_B2B) -- no se puede validar SUNAT/Osiptel para este RUC.'],0,Mantener ciclo de facturación estándar; sin acción de cobranza adicional.
2002061694,CLIENT_00005,CAJAMARCA,Cajamarca,Cajamarca,ALTO,BAJO,-1.5,-1.0,True,True,ALERTA — REVISIÓN HUMANA,['SUNAT_ESTADO_CONTRIBUYENTE=SUSPENSION TEMPORAL (no ACTIVO)'],0,Mantener ciclo de facturación estándar; sin acción de cobranza adicional.
2002082803,CLIENT_00749,CALLAO,Prov. Const. del Callao,Callao,SIN_HISTORIAL_DE_FACTURACION,,,,,True,OK,[],0,
2002092029,,,,,BAJO,BAJO,-7.0,-3.0,True,False,ALERTA — REVISIÓN HUMANA,['Cliente no encontrado en el maestro SUNAT (001_TBL_CLIENTES_B2B) -- no se puede validar SUNAT/Osiptel para este RUC.'],0,Mantener ciclo de facturación estándar; sin acción de cobranza adicional.
2002115898,CLIENT_00928,LIMA,Lima,Lurigancho,BAJO,BAJO,-6.0,-6.0,False,True,OK,[],0,Mantener ciclo de facturación estándar; sin acción de cobranza adicional.
2002202614,,,,,SIN_HISTORIAL_DE_FACTURACION,,,,,False,ALERTA — REVISIÓN HUMANA,['Cliente no encontrado en el maestro SUNAT (001_TBL_CLIENTES_B2B) -- no se puede validar SUNAT/Osiptel para este RUC.'],0,
2002205885,CLIENT_00974,LA LIBERTAD,Trujillo,Trujillo,SIN_HISTORIAL_DE_FACTURACION,,,,,True,OK,[],0,
2002206758,,,,,BAJO,BAJO,-5.0,4.0,False,False,ALERTA — REVISIÓN HUMANA,['Cliente no encontrado en el maestro SUNAT (001_TBL_CLIENTES_B2B) -- no se puede validar SUNAT/Osiptel para este RUC.'],2,Mantener ciclo de facturación estándar; sin acción de cobranza adicional.
2002211948,,,,,SIN_HISTORIAL_DE_FACTURACION,,,,,False,ALERTA — REVISIÓN HUMANA,['Cliente no encontrado en el maestro SUNAT (001_TBL_CLIENTES_B2B) -- no se puede validar SUNAT/Osiptel para este RUC.'],0,
2002271273,CLIENT_00273,LIMA,Lima,Santiago de Surco,BAJO,BAJO,-6.5,-1.0,False,True,OK,[],0,Mantener ciclo de facturación estándar; sin acción de cobranza adicional.
2002282707,,,,,SIN_HISTORIAL_DE_FACTURACION,,,,,False,ALERTA — REVISIÓN HUMANA,['Cliente no encontrado en el maestro SUNAT (001_TBL_CLIENTES_B2B) -- no se puede validar SUNAT/Osiptel para este RUC.'],0,
2002283861,,,,,SIN_HISTORIAL_DE_FACTURACION,,,,,False,ALERTA — REVISIÓN HUMANA,['Cliente no encontrado en el maestro SUNAT (001_TBL_CLIENTES_B2B) -- no se puede validar SUNAT/Osiptel para este RUC.'],0,
2002302343,CLIENT_00020,PIURA,Sullana,Querecotillo,BAJO,BAJO,-5.0,4.0,True,True,OK,[],0,Mantener ciclo de facturación estándar; sin acción de cobranza adicional.
2002327363,,,,,SIN_HISTORIAL_DE_FACTURACION,,,,,False,ALERTA — REVISIÓN HUMANA,['Cliente no encontrado en el maestro SUNAT (001_TBL_CLIENTES_B2B) -- no se puede validar SUNAT/Osiptel para este RUC.'],0,
2002351928,,,,,SIN_HISTORIAL_DE_FACTURACION,,,,,False,ALERTA — REVISIÓN HUMANA,['Cliente no encontrado en el maestro SUNAT (001_TBL_CLIENTES_B2B) -- no se puede validar SUNAT/Osiptel para este RUC.'],0,
2002440659,,,,,SIN_HISTORIAL_DE_FACTURACION,,,,,False,ALERTA — REVISIÓN HUMANA,['Cliente no encontrado en el maestro SUNAT (001_TBL_CLIENTES_B2B) -- no se puede validar SUNAT/Osiptel para este RUC.'],0,
2002459973,CLIENT_00887,LIMA,Lima,Ate,SIN_HISTORIAL_DE_FACTURACION,,,,,True,OK,[],0,
2002473687,,,,,SIN_HISTORIAL_DE_FACTURACION,,,,,False,ALERTA — REVISIÓN HUMANA,['Cliente no encontrado en el maestro SUNAT (001_TBL_CLIENTES_B2B) -- no se puede validar SUNAT/Osiptel para este RUC.'],0,
2002500138,,,,,BAJO,BAJO,-0.2,9.0,False,False,ALERTA — REVISIÓN HUMANA,['Cliente no encontrado en el maestro SUNAT (001_TBL_CLIENTES_B2B) -- no se puede validar SUNAT/Osiptel para este RUC.'],3,Mantener ciclo de facturación estándar; sin acción de cobranza adicional.
2002509216,CLIENT_00632,PIURA,Piura,Castilla,ALTO,ALTO,116.0,116.0,False,True,OK,[],1,Contacto proactivo antes del vencimiento + oferta de plan de pago fraccionado; escalar a gestor de cuenta senior.
2002521427,,,,,SIN_HISTORIAL_DE_FACTURACION,,,,,False,ALERTA — REVISIÓN HUMANA,['Cliente no encontrado en el maestro SUNAT (001_TBL_CLIENTES_B2B) -- no se puede validar SUNAT/Osiptel para este RUC.'],0,
2002535668,,,,,SIN_HISTORIAL_DE_FACTURACION,,,,,False,ALERTA — REVISIÓN HUMANA,['Cliente no encontrado en el maestro SUNAT (001_TBL_CLIENTES_B2B) -- no se puede validar SUNAT/Osiptel para este RUC.'],0,
2002572752,,,,,SIN_HISTORIAL_DE_FACTURACION,,,,,False,ALERTA — REVISIÓN HUMANA,['Cliente no encontrado en el maestro SUNAT (001_TBL_CLIENTES_B2B) -- no se puede validar SUNAT/Osiptel para este RUC.'],0,
2002596408,CLIENT_00976,UCAYALI,Coronel Portillo,Calleria,ALTO,,,,,True,ALERTA — REVISIÓN HUMANA,['SUNAT_ESTADO_CONTRIBUYENTE=BAJA DE OFICIO (no ACTIVO)'],0,
2002608797,,,,,SIN_HISTORIAL_DE_FACTURACION,,,,,False,ALERTA — REVISIÓN HUMANA,['Cliente no encontrado en el maestro SUNAT (001_TBL_CLIENTES_B2B) -- no se puede validar SUNAT/Osiptel para este RUC.'],0,
2002657495,CLIENT_00013,LA LIBERTAD,Trujillo,Trujillo,ALTO,BAJO,-1.0,4.0,False,True,ALERTA — REVISIÓN HUMANA,['SUNAT_ESTADO_CONTRIBUYENTE=BAJA DE OFICIO (no ACTIVO)'],0,Mantener ciclo de facturación estándar; sin acción de cobranza adicional.
2002717360,,,,,SIN_HISTORIAL_DE_FACTURACION,,,,,False,ALERTA — REVISIÓN HUMANA,['Cliente no encontrado en el maestro SUNAT (001_TBL_CLIENTES_B2B) -- no se puede validar SUNAT/Osiptel para este RUC.'],0,
2002834370,,,,,SIN_HISTORIAL_DE_FACTURACION,,,,,False,ALERTA — REVISIÓN HUMANA,['Cliente no encontrado en el maestro SUNAT (001_TBL_CLIENTES_B2B) -- no se puede validar SUNAT/Osiptel para este RUC.'],0,
2002846047,CLIENT_00694,LIMA,Lima,Chorrillos,BAJO,BAJO,3.0,3.0,False,True,OK,[],0,Mantener ciclo de facturación estándar; sin acción de cobranza adicional.
2002854935,,,,,SIN_HISTORIAL_DE_FACTURACION,,,,,False,ALERTA — REVISIÓN HUMANA,['Cliente no encontrado en el maestro SUNAT (001_TBL_CLIENTES_B2B) -- no se puede validar SUNAT/Osiptel para este RUC.'],0,
2002864650,,,,,SIN_HISTORIAL_DE_FACTURACION,,,,,False,ALERTA — REVISIÓN HUMANA,['Cliente no encontrado en el maestro SUNAT (001_TBL_CLIENTES_B2B) -- no se puede validar SUNAT/Osiptel para este RUC.'],0,
2002866357,,,,,MEDIO,MEDIO,6.0,52.0,False,False,ALERTA — REVISIÓN HUMANA,['Cliente no encontrado en el maestro SUNAT (001_TBL_CLIENTES_B2B) -- no se puede validar SUNAT/Osiptel para este RUC.'],4,Recordatorio automático 5 días antes del vencimiento por correo/WhatsApp; sin escalamiento humano todavía.
2002871322,,,,,SIN_HISTORIAL_DE_FACTURACION,,,,,False,ALERTA — REVISIÓN HUMANA,['Cliente no encontrado en el maestro SUNAT (001_TBL_CLIENTES_B2B) -- no se puede validar SUNAT/Osiptel para este RUC.'],0,
2002919804,,,,,SIN_HISTORIAL_DE_FACTURACION,,,,,False,ALERTA — REVISIÓN HUMANA,['Cliente no encontrado en el maestro SUNAT (001_TBL_CLIENTES_B2B) -- no se puede validar SUNAT/Osiptel para este RUC.'],0,
2002939178,,,,,SIN_HISTORIAL_DE_FACTURACION,,,,,False,ALERTA — REVISIÓN HUMANA,['Cliente no encontrado en el maestro SUNAT (001_TBL_CLIENTES_B2B) -- no se puede validar SUNAT/Osiptel para este RUC.'],0,
2003008501,,,,,SIN_HISTORIAL_DE_FACTURACION,,,,,False,ALERTA — REVISIÓN HUMANA,['Cliente no encontrado en el maestro SUNAT (001_TBL_CLIENTES_B2B) -- no se puede validar SUNAT/Osiptel para este RUC.'],0,
2003193070,,,,,BAJO,BAJO,-0.5,0.0,False,False,ALERTA — REVISIÓN HUMANA,['Cliente no encontrado en el maestro SUNAT (001_TBL_CLIENTES_B2B) -- no se puede validar SUNAT/Osiptel para este RUC.'],2,Mantener ciclo de facturación estándar; sin acción de cobranza adicional.
2003216433,CLIENT_00243,CALLAO,Prov. Const. del Callao,Ventanilla,ALTO,BAJO,-1.3,0.0,False,True,ALERTA — REVISIÓN HUMANA,['Todas sus líneas (fija/móvil) están inactivas o suspendidas'],0,Mantener ciclo de facturación estándar; sin acción de cobranza adicional.
2003222117,,,,,SIN_HISTORIAL_DE_FACTURACION,,,,,False,ALERTA — REVISIÓN HUMANA,['Cliente no encontrado en el maestro SUNAT (001_TBL_CLIENTES_B2B) -- no se puede validar SUNAT/Osiptel para este RUC.'],0,
2003257995,,,,,SIN_HISTORIAL_DE_FACTURACION,,,,,False,ALERTA — REVISIÓN HUMANA,['Cliente no encontrado en el maestro SUNAT (001_TBL_CLIENTES_B2B) -- no se puede validar SUNAT/Osiptel para este RUC.'],0,
2003283347,CLIENT_00732,CUSCO,Cusco,San Sebastian,SIN_HISTORIAL_DE_FACTURACION,,,,,True,OK,[],0,
2003284243,,,,,SIN_HISTORIAL_DE_FACTURACION,,,,,False,ALERTA — REVISIÓN HUMANA,['Cliente no encontrado en el maestro SUNAT (001_TBL_CLIENTES_B2B) -- no se puede validar SUNAT/Osiptel para este RUC.'],0,
2003318690,,,,,SIN_HISTORIAL_DE_FACTURACION,,,,,False,ALERTA — REVISIÓN HUMANA,['Cliente no encontrado en el maestro SUNAT (001_TBL_CLIENTES_B2B) -- no se puede validar SUNAT/Osiptel para este RUC.'],0,
2003372653,,,,,ALTO,ALTO,15.3,23.0,False,False,ALERTA — REVISIÓN HUMANA,['Cliente no encontrado en el maestro SUNAT (001_TBL_CLIENTES_B2B) -- no se puede validar SUNAT/Osiptel para este RUC.'],2,Contacto proactivo antes del vencimiento + oferta de plan de pago fraccionado; escalar a gestor de cuenta senior.
2003418714,CLIENT_00435,LIMA,Lima,San Isidro,BAJO,BAJO,-5.8,2.0,False,True,OK,[],2,Mantener ciclo de facturación estándar; sin acción de cobranza adicional.
2003430437,,,,,SIN_HISTORIAL_DE_FACTURACION,,,,,False,ALERTA — REVISIÓN HUMANA,['Cliente no encontrado en el maestro SUNAT (001_TBL_CLIENTES_B2B) -- no se puede validar SUNAT/Osiptel para este RUC.'],0,
2003449498,CLIENT_00973,LIMA,Lima,Miraflores,SIN_HISTORIAL_DE_FACTURACION,,,,,True,OK,[],0,
2003486970,,,,,SIN_HISTORIAL_DE_FACTURACION,,,,,False,ALERTA — REVISIÓN HUMANA,['Cliente no encontrado en el maestro SUNAT (001_TBL_CLIENTES_B2B) -- no se puede validar SUNAT/Osiptel para este RUC.'],0,
2003528782,,,,,SIN_HISTORIAL_DE_FACTURACION,,,,,False,ALERTA — REVISIÓN HUMANA,['Cliente no encontrado en el maestro SUNAT (001_TBL_CLIENTES_B2B) -- no se puede validar SUNAT/Osiptel para este RUC.'],0,
2003540698,,,,,BAJO,BAJO,-11.0,-10.0,False,False,ALERTA — REVISIÓN HUMANA,['Cliente no encontrado en el maestro SUNAT (001_TBL_CLIENTES_B2B) -- no se puede validar SUNAT/Osiptel para este RUC.'],0,Mantener ciclo de facturación estándar; sin acción de cobranza adicional.
2003554480,CLIENT_00842,LIMA,Lima,Santiago de Surco,ALTO,BAJO,0.0,0.0,False,True,ALERTA — REVISIÓN HUMANA,['SUNAT_ESTADO_CONTRIBUYENTE=BAJA PROV. POR OFICI (no ACTIVO)'],0,Mantener ciclo de facturación estándar; sin acción de cobranza adicional.
2003562912,,,,,SIN_HISTORIAL_DE_FACTURACION,,,,,False,ALERTA — REVISIÓN HUMANA,['Cliente no encontrado en el maestro SUNAT (001_TBL_CLIENTES_B2B) -- no se puede validar SUNAT/Osiptel para este RUC.'],0,
2003562934,,,,,SIN_HISTORIAL_DE_FACTURACION,,,,,False,ALERTA — REVISIÓN HUMANA,['Cliente no encontrado en el maestro SUNAT (001_TBL_CLIENTES_B2B) -- no se puede validar SUNAT/Osiptel para este RUC.'],0,
2003597947,,,,,SIN_HISTORIAL_DE_FACTURACION,,,,,False,ALERTA — REVISIÓN HUMANA,['Cliente no encontrado en el maestro SUNAT (001_TBL_CLIENTES_B2B) -- no se puede validar SUNAT/Osiptel para este RUC.'],0,
2003613503,,,,,SIN_HISTORIAL_DE_FACTURACION,,,,,False,ALERTA — REVISIÓN HUMANA,['Cliente no encontrado en el maestro SUNAT (001_TBL_CLIENTES_B2B) -- no se puede validar SUNAT/Osiptel para este RUC.'],0,
2003621431,CLIENT_00120,CAJAMARCA,San Ignacio,San Ignacio,BAJO,BAJO,-10.5,-8.0,True,True,OK,[],0,Mantener ciclo de facturación estándar; sin acción de cobranza adicional.
2003629858,,,,,SIN_HISTORIAL_DE_FACTURACION,,,,,False,ALERTA — REVISIÓN HUMANA,['Cliente no encontrado en el maestro SUNAT (001_TBL_CLIENTES_B2B) -- no se puede validar SUNAT/Osiptel para este RUC.'],0,
2003660112,CLIENT_00090,LIMA,Lima,Lince,SIN_HISTORIAL_DE_FACTURACION,,,,,True,OK,[],0,
2003740540,CLIENT_00568,LIMA,Lima,Santiago de Surco,ALTO,BAJO,-4.0,-2.0,False,True,ALERTA — REVISIÓN HUMANA,['SUNAT_ESTADO_CONTRIBUYENTE=BAJA DE OFICIO (no ACTIVO)'],0,Mantener ciclo de facturación estándar; sin acción de cobranza adicional.
2003747640,,,,,SIN_HISTORIAL_DE_FACTURACION,,,,,False,ALERTA — REVISIÓN HUMANA,['Cliente no encontrado en el maestro SUNAT (001_TBL_CLIENTES_B2B) -- no se puede validar SUNAT/Osiptel para este RUC.'],0,
2003837536,CLIENT_00746,LA LIBERTAD,Chepén,Chepen,SIN_HISTORIAL_DE_FACTURACION,,,,,True,OK,[],0,
2003858294,CLIENT_00954,LIMA,Lima,Lurigancho,BAJO,BAJO,1.5,3.0,False,True,OK,[],0,Mantener ciclo de facturación estándar; sin acción de cobranza adicional.
2003894381,,,,,SIN_HISTORIAL_DE_FACTURACION,,,,,False,ALERTA — REVISIÓN HUMANA,['Cliente no encontrado en el maestro SUNAT (001_TBL_CLIENTES_B2B) -- no se puede validar SUNAT/Osiptel para este RUC.'],0,
2003957097,,,,,SIN_HISTORIAL_DE_FACTURACION,,,,,False,ALERTA — REVISIÓN HUMANA,['Cliente no encontrado en el maestro SUNAT (001_TBL_CLIENTES_B2B) -- no se puede validar SUNAT/Osiptel para este RUC.'],0,
2003970000,CLIENT_00085,LIMA,Lima,Miraflores,ALTO,,,,,True,ALERTA — REVISIÓN HUMANA,['SUNAT_ESTADO_CONTRIBUYENTE=SUSPENSION TEMPORAL (no ACTIVO)'],0,
2004004649,,,,,SIN_HISTORIAL_DE_FACTURACION,,,,,False,ALERTA — REVISIÓN HUMANA,['Cliente no encontrado en el maestro SUNAT (001_TBL_CLIENTES_B2B) -- no se puede validar SUNAT/Osiptel para este RUC.'],0,
2004058715,,,,,SIN_HISTORIAL_DE_FACTURACION,,,,,False,ALERTA — REVISIÓN HUMANA,['Cliente no encontrado en el maestro SUNAT (001_TBL_CLIENTES_B2B) -- no se puede validar SUNAT/Osiptel para este RUC.'],0,
2004089030,,,,,SIN_HISTORIAL_DE_FACTURACION,,,,,False,ALERTA — REVISIÓN HUMANA,['Cliente no encontrado en el maestro SUNAT (001_TBL_CLIENTES_B2B) -- no se puede validar SUNAT/Osiptel para este RUC.'],0,
2004090558,CLIENT_00948,LIMA,Lima,San Isidro,SIN_HISTORIAL_DE_FACTURACION,,,,,True,OK,[],0,
2004193113,,,,,SIN_HISTORIAL_DE_FACTURACION,,,,,False,ALERTA — REVISIÓN HUMANA,['Cliente no encontrado en el maestro SUNAT (001_TBL_CLIENTES_B2B) -- no se puede validar SUNAT/Osiptel para este RUC.'],0,
2004210755,,,,,SIN_HISTORIAL_DE_FACTURACION,,,,,False,ALERTA — REVISIÓN HUMANA,['Cliente no encontrado en el maestro SUNAT (001_TBL_CLIENTES_B2B) -- no se puede validar SUNAT/Osiptel para este RUC.'],0,
2004214943,,,,,SIN_HISTORIAL_DE_FACTURACION,,,,,False,ALERTA — REVISIÓN HUMANA,['Cliente no encontrado en el maestro SUNAT (001_TBL_CLIENTES_B2B) -- no se puede validar SUNAT/Osiptel para este RUC.'],0,
2004217145,,,,,SIN_HISTORIAL_DE_FACTURACION,,,,,False,ALERTA — REVISIÓN HUMANA,['Cliente no encontrado en el maestro SUNAT (001_TBL_CLIENTES_B2B) -- no se puede validar SUNAT/Osiptel para este RUC.'],0,
2004228948,,,,,BAJO,BAJO,2.5,7.0,True,False,ALERTA — REVISIÓN HUMANA,['Cliente no encontrado en el maestro SUNAT (001_TBL_CLIENTES_B2B) -- no se puede validar SUNAT/Osiptel para este RUC.'],0,Mantener ciclo de facturación estándar; sin acción de cobranza adicional.
2004233029,,,,,SIN_HISTORIAL_DE_FACTURACION,,,,,False,ALERTA — REVISIÓN HUMANA,['Cliente no encontrado en el maestro SUNAT (001_TBL_CLIENTES_B2B) -- no se puede validar SUNAT/Osiptel para este RUC.'],0,
2004240244,CLIENT_00422,AREQUIPA,Arequipa,Yanahuara,SIN_HISTORIAL_DE_FACTURACION,,,,,True,OK,[],0,
2004268042,,,,,BAJO,BAJO,0.5,2.0,True,False,ALERTA — REVISIÓN HUMANA,['Cliente no encontrado en el maestro SUNAT (001_TBL_CLIENTES_B2B) -- no se puede validar SUNAT/Osiptel para este RUC.'],1,Mantener ciclo de facturación estándar; sin acción de cobranza adicional.
2004334581,,,,,SIN_HISTORIAL_DE_FACTURACION,,,,,False,ALERTA — REVISIÓN HUMANA,['Cliente no encontrado en el maestro SUNAT (001_TBL_CLIENTES_B2B) -- no se puede validar SUNAT/Osiptel para este RUC.'],0,
2004375439,CLIENT_00427,LIMA,Lima,San Borja,SIN_HISTORIAL_DE_FACTURACION,,,,,True,OK,[],0,
2004403801,CLIENT_00180,LIMA,Lima,Santiago de Surco,BAJO,BAJO,-5.8,0.0,False,True,OK,[],1,Mantener ciclo de facturación estándar; sin acción de cobranza adicional.
2004412321,,,,,SIN_HISTORIAL_DE_FACTURACION,,,,,False,ALERTA — REVISIÓN HUMANA,['Cliente no encontrado en el maestro SUNAT (001_TBL_CLIENTES_B2B) -- no se puede validar SUNAT/Osiptel para este RUC.'],0,
2004451246,,,,,SIN_HISTORIAL_DE_FACTURACION,,,,,False,ALERTA — REVISIÓN HUMANA,['Cliente no encontrado en el maestro SUNAT (001_TBL_CLIENTES_B2B) -- no se puede validar SUNAT/Osiptel para este RUC.'],0,
2004469110,,,,,SIN_HISTORIAL_DE_FACTURACION,,,,,False,ALERTA — REVISIÓN HUMANA,['Cliente no encontrado en el maestro SUNAT (001_TBL_CLIENTES_B2B) -- no se puede validar SUNAT/Osiptel para este RUC.'],0,
2004470530,CLIENT_00006,LIMA,Lima,Jesús María,ALTO,BAJO,0.0,0.0,False,True,ALERTA — REVISIÓN HUMANA,['SUNAT_ESTADO_CONTRIBUYENTE=BAJA DE OFICIO (no ACTIVO)'],0,Mantener ciclo de facturación estándar; sin acción de cobranza adicional.
2004492803,CLIENT_00211,LIMA,Lima,Lince,BAJO,BAJO,0.7,31.0,False,True,OK,[],3,Mantener ciclo de facturación estándar; sin acción de cobranza adicional.
2004495367,,,,,SIN_HISTORIAL_DE_FACTURACION,,,,,False,ALERTA — REVISIÓN HUMANA,['Cliente no encontrado en el maestro SUNAT (001_TBL_CLIENTES_B2B) -- no se puede validar SUNAT/Osiptel para este RUC.'],0,
2004540046,CLIENT_00773,LIMA,Lima,Santiago de Surco,SIN_HISTORIAL_DE_FACTURACION,,,,,True,OK,[],0,
2004599839,,,,,SIN_HISTORIAL_DE_FACTURACION,,,,,False,ALERTA — REVISIÓN HUMANA,['Cliente no encontrado en el maestro SUNAT (001_TBL_CLIENTES_B2B) -- no se puede validar SUNAT/Osiptel para este RUC.'],0,
2004640148,,,,,SIN_HISTORIAL_DE_FACTURACION,,,,,False,ALERTA — REVISIÓN HUMANA,['Cliente no encontrado en el maestro SUNAT (001_TBL_CLIENTES_B2B) -- no se puede validar SUNAT/Osiptel para este RUC.'],0,
2004670915,CLIENT_00592,CALLAO,Prov. Const. del Callao,Bellavista,MEDIO,MEDIO,12.5,22.0,False,True,OK,[],0,Recordatorio automático 5 días antes del vencimiento por correo/WhatsApp; sin escalamiento humano todavía.
2004706972,,,,,SIN_HISTORIAL_DE_FACTURACION,,,,,False,ALERTA — REVISIÓN HUMANA,['Cliente no encontrado en el maestro SUNAT (001_TBL_CLIENTES_B2B) -- no se puede validar SUNAT/Osiptel para este RUC.'],0,
2004755252,CLIENT_00017,LIMA,Lima,Miraflores,BAJO,BAJO,-9.0,-9.0,False,True,OK,[],0,Mantener ciclo de facturación estándar; sin acción de cobranza adicional.
2004760000,,,,,SIN_HISTORIAL_DE_FACTURACION,,,,,False,ALERTA — REVISIÓN HUMANA,['Cliente no encontrado en el maestro SUNAT (001_TBL_CLIENTES_B2B) -- no se puede validar SUNAT/Osiptel para este RUC.'],0,
2004776287,,,,,SIN_HISTORIAL_DE_FACTURACION,,,,,False,ALERTA — REVISIÓN HUMANA,['Cliente no encontrado en el maestro SUNAT (001_TBL_CLIENTES_B2B) -- no se puede validar SUNAT/Osiptel para este RUC.'],0,
2004792943,CLIENT_00818,LIMA,Lima,Surquillo,BAJO,BAJO,4.0,5.0,True,True,OK,[],0,Mantener ciclo de facturación estándar; sin acción de cobranza adicional.
2004806981,,,,,SIN_HISTORIAL_DE_FACTURACION,,,,,False,ALERTA — REVISIÓN HUMANA,['Cliente no encontrado en el maestro SUNAT (001_TBL_CLIENTES_B2B) -- no se puede validar SUNAT/Osiptel para este RUC.'],0,
2004849183,,,,,SIN_HISTORIAL_DE_FACTURACION,,,,,False,ALERTA — REVISIÓN HUMANA,['Cliente no encontrado en el maestro SUNAT (001_TBL_CLIENTES_B2B) -- no se puede validar SUNAT/Osiptel para este RUC.'],0,
2004857443,,,,,SIN_HISTORIAL_DE_FACTURACION,,,,,False,ALERTA — REVISIÓN HUMANA,['Cliente no encontrado en el maestro SUNAT (001_TBL_CLIENTES_B2B) -- no se puede validar SUNAT/Osiptel para este RUC.'],0,
2004899141,CLIENT_00494,LIMA,Lima,Lima,SIN_HISTORIAL_DE_FACTURACION,,,,,True,OK,[],0,
2004921630,,,,,SIN_HISTORIAL_DE_FACTURACION,,,,,False,ALERTA — REVISIÓN HUMANA,['Cliente no encontrado en el maestro SUNAT (001_TBL_CLIENTES_B2B) -- no se puede validar SUNAT/Osiptel para este RUC.'],0,
2004941501,CLIENT_00776,LIMA,Lima,San Martín de Porres,MEDIO,MEDIO,8.0,10.0,False,True,OK,[],0,Recordatorio automático 5 días antes del vencimiento por correo/WhatsApp; sin escalamiento humano todavía.
2004945069,,,,,SIN_HISTORIAL_DE_FACTURACION,,,,,False,ALERTA — REVISIÓN HUMANA,['Cliente no encontrado en el maestro SUNAT (001_TBL_CLIENTES_B2B) -- no se puede validar SUNAT/Osiptel para este RUC.'],0,
2004965083,,,,,BAJO,BAJO,2.0,4.0,False,False,ALERTA — REVISIÓN HUMANA,['Cliente no encontrado en el maestro SUNAT (001_TBL_CLIENTES_B2B) -- no se puede validar SUNAT/Osiptel para este RUC.'],0,Mantener ciclo de facturación estándar; sin acción de cobranza adicional.
2004984092,CLIENT_00883,LIMA,Lima,Barranco,BAJO,BAJO,2.5,3.0,False,True,OK,[],0,Mantener ciclo de facturación estándar; sin acción de cobranza adicional.
2005008354,,,,,SIN_HISTORIAL_DE_FACTURACION,,,,,False,ALERTA — REVISIÓN HUMANA,['Cliente no encontrado en el maestro SUNAT (001_TBL_CLIENTES_B2B) -- no se puede validar SUNAT/Osiptel para este RUC.'],0,
2005013369,,,,,SIN_HISTORIAL_DE_FACTURACION,,,,,False,ALERTA — REVISIÓN HUMANA,['Cliente no encontrado en el maestro SUNAT (001_TBL_CLIENTES_B2B) -- no se puede validar SUNAT/Osiptel para este RUC.'],0,
2005026451,CLIENT_00715,LIMA,Lima,San Isidro,SIN_HISTORIAL_DE_FACTURACION,,,,,True,OK,[],0,
2005032708,,,,,SIN_HISTORIAL_DE_FACTURACION,,,,,False,ALERTA — REVISIÓN HUMANA,['Cliente no encontrado en el maestro SUNAT (001_TBL_CLIENTES_B2B) -- no se puede validar SUNAT/Osiptel para este RUC.'],0,
2005062507,,,,,SIN_HISTORIAL_DE_FACTURACION,,,,,False,ALERTA — REVISIÓN HUMANA,['Cliente no encontrado en el maestro SUNAT (001_TBL_CLIENTES_B2B) -- no se puede validar SUNAT/Osiptel para este RUC.'],0,
2005090949,CLIENT_00830,AREQUIPA,Arequipa,Miraflores,BAJO,BAJO,2.0,2.0,False,True,OK,[],0,Mantener ciclo de facturación estándar; sin acción de cobranza adicional.
2005137984,,,,,BAJO,BAJO,1.0,3.0,False,False,ALERTA — REVISIÓN HUMANA,['Cliente no encontrado en el maestro SUNAT (001_TBL_CLIENTES_B2B) -- no se puede validar SUNAT/Osiptel para este RUC.'],0,Mantener ciclo de facturación estándar; sin acción de cobranza adicional.
2005142604,,,,,SIN_HISTORIAL_DE_FACTURACION,,,,,False,ALERTA — REVISIÓN HUMANA,['Cliente no encontrado en el maestro SUNAT (001_TBL_CLIENTES_B2B) -- no se puede validar SUNAT/Osiptel para este RUC.'],0,
2005150947,CLIENT_00073,LIMA,Lima,San Isidro,BAJO,BAJO,-5.0,-3.0,True,True,OK,[],0,Mantener ciclo de facturación estándar; sin acción de cobranza adicional.
2005224522,,,,,BAJO,BAJO,3.0,3.0,False,False,ALERTA — REVISIÓN HUMANA,['Cliente no encontrado en el maestro SUNAT (001_TBL_CLIENTES_B2B) -- no se puede validar SUNAT/Osiptel para este RUC.'],0,Mantener ciclo de facturación estándar; sin acción de cobranza adicional.
2005240343,CLIENT_00419,LIMA,Lima,San Borja,SIN_HISTORIAL_DE_FACTURACION,,,,,True,OK,[],0,
2005257421,,,,,SIN_HISTORIAL_DE_FACTURACION,,,,,False,ALERTA — REVISIÓN HUMANA,['Cliente no encontrado en el maestro SUNAT (001_TBL_CLIENTES_B2B) -- no se puede validar SUNAT/Osiptel para este RUC.'],0,
2005320483,,,,,SIN_HISTORIAL_DE_FACTURACION,,,,,False,ALERTA — REVISIÓN HUMANA,['Cliente no encontrado en el maestro SUNAT (001_TBL_CLIENTES_B2B) -- no se puede validar SUNAT/Osiptel para este RUC.'],0,
2005336429,,,,,SIN_HISTORIAL_DE_FACTURACION,,,,,False,ALERTA — REVISIÓN HUMANA,['Cliente no encontrado en el maestro SUNAT (001_TBL_CLIENTES_B2B) -- no se puede validar SUNAT/Osiptel para este RUC.'],0,
2005357307,,,,,BAJO,BAJO,-4.0,-1.0,True,False,ALERTA — REVISIÓN HUMANA,['Cliente no encontrado en el maestro SUNAT (001_TBL_CLIENTES_B2B) -- no se puede validar SUNAT/Osiptel para este RUC.'],0,Mantener ciclo de facturación estándar; sin acción de cobranza adicional.
2005363927,,,,,SIN_HISTORIAL_DE_FACTURACION,,,,,False,ALERTA — REVISIÓN HUMANA,['Cliente no encontrado en el maestro SUNAT (001_TBL_CLIENTES_B2B) -- no se puede validar SUNAT/Osiptel para este RUC.'],0,
2005364955,,,,,SIN_HISTORIAL_DE_FACTURACION,,,,,False,ALERTA — REVISIÓN HUMANA,['Cliente no encontrado en el maestro SUNAT (001_TBL_CLIENTES_B2B) -- no se puede validar SUNAT/Osiptel para este RUC.'],0,
2005457279,,,,,MEDIO,MEDIO,6.0,7.0,True,False,ALERTA — REVISIÓN HUMANA,['Cliente no encontrado en el maestro SUNAT (001_TBL_CLIENTES_B2B) -- no se puede validar SUNAT/Osiptel para este RUC.'],2,Recordatorio automático 5 días antes del vencimiento por correo/WhatsApp; sin escalamiento humano todavía.
2005459584,CLIENT_00291,LORETO,Maynas,Iquitos,BAJO,BAJO,3.0,4.0,False,True,OK,[],0,Mantener ciclo de facturación estándar; sin acción de cobranza adicional.
2005486443,,,,,SIN_HISTORIAL_DE_FACTURACION,,,,,False,ALERTA — REVISIÓN HUMANA,['Cliente no encontrado en el maestro SUNAT (001_TBL_CLIENTES_B2B) -- no se puede validar SUNAT/Osiptel para este RUC.'],0,
2005504989,,,,,SIN_HISTORIAL_DE_FACTURACION,,,,,False,ALERTA — REVISIÓN HUMANA,['Cliente no encontrado en el maestro SUNAT (001_TBL_CLIENTES_B2B) -- no se puede validar SUNAT/Osiptel para este RUC.'],0,
2005539193,CLIENT_00228,LIMA,Lima,San Martín de Porres,SIN_HISTORIAL_DE_FACTURACION,,,,,True,OK,[],0,
2005559505,CLIENT_00406,LIMA,Lima,Magdalena del Mar,BAJO,BAJO,-4.0,-4.0,False,True,OK,[],0,Mantener ciclo de facturación estándar; sin acción de cobranza adicional.
2005655990,,,,,SIN_HISTORIAL_DE_FACTURACION,,,,,False,ALERTA — REVISIÓN HUMANA,['Cliente no encontrado en el maestro SUNAT (001_TBL_CLIENTES_B2B) -- no se puede validar SUNAT/Osiptel para este RUC.'],0,
2005670715,,,,,SIN_HISTORIAL_DE_FACTURACION,,,,,False,ALERTA — REVISIÓN HUMANA,['Cliente no encontrado en el maestro SUNAT (001_TBL_CLIENTES_B2B) -- no se puede validar SUNAT/Osiptel para este RUC.'],0,
2005676902,,,,,SIN_HISTORIAL_DE_FACTURACION,,,,,False,ALERTA — REVISIÓN HUMANA,['Cliente no encontrado en el maestro SUNAT (001_TBL_CLIENTES_B2B) -- no se puede validar SUNAT/Osiptel para este RUC.'],0,
2005695803,,,,,SIN_HISTORIAL_DE_FACTURACION,,,,,False,ALERTA — REVISIÓN HUMANA,['Cliente no encontrado en el maestro SUNAT (001_TBL_CLIENTES_B2B) -- no se puede validar SUNAT/Osiptel para este RUC.'],0,
2005747512,,,,,SIN_HISTORIAL_DE_FACTURACION,,,,,False,ALERTA — REVISIÓN HUMANA,['Cliente no encontrado en el maestro SUNAT (001_TBL_CLIENTES_B2B) -- no se puede validar SUNAT/Osiptel para este RUC.'],0,
2005799938,,,,,BAJO,BAJO,-6.0,-4.0,True,False,ALERTA — REVISIÓN HUMANA,['Cliente no encontrado en el maestro SUNAT (001_TBL_CLIENTES_B2B) -- no se puede validar SUNAT/Osiptel para este RUC.'],0,Mantener ciclo de facturación estándar; sin acción de cobranza adicional.
2005813847,,,,,SIN_HISTORIAL_DE_FACTURACION,,,,,False,ALERTA — REVISIÓN HUMANA,['Cliente no encontrado en el maestro SUNAT (001_TBL_CLIENTES_B2B) -- no se puede validar SUNAT/Osiptel para este RUC.'],0,
2005821957,,,,,SIN_HISTORIAL_DE_FACTURACION,,,,,False,ALERTA — REVISIÓN HUMANA,['Cliente no encontrado en el maestro SUNAT (001_TBL_CLIENTES_B2B) -- no se puede validar SUNAT/Osiptel para este RUC.'],0,
2005827637,,,,,SIN_HISTORIAL_DE_FACTURACION,,,,,False,ALERTA — REVISIÓN HUMANA,['Cliente no encontrado en el maestro SUNAT (001_TBL_CLIENTES_B2B) -- no se puede validar SUNAT/Osiptel para este RUC.'],0,
2005835327,CLIENT_00789,LIMA,Lima,Lima,BAJO,BAJO,2.0,2.0,False,True,OK,[],1,Mantener ciclo de facturación estándar; sin acción de cobranza adicional.
2005896521,,,,,BAJO,BAJO,1.2,3.0,False,False,ALERTA — REVISIÓN HUMANA,['Cliente no encontrado en el maestro SUNAT (001_TBL_CLIENTES_B2B) -- no se puede validar SUNAT/Osiptel para este RUC.'],0,Mantener ciclo de facturación estándar; sin acción de cobranza adicional.
2005907618,,,,,SIN_HISTORIAL_DE_FACTURACION,,,,,False,ALERTA — REVISIÓN HUMANA,['Cliente no encontrado en el maestro SUNAT (001_TBL_CLIENTES_B2B) -- no se puede validar SUNAT/Osiptel para este RUC.'],0,
2005922741,,,,,SIN_HISTORIAL_DE_FACTURACION,,,,,False,ALERTA — REVISIÓN HUMANA,['Cliente no encontrado en el maestro SUNAT (001_TBL_CLIENTES_B2B) -- no se puede validar SUNAT/Osiptel para este RUC.'],0,
2005948741,,,,,SIN_HISTORIAL_DE_FACTURACION,,,,,False,ALERTA — REVISIÓN HUMANA,['Cliente no encontrado en el maestro SUNAT (001_TBL_CLIENTES_B2B) -- no se puede validar SUNAT/Osiptel para este RUC.'],0,
2005956371,CLIENT_00911,LIMA,Lima,San Juan de Miraflores,BAJO,BAJO,3.0,3.0,False,True,OK,[],0,Mantener ciclo de facturación estándar; sin acción de cobranza adicional.
2006013765,,,,,SIN_HISTORIAL_DE_FACTURACION,,,,,False,ALERTA — REVISIÓN HUMANA,['Cliente no encontrado en el maestro SUNAT (001_TBL_CLIENTES_B2B) -- no se puede validar SUNAT/Osiptel para este RUC.'],0,
2006015508,,,,,SIN_HISTORIAL_DE_FACTURACION,,,,,False,ALERTA — REVISIÓN HUMANA,['Cliente no encontrado en el maestro SUNAT (001_TBL_CLIENTES_B2B) -- no se puede validar SUNAT/Osiptel para este RUC.'],0,
2006121666,CLIENT_00662,LIMA,Lima,Lima,BAJO,BAJO,1.7,141.0,False,True,OK,[],4,Mantener ciclo de facturación estándar; sin acción de cobranza adicional.
2006205471,,,,,SIN_HISTORIAL_DE_FACTURACION,,,,,False,ALERTA — REVISIÓN HUMANA,['Cliente no encontrado en el maestro SUNAT (001_TBL_CLIENTES_B2B) -- no se puede validar SUNAT/Osiptel para este RUC.'],0,
2006209623,,,,,BAJO,BAJO,-5.0,-4.0,False,False,ALERTA — REVISIÓN HUMANA,['Cliente no encontrado en el maestro SUNAT (001_TBL_CLIENTES_B2B) -- no se puede validar SUNAT/Osiptel para este RUC.'],0,Mantener ciclo de facturación estándar; sin acción de cobranza adicional.
2006233400,,,,,SIN_HISTORIAL_DE_FACTURACION,,,,,False,ALERTA — REVISIÓN HUMANA,['Cliente no encontrado en el maestro SUNAT (001_TBL_CLIENTES_B2B) -- no se puede validar SUNAT/Osiptel para este RUC.'],0,
2006235844,,,,,SIN_HISTORIAL_DE_FACTURACION,,,,,False,ALERTA — REVISIÓN HUMANA,['Cliente no encontrado en el maestro SUNAT (001_TBL_CLIENTES_B2B) -- no se puede validar SUNAT/Osiptel para este RUC.'],0,
2006245421,,,,,SIN_HISTORIAL_DE_FACTURACION,,,,,False,ALERTA — REVISIÓN HUMANA,['Cliente no encontrado en el maestro SUNAT (001_TBL_CLIENTES_B2B) -- no se puede validar SUNAT/Osiptel para este RUC.'],0,
2006257040,CLIENT_00405,LIMA,Lima,Ate,BAJO,BAJO,-8.5,-7.0,True,True,OK,[],0,Mantener ciclo de facturación estándar; sin acción de cobranza adicional.
2006269376,,,,,SIN_HISTORIAL_DE_FACTURACION,,,,,False,ALERTA — REVISIÓN HUMANA,['Cliente no encontrado en el maestro SUNAT (001_TBL_CLIENTES_B2B) -- no se puede validar SUNAT/Osiptel para este RUC.'],0,
2006280346,,,,,SIN_HISTORIAL_DE_FACTURACION,,,,,False,ALERTA — REVISIÓN HUMANA,['Cliente no encontrado en el maestro SUNAT (001_TBL_CLIENTES_B2B) -- no se puede validar SUNAT/Osiptel para este RUC.'],0,
2006290361,,,,,SIN_HISTORIAL_DE_FACTURACION,,,,,False,ALERTA — REVISIÓN HUMANA,['Cliente no encontrado en el maestro SUNAT (001_TBL_CLIENTES_B2B) -- no se puede validar SUNAT/Osiptel para este RUC.'],0,
2006307509,CLIENT_00644,LIMA,Lima,La Victoria,SIN_HISTORIAL_DE_FACTURACION,,,,,True,OK,[],0,
2006331375,CLIENT_00278,LIMA,Lima,San Miguel,SIN_HISTORIAL_DE_FACTURACION,,,,,True,OK,[],0,
2006347135,,,,,SIN_HISTORIAL_DE_FACTURACION,,,,,False,ALERTA — REVISIÓN HUMANA,['Cliente no encontrado en el maestro SUNAT (001_TBL_CLIENTES_B2B) -- no se puede validar SUNAT/Osiptel para este RUC.'],0,
2006351062,,,,,SIN_HISTORIAL_DE_FACTURACION,,,,,False,ALERTA — REVISIÓN HUMANA,['Cliente no encontrado en el maestro SUNAT (001_TBL_CLIENTES_B2B) -- no se puede validar SUNAT/Osiptel para este RUC.'],0,
2006359878,,,,,SIN_HISTORIAL_DE_FACTURACION,,,,,False,ALERTA — REVISIÓN HUMANA,['Cliente no encontrado en el maestro SUNAT (001_TBL_CLIENTES_B2B) -- no se puede validar SUNAT/Osiptel para este RUC.'],0,
2006409163,,,,,SIN_HISTORIAL_DE_FACTURACION,,,,,False,ALERTA — REVISIÓN HUMANA,['Cliente no encontrado en el maestro SUNAT (001_TBL_CLIENTES_B2B) -- no se puede validar SUNAT/Osiptel para este RUC.'],0,
2006444143,,,,,BAJO,BAJO,2.5,3.0,False,False,ALERTA — REVISIÓN HUMANA,['Cliente no encontrado en el maestro SUNAT (001_TBL_CLIENTES_B2B) -- no se puede validar SUNAT/Osiptel para este RUC.'],0,Mantener ciclo de facturación estándar; sin acción de cobranza adicional.
2006444294,CLIENT_00359,LIMA,Lima,San Juan de Lurigancho,BAJO,BAJO,4.5,8.0,True,True,OK,[],0,Mantener ciclo de facturación estándar; sin acción de cobranza adicional.
2006455456,,,,,SIN_HISTORIAL_DE_FACTURACION,,,,,False,ALERTA — REVISIÓN HUMANA,['Cliente no encontrado en el maestro SUNAT (001_TBL_CLIENTES_B2B) -- no se puede validar SUNAT/Osiptel para este RUC.'],0,
2006459799,,,,,BAJO,BAJO,3.0,55.0,False,False,ALERTA — REVISIÓN HUMANA,['Cliente no encontrado en el maestro SUNAT (001_TBL_CLIENTES_B2B) -- no se puede validar SUNAT/Osiptel para este RUC.'],5,Mantener ciclo de facturación estándar; sin acción de cobranza adicional.
2006477444,,,,,BAJO,BAJO,-7.2,16.0,False,False,ALERTA — REVISIÓN HUMANA,['Cliente no encontrado en el maestro SUNAT (001_TBL_CLIENTES_B2B) -- no se puede validar SUNAT/Osiptel para este RUC.'],1,Mantener ciclo de facturación estándar; sin acción de cobranza adicional.
2006503400,CLIENT_00037,LIMA,Lima,Chorrillos,BAJO,BAJO,3.0,4.0,True,True,OK,[],1,Mantener ciclo de facturación estándar; sin acción de cobranza adicional.
2006529827,,,,,SIN_HISTORIAL_DE_FACTURACION,,,,,False,ALERTA — REVISIÓN HUMANA,['Cliente no encontrado en el maestro SUNAT (001_TBL_CLIENTES_B2B) -- no se puede validar SUNAT/Osiptel para este RUC.'],0,
2006563540,CLIENT_00639,ANCASH,Huaraz,Huaraz,BAJO,BAJO,0.8,2.0,False,True,OK,[],0,Mantener ciclo de facturación estándar; sin acción de cobranza adicional.
2006570106,,,,,SIN_HISTORIAL_DE_FACTURACION,,,,,False,ALERTA — REVISIÓN HUMANA,['Cliente no encontrado en el maestro SUNAT (001_TBL_CLIENTES_B2B) -- no se puede validar SUNAT/Osiptel para este RUC.'],0,
2006623817,,,,,SIN_HISTORIAL_DE_FACTURACION,,,,,False,ALERTA — REVISIÓN HUMANA,['Cliente no encontrado en el maestro SUNAT (001_TBL_CLIENTES_B2B) -- no se puede validar SUNAT/Osiptel para este RUC.'],0,
2006650953,,,,,SIN_HISTORIAL_DE_FACTURACION,,,,,False,ALERTA — REVISIÓN HUMANA,['Cliente no encontrado en el maestro SUNAT (001_TBL_CLIENTES_B2B) -- no se puede validar SUNAT/Osiptel para este RUC.'],0,
2006702553,,,,,SIN_HISTORIAL_DE_FACTURACION,,,,,False,ALERTA — REVISIÓN HUMANA,['Cliente no encontrado en el maestro SUNAT (001_TBL_CLIENTES_B2B) -- no se puede validar SUNAT/Osiptel para este RUC.'],0,
2006706420,CLIENT_00618,LIMA,Lima,San Juan de Lurigancho,SIN_HISTORIAL_DE_FACTURACION,,,,,True,OK,[],0,
2006724655,,,,,SIN_HISTORIAL_DE_FACTURACION,,,,,False,ALERTA — REVISIÓN HUMANA,['Cliente no encontrado en el maestro SUNAT (001_TBL_CLIENTES_B2B) -- no se puede validar SUNAT/Osiptel para este RUC.'],0,
2006725331,,,,,SIN_HISTORIAL_DE_FACTURACION,,,,,False,ALERTA — REVISIÓN HUMANA,['Cliente no encontrado en el maestro SUNAT (001_TBL_CLIENTES_B2B) -- no se puede validar SUNAT/Osiptel para este RUC.'],0,
2006877596,,,,,SIN_HISTORIAL_DE_FACTURACION,,,,,False,ALERTA — REVISIÓN HUMANA,['Cliente no encontrado en el maestro SUNAT (001_TBL_CLIENTES_B2B) -- no se puede validar SUNAT/Osiptel para este RUC.'],0,
2006893837,,,,,SIN_HISTORIAL_DE_FACTURACION,,,,,False,ALERTA — REVISIÓN HUMANA,['Cliente no encontrado en el maestro SUNAT (001_TBL_CLIENTES_B2B) -- no se puede validar SUNAT/Osiptel para este RUC.'],0,
2006910965,,,,,SIN_HISTORIAL_DE_FACTURACION,,,,,False,ALERTA — REVISIÓN HUMANA,['Cliente no encontrado en el maestro SUNAT (001_TBL_CLIENTES_B2B) -- no se puede validar SUNAT/Osiptel para este RUC.'],0,
2006917349,CLIENT_00708,LIMA,Lima,Miraflores,ALTO,ALTO,132.5,133.0,False,True,OK,[],0,Contacto proactivo antes del vencimiento + oferta de plan de pago fraccionado; escalar a gestor de cuenta senior.
2006921470,,,,,SIN_HISTORIAL_DE_FACTURACION,,,,,False,ALERTA — REVISIÓN HUMANA,['Cliente no encontrado en el maestro SUNAT (001_TBL_CLIENTES_B2B) -- no se puede validar SUNAT/Osiptel para este RUC.'],0,
2006925469,,,,,SIN_HISTORIAL_DE_FACTURACION,,,,,False,ALERTA — REVISIÓN HUMANA,['Cliente no encontrado en el maestro SUNAT (001_TBL_CLIENTES_B2B) -- no se puede validar SUNAT/Osiptel para este RUC.'],0,
2006954009,CLIENT_00108,LIMA,Lima,San Borja,SIN_HISTORIAL_DE_FACTURACION,,,,,True,OK,[],0,
2006969490,CLIENT_00418,PIURA,Piura,Piura,BAJO,BAJO,-3.8,12.0,False,True,OK,[],2,Mantener ciclo de facturación estándar; sin acción de cobranza adicional.
2006990882,,,,,SIN_HISTORIAL_DE_FACTURACION,,,,,False,ALERTA — REVISIÓN HUMANA,['Cliente no encontrado en el maestro SUNAT (001_TBL_CLIENTES_B2B) -- no se puede validar SUNAT/Osiptel para este RUC.'],0,
2007015227,,,,,SIN_HISTORIAL_DE_FACTURACION,,,,,False,ALERTA — REVISIÓN HUMANA,['Cliente no encontrado en el maestro SUNAT (001_TBL_CLIENTES_B2B) -- no se puede validar SUNAT/Osiptel para este RUC.'],0,
2007065072,,,,,SIN_HISTORIAL_DE_FACTURACION,,,,,False,ALERTA — REVISIÓN HUMANA,['Cliente no encontrado en el maestro SUNAT (001_TBL_CLIENTES_B2B) -- no se puede validar SUNAT/Osiptel para este RUC.'],0,
2007077915,,,,,SIN_HISTORIAL_DE_FACTURACION,,,,,False,ALERTA — REVISIÓN HUMANA,['Cliente no encontrado en el maestro SUNAT (001_TBL_CLIENTES_B2B) -- no se puede validar SUNAT/Osiptel para este RUC.'],0,
2007081155,,,,,SIN_HISTORIAL_DE_FACTURACION,,,,,False,ALERTA — REVISIÓN HUMANA,['Cliente no encontrado en el maestro SUNAT (001_TBL_CLIENTES_B2B) -- no se puede validar SUNAT/Osiptel para este RUC.'],0,
2007101995,,,,,SIN_HISTORIAL_DE_FACTURACION,,,,,False,ALERTA — REVISIÓN HUMANA,['Cliente no encontrado en el maestro SUNAT (001_TBL_CLIENTES_B2B) -- no se puede validar SUNAT/Osiptel para este RUC.'],0,
2007125725,CLIENT_00268,LIMA,Lima,Santiago de Surco,BAJO,BAJO,3.0,3.0,False,True,OK,[],1,Mantener ciclo de facturación estándar; sin acción de cobranza adicional.
2007198446,,,,,SIN_HISTORIAL_DE_FACTURACION,,,,,False,ALERTA — REVISIÓN HUMANA,['Cliente no encontrado en el maestro SUNAT (001_TBL_CLIENTES_B2B) -- no se puede validar SUNAT/Osiptel para este RUC.'],0,
2007204717,,,,,SIN_HISTORIAL_DE_FACTURACION,,,,,False,ALERTA — REVISIÓN HUMANA,['Cliente no encontrado en el maestro SUNAT (001_TBL_CLIENTES_B2B) -- no se puede validar SUNAT/Osiptel para este RUC.'],0,
2007250890,,,,,SIN_HISTORIAL_DE_FACTURACION,,,,,False,ALERTA — REVISIÓN HUMANA,['Cliente no encontrado en el maestro SUNAT (001_TBL_CLIENTES_B2B) -- no se puede validar SUNAT/Osiptel para este RUC.'],0,
2007283332,CLIENT_00493,UCAYALI,Coronel Portillo,Calleria,ALTO,,,,,True,ALERTA — REVISIÓN HUMANA,['SUNAT_ESTADO_CONTRIBUYENTE=BAJA DE OFICIO (no ACTIVO)'],0,
2007290182,,,,,SIN_HISTORIAL_DE_FACTURACION,,,,,False,ALERTA — REVISIÓN HUMANA,['Cliente no encontrado en el maestro SUNAT (001_TBL_CLIENTES_B2B) -- no se puede validar SUNAT/Osiptel para este RUC.'],0,
2007306359,CLIENT_00438,LIMA,Lima,Rímac,ALTO,ALTO,45.5,61.0,False,True,ALERTA — REVISIÓN HUMANA,['SUNAT_ESTADO_CONTRIBUYENTE=BAJA DE OFICIO (no ACTIVO)'],2,Contacto proactivo antes del vencimiento + oferta de plan de pago fraccionado; escalar a gestor de cuenta senior.
2007328292,,,,,SIN_HISTORIAL_DE_FACTURACION,,,,,False,ALERTA — REVISIÓN HUMANA,['Cliente no encontrado en el maestro SUNAT (001_TBL_CLIENTES_B2B) -- no se puede validar SUNAT/Osiptel para este RUC.'],0,
2007338671,,,,,SIN_HISTORIAL_DE_FACTURACION,,,,,False,ALERTA — REVISIÓN HUMANA,['Cliente no encontrado en el maestro SUNAT (001_TBL_CLIENTES_B2B) -- no se puede validar SUNAT/Osiptel para este RUC.'],0,
2007346444,CLIENT_00407,LIMA,Lima,Chorrillos,SIN_HISTORIAL_DE_FACTURACION,,,,,True,OK,[],0,
2007349265,,,,,SIN_HISTORIAL_DE_FACTURACION,,,,,False,ALERTA — REVISIÓN HUMANA,['Cliente no encontrado en el maestro SUNAT (001_TBL_CLIENTES_B2B) -- no se puede validar SUNAT/Osiptel para este RUC.'],0,
2007354673,,,,,SIN_HISTORIAL_DE_FACTURACION,,,,,False,ALERTA — REVISIÓN HUMANA,['Cliente no encontrado en el maestro SUNAT (001_TBL_CLIENTES_B2B) -- no se puede validar SUNAT/Osiptel para este RUC.'],0,
2007356917,,,,,SIN_HISTORIAL_DE_FACTURACION,,,,,False,ALERTA — REVISIÓN HUMANA,['Cliente no encontrado en el maestro SUNAT (001_TBL_CLIENTES_B2B) -- no se puede validar SUNAT/Osiptel para este RUC.'],0,
2007367776,CLIENT_00411,LIMA,Lima,San Juan de Miraflores,BAJO,BAJO,-2.0,-1.0,False,True,OK,[],0,Mantener ciclo de facturación estándar; sin acción de cobranza adicional.
2007442327,CLIENT_00253,LIMA,Lima,San Juan de Lurigancho,SIN_HISTORIAL_DE_FACTURACION,,,,,True,OK,[],0,
2007485251,,,,,SIN_HISTORIAL_DE_FACTURACION,,,,,False,ALERTA — REVISIÓN HUMANA,['Cliente no encontrado en el maestro SUNAT (001_TBL_CLIENTES_B2B) -- no se puede validar SUNAT/Osiptel para este RUC.'],0,
2007494049,CLIENT_00339,LIMA,Lima,Lima,SIN_HISTORIAL_DE_FACTURACION,,,,,True,OK,[],0,
2007494642,,,,,SIN_HISTORIAL_DE_FACTURACION,,,,,False,ALERTA — REVISIÓN HUMANA,['Cliente no encontrado en el maestro SUNAT (001_TBL_CLIENTES_B2B) -- no se puede validar SUNAT/Osiptel para este RUC.'],0,
2007534004,,,,,SIN_HISTORIAL_DE_FACTURACION,,,,,False,ALERTA — REVISIÓN HUMANA,['Cliente no encontrado en el maestro SUNAT (001_TBL_CLIENTES_B2B) -- no se puede validar SUNAT/Osiptel para este RUC.'],0,
2007551801,,,,,SIN_HISTORIAL_DE_FACTURACION,,,,,False,ALERTA — REVISIÓN HUMANA,['Cliente no encontrado en el maestro SUNAT (001_TBL_CLIENTES_B2B) -- no se puede validar SUNAT/Osiptel para este RUC.'],0,
2007557329,CLIENT_00611,LA LIBERTAD,Trujillo,Victor Larco Herrera,SIN_HISTORIAL_DE_FACTURACION,,,,,True,OK,[],0,
2007591006,,,,,SIN_HISTORIAL_DE_FACTURACION,,,,,False,ALERTA — REVISIÓN HUMANA,['Cliente no encontrado en el maestro SUNAT (001_TBL_CLIENTES_B2B) -- no se puede validar SUNAT/Osiptel para este RUC.'],0,
2007602207,CLIENT_00823,LIMA,Lima,San Miguel,SIN_HISTORIAL_DE_FACTURACION,,,,,True,OK,[],0,
2007632886,,,,,SIN_HISTORIAL_DE_FACTURACION,,,,,False,ALERTA — REVISIÓN HUMANA,['Cliente no encontrado en el maestro SUNAT (001_TBL_CLIENTES_B2B) -- no se puede validar SUNAT/Osiptel para este RUC.'],0,
2007644534,,,,,SIN_HISTORIAL_DE_FACTURACION,,,,,False,ALERTA — REVISIÓN HUMANA,['Cliente no encontrado en el maestro SUNAT (001_TBL_CLIENTES_B2B) -- no se puede validar SUNAT/Osiptel para este RUC.'],0,
2007644775,,,,,BAJO,BAJO,-5.0,24.0,False,False,ALERTA — REVISIÓN HUMANA,['Cliente no encontrado en el maestro SUNAT (001_TBL_CLIENTES_B2B) -- no se puede validar SUNAT/Osiptel para este RUC.'],3,Mantener ciclo de facturación estándar; sin acción de cobranza adicional.
2007646081,,,,,SIN_HISTORIAL_DE_FACTURACION,,,,,False,ALERTA — REVISIÓN HUMANA,['Cliente no encontrado en el maestro SUNAT (001_TBL_CLIENTES_B2B) -- no se puede validar SUNAT/Osiptel para este RUC.'],0,
2007682544,,,,,SIN_HISTORIAL_DE_FACTURACION,,,,,False,ALERTA — REVISIÓN HUMANA,['Cliente no encontrado en el maestro SUNAT (001_TBL_CLIENTES_B2B) -- no se puede validar SUNAT/Osiptel para este RUC.'],0,
2007701500,CLIENT_00007,LIMA,Lima,Villa El Salvador,SIN_HISTORIAL_DE_FACTURACION,,,,,True,OK,[],0,
2007768278,,,,,SIN_HISTORIAL_DE_FACTURACION,,,,,False,ALERTA — REVISIÓN HUMANA,['Cliente no encontrado en el maestro SUNAT (001_TBL_CLIENTES_B2B) -- no se puede validar SUNAT/Osiptel para este RUC.'],0,
2007774830,CLIENT_00695,HUANUCO,Huánuco,Huanuco,BAJO,BAJO,-2.8,-1.0,False,True,OK,[],0,Mantener ciclo de facturación estándar; sin acción de cobranza adicional.
2007807148,,,,,SIN_HISTORIAL_DE_FACTURACION,,,,,False,ALERTA — REVISIÓN HUMANA,['Cliente no encontrado en el maestro SUNAT (001_TBL_CLIENTES_B2B) -- no se puede validar SUNAT/Osiptel para este RUC.'],0,
2007886461,,,,,MEDIO,MEDIO,7.7,23.0,False,False,ALERTA — REVISIÓN HUMANA,['Cliente no encontrado en el maestro SUNAT (001_TBL_CLIENTES_B2B) -- no se puede validar SUNAT/Osiptel para este RUC.'],2,Recordatorio automático 5 días antes del vencimiento por correo/WhatsApp; sin escalamiento humano todavía.
2007914919,,,,,SIN_HISTORIAL_DE_FACTURACION,,,,,False,ALERTA — REVISIÓN HUMANA,['Cliente no encontrado en el maestro SUNAT (001_TBL_CLIENTES_B2B) -- no se puede validar SUNAT/Osiptel para este RUC.'],0,
2007930066,CLIENT_00244,SAN MARTIN,San Martín,Tarapoto,SIN_HISTORIAL_DE_FACTURACION,,,,,True,OK,[],0,
2007932119,,,,,SIN_HISTORIAL_DE_FACTURACION,,,,,False,ALERTA — REVISIÓN HUMANA,['Cliente no encontrado en el maestro SUNAT (001_TBL_CLIENTES_B2B) -- no se puede validar SUNAT/Osiptel para este RUC.'],0,
2007950781,CLIENT_00069,LORETO,Maynas,Iquitos,BAJO,BAJO,-7.5,-6.0,True,True,OK,[],0,Mantener ciclo de facturación estándar; sin acción de cobranza adicional.
2007974676,,,,,SIN_HISTORIAL_DE_FACTURACION,,,,,False,ALERTA — REVISIÓN HUMANA,['Cliente no encontrado en el maestro SUNAT (001_TBL_CLIENTES_B2B) -- no se puede validar SUNAT/Osiptel para este RUC.'],0,
2008000425,CLIENT_00443,LIMA,Lima,Breña,SIN_HISTORIAL_DE_FACTURACION,,,,,True,OK,[],0,
2008001207,CLIENT_00593,LIMA,Lima,La Victoria,ALTO,BAJO,0.5,1.0,False,True,ALERTA — REVISIÓN HUMANA,['SUNAT_ESTADO_CONTRIBUYENTE=SUSPENSION TEMPORAL (no ACTIVO)'],1,Mantener ciclo de facturación estándar; sin acción de cobranza adicional.
2008026908,,,,,SIN_HISTORIAL_DE_FACTURACION,,,,,False,ALERTA — REVISIÓN HUMANA,['Cliente no encontrado en el maestro SUNAT (001_TBL_CLIENTES_B2B) -- no se puede validar SUNAT/Osiptel para este RUC.'],0,
2008030239,,,,,SIN_HISTORIAL_DE_FACTURACION,,,,,False,ALERTA — REVISIÓN HUMANA,['Cliente no encontrado en el maestro SUNAT (001_TBL_CLIENTES_B2B) -- no se puede validar SUNAT/Osiptel para este RUC.'],0,
2008101879,,,,,SIN_HISTORIAL_DE_FACTURACION,,,,,False,ALERTA — REVISIÓN HUMANA,['Cliente no encontrado en el maestro SUNAT (001_TBL_CLIENTES_B2B) -- no se puede validar SUNAT/Osiptel para este RUC.'],0,
2008212698,,,,,BAJO,BAJO,-9.5,-9.0,True,False,ALERTA — REVISIÓN HUMANA,['Cliente no encontrado en el maestro SUNAT (001_TBL_CLIENTES_B2B) -- no se puede validar SUNAT/Osiptel para este RUC.'],0,Mantener ciclo de facturación estándar; sin acción de cobranza adicional.
2008261235,,,,,BAJO,BAJO,-4.0,-4.0,False,False,ALERTA — REVISIÓN HUMANA,['Cliente no encontrado en el maestro SUNAT (001_TBL_CLIENTES_B2B) -- no se puede validar SUNAT/Osiptel para este RUC.'],0,Mantener ciclo de facturación estándar; sin acción de cobranza adicional.
2008268577,CLIENT_00288,LIMA,Lima,San Miguel,BAJO,BAJO,-6.0,-6.0,False,True,OK,[],0,Mantener ciclo de facturación estándar; sin acción de cobranza adicional.
2008309257,CLIENT_00999,LIMA,Lima,Santiago de Surco,BAJO,BAJO,2.3,25.0,False,True,OK,[],3,Mantener ciclo de facturación estándar; sin acción de cobranza adicional.
2008330743,CLIENT_00241,LA LIBERTAD,Trujillo,El Porvenir,BAJO,BAJO,2.0,3.0,True,True,OK,[],0,Mantener ciclo de facturación estándar; sin acción de cobranza adicional.
2008344430,,,,,SIN_HISTORIAL_DE_FACTURACION,,,,,False,ALERTA — REVISIÓN HUMANA,['Cliente no encontrado en el maestro SUNAT (001_TBL_CLIENTES_B2B) -- no se puede validar SUNAT/Osiptel para este RUC.'],0,
2008371952,CLIENT_00582,TACNA,Tacna,Tacna,BAJO,BAJO,-3.2,23.0,False,True,OK,[],3,Mantener ciclo de facturación estándar; sin acción de cobranza adicional.
2008388940,CLIENT_00121,LORETO,Maynas,Iquitos,SIN_HISTORIAL_DE_FACTURACION,,,,,True,OK,[],0,
2008421735,,,,,SIN_HISTORIAL_DE_FACTURACION,,,,,False,ALERTA — REVISIÓN HUMANA,['Cliente no encontrado en el maestro SUNAT (001_TBL_CLIENTES_B2B) -- no se puede validar SUNAT/Osiptel para este RUC.'],0,
2008433315,,,,,SIN_HISTORIAL_DE_FACTURACION,,,,,False,ALERTA — REVISIÓN HUMANA,['Cliente no encontrado en el maestro SUNAT (001_TBL_CLIENTES_B2B) -- no se puede validar SUNAT/Osiptel para este RUC.'],0,
2008485481,,,,,SIN_HISTORIAL_DE_FACTURACION,,,,,False,ALERTA — REVISIÓN HUMANA,['Cliente no encontrado en el maestro SUNAT (001_TBL_CLIENTES_B2B) -- no se puede validar SUNAT/Osiptel para este RUC.'],0,
2008531322,,,,,SIN_HISTORIAL_DE_FACTURACION,,,,,False,ALERTA — REVISIÓN HUMANA,['Cliente no encontrado en el maestro SUNAT (001_TBL_CLIENTES_B2B) -- no se puede validar SUNAT/Osiptel para este RUC.'],0,
2008533135,,,,,SIN_HISTORIAL_DE_FACTURACION,,,,,False,ALERTA — REVISIÓN HUMANA,['Cliente no encontrado en el maestro SUNAT (001_TBL_CLIENTES_B2B) -- no se puede validar SUNAT/Osiptel para este RUC.'],0,
2008557127,,,,,SIN_HISTORIAL_DE_FACTURACION,,,,,False,ALERTA — REVISIÓN HUMANA,['Cliente no encontrado en el maestro SUNAT (001_TBL_CLIENTES_B2B) -- no se puede validar SUNAT/Osiptel para este RUC.'],0,
2008582435,CLIENT_00170,LIMA,Lima,Lima,ALTO,ALTO,29.5,45.0,False,True,ALERTA — REVISIÓN HUMANA,"['SUNAT_ESTADO_RUC=NO HABIDO (no HABIDO)', 'Todas sus líneas (fija/móvil) están inactivas o suspendidas']",2,Contacto proactivo antes del vencimiento + oferta de plan de pago fraccionado; escalar a gestor de cuenta senior.
2008699347,,,,,SIN_HISTORIAL_DE_FACTURACION,,,,,False,ALERTA — REVISIÓN HUMANA,['Cliente no encontrado en el maestro SUNAT (001_TBL_CLIENTES_B2B) -- no se puede validar SUNAT/Osiptel para este RUC.'],0,
2008733174,,,,,BAJO,BAJO,-5.7,3.0,False,False,ALERTA — REVISIÓN HUMANA,['Cliente no encontrado en el maestro SUNAT (001_TBL_CLIENTES_B2B) -- no se puede validar SUNAT/Osiptel para este RUC.'],0,Mantener ciclo de facturación estándar; sin acción de cobranza adicional.
2008753723,,,,,SIN_HISTORIAL_DE_FACTURACION,,,,,False,ALERTA — REVISIÓN HUMANA,['Cliente no encontrado en el maestro SUNAT (001_TBL_CLIENTES_B2B) -- no se puede validar SUNAT/Osiptel para este RUC.'],0,
2008757171,,,,,SIN_HISTORIAL_DE_FACTURACION,,,,,False,ALERTA — REVISIÓN HUMANA,['Cliente no encontrado en el maestro SUNAT (001_TBL_CLIENTES_B2B) -- no se puede validar SUNAT/Osiptel para este RUC.'],0,
2008784318,,,,,SIN_HISTORIAL_DE_FACTURACION,,,,,False,ALERTA — REVISIÓN HUMANA,['Cliente no encontrado en el maestro SUNAT (001_TBL_CLIENTES_B2B) -- no se puede validar SUNAT/Osiptel para este RUC.'],0,
2008828243,,,,,SIN_HISTORIAL_DE_FACTURACION,,,,,False,ALERTA — REVISIÓN HUMANA,['Cliente no encontrado en el maestro SUNAT (001_TBL_CLIENTES_B2B) -- no se puede validar SUNAT/Osiptel para este RUC.'],0,
2008935428,CLIENT_00164,LIMA,Lima,Lima,BAJO,BAJO,-1.0,-1.0,False,True,OK,[],0,Mantener ciclo de facturación estándar; sin acción de cobranza adicional.
2008978676,,,,,SIN_HISTORIAL_DE_FACTURACION,,,,,False,ALERTA — REVISIÓN HUMANA,['Cliente no encontrado en el maestro SUNAT (001_TBL_CLIENTES_B2B) -- no se puede validar SUNAT/Osiptel para este RUC.'],0,
2008987824,,,,,SIN_HISTORIAL_DE_FACTURACION,,,,,False,ALERTA — REVISIÓN HUMANA,['Cliente no encontrado en el maestro SUNAT (001_TBL_CLIENTES_B2B) -- no se puede validar SUNAT/Osiptel para este RUC.'],0,
2009045197,,,,,ALTO,ALTO,22.5,23.0,True,False,ALERTA — REVISIÓN HUMANA,['Cliente no encontrado en el maestro SUNAT (001_TBL_CLIENTES_B2B) -- no se puede validar SUNAT/Osiptel para este RUC.'],2,Contacto proactivo antes del vencimiento + oferta de plan de pago fraccionado; escalar a gestor de cuenta senior.
2009056636,CLIENT_00705,LIMA,Lima,Santiago de Surco,ALTO,ALTO,180.0,180.0,False,True,ALERTA — REVISIÓN HUMANA,"['SUNAT_ESTADO_RUC=NO HABIDO (no HABIDO)', 'SUNAT_ESTADO_CONTRIBUYENTE=SUSPENSION TEMPORAL (no ACTIVO)']",1,Contacto proactivo antes del vencimiento + oferta de plan de pago fraccionado; escalar a gestor de cuenta senior.
2009085356,CLIENT_00640,LIMA,Lima,La Victoria,SIN_HISTORIAL_DE_FACTURACION,,,,,True,OK,[],0,
2009112149,CLIENT_00532,LIMA,Lima,San Isidro,BAJO,BAJO,-1.0,-1.0,False,True,OK,[],1,Mantener ciclo de facturación estándar; sin acción de cobranza adicional.
2009118790,CLIENT_00144,LIMA,Lima,San Borja,SIN_HISTORIAL_DE_FACTURACION,,,,,True,OK,[],0,
2009135329,,,,,SIN_HISTORIAL_DE_FACTURACION,,,,,False,ALERTA — REVISIÓN HUMANA,['Cliente no encontrado en el maestro SUNAT (001_TBL_CLIENTES_B2B) -- no se puede validar SUNAT/Osiptel para este RUC.'],0,
2009173747,,,,,SIN_HISTORIAL_DE_FACTURACION,,,,,False,ALERTA — REVISIÓN HUMANA,['Cliente no encontrado en el maestro SUNAT (001_TBL_CLIENTES_B2B) -- no se puede validar SUNAT/Osiptel para este RUC.'],0,
2009186668,,,,,SIN_HISTORIAL_DE_FACTURACION,,,,,False,ALERTA — REVISIÓN HUMANA,['Cliente no encontrado en el maestro SUNAT (001_TBL_CLIENTES_B2B) -- no se puede validar SUNAT/Osiptel para este RUC.'],0,
2009237313,,,,,SIN_HISTORIAL_DE_FACTURACION,,,,,False,ALERTA — REVISIÓN HUMANA,['Cliente no encontrado en el maestro SUNAT (001_TBL_CLIENTES_B2B) -- no se puede validar SUNAT/Osiptel para este RUC.'],0,
2009260797,,,,,SIN_HISTORIAL_DE_FACTURACION,,,,,False,ALERTA — REVISIÓN HUMANA,['Cliente no encontrado en el maestro SUNAT (001_TBL_CLIENTES_B2B) -- no se puede validar SUNAT/Osiptel para este RUC.'],0,
2009279182,,,,,SIN_HISTORIAL_DE_FACTURACION,,,,,False,ALERTA — REVISIÓN HUMANA,['Cliente no encontrado en el maestro SUNAT (001_TBL_CLIENTES_B2B) -- no se puede validar SUNAT/Osiptel para este RUC.'],0,
2009379699,,,,,SIN_HISTORIAL_DE_FACTURACION,,,,,False,ALERTA — REVISIÓN HUMANA,['Cliente no encontrado en el maestro SUNAT (001_TBL_CLIENTES_B2B) -- no se puede validar SUNAT/Osiptel para este RUC.'],0,
2009434261,,,,,BAJO,BAJO,-8.7,5.0,False,False,ALERTA — REVISIÓN HUMANA,['Cliente no encontrado en el maestro SUNAT (001_TBL_CLIENTES_B2B) -- no se puede validar SUNAT/Osiptel para este RUC.'],2,Mantener ciclo de facturación estándar; sin acción de cobranza adicional.
2009499251,,,,,SIN_HISTORIAL_DE_FACTURACION,,,,,False,ALERTA — REVISIÓN HUMANA,['Cliente no encontrado en el maestro SUNAT (001_TBL_CLIENTES_B2B) -- no se puede validar SUNAT/Osiptel para este RUC.'],0,
2009518002,,,,,SIN_HISTORIAL_DE_FACTURACION,,,,,False,ALERTA — REVISIÓN HUMANA,['Cliente no encontrado en el maestro SUNAT (001_TBL_CLIENTES_B2B) -- no se puede validar SUNAT/Osiptel para este RUC.'],0,
2009527792,,,,,SIN_HISTORIAL_DE_FACTURACION,,,,,False,ALERTA — REVISIÓN HUMANA,['Cliente no encontrado en el maestro SUNAT (001_TBL_CLIENTES_B2B) -- no se puede validar SUNAT/Osiptel para este RUC.'],0,
2009547343,,,,,SIN_HISTORIAL_DE_FACTURACION,,,,,False,ALERTA — REVISIÓN HUMANA,['Cliente no encontrado en el maestro SUNAT (001_TBL_CLIENTES_B2B) -- no se puede validar SUNAT/Osiptel para este RUC.'],0,
2009550301,,,,,SIN_HISTORIAL_DE_FACTURACION,,,,,False,ALERTA — REVISIÓN HUMANA,['Cliente no encontrado en el maestro SUNAT (001_TBL_CLIENTES_B2B) -- no se puede validar SUNAT/Osiptel para este RUC.'],0,
2009562788,,,,,SIN_HISTORIAL_DE_FACTURACION,,,,,False,ALERTA — REVISIÓN HUMANA,['Cliente no encontrado en el maestro SUNAT (001_TBL_CLIENTES_B2B) -- no se puede validar SUNAT/Osiptel para este RUC.'],0,
2009563732,,,,,SIN_HISTORIAL_DE_FACTURACION,,,,,False,ALERTA — REVISIÓN HUMANA,['Cliente no encontrado en el maestro SUNAT (001_TBL_CLIENTES_B2B) -- no se puede validar SUNAT/Osiptel para este RUC.'],0,
2009602635,,,,,SIN_HISTORIAL_DE_FACTURACION,,,,,False,ALERTA — REVISIÓN HUMANA,['Cliente no encontrado en el maestro SUNAT (001_TBL_CLIENTES_B2B) -- no se puede validar SUNAT/Osiptel para este RUC.'],0,
2009654336,,,,,SIN_HISTORIAL_DE_FACTURACION,,,,,False,ALERTA — REVISIÓN HUMANA,['Cliente no encontrado en el maestro SUNAT (001_TBL_CLIENTES_B2B) -- no se puede validar SUNAT/Osiptel para este RUC.'],0,
2009661024,,,,,SIN_HISTORIAL_DE_FACTURACION,,,,,False,ALERTA — REVISIÓN HUMANA,['Cliente no encontrado en el maestro SUNAT (001_TBL_CLIENTES_B2B) -- no se puede validar SUNAT/Osiptel para este RUC.'],0,
2009670437,,,,,SIN_HISTORIAL_DE_FACTURACION,,,,,False,ALERTA — REVISIÓN HUMANA,['Cliente no encontrado en el maestro SUNAT (001_TBL_CLIENTES_B2B) -- no se puede validar SUNAT/Osiptel para este RUC.'],0,
2009716777,CLIENT_00151,ANCASH,Santa,Chimbote,ALTO,ALTO,58.5,103.0,False,True,OK,[],3,Contacto proactivo antes del vencimiento + oferta de plan de pago fraccionado; escalar a gestor de cuenta senior.
2009733296,,,,,SIN_HISTORIAL_DE_FACTURACION,,,,,False,ALERTA — REVISIÓN HUMANA,['Cliente no encontrado en el maestro SUNAT (001_TBL_CLIENTES_B2B) -- no se puede validar SUNAT/Osiptel para este RUC.'],0,
2009737179,CLIENT_00686,LIMA,Lima,Lima,ALTO,MEDIO,11.0,11.0,False,True,ALERTA — REVISIÓN HUMANA,['SUNAT_ESTADO_CONTRIBUYENTE=BAJA DE OFICIO (no ACTIVO)'],0,Recordatorio automático 5 días antes del vencimiento por correo/WhatsApp; sin escalamiento humano todavía.
2009768742,CLIENT_00967,SAN MARTIN,Moyobamba,Moyobamba,MEDIO,MEDIO,10.7,22.0,False,True,OK,[],1,Recordatorio automático 5 días antes del vencimiento por correo/WhatsApp; sin escalamiento humano todavía.
2009771315,,,,,SIN_HISTORIAL_DE_FACTURACION,,,,,False,ALERTA — REVISIÓN HUMANA,['Cliente no encontrado en el maestro SUNAT (001_TBL_CLIENTES_B2B) -- no se puede validar SUNAT/Osiptel para este RUC.'],0,
2009774683,,,,,SIN_HISTORIAL_DE_FACTURACION,,,,,False,ALERTA — REVISIÓN HUMANA,['Cliente no encontrado en el maestro SUNAT (001_TBL_CLIENTES_B2B) -- no se puede validar SUNAT/Osiptel para este RUC.'],0,
2009780710,CLIENT_00275,CALLAO,Prov. Const. del Callao,Callao,BAJO,BAJO,-1.5,-1.0,False,True,OK,[],0,Mantener ciclo de facturación estándar; sin acción de cobranza adicional.
2009784756,,,,,BAJO,BAJO,-7.5,-7.0,True,False,ALERTA — REVISIÓN HUMANA,['Cliente no encontrado en el maestro SUNAT (001_TBL_CLIENTES_B2B) -- no se puede validar SUNAT/Osiptel para este RUC.'],0,Mantener ciclo de facturación estándar; sin acción de cobranza adicional.
2009785405,CLIENT_00403,LIMA,Lima,San Martín de Porres,SIN_HISTORIAL_DE_FACTURACION,,,,,True,OK,[],0,
2009798337,,,,,SIN_HISTORIAL_DE_FACTURACION,,,,,False,ALERTA — REVISIÓN HUMANA,['Cliente no encontrado en el maestro SUNAT (001_TBL_CLIENTES_B2B) -- no se puede validar SUNAT/Osiptel para este RUC.'],0,
2009855734,CLIENT_00261,LIMA,Lima,Santiago de Surco,ALTO,ALTO,22.5,23.0,True,True,ALERTA — REVISIÓN HUMANA,['SUNAT_ESTADO_CONTRIBUYENTE=BAJA DE OFICIO (no ACTIVO)'],2,Contacto proactivo antes del vencimiento + oferta de plan de pago fraccionado; escalar a gestor de cuenta senior.
2009872591,,,,,SIN_HISTORIAL_DE_FACTURACION,,,,,False,ALERTA — REVISIÓN HUMANA,['Cliente no encontrado en el maestro SUNAT (001_TBL_CLIENTES_B2B) -- no se puede validar SUNAT/Osiptel para este RUC.'],0,
2009904191,,,,,SIN_HISTORIAL_DE_FACTURACION,,,,,False,ALERTA — REVISIÓN HUMANA,['Cliente no encontrado en el maestro SUNAT (001_TBL_CLIENTES_B2B) -- no se puede validar SUNAT/Osiptel para este RUC.'],0,
2010006010,,,,,SIN_HISTORIAL_DE_FACTURACION,,,,,False,ALERTA — REVISIÓN HUMANA,['Cliente no encontrado en el maestro SUNAT (001_TBL_CLIENTES_B2B) -- no se puede validar SUNAT/Osiptel para este RUC.'],0,
2010009341,,,,,SIN_HISTORIAL_DE_FACTURACION,,,,,False,ALERTA — REVISIÓN HUMANA,['Cliente no encontrado en el maestro SUNAT (001_TBL_CLIENTES_B2B) -- no se puede validar SUNAT/Osiptel para este RUC.'],0,
2010053943,,,,,SIN_HISTORIAL_DE_FACTURACION,,,,,False,ALERTA — REVISIÓN HUMANA,['Cliente no encontrado en el maestro SUNAT (001_TBL_CLIENTES_B2B) -- no se puede validar SUNAT/Osiptel para este RUC.'],0,
2010060777,,,,,BAJO,BAJO,-2.5,-2.0,False,False,ALERTA — REVISIÓN HUMANA,['Cliente no encontrado en el maestro SUNAT (001_TBL_CLIENTES_B2B) -- no se puede validar SUNAT/Osiptel para este RUC.'],0,Mantener ciclo de facturación estándar; sin acción de cobranza adicional.
2010061458,CLIENT_00524,LIMA,Lima,San Miguel,SIN_HISTORIAL_DE_FACTURACION,,,,,True,OK,[],0,
2010132504,,,,,BAJO,BAJO,-1.0,3.0,True,False,ALERTA — REVISIÓN HUMANA,['Cliente no encontrado en el maestro SUNAT (001_TBL_CLIENTES_B2B) -- no se puede validar SUNAT/Osiptel para este RUC.'],0,Mantener ciclo de facturación estándar; sin acción de cobranza adicional.
2010136133,,,,,ALTO,ALTO,586.5,1163.0,False,False,ALERTA — REVISIÓN HUMANA,['Cliente no encontrado en el maestro SUNAT (001_TBL_CLIENTES_B2B) -- no se puede validar SUNAT/Osiptel para este RUC.'],2,Contacto proactivo antes del vencimiento + oferta de plan de pago fraccionado; escalar a gestor de cuenta senior.
2010168292,,,,,SIN_HISTORIAL_DE_FACTURACION,,,,,False,ALERTA — REVISIÓN HUMANA,['Cliente no encontrado en el maestro SUNAT (001_TBL_CLIENTES_B2B) -- no se puede validar SUNAT/Osiptel para este RUC.'],0,
2010214687,,,,,SIN_HISTORIAL_DE_FACTURACION,,,,,False,ALERTA — REVISIÓN HUMANA,['Cliente no encontrado en el maestro SUNAT (001_TBL_CLIENTES_B2B) -- no se puede validar SUNAT/Osiptel para este RUC.'],0,
2010229419,CLIENT_00940,LIMA,Lima,Barranco,SIN_HISTORIAL_DE_FACTURACION,,,,,True,OK,[],0,
2010230003,,,,,SIN_HISTORIAL_DE_FACTURACION,,,,,False,ALERTA — REVISIÓN HUMANA,['Cliente no encontrado en el maestro SUNAT (001_TBL_CLIENTES_B2B) -- no se puede validar SUNAT/Osiptel para este RUC.'],0,
2010231031,CLIENT_00392,LIMA,Lima,San Juan de Lurigancho,SIN_HISTORIAL_DE_FACTURACION,,,,,True,OK,[],0,
2010270859,,,,,SIN_HISTORIAL_DE_FACTURACION,,,,,False,ALERTA — REVISIÓN HUMANA,['Cliente no encontrado en el maestro SUNAT (001_TBL_CLIENTES_B2B) -- no se puede validar SUNAT/Osiptel para este RUC.'],0,
2010280211,,,,,SIN_HISTORIAL_DE_FACTURACION,,,,,False,ALERTA — REVISIÓN HUMANA,['Cliente no encontrado en el maestro SUNAT (001_TBL_CLIENTES_B2B) -- no se puede validar SUNAT/Osiptel para este RUC.'],0,
2010394010,,,,,SIN_HISTORIAL_DE_FACTURACION,,,,,False,ALERTA — REVISIÓN HUMANA,['Cliente no encontrado en el maestro SUNAT (001_TBL_CLIENTES_B2B) -- no se puede validar SUNAT/Osiptel para este RUC.'],0,
2010399017,CLIENT_00723,LIMA,Lima,San Isidro,BAJO,BAJO,-3.2,3.0,False,True,OK,[],0,Mantener ciclo de facturación estándar; sin acción de cobranza adicional.
2010411369,,,,,SIN_HISTORIAL_DE_FACTURACION,,,,,False,ALERTA — REVISIÓN HUMANA,['Cliente no encontrado en el maestro SUNAT (001_TBL_CLIENTES_B2B) -- no se puede validar SUNAT/Osiptel para este RUC.'],0,
2010425479,,,,,SIN_HISTORIAL_DE_FACTURACION,,,,,False,ALERTA — REVISIÓN HUMANA,['Cliente no encontrado en el maestro SUNAT (001_TBL_CLIENTES_B2B) -- no se puede validar SUNAT/Osiptel para este RUC.'],0,
2010441704,,,,,SIN_HISTORIAL_DE_FACTURACION,,,,,False,ALERTA — REVISIÓN HUMANA,['Cliente no encontrado en el maestro SUNAT (001_TBL_CLIENTES_B2B) -- no se puede validar SUNAT/Osiptel para este RUC.'],0,
2010441811,CLIENT_00839,LIMA,Lima,Ate,BAJO,BAJO,-10.8,-2.0,False,True,OK,[],0,Mantener ciclo de facturación estándar; sin acción de cobranza adicional.
2010495535,,,,,SIN_HISTORIAL_DE_FACTURACION,,,,,False,ALERTA — REVISIÓN HUMANA,['Cliente no encontrado en el maestro SUNAT (001_TBL_CLIENTES_B2B) -- no se puede validar SUNAT/Osiptel para este RUC.'],0,
2010519789,,,,,SIN_HISTORIAL_DE_FACTURACION,,,,,False,ALERTA — REVISIÓN HUMANA,['Cliente no encontrado en el maestro SUNAT (001_TBL_CLIENTES_B2B) -- no se puede validar SUNAT/Osiptel para este RUC.'],0,
2010569954,,,,,SIN_HISTORIAL_DE_FACTURACION,,,,,False,ALERTA — REVISIÓN HUMANA,['Cliente no encontrado en el maestro SUNAT (001_TBL_CLIENTES_B2B) -- no se puede validar SUNAT/Osiptel para este RUC.'],0,
2010586766,CLIENT_00495,LA LIBERTAD,Trujillo,Trujillo,ALTO,ALTO,56.0,56.0,False,True,OK,[],1,Contacto proactivo antes del vencimiento + oferta de plan de pago fraccionado; escalar a gestor de cuenta senior.
2010590234,,,,,SIN_HISTORIAL_DE_FACTURACION,,,,,False,ALERTA — REVISIÓN HUMANA,['Cliente no encontrado en el maestro SUNAT (001_TBL_CLIENTES_B2B) -- no se puede validar SUNAT/Osiptel para este RUC.'],0,
2010593599,,,,,SIN_HISTORIAL_DE_FACTURACION,,,,,False,ALERTA — REVISIÓN HUMANA,['Cliente no encontrado en el maestro SUNAT (001_TBL_CLIENTES_B2B) -- no se puede validar SUNAT/Osiptel para este RUC.'],0,
2010615288,,,,,SIN_HISTORIAL_DE_FACTURACION,,,,,False,ALERTA — REVISIÓN HUMANA,['Cliente no encontrado en el maestro SUNAT (001_TBL_CLIENTES_B2B) -- no se puede validar SUNAT/Osiptel para este RUC.'],0,
2010652060,,,,,SIN_HISTORIAL_DE_FACTURACION,,,,,False,ALERTA — REVISIÓN HUMANA,['Cliente no encontrado en el maestro SUNAT (001_TBL_CLIENTES_B2B) -- no se puede validar SUNAT/Osiptel para este RUC.'],0,
2010659997,,,,,SIN_HISTORIAL_DE_FACTURACION,,,,,False,ALERTA — REVISIÓN HUMANA,['Cliente no encontrado en el maestro SUNAT (001_TBL_CLIENTES_B2B) -- no se puede validar SUNAT/Osiptel para este RUC.'],0,
2010667974,,,,,SIN_HISTORIAL_DE_FACTURACION,,,,,False,ALERTA — REVISIÓN HUMANA,['Cliente no encontrado en el maestro SUNAT (001_TBL_CLIENTES_B2B) -- no se puede validar SUNAT/Osiptel para este RUC.'],0,
2010752971,,,,,SIN_HISTORIAL_DE_FACTURACION,,,,,False,ALERTA — REVISIÓN HUMANA,['Cliente no encontrado en el maestro SUNAT (001_TBL_CLIENTES_B2B) -- no se puede validar SUNAT/Osiptel para este RUC.'],0,
2010782027,,,,,SIN_HISTORIAL_DE_FACTURACION,,,,,False,ALERTA — REVISIÓN HUMANA,['Cliente no encontrado en el maestro SUNAT (001_TBL_CLIENTES_B2B) -- no se puede validar SUNAT/Osiptel para este RUC.'],0,
2010797294,,,,,SIN_HISTORIAL_DE_FACTURACION,,,,,False,ALERTA — REVISIÓN HUMANA,['Cliente no encontrado en el maestro SUNAT (001_TBL_CLIENTES_B2B) -- no se puede validar SUNAT/Osiptel para este RUC.'],0,
2010805330,,,,,SIN_HISTORIAL_DE_FACTURACION,,,,,False,ALERTA — REVISIÓN HUMANA,['Cliente no encontrado en el maestro SUNAT (001_TBL_CLIENTES_B2B) -- no se puede validar SUNAT/Osiptel para este RUC.'],0,
2010817981,,,,,SIN_HISTORIAL_DE_FACTURACION,,,,,False,ALERTA — REVISIÓN HUMANA,['Cliente no encontrado en el maestro SUNAT (001_TBL_CLIENTES_B2B) -- no se puede validar SUNAT/Osiptel para este RUC.'],0,
2010847166,,,,,SIN_HISTORIAL_DE_FACTURACION,,,,,False,ALERTA — REVISIÓN HUMANA,['Cliente no encontrado en el maestro SUNAT (001_TBL_CLIENTES_B2B) -- no se puede validar SUNAT/Osiptel para este RUC.'],0,
2010885913,,,,,SIN_HISTORIAL_DE_FACTURACION,,,,,False,ALERTA — REVISIÓN HUMANA,['Cliente no encontrado en el maestro SUNAT (001_TBL_CLIENTES_B2B) -- no se puede validar SUNAT/Osiptel para este RUC.'],0,
2010905329,,,,,SIN_HISTORIAL_DE_FACTURACION,,,,,False,ALERTA — REVISIÓN HUMANA,['Cliente no encontrado en el maestro SUNAT (001_TBL_CLIENTES_B2B) -- no se puede validar SUNAT/Osiptel para este RUC.'],0,
2010915266,,,,,SIN_HISTORIAL_DE_FACTURACION,,,,,False,ALERTA — REVISIÓN HUMANA,['Cliente no encontrado en el maestro SUNAT (001_TBL_CLIENTES_B2B) -- no se puede validar SUNAT/Osiptel para este RUC.'],0,
2010945037,CLIENT_00252,LIMA,Lima,La Molina,BAJO,BAJO,1.0,7.0,True,True,OK,[],0,Mantener ciclo de facturación estándar; sin acción de cobranza adicional.
2011020714,CLIENT_00404,LIMA,Lima,Los Olivos,BAJO,BAJO,2.5,4.0,False,True,OK,[],1,Mantener ciclo de facturación estándar; sin acción de cobranza adicional.
2011028078,,,,,SIN_HISTORIAL_DE_FACTURACION,,,,,False,ALERTA — REVISIÓN HUMANA,['Cliente no encontrado en el maestro SUNAT (001_TBL_CLIENTES_B2B) -- no se puede validar SUNAT/Osiptel para este RUC.'],0,
2011033410,CLIENT_00556,LIMA,Lima,Los Olivos,SIN_HISTORIAL_DE_FACTURACION,,,,,True,OK,[],0,
2011067330,CLIENT_00113,LAMBAYEQUE,Chiclayo,José Leonardo Ortiz,BAJO,BAJO,-3.3,4.0,False,True,OK,[],0,Mantener ciclo de facturación estándar; sin acción de cobranza adicional.
2011080025,,,,,SIN_HISTORIAL_DE_FACTURACION,,,,,False,ALERTA — REVISIÓN HUMANA,['Cliente no encontrado en el maestro SUNAT (001_TBL_CLIENTES_B2B) -- no se puede validar SUNAT/Osiptel para este RUC.'],0,
2011082543,CLIENT_00782,LA LIBERTAD,Trujillo,Victor Larco Herrera,ALTO,ALTO,25.0,25.0,False,True,OK,[],1,Contacto proactivo antes del vencimiento + oferta de plan de pago fraccionado; escalar a gestor de cuenta senior.
2011119672,CLIENT_00938,LIMA,Lima,Miraflores,SIN_HISTORIAL_DE_FACTURACION,,,,,True,OK,[],0,
2011171530,,,,,BAJO,BAJO,-0.6,2.0,False,False,ALERTA — REVISIÓN HUMANA,['Cliente no encontrado en el maestro SUNAT (001_TBL_CLIENTES_B2B) -- no se puede validar SUNAT/Osiptel para este RUC.'],0,Mantener ciclo de facturación estándar; sin acción de cobranza adicional.
2011267113,,,,,SIN_HISTORIAL_DE_FACTURACION,,,,,False,ALERTA — REVISIÓN HUMANA,['Cliente no encontrado en el maestro SUNAT (001_TBL_CLIENTES_B2B) -- no se puede validar SUNAT/Osiptel para este RUC.'],0,
2011315139,CLIENT_00002,LIMA,Lima,San Isidro,SIN_HISTORIAL_DE_FACTURACION,,,,,True,OK,[],0,
2011337701,,,,,BAJO,BAJO,-4.0,3.0,False,False,ALERTA — REVISIÓN HUMANA,['Cliente no encontrado en el maestro SUNAT (001_TBL_CLIENTES_B2B) -- no se puede validar SUNAT/Osiptel para este RUC.'],0,Mantener ciclo de facturación estándar; sin acción de cobranza adicional.
2011456069,CLIENT_00313,LIMA,Lima,Chorrillos,SIN_HISTORIAL_DE_FACTURACION,,,,,True,OK,[],0,
2011477272,CLIENT_00677,LIMA,Lima,Santiago de Surco,SIN_HISTORIAL_DE_FACTURACION,,,,,True,OK,[],0,
2011487576,CLIENT_00046,LIMA,Lima,Magdalena del Mar,BAJO,BAJO,1.7,3.0,False,True,OK,[],1,Mantener ciclo de facturación estándar; sin acción de cobranza adicional.
2011522758,,,,,SIN_HISTORIAL_DE_FACTURACION,,,,,False,ALERTA — REVISIÓN HUMANA,['Cliente no encontrado en el maestro SUNAT (001_TBL_CLIENTES_B2B) -- no se puede validar SUNAT/Osiptel para este RUC.'],0,
2011539390,,,,,SIN_HISTORIAL_DE_FACTURACION,,,,,False,ALERTA — REVISIÓN HUMANA,['Cliente no encontrado en el maestro SUNAT (001_TBL_CLIENTES_B2B) -- no se puede validar SUNAT/Osiptel para este RUC.'],0,
2011584129,,,,,SIN_HISTORIAL_DE_FACTURACION,,,,,False,ALERTA — REVISIÓN HUMANA,['Cliente no encontrado en el maestro SUNAT (001_TBL_CLIENTES_B2B) -- no se puede validar SUNAT/Osiptel para este RUC.'],0,
2011696539,,,,,SIN_HISTORIAL_DE_FACTURACION,,,,,False,ALERTA — REVISIÓN HUMANA,['Cliente no encontrado en el maestro SUNAT (001_TBL_CLIENTES_B2B) -- no se puede validar SUNAT/Osiptel para este RUC.'],0,
2011701911,,,,,BAJO,BAJO,1.8,16.0,False,False,ALERTA — REVISIÓN HUMANA,['Cliente no encontrado en el maestro SUNAT (001_TBL_CLIENTES_B2B) -- no se puede validar SUNAT/Osiptel para este RUC.'],2,Mantener ciclo de facturación estándar; sin acción de cobranza adicional.
2011722087,CLIENT_00088,LIMA,Lima,San Miguel,BAJO,BAJO,-8.7,2.0,False,True,OK,[],0,Mantener ciclo de facturación estándar; sin acción de cobranza adicional.
2011752824,,,,,BAJO,BAJO,1.5,2.0,False,False,ALERTA — REVISIÓN HUMANA,['Cliente no encontrado en el maestro SUNAT (001_TBL_CLIENTES_B2B) -- no se puede validar SUNAT/Osiptel para este RUC.'],0,Mantener ciclo de facturación estándar; sin acción de cobranza adicional.
2011804641,CLIENT_00396,ICA,Pisco,San Clemente,BAJO,BAJO,-0.5,0.0,True,True,OK,[],0,Mantener ciclo de facturación estándar; sin acción de cobranza adicional.
2011807911,CLIENT_00490,LIMA,Lima,Lince,SIN_HISTORIAL_DE_FACTURACION,,,,,True,OK,[],0,
2011860305,,,,,SIN_HISTORIAL_DE_FACTURACION,,,,,False,ALERTA — REVISIÓN HUMANA,['Cliente no encontrado en el maestro SUNAT (001_TBL_CLIENTES_B2B) -- no se puede validar SUNAT/Osiptel para este RUC.'],0,
2011871441,,,,,SIN_HISTORIAL_DE_FACTURACION,,,,,False,ALERTA — REVISIÓN HUMANA,['Cliente no encontrado en el maestro SUNAT (001_TBL_CLIENTES_B2B) -- no se puede validar SUNAT/Osiptel para este RUC.'],0,
2011885774,,,,,BAJO,BAJO,-2.5,-2.0,True,False,ALERTA — REVISIÓN HUMANA,['Cliente no encontrado en el maestro SUNAT (001_TBL_CLIENTES_B2B) -- no se puede validar SUNAT/Osiptel para este RUC.'],0,Mantener ciclo de facturación estándar; sin acción de cobranza adicional.
2011902949,,,,,BAJO,BAJO,-7.5,-7.0,True,False,ALERTA — REVISIÓN HUMANA,['Cliente no encontrado en el maestro SUNAT (001_TBL_CLIENTES_B2B) -- no se puede validar SUNAT/Osiptel para este RUC.'],0,Mantener ciclo de facturación estándar; sin acción de cobranza adicional.
2011906495,,,,,SIN_HISTORIAL_DE_FACTURACION,,,,,False,ALERTA — REVISIÓN HUMANA,['Cliente no encontrado en el maestro SUNAT (001_TBL_CLIENTES_B2B) -- no se puede validar SUNAT/Osiptel para este RUC.'],0,
2011927420,,,,,SIN_HISTORIAL_DE_FACTURACION,,,,,False,ALERTA — REVISIÓN HUMANA,['Cliente no encontrado en el maestro SUNAT (001_TBL_CLIENTES_B2B) -- no se puede validar SUNAT/Osiptel para este RUC.'],0,
2011948895,,,,,SIN_HISTORIAL_DE_FACTURACION,,,,,False,ALERTA — REVISIÓN HUMANA,['Cliente no encontrado en el maestro SUNAT (001_TBL_CLIENTES_B2B) -- no se puede validar SUNAT/Osiptel para este RUC.'],0,
2011956392,,,,,SIN_HISTORIAL_DE_FACTURACION,,,,,False,ALERTA — REVISIÓN HUMANA,['Cliente no encontrado en el maestro SUNAT (001_TBL_CLIENTES_B2B) -- no se puede validar SUNAT/Osiptel para este RUC.'],0,
2011994495,,,,,ALTO,ALTO,25.5,26.0,False,False,ALERTA — REVISIÓN HUMANA,['Cliente no encontrado en el maestro SUNAT (001_TBL_CLIENTES_B2B) -- no se puede validar SUNAT/Osiptel para este RUC.'],0,Contacto proactivo antes del vencimiento + oferta de plan de pago fraccionado; escalar a gestor de cuenta senior.
2012033056,CLIENT_00661,AREQUIPA,Arequipa,Arequipa,SIN_HISTORIAL_DE_FACTURACION,,,,,True,OK,[],0,
2012093924,,,,,SIN_HISTORIAL_DE_FACTURACION,,,,,False,ALERTA — REVISIÓN HUMANA,['Cliente no encontrado en el maestro SUNAT (001_TBL_CLIENTES_B2B) -- no se puede validar SUNAT/Osiptel para este RUC.'],0,
2012140346,,,,,SIN_HISTORIAL_DE_FACTURACION,,,,,False,ALERTA — REVISIÓN HUMANA,['Cliente no encontrado en el maestro SUNAT (001_TBL_CLIENTES_B2B) -- no se puede validar SUNAT/Osiptel para este RUC.'],0,
2012144384,,,,,SIN_HISTORIAL_DE_FACTURACION,,,,,False,ALERTA — REVISIÓN HUMANA,['Cliente no encontrado en el maestro SUNAT (001_TBL_CLIENTES_B2B) -- no se puede validar SUNAT/Osiptel para este RUC.'],0,
2012158092,,,,,SIN_HISTORIAL_DE_FACTURACION,,,,,False,ALERTA — REVISIÓN HUMANA,['Cliente no encontrado en el maestro SUNAT (001_TBL_CLIENTES_B2B) -- no se puede validar SUNAT/Osiptel para este RUC.'],0,
2012159970,,,,,BAJO,BAJO,-4.0,-3.0,False,False,ALERTA — REVISIÓN HUMANA,['Cliente no encontrado en el maestro SUNAT (001_TBL_CLIENTES_B2B) -- no se puede validar SUNAT/Osiptel para este RUC.'],0,Mantener ciclo de facturación estándar; sin acción de cobranza adicional.
2012162297,CLIENT_00079,PIURA,Sullana,Marcavelica,BAJO,BAJO,-1.0,2.0,False,True,OK,[],0,Mantener ciclo de facturación estándar; sin acción de cobranza adicional.
2012170806,CLIENT_00350,JUNIN,Huancayo,El Tambo,SIN_HISTORIAL_DE_FACTURACION,,,,,True,OK,[],0,
2012198823,,,,,SIN_HISTORIAL_DE_FACTURACION,,,,,False,ALERTA — REVISIÓN HUMANA,['Cliente no encontrado en el maestro SUNAT (001_TBL_CLIENTES_B2B) -- no se puede validar SUNAT/Osiptel para este RUC.'],0,
2012285306,CLIENT_00349,LIMA,Lima,Lima,ALTO,BAJO,-7.5,-7.0,True,True,ALERTA — REVISIÓN HUMANA,"['SUNAT_ESTADO_RUC=NO HABIDO (no HABIDO)', 'SUNAT_ESTADO_CONTRIBUYENTE=BAJA DE OFICIO (no ACTIVO)']",0,Mantener ciclo de facturación estándar; sin acción de cobranza adicional.
2012419787,,,,,SIN_HISTORIAL_DE_FACTURACION,,,,,False,ALERTA — REVISIÓN HUMANA,['Cliente no encontrado en el maestro SUNAT (001_TBL_CLIENTES_B2B) -- no se puede validar SUNAT/Osiptel para este RUC.'],0,
2012434906,,,,,SIN_HISTORIAL_DE_FACTURACION,,,,,False,ALERTA — REVISIÓN HUMANA,['Cliente no encontrado en el maestro SUNAT (001_TBL_CLIENTES_B2B) -- no se puede validar SUNAT/Osiptel para este RUC.'],0,
2012438665,CLIENT_00737,PIURA,Talara,Mancora,BAJO,BAJO,-7.0,5.0,False,True,OK,[],2,Mantener ciclo de facturación estándar; sin acción de cobranza adicional.
2012439383,CLIENT_00601,CALLAO,Prov. Const. del Callao,Callao,ALTO,,,,,True,ALERTA — REVISIÓN HUMANA,"['SUNAT_ESTADO_RUC=NO HABIDO (no HABIDO)', 'SUNAT_ESTADO_CONTRIBUYENTE=BAJA DE OFICIO (no ACTIVO)']",0,
2012453412,CLIENT_00293,LIMA,Lima,Santiago de Surco,ALTO,ALTO,37.8,190.0,False,True,OK,[],1,Contacto proactivo antes del vencimiento + oferta de plan de pago fraccionado; escalar a gestor de cuenta senior.
2012613090,,,,,SIN_HISTORIAL_DE_FACTURACION,,,,,False,ALERTA — REVISIÓN HUMANA,['Cliente no encontrado en el maestro SUNAT (001_TBL_CLIENTES_B2B) -- no se puede validar SUNAT/Osiptel para este RUC.'],0,
2012621430,CLIENT_00065,LIMA,Lima,San Isidro,SIN_HISTORIAL_DE_FACTURACION,,,,,True,OK,[],0,
2012667521,,,,,BAJO,BAJO,3.0,3.0,False,False,ALERTA — REVISIÓN HUMANA,['Cliente no encontrado en el maestro SUNAT (001_TBL_CLIENTES_B2B) -- no se puede validar SUNAT/Osiptel para este RUC.'],0,Mantener ciclo de facturación estándar; sin acción de cobranza adicional.
2012723819,,,,,SIN_HISTORIAL_DE_FACTURACION,,,,,False,ALERTA — REVISIÓN HUMANA,['Cliente no encontrado en el maestro SUNAT (001_TBL_CLIENTES_B2B) -- no se puede validar SUNAT/Osiptel para este RUC.'],0,
2012744508,,,,,SIN_HISTORIAL_DE_FACTURACION,,,,,False,ALERTA — REVISIÓN HUMANA,['Cliente no encontrado en el maestro SUNAT (001_TBL_CLIENTES_B2B) -- no se puede validar SUNAT/Osiptel para este RUC.'],0,
2012793422,CLIENT_00234,LIMA,Lima,San Borja,BAJO,BAJO,-3.0,-3.0,False,True,OK,[],0,Mantener ciclo de facturación estándar; sin acción de cobranza adicional.
2012809849,CLIENT_00597,LIMA,Lima,Santiago de Surco,BAJO,BAJO,-0.5,0.0,True,True,OK,[],1,Mantener ciclo de facturación estándar; sin acción de cobranza adicional.
2012813785,,,,,ALTO,ALTO,28.3,64.0,False,False,ALERTA — REVISIÓN HUMANA,['Cliente no encontrado en el maestro SUNAT (001_TBL_CLIENTES_B2B) -- no se puede validar SUNAT/Osiptel para este RUC.'],3,Contacto proactivo antes del vencimiento + oferta de plan de pago fraccionado; escalar a gestor de cuenta senior.
2012873242,,,,,SIN_HISTORIAL_DE_FACTURACION,,,,,False,ALERTA — REVISIÓN HUMANA,['Cliente no encontrado en el maestro SUNAT (001_TBL_CLIENTES_B2B) -- no se puede validar SUNAT/Osiptel para este RUC.'],0,
2012895360,CLIENT_00264,LORETO,Maynas,Punchana,ALTO,ALTO,115.5,131.0,False,True,OK,[],1,Contacto proactivo antes del vencimiento + oferta de plan de pago fraccionado; escalar a gestor de cuenta senior.
2012916743,CLIENT_00424,LIMA,Lima,La Victoria,BAJO,BAJO,1.0,3.0,False,True,OK,[],0,Mantener ciclo de facturación estándar; sin acción de cobranza adicional.
2012916927,,,,,SIN_HISTORIAL_DE_FACTURACION,,,,,False,ALERTA — REVISIÓN HUMANA,['Cliente no encontrado en el maestro SUNAT (001_TBL_CLIENTES_B2B) -- no se puede validar SUNAT/Osiptel para este RUC.'],0,
2012952033,CLIENT_00988,LIMA,Lima,Santiago de Surco,SIN_HISTORIAL_DE_FACTURACION,,,,,True,OK,[],0,
2013024222,,,,,BAJO,BAJO,-8.5,-4.0,False,False,ALERTA — REVISIÓN HUMANA,['Cliente no encontrado en el maestro SUNAT (001_TBL_CLIENTES_B2B) -- no se puede validar SUNAT/Osiptel para este RUC.'],0,Mantener ciclo de facturación estándar; sin acción de cobranza adicional.
2013044194,,,,,SIN_HISTORIAL_DE_FACTURACION,,,,,False,ALERTA — REVISIÓN HUMANA,['Cliente no encontrado en el maestro SUNAT (001_TBL_CLIENTES_B2B) -- no se puede validar SUNAT/Osiptel para este RUC.'],0,
2013054362,,,,,BAJO,BAJO,-0.5,2.0,False,False,ALERTA — REVISIÓN HUMANA,['Cliente no encontrado en el maestro SUNAT (001_TBL_CLIENTES_B2B) -- no se puede validar SUNAT/Osiptel para este RUC.'],0,Mantener ciclo de facturación estándar; sin acción de cobranza adicional.
2013058198,,,,,SIN_HISTORIAL_DE_FACTURACION,,,,,False,ALERTA — REVISIÓN HUMANA,['Cliente no encontrado en el maestro SUNAT (001_TBL_CLIENTES_B2B) -- no se puede validar SUNAT/Osiptel para este RUC.'],0,
2013067913,,,,,SIN_HISTORIAL_DE_FACTURACION,,,,,False,ALERTA — REVISIÓN HUMANA,['Cliente no encontrado en el maestro SUNAT (001_TBL_CLIENTES_B2B) -- no se puede validar SUNAT/Osiptel para este RUC.'],0,
2013129077,,,,,BAJO,BAJO,-6.7,5.0,False,False,ALERTA — REVISIÓN HUMANA,['Cliente no encontrado en el maestro SUNAT (001_TBL_CLIENTES_B2B) -- no se puede validar SUNAT/Osiptel para este RUC.'],2,Mantener ciclo de facturación estándar; sin acción de cobranza adicional.
2013179034,,,,,SIN_HISTORIAL_DE_FACTURACION,,,,,False,ALERTA — REVISIÓN HUMANA,['Cliente no encontrado en el maestro SUNAT (001_TBL_CLIENTES_B2B) -- no se puede validar SUNAT/Osiptel para este RUC.'],0,
2013237934,CLIENT_00303,LIMA,Lima,San Isidro,BAJO,BAJO,-3.2,3.0,False,True,OK,[],0,Mantener ciclo de facturación estándar; sin acción de cobranza adicional.
2013246233,,,,,BAJO,BAJO,-2.0,2.0,False,False,ALERTA — REVISIÓN HUMANA,['Cliente no encontrado en el maestro SUNAT (001_TBL_CLIENTES_B2B) -- no se puede validar SUNAT/Osiptel para este RUC.'],0,Mantener ciclo de facturación estándar; sin acción de cobranza adicional.
2013259361,,,,,SIN_HISTORIAL_DE_FACTURACION,,,,,False,ALERTA — REVISIÓN HUMANA,['Cliente no encontrado en el maestro SUNAT (001_TBL_CLIENTES_B2B) -- no se puede validar SUNAT/Osiptel para este RUC.'],0,
2013284189,CLIENT_00029,LIMA,Lima,Cieneguilla,BAJO,BAJO,1.0,1.0,False,True,OK,[],0,Mantener ciclo de facturación estándar; sin acción de cobranza adicional.
2013352894,,,,,SIN_HISTORIAL_DE_FACTURACION,,,,,False,ALERTA — REVISIÓN HUMANA,['Cliente no encontrado en el maestro SUNAT (001_TBL_CLIENTES_B2B) -- no se puede validar SUNAT/Osiptel para este RUC.'],0,
2013354671,,,,,SIN_HISTORIAL_DE_FACTURACION,,,,,False,ALERTA — REVISIÓN HUMANA,['Cliente no encontrado en el maestro SUNAT (001_TBL_CLIENTES_B2B) -- no se puede validar SUNAT/Osiptel para este RUC.'],0,
2013383689,,,,,SIN_HISTORIAL_DE_FACTURACION,,,,,False,ALERTA — REVISIÓN HUMANA,['Cliente no encontrado en el maestro SUNAT (001_TBL_CLIENTES_B2B) -- no se puede validar SUNAT/Osiptel para este RUC.'],0,
2013392711,CLIENT_00135,LIMA,Lima,San Borja,MEDIO,MEDIO,8.5,10.0,True,True,OK,[],0,Recordatorio automático 5 días antes del vencimiento por correo/WhatsApp; sin escalamiento humano todavía.
2013394699,,,,,SIN_HISTORIAL_DE_FACTURACION,,,,,False,ALERTA — REVISIÓN HUMANA,['Cliente no encontrado en el maestro SUNAT (001_TBL_CLIENTES_B2B) -- no se puede validar SUNAT/Osiptel para este RUC.'],0,
2013415082,CLIENT_00927,CALLAO,Prov. Const. del Callao,Callao,BAJO,BAJO,0.0,0.0,False,True,OK,[],0,Mantener ciclo de facturación estándar; sin acción de cobranza adicional.
2013492248,CLIENT_00251,JUNIN,Huancayo,Huancayo,SIN_HISTORIAL_DE_FACTURACION,,,,,True,OK,[],0,
2013641602,,,,,BAJO,BAJO,-4.3,6.0,False,False,ALERTA — REVISIÓN HUMANA,['Cliente no encontrado en el maestro SUNAT (001_TBL_CLIENTES_B2B) -- no se puede validar SUNAT/Osiptel para este RUC.'],2,Mantener ciclo de facturación estándar; sin acción de cobranza adicional.
2013675965,,,,,SIN_HISTORIAL_DE_FACTURACION,,,,,False,ALERTA — REVISIÓN HUMANA,['Cliente no encontrado en el maestro SUNAT (001_TBL_CLIENTES_B2B) -- no se puede validar SUNAT/Osiptel para este RUC.'],0,
2013695930,,,,,SIN_HISTORIAL_DE_FACTURACION,,,,,False,ALERTA — REVISIÓN HUMANA,['Cliente no encontrado en el maestro SUNAT (001_TBL_CLIENTES_B2B) -- no se puede validar SUNAT/Osiptel para este RUC.'],0,
2013697319,CLIENT_00507,TACNA,Tacna,Tacna,BAJO,BAJO,1.0,1.0,False,True,OK,[],0,Mantener ciclo de facturación estándar; sin acción de cobranza adicional.
2013701003,,,,,SIN_HISTORIAL_DE_FACTURACION,,,,,False,ALERTA — REVISIÓN HUMANA,['Cliente no encontrado en el maestro SUNAT (001_TBL_CLIENTES_B2B) -- no se puede validar SUNAT/Osiptel para este RUC.'],0,
2013714372,,,,,SIN_HISTORIAL_DE_FACTURACION,,,,,False,ALERTA — REVISIÓN HUMANA,['Cliente no encontrado en el maestro SUNAT (001_TBL_CLIENTES_B2B) -- no se puede validar SUNAT/Osiptel para este RUC.'],0,
2013717956,,,,,SIN_HISTORIAL_DE_FACTURACION,,,,,False,ALERTA — REVISIÓN HUMANA,['Cliente no encontrado en el maestro SUNAT (001_TBL_CLIENTES_B2B) -- no se puede validar SUNAT/Osiptel para este RUC.'],0,
2013719711,,,,,SIN_HISTORIAL_DE_FACTURACION,,,,,False,ALERTA — REVISIÓN HUMANA,['Cliente no encontrado en el maestro SUNAT (001_TBL_CLIENTES_B2B) -- no se puede validar SUNAT/Osiptel para este RUC.'],0,
2013743067,CLIENT_00900,ICA,Nasca,Vista Alegre,ALTO,,,,,True,ALERTA — REVISIÓN HUMANA,['SUNAT_ESTADO_CONTRIBUYENTE=SUSPENSION TEMPORAL (no ACTIVO)'],0,
2013796517,,,,,SIN_HISTORIAL_DE_FACTURACION,,,,,False,ALERTA — REVISIÓN HUMANA,['Cliente no encontrado en el maestro SUNAT (001_TBL_CLIENTES_B2B) -- no se puede validar SUNAT/Osiptel para este RUC.'],0,
2013843524,,,,,BAJO,BAJO,-1.4,4.0,False,False,ALERTA — REVISIÓN HUMANA,['Cliente no encontrado en el maestro SUNAT (001_TBL_CLIENTES_B2B) -- no se puede validar SUNAT/Osiptel para este RUC.'],0,Mantener ciclo de facturación estándar; sin acción de cobranza adicional.
2013870601,,,,,BAJO,BAJO,2.0,4.0,False,False,ALERTA — REVISIÓN HUMANA,['Cliente no encontrado en el maestro SUNAT (001_TBL_CLIENTES_B2B) -- no se puede validar SUNAT/Osiptel para este RUC.'],0,Mantener ciclo de facturación estándar; sin acción de cobranza adicional.
2013887371,,,,,BAJO,BAJO,4.5,5.0,False,False,ALERTA — REVISIÓN HUMANA,['Cliente no encontrado en el maestro SUNAT (001_TBL_CLIENTES_B2B) -- no se puede validar SUNAT/Osiptel para este RUC.'],0,Mantener ciclo de facturación estándar; sin acción de cobranza adicional.
2013889548,,,,,SIN_HISTORIAL_DE_FACTURACION,,,,,False,ALERTA — REVISIÓN HUMANA,['Cliente no encontrado en el maestro SUNAT (001_TBL_CLIENTES_B2B) -- no se puede validar SUNAT/Osiptel para este RUC.'],0,
2013895458,,,,,SIN_HISTORIAL_DE_FACTURACION,,,,,False,ALERTA — REVISIÓN HUMANA,['Cliente no encontrado en el maestro SUNAT (001_TBL_CLIENTES_B2B) -- no se puede validar SUNAT/Osiptel para este RUC.'],0,
2013900489,,,,,SIN_HISTORIAL_DE_FACTURACION,,,,,False,ALERTA — REVISIÓN HUMANA,['Cliente no encontrado en el maestro SUNAT (001_TBL_CLIENTES_B2B) -- no se puede validar SUNAT/Osiptel para este RUC.'],0,
2013919420,,,,,SIN_HISTORIAL_DE_FACTURACION,,,,,False,ALERTA — REVISIÓN HUMANA,['Cliente no encontrado en el maestro SUNAT (001_TBL_CLIENTES_B2B) -- no se puede validar SUNAT/Osiptel para este RUC.'],0,
2013936757,,,,,SIN_HISTORIAL_DE_FACTURACION,,,,,False,ALERTA — REVISIÓN HUMANA,['Cliente no encontrado en el maestro SUNAT (001_TBL_CLIENTES_B2B) -- no se puede validar SUNAT/Osiptel para este RUC.'],0,
2013942122,CLIENT_00890,ICA,Chincha,Pueblo Nuevo,SIN_HISTORIAL_DE_FACTURACION,,,,,True,OK,[],0,
2013961806,CLIENT_00271,LIMA,Lima,San Martín de Porres,SIN_HISTORIAL_DE_FACTURACION,,,,,True,OK,[],0,
2013969774,,,,,SIN_HISTORIAL_DE_FACTURACION,,,,,False,ALERTA — REVISIÓN HUMANA,['Cliente no encontrado en el maestro SUNAT (001_TBL_CLIENTES_B2B) -- no se puede validar SUNAT/Osiptel para este RUC.'],0,
2013973967,,,,,SIN_HISTORIAL_DE_FACTURACION,,,,,False,ALERTA — REVISIÓN HUMANA,['Cliente no encontrado en el maestro SUNAT (001_TBL_CLIENTES_B2B) -- no se puede validar SUNAT/Osiptel para este RUC.'],0,
2013986061,,,,,SIN_HISTORIAL_DE_FACTURACION,,,,,False,ALERTA — REVISIÓN HUMANA,['Cliente no encontrado en el maestro SUNAT (001_TBL_CLIENTES_B2B) -- no se puede validar SUNAT/Osiptel para este RUC.'],0,
2014005197,,,,,SIN_HISTORIAL_DE_FACTURACION,,,,,False,ALERTA — REVISIÓN HUMANA,['Cliente no encontrado en el maestro SUNAT (001_TBL_CLIENTES_B2B) -- no se puede validar SUNAT/Osiptel para este RUC.'],0,
2014022852,,,,,SIN_HISTORIAL_DE_FACTURACION,,,,,False,ALERTA — REVISIÓN HUMANA,['Cliente no encontrado en el maestro SUNAT (001_TBL_CLIENTES_B2B) -- no se puede validar SUNAT/Osiptel para este RUC.'],0,
2014029744,,,,,SIN_HISTORIAL_DE_FACTURACION,,,,,False,ALERTA — REVISIÓN HUMANA,['Cliente no encontrado en el maestro SUNAT (001_TBL_CLIENTES_B2B) -- no se puede validar SUNAT/Osiptel para este RUC.'],0,
2014074393,,,,,SIN_HISTORIAL_DE_FACTURACION,,,,,False,ALERTA — REVISIÓN HUMANA,['Cliente no encontrado en el maestro SUNAT (001_TBL_CLIENTES_B2B) -- no se puede validar SUNAT/Osiptel para este RUC.'],0,
2014089218,,,,,SIN_HISTORIAL_DE_FACTURACION,,,,,False,ALERTA — REVISIÓN HUMANA,['Cliente no encontrado en el maestro SUNAT (001_TBL_CLIENTES_B2B) -- no se puede validar SUNAT/Osiptel para este RUC.'],0,
2014147511,,,,,SIN_HISTORIAL_DE_FACTURACION,,,,,False,ALERTA — REVISIÓN HUMANA,['Cliente no encontrado en el maestro SUNAT (001_TBL_CLIENTES_B2B) -- no se puede validar SUNAT/Osiptel para este RUC.'],0,
2014164969,,,,,SIN_HISTORIAL_DE_FACTURACION,,,,,False,ALERTA — REVISIÓN HUMANA,['Cliente no encontrado en el maestro SUNAT (001_TBL_CLIENTES_B2B) -- no se puede validar SUNAT/Osiptel para este RUC.'],0,
2014166280,CLIENT_00551,LIMA,Lima,Los Olivos,BAJO,BAJO,-5.0,-3.0,False,True,OK,[],0,Mantener ciclo de facturación estándar; sin acción de cobranza adicional.
2014172361,,,,,SIN_HISTORIAL_DE_FACTURACION,,,,,False,ALERTA — REVISIÓN HUMANA,['Cliente no encontrado en el maestro SUNAT (001_TBL_CLIENTES_B2B) -- no se puede validar SUNAT/Osiptel para este RUC.'],0,
2014214756,,,,,BAJO,BAJO,-2.0,3.0,False,False,ALERTA — REVISIÓN HUMANA,['Cliente no encontrado en el maestro SUNAT (001_TBL_CLIENTES_B2B) -- no se puede validar SUNAT/Osiptel para este RUC.'],1,Mantener ciclo de facturación estándar; sin acción de cobranza adicional.
2014220137,,,,,BAJO,BAJO,1.0,1.0,False,False,ALERTA — REVISIÓN HUMANA,['Cliente no encontrado en el maestro SUNAT (001_TBL_CLIENTES_B2B) -- no se puede validar SUNAT/Osiptel para este RUC.'],0,Mantener ciclo de facturación estándar; sin acción de cobranza adicional.
2014305682,,,,,SIN_HISTORIAL_DE_FACTURACION,,,,,False,ALERTA — REVISIÓN HUMANA,['Cliente no encontrado en el maestro SUNAT (001_TBL_CLIENTES_B2B) -- no se puede validar SUNAT/Osiptel para este RUC.'],0,
2014312549,,,,,SIN_HISTORIAL_DE_FACTURACION,,,,,False,ALERTA — REVISIÓN HUMANA,['Cliente no encontrado en el maestro SUNAT (001_TBL_CLIENTES_B2B) -- no se puede validar SUNAT/Osiptel para este RUC.'],0,
2014313462,,,,,SIN_HISTORIAL_DE_FACTURACION,,,,,False,ALERTA — REVISIÓN HUMANA,['Cliente no encontrado en el maestro SUNAT (001_TBL_CLIENTES_B2B) -- no se puede validar SUNAT/Osiptel para este RUC.'],0,
2014332657,CLIENT_00751,LA LIBERTAD,Trujillo,Trujillo,BAJO,BAJO,-6.5,-6.0,False,True,OK,[],0,Mantener ciclo de facturación estándar; sin acción de cobranza adicional.
2014337859,,,,,SIN_HISTORIAL_DE_FACTURACION,,,,,False,ALERTA — REVISIÓN HUMANA,['Cliente no encontrado en el maestro SUNAT (001_TBL_CLIENTES_B2B) -- no se puede validar SUNAT/Osiptel para este RUC.'],0,
2014353498,,,,,SIN_HISTORIAL_DE_FACTURACION,,,,,False,ALERTA — REVISIÓN HUMANA,['Cliente no encontrado en el maestro SUNAT (001_TBL_CLIENTES_B2B) -- no se puede validar SUNAT/Osiptel para este RUC.'],0,
2014375111,,,,,SIN_HISTORIAL_DE_FACTURACION,,,,,False,ALERTA — REVISIÓN HUMANA,['Cliente no encontrado en el maestro SUNAT (001_TBL_CLIENTES_B2B) -- no se puede validar SUNAT/Osiptel para este RUC.'],0,
2014407140,,,,,MEDIO,MEDIO,9.2,17.0,False,False,ALERTA — REVISIÓN HUMANA,['Cliente no encontrado en el maestro SUNAT (001_TBL_CLIENTES_B2B) -- no se puede validar SUNAT/Osiptel para este RUC.'],2,Recordatorio automático 5 días antes del vencimiento por correo/WhatsApp; sin escalamiento humano todavía.
2014417729,,,,,BAJO,BAJO,-10.5,5.0,False,False,ALERTA — REVISIÓN HUMANA,['Cliente no encontrado en el maestro SUNAT (001_TBL_CLIENTES_B2B) -- no se puede validar SUNAT/Osiptel para este RUC.'],2,Mantener ciclo de facturación estándar; sin acción de cobranza adicional.
2014431588,CLIENT_00437,CUSCO,Cusco,Cusco,SIN_HISTORIAL_DE_FACTURACION,,,,,True,OK,[],0,
2014515562,,,,,SIN_HISTORIAL_DE_FACTURACION,,,,,False,ALERTA — REVISIÓN HUMANA,['Cliente no encontrado en el maestro SUNAT (001_TBL_CLIENTES_B2B) -- no se puede validar SUNAT/Osiptel para este RUC.'],0,
2014521059,,,,,SIN_HISTORIAL_DE_FACTURACION,,,,,False,ALERTA — REVISIÓN HUMANA,['Cliente no encontrado en el maestro SUNAT (001_TBL_CLIENTES_B2B) -- no se puede validar SUNAT/Osiptel para este RUC.'],0,
2014546847,,,,,SIN_HISTORIAL_DE_FACTURACION,,,,,False,ALERTA — REVISIÓN HUMANA,['Cliente no encontrado en el maestro SUNAT (001_TBL_CLIENTES_B2B) -- no se puede validar SUNAT/Osiptel para este RUC.'],0,
2014556610,CLIENT_00214,ANCASH,Huaraz,Huaraz,SIN_HISTORIAL_DE_FACTURACION,,,,,True,OK,[],0,
2014579954,CLIENT_00512,LIMA,Lima,La Victoria,SIN_HISTORIAL_DE_FACTURACION,,,,,True,OK,[],0,
2014609987,,,,,SIN_HISTORIAL_DE_FACTURACION,,,,,False,ALERTA — REVISIÓN HUMANA,['Cliente no encontrado en el maestro SUNAT (001_TBL_CLIENTES_B2B) -- no se puede validar SUNAT/Osiptel para este RUC.'],0,
2014616173,,,,,BAJO,BAJO,-8.5,-8.0,True,False,ALERTA — REVISIÓN HUMANA,['Cliente no encontrado en el maestro SUNAT (001_TBL_CLIENTES_B2B) -- no se puede validar SUNAT/Osiptel para este RUC.'],0,Mantener ciclo de facturación estándar; sin acción de cobranza adicional.
2014622738,CLIENT_00043,CUSCO,Cusco,Cusco,SIN_HISTORIAL_DE_FACTURACION,,,,,True,OK,[],0,
2014633151,CLIENT_00387,PIURA,Piura,Castilla,SIN_HISTORIAL_DE_FACTURACION,,,,,True,OK,[],0,
2014647743,CLIENT_00166,LIMA,Lima,Lurigancho,SIN_HISTORIAL_DE_FACTURACION,,,,,True,OK,[],0,
2014659912,,,,,SIN_HISTORIAL_DE_FACTURACION,,,,,False,ALERTA — REVISIÓN HUMANA,['Cliente no encontrado en el maestro SUNAT (001_TBL_CLIENTES_B2B) -- no se puede validar SUNAT/Osiptel para este RUC.'],0,
2014666572,,,,,SIN_HISTORIAL_DE_FACTURACION,,,,,False,ALERTA — REVISIÓN HUMANA,['Cliente no encontrado en el maestro SUNAT (001_TBL_CLIENTES_B2B) -- no se puede validar SUNAT/Osiptel para este RUC.'],0,
2014689387,CLIENT_00420,LIMA,Lima,Miraflores,BAJO,BAJO,4.5,5.0,False,True,OK,[],0,Mantener ciclo de facturación estándar; sin acción de cobranza adicional.
2014693768,,,,,SIN_HISTORIAL_DE_FACTURACION,,,,,False,ALERTA — REVISIÓN HUMANA,['Cliente no encontrado en el maestro SUNAT (001_TBL_CLIENTES_B2B) -- no se puede validar SUNAT/Osiptel para este RUC.'],0,
2014704106,,,,,SIN_HISTORIAL_DE_FACTURACION,,,,,False,ALERTA — REVISIÓN HUMANA,['Cliente no encontrado en el maestro SUNAT (001_TBL_CLIENTES_B2B) -- no se puede validar SUNAT/Osiptel para este RUC.'],0,
2014706556,CLIENT_00993,LIMA,Lima,Chorrillos,SIN_HISTORIAL_DE_FACTURACION,,,,,True,OK,[],0,
2014709746,CLIENT_00875,LIMA,Lima,Lima,SIN_HISTORIAL_DE_FACTURACION,,,,,True,OK,[],0,
2014716920,CLIENT_00769,LIMA,Lima,Lince,SIN_HISTORIAL_DE_FACTURACION,,,,,True,OK,[],0,
2014718111,,,,,BAJO,BAJO,-6.0,-1.0,False,False,ALERTA — REVISIÓN HUMANA,['Cliente no encontrado en el maestro SUNAT (001_TBL_CLIENTES_B2B) -- no se puede validar SUNAT/Osiptel para este RUC.'],1,Mantener ciclo de facturación estándar; sin acción de cobranza adicional.
2014754667,,,,,SIN_HISTORIAL_DE_FACTURACION,,,,,False,ALERTA — REVISIÓN HUMANA,['Cliente no encontrado en el maestro SUNAT (001_TBL_CLIENTES_B2B) -- no se puede validar SUNAT/Osiptel para este RUC.'],0,
2014761347,,,,,SIN_HISTORIAL_DE_FACTURACION,,,,,False,ALERTA — REVISIÓN HUMANA,['Cliente no encontrado en el maestro SUNAT (001_TBL_CLIENTES_B2B) -- no se puede validar SUNAT/Osiptel para este RUC.'],0,
2014777741,,,,,SIN_HISTORIAL_DE_FACTURACION,,,,,False,ALERTA — REVISIÓN HUMANA,['Cliente no encontrado en el maestro SUNAT (001_TBL_CLIENTES_B2B) -- no se puede validar SUNAT/Osiptel para este RUC.'],0,
2014797914,,,,,SIN_HISTORIAL_DE_FACTURACION,,,,,False,ALERTA — REVISIÓN HUMANA,['Cliente no encontrado en el maestro SUNAT (001_TBL_CLIENTES_B2B) -- no se puede validar SUNAT/Osiptel para este RUC.'],0,
2014800908,,,,,SIN_HISTORIAL_DE_FACTURACION,,,,,False,ALERTA — REVISIÓN HUMANA,['Cliente no encontrado en el maestro SUNAT (001_TBL_CLIENTES_B2B) -- no se puede validar SUNAT/Osiptel para este RUC.'],0,
2014846070,CLIENT_00340,LIMA,Lima,Puente Piedra,ALTO,ALTO,19.0,19.0,False,True,OK,[],1,Contacto proactivo antes del vencimiento + oferta de plan de pago fraccionado; escalar a gestor de cuenta senior.
2014859203,,,,,SIN_HISTORIAL_DE_FACTURACION,,,,,False,ALERTA — REVISIÓN HUMANA,['Cliente no encontrado en el maestro SUNAT (001_TBL_CLIENTES_B2B) -- no se puede validar SUNAT/Osiptel para este RUC.'],0,
2014968629,CLIENT_00674,LIMA,Lima,Lima,SIN_HISTORIAL_DE_FACTURACION,,,,,True,OK,[],0,
2015037424,,,,,MEDIO,MEDIO,14.3,44.0,False,False,ALERTA — REVISIÓN HUMANA,['Cliente no encontrado en el maestro SUNAT (001_TBL_CLIENTES_B2B) -- no se puede validar SUNAT/Osiptel para este RUC.'],2,Recordatorio automático 5 días antes del vencimiento por correo/WhatsApp; sin escalamiento humano todavía.
2015048988,CLIENT_00520,AREQUIPA,Arequipa,Miraflores,MEDIO,MEDIO,9.3,19.0,False,True,OK,[],1,Recordatorio automático 5 días antes del vencimiento por correo/WhatsApp; sin escalamiento humano todavía.
2015074127,,,,,SIN_HISTORIAL_DE_FACTURACION,,,,,False,ALERTA — REVISIÓN HUMANA,['Cliente no encontrado en el maestro SUNAT (001_TBL_CLIENTES_B2B) -- no se puede validar SUNAT/Osiptel para este RUC.'],0,
2015104553,CLIENT_00804,LIMA,Lima,Villa El Salvador,SIN_HISTORIAL_DE_FACTURACION,,,,,True,OK,[],0,
2015128482,,,,,SIN_HISTORIAL_DE_FACTURACION,,,,,False,ALERTA — REVISIÓN HUMANA,['Cliente no encontrado en el maestro SUNAT (001_TBL_CLIENTES_B2B) -- no se puede validar SUNAT/Osiptel para este RUC.'],0,
2015162146,,,,,SIN_HISTORIAL_DE_FACTURACION,,,,,False,ALERTA — REVISIÓN HUMANA,['Cliente no encontrado en el maestro SUNAT (001_TBL_CLIENTES_B2B) -- no se puede validar SUNAT/Osiptel para este RUC.'],0,
2015163301,,,,,SIN_HISTORIAL_DE_FACTURACION,,,,,False,ALERTA — REVISIÓN HUMANA,['Cliente no encontrado en el maestro SUNAT (001_TBL_CLIENTES_B2B) -- no se puede validar SUNAT/Osiptel para este RUC.'],0,
2015243618,CLIENT_00254,APURIMAC,Abancay,Abancay,SIN_HISTORIAL_DE_FACTURACION,,,,,True,OK,[],0,
2015309171,,,,,SIN_HISTORIAL_DE_FACTURACION,,,,,False,ALERTA — REVISIÓN HUMANA,['Cliente no encontrado en el maestro SUNAT (001_TBL_CLIENTES_B2B) -- no se puede validar SUNAT/Osiptel para este RUC.'],0,
2015336861,CLIENT_00247,LIMA,Lima,Los Olivos,ALTO,ALTO,190.3,524.0,False,True,OK,[],3,Contacto proactivo antes del vencimiento + oferta de plan de pago fraccionado; escalar a gestor de cuenta senior.
2015337700,,,,,SIN_HISTORIAL_DE_FACTURACION,,,,,False,ALERTA — REVISIÓN HUMANA,['Cliente no encontrado en el maestro SUNAT (001_TBL_CLIENTES_B2B) -- no se puede validar SUNAT/Osiptel para este RUC.'],0,
2015382195,,,,,SIN_HISTORIAL_DE_FACTURACION,,,,,False,ALERTA — REVISIÓN HUMANA,['Cliente no encontrado en el maestro SUNAT (001_TBL_CLIENTES_B2B) -- no se puede validar SUNAT/Osiptel para este RUC.'],0,
2015428590,CLIENT_00696,CAJAMARCA,Cajamarca,Cajamarca,BAJO,BAJO,-18.5,-17.0,False,True,OK,[],0,Mantener ciclo de facturación estándar; sin acción de cobranza adicional.
2015439664,,,,,SIN_HISTORIAL_DE_FACTURACION,,,,,False,ALERTA — REVISIÓN HUMANA,['Cliente no encontrado en el maestro SUNAT (001_TBL_CLIENTES_B2B) -- no se puede validar SUNAT/Osiptel para este RUC.'],0,
2015474561,,,,,SIN_HISTORIAL_DE_FACTURACION,,,,,False,ALERTA — REVISIÓN HUMANA,['Cliente no encontrado en el maestro SUNAT (001_TBL_CLIENTES_B2B) -- no se puede validar SUNAT/Osiptel para este RUC.'],0,
2015499295,CLIENT_00346,LIMA,Lima,Ate,SIN_HISTORIAL_DE_FACTURACION,,,,,True,OK,[],0,
2015516321,,,,,SIN_HISTORIAL_DE_FACTURACION,,,,,False,ALERTA — REVISIÓN HUMANA,['Cliente no encontrado en el maestro SUNAT (001_TBL_CLIENTES_B2B) -- no se puede validar SUNAT/Osiptel para este RUC.'],0,
2015550684,,,,,SIN_HISTORIAL_DE_FACTURACION,,,,,False,ALERTA — REVISIÓN HUMANA,['Cliente no encontrado en el maestro SUNAT (001_TBL_CLIENTES_B2B) -- no se puede validar SUNAT/Osiptel para este RUC.'],0,
2015554649,,,,,SIN_HISTORIAL_DE_FACTURACION,,,,,False,ALERTA — REVISIÓN HUMANA,['Cliente no encontrado en el maestro SUNAT (001_TBL_CLIENTES_B2B) -- no se puede validar SUNAT/Osiptel para este RUC.'],0,
2015560174,,,,,SIN_HISTORIAL_DE_FACTURACION,,,,,False,ALERTA — REVISIÓN HUMANA,['Cliente no encontrado en el maestro SUNAT (001_TBL_CLIENTES_B2B) -- no se puede validar SUNAT/Osiptel para este RUC.'],0,
2015571136,CLIENT_00819,LIMA,Lima,Villa María del Triunfo,MEDIO,MEDIO,7.0,8.0,False,True,OK,[],0,Recordatorio automático 5 días antes del vencimiento por correo/WhatsApp; sin escalamiento humano todavía.
2015614473,,,,,SIN_HISTORIAL_DE_FACTURACION,,,,,False,ALERTA — REVISIÓN HUMANA,['Cliente no encontrado en el maestro SUNAT (001_TBL_CLIENTES_B2B) -- no se puede validar SUNAT/Osiptel para este RUC.'],0,
2015648856,,,,,BAJO,BAJO,-4.7,1.0,False,False,ALERTA — REVISIÓN HUMANA,['Cliente no encontrado en el maestro SUNAT (001_TBL_CLIENTES_B2B) -- no se puede validar SUNAT/Osiptel para este RUC.'],0,Mantener ciclo de facturación estándar; sin acción de cobranza adicional.
2015652897,CLIENT_00439,UCAYALI,Coronel Portillo,Calleria,ALTO,BAJO,-6.0,-1.0,True,True,ALERTA — REVISIÓN HUMANA,['SUNAT_ESTADO_RUC=NO HABIDO (no HABIDO)'],0,Mantener ciclo de facturación estándar; sin acción de cobranza adicional.
2015692561,,,,,SIN_HISTORIAL_DE_FACTURACION,,,,,False,ALERTA — REVISIÓN HUMANA,['Cliente no encontrado en el maestro SUNAT (001_TBL_CLIENTES_B2B) -- no se puede validar SUNAT/Osiptel para este RUC.'],0,
2015716355,,,,,SIN_HISTORIAL_DE_FACTURACION,,,,,False,ALERTA — REVISIÓN HUMANA,['Cliente no encontrado en el maestro SUNAT (001_TBL_CLIENTES_B2B) -- no se puede validar SUNAT/Osiptel para este RUC.'],0,
2015757865,,,,,SIN_HISTORIAL_DE_FACTURACION,,,,,False,ALERTA — REVISIÓN HUMANA,['Cliente no encontrado en el maestro SUNAT (001_TBL_CLIENTES_B2B) -- no se puede validar SUNAT/Osiptel para este RUC.'],0,
2015785390,,,,,SIN_HISTORIAL_DE_FACTURACION,,,,,False,ALERTA — REVISIÓN HUMANA,['Cliente no encontrado en el maestro SUNAT (001_TBL_CLIENTES_B2B) -- no se puede validar SUNAT/Osiptel para este RUC.'],0,
2015879685,,,,,SIN_HISTORIAL_DE_FACTURACION,,,,,False,ALERTA — REVISIÓN HUMANA,['Cliente no encontrado en el maestro SUNAT (001_TBL_CLIENTES_B2B) -- no se puede validar SUNAT/Osiptel para este RUC.'],0,
2015924484,CLIENT_00897,AREQUIPA,Arequipa,Arequipa,SIN_HISTORIAL_DE_FACTURACION,,,,,True,OK,[],0,
2015934494,,,,,SIN_HISTORIAL_DE_FACTURACION,,,,,False,ALERTA — REVISIÓN HUMANA,['Cliente no encontrado en el maestro SUNAT (001_TBL_CLIENTES_B2B) -- no se puede validar SUNAT/Osiptel para este RUC.'],0,
2015936665,,,,,SIN_HISTORIAL_DE_FACTURACION,,,,,False,ALERTA — REVISIÓN HUMANA,['Cliente no encontrado en el maestro SUNAT (001_TBL_CLIENTES_B2B) -- no se puede validar SUNAT/Osiptel para este RUC.'],0,
2015955796,,,,,SIN_HISTORIAL_DE_FACTURACION,,,,,False,ALERTA — REVISIÓN HUMANA,['Cliente no encontrado en el maestro SUNAT (001_TBL_CLIENTES_B2B) -- no se puede validar SUNAT/Osiptel para este RUC.'],0,
2015981837,,,,,SIN_HISTORIAL_DE_FACTURACION,,,,,False,ALERTA — REVISIÓN HUMANA,['Cliente no encontrado en el maestro SUNAT (001_TBL_CLIENTES_B2B) -- no se puede validar SUNAT/Osiptel para este RUC.'],0,
2015985357,,,,,BAJO,BAJO,0.4,22.0,False,False,ALERTA — REVISIÓN HUMANA,['Cliente no encontrado en el maestro SUNAT (001_TBL_CLIENTES_B2B) -- no se puede validar SUNAT/Osiptel para este RUC.'],2,Mantener ciclo de facturación estándar; sin acción de cobranza adicional.
2016021273,,,,,SIN_HISTORIAL_DE_FACTURACION,,,,,False,ALERTA — REVISIÓN HUMANA,['Cliente no encontrado en el maestro SUNAT (001_TBL_CLIENTES_B2B) -- no se puede validar SUNAT/Osiptel para este RUC.'],0,
2016024370,,,,,SIN_HISTORIAL_DE_FACTURACION,,,,,False,ALERTA — REVISIÓN HUMANA,['Cliente no encontrado en el maestro SUNAT (001_TBL_CLIENTES_B2B) -- no se puede validar SUNAT/Osiptel para este RUC.'],0,
2016085237,,,,,SIN_HISTORIAL_DE_FACTURACION,,,,,False,ALERTA — REVISIÓN HUMANA,['Cliente no encontrado en el maestro SUNAT (001_TBL_CLIENTES_B2B) -- no se puede validar SUNAT/Osiptel para este RUC.'],0,
2016116403,,,,,SIN_HISTORIAL_DE_FACTURACION,,,,,False,ALERTA — REVISIÓN HUMANA,['Cliente no encontrado en el maestro SUNAT (001_TBL_CLIENTES_B2B) -- no se puede validar SUNAT/Osiptel para este RUC.'],0,
2016120076,,,,,SIN_HISTORIAL_DE_FACTURACION,,,,,False,ALERTA — REVISIÓN HUMANA,['Cliente no encontrado en el maestro SUNAT (001_TBL_CLIENTES_B2B) -- no se puede validar SUNAT/Osiptel para este RUC.'],0,
2016134169,,,,,BAJO,BAJO,-12.0,-11.0,True,False,ALERTA — REVISIÓN HUMANA,['Cliente no encontrado en el maestro SUNAT (001_TBL_CLIENTES_B2B) -- no se puede validar SUNAT/Osiptel para este RUC.'],0,Mantener ciclo de facturación estándar; sin acción de cobranza adicional.
2016136609,,,,,SIN_HISTORIAL_DE_FACTURACION,,,,,False,ALERTA — REVISIÓN HUMANA,['Cliente no encontrado en el maestro SUNAT (001_TBL_CLIENTES_B2B) -- no se puede validar SUNAT/Osiptel para este RUC.'],0,
2016142658,,,,,BAJO,BAJO,2.0,6.0,False,False,ALERTA — REVISIÓN HUMANA,['Cliente no encontrado en el maestro SUNAT (001_TBL_CLIENTES_B2B) -- no se puede validar SUNAT/Osiptel para este RUC.'],0,Mantener ciclo de facturación estándar; sin acción de cobranza adicional.
2016183079,,,,,SIN_HISTORIAL_DE_FACTURACION,,,,,False,ALERTA — REVISIÓN HUMANA,['Cliente no encontrado en el maestro SUNAT (001_TBL_CLIENTES_B2B) -- no se puede validar SUNAT/Osiptel para este RUC.'],0,
2016185603,CLIENT_00221,JUNIN,Huancayo,Huancayo,ALTO,,,,,True,ALERTA — REVISIÓN HUMANA,['SUNAT_ESTADO_CONTRIBUYENTE=BAJA DE OFICIO (no ACTIVO)'],0,
2016302673,,,,,SIN_HISTORIAL_DE_FACTURACION,,,,,False,ALERTA — REVISIÓN HUMANA,['Cliente no encontrado en el maestro SUNAT (001_TBL_CLIENTES_B2B) -- no se puede validar SUNAT/Osiptel para este RUC.'],0,
2016322780,,,,,SIN_HISTORIAL_DE_FACTURACION,,,,,False,ALERTA — REVISIÓN HUMANA,['Cliente no encontrado en el maestro SUNAT (001_TBL_CLIENTES_B2B) -- no se puede validar SUNAT/Osiptel para este RUC.'],0,
2016359452,,,,,SIN_HISTORIAL_DE_FACTURACION,,,,,False,ALERTA — REVISIÓN HUMANA,['Cliente no encontrado en el maestro SUNAT (001_TBL_CLIENTES_B2B) -- no se puede validar SUNAT/Osiptel para este RUC.'],0,
2016410764,,,,,SIN_HISTORIAL_DE_FACTURACION,,,,,False,ALERTA — REVISIÓN HUMANA,['Cliente no encontrado en el maestro SUNAT (001_TBL_CLIENTES_B2B) -- no se puede validar SUNAT/Osiptel para este RUC.'],0,
2016438796,,,,,BAJO,BAJO,0.0,2.0,False,False,ALERTA — REVISIÓN HUMANA,['Cliente no encontrado en el maestro SUNAT (001_TBL_CLIENTES_B2B) -- no se puede validar SUNAT/Osiptel para este RUC.'],0,Mantener ciclo de facturación estándar; sin acción de cobranza adicional.
2016442878,,,,,BAJO,BAJO,-1.0,0.0,False,False,ALERTA — REVISIÓN HUMANA,['Cliente no encontrado en el maestro SUNAT (001_TBL_CLIENTES_B2B) -- no se puede validar SUNAT/Osiptel para este RUC.'],0,Mantener ciclo de facturación estándar; sin acción de cobranza adicional.
2016455428,,,,,SIN_HISTORIAL_DE_FACTURACION,,,,,False,ALERTA — REVISIÓN HUMANA,['Cliente no encontrado en el maestro SUNAT (001_TBL_CLIENTES_B2B) -- no se puede validar SUNAT/Osiptel para este RUC.'],0,
2016472229,,,,,SIN_HISTORIAL_DE_FACTURACION,,,,,False,ALERTA — REVISIÓN HUMANA,['Cliente no encontrado en el maestro SUNAT (001_TBL_CLIENTES_B2B) -- no se puede validar SUNAT/Osiptel para este RUC.'],0,
2016551847,,,,,SIN_HISTORIAL_DE_FACTURACION,,,,,False,ALERTA — REVISIÓN HUMANA,['Cliente no encontrado en el maestro SUNAT (001_TBL_CLIENTES_B2B) -- no se puede validar SUNAT/Osiptel para este RUC.'],0,
2016567356,,,,,SIN_HISTORIAL_DE_FACTURACION,,,,,False,ALERTA — REVISIÓN HUMANA,['Cliente no encontrado en el maestro SUNAT (001_TBL_CLIENTES_B2B) -- no se puede validar SUNAT/Osiptel para este RUC.'],0,
2016581558,,,,,SIN_HISTORIAL_DE_FACTURACION,,,,,False,ALERTA — REVISIÓN HUMANA,['Cliente no encontrado en el maestro SUNAT (001_TBL_CLIENTES_B2B) -- no se puede validar SUNAT/Osiptel para este RUC.'],0,
2016587155,CLIENT_00255,CUSCO,Cusco,San Jerónimo,SIN_HISTORIAL_DE_FACTURACION,,,,,True,OK,[],0,
2016614847,,,,,SIN_HISTORIAL_DE_FACTURACION,,,,,False,ALERTA — REVISIÓN HUMANA,['Cliente no encontrado en el maestro SUNAT (001_TBL_CLIENTES_B2B) -- no se puede validar SUNAT/Osiptel para este RUC.'],0,
2016631346,,,,,SIN_HISTORIAL_DE_FACTURACION,,,,,False,ALERTA — REVISIÓN HUMANA,['Cliente no encontrado en el maestro SUNAT (001_TBL_CLIENTES_B2B) -- no se puede validar SUNAT/Osiptel para este RUC.'],0,
2016631943,,,,,SIN_HISTORIAL_DE_FACTURACION,,,,,False,ALERTA — REVISIÓN HUMANA,['Cliente no encontrado en el maestro SUNAT (001_TBL_CLIENTES_B2B) -- no se puede validar SUNAT/Osiptel para este RUC.'],0,
2016641872,CLIENT_00659,LIMA,Lima,Lima,ALTO,ALTO,17.0,18.0,True,True,OK,[],2,Contacto proactivo antes del vencimiento + oferta de plan de pago fraccionado; escalar a gestor de cuenta senior.
2016704268,CLIENT_00609,CUSCO,Cusco,Santiago,SIN_HISTORIAL_DE_FACTURACION,,,,,True,OK,[],0,
2016722807,,,,,BAJO,BAJO,-1.1,38.0,False,False,ALERTA — REVISIÓN HUMANA,['Cliente no encontrado en el maestro SUNAT (001_TBL_CLIENTES_B2B) -- no se puede validar SUNAT/Osiptel para este RUC.'],1,Mantener ciclo de facturación estándar; sin acción de cobranza adicional.
2016725272,CLIENT_00478,LIMA,Lima,San Juan de Lurigancho,SIN_HISTORIAL_DE_FACTURACION,,,,,True,OK,[],0,
2016730525,,,,,SIN_HISTORIAL_DE_FACTURACION,,,,,False,ALERTA — REVISIÓN HUMANA,['Cliente no encontrado en el maestro SUNAT (001_TBL_CLIENTES_B2B) -- no se puede validar SUNAT/Osiptel para este RUC.'],0,
2016738253,CLIENT_00320,SAN MARTIN,Bellavista,Bellavista,BAJO,BAJO,-1.5,-1.0,False,True,OK,[],0,Mantener ciclo de facturación estándar; sin acción de cobranza adicional.
2016739447,,,,,BAJO,BAJO,-3.5,0.0,True,False,ALERTA — REVISIÓN HUMANA,['Cliente no encontrado en el maestro SUNAT (001_TBL_CLIENTES_B2B) -- no se puede validar SUNAT/Osiptel para este RUC.'],0,Mantener ciclo de facturación estándar; sin acción de cobranza adicional.
2016779342,,,,,SIN_HISTORIAL_DE_FACTURACION,,,,,False,ALERTA — REVISIÓN HUMANA,['Cliente no encontrado en el maestro SUNAT (001_TBL_CLIENTES_B2B) -- no se puede validar SUNAT/Osiptel para este RUC.'],0,
2016792398,CLIENT_00998,LIMA,Lima,La Molina,SIN_HISTORIAL_DE_FACTURACION,,,,,True,OK,[],0,
2016828018,,,,,SIN_HISTORIAL_DE_FACTURACION,,,,,False,ALERTA — REVISIÓN HUMANA,['Cliente no encontrado en el maestro SUNAT (001_TBL_CLIENTES_B2B) -- no se puede validar SUNAT/Osiptel para este RUC.'],0,
2016845190,CLIENT_00540,LIMA,Lima,Santa Anita,SIN_HISTORIAL_DE_FACTURACION,,,,,True,OK,[],0,
2016855055,CLIENT_00971,LIMA,Lima,Santiago de Surco,BAJO,BAJO,-7.5,-5.0,False,True,OK,[],0,Mantener ciclo de facturación estándar; sin acción de cobranza adicional.
2016889615,,,,,SIN_HISTORIAL_DE_FACTURACION,,,,,False,ALERTA — REVISIÓN HUMANA,['Cliente no encontrado en el maestro SUNAT (001_TBL_CLIENTES_B2B) -- no se puede validar SUNAT/Osiptel para este RUC.'],0,
2016945104,,,,,SIN_HISTORIAL_DE_FACTURACION,,,,,False,ALERTA — REVISIÓN HUMANA,['Cliente no encontrado en el maestro SUNAT (001_TBL_CLIENTES_B2B) -- no se puede validar SUNAT/Osiptel para este RUC.'],0,
2016961431,,,,,SIN_HISTORIAL_DE_FACTURACION,,,,,False,ALERTA — REVISIÓN HUMANA,['Cliente no encontrado en el maestro SUNAT (001_TBL_CLIENTES_B2B) -- no se puede validar SUNAT/Osiptel para este RUC.'],0,
2016965059,CLIENT_00391,SAN MARTIN,San Martín,La Banda de Shilcayo,SIN_HISTORIAL_DE_FACTURACION,,,,,True,OK,[],0,
2016982483,,,,,BAJO,BAJO,-5.7,4.0,False,False,ALERTA — REVISIÓN HUMANA,['Cliente no encontrado en el maestro SUNAT (001_TBL_CLIENTES_B2B) -- no se puede validar SUNAT/Osiptel para este RUC.'],2,Mantener ciclo de facturación estándar; sin acción de cobranza adicional.
2017071399,,,,,SIN_HISTORIAL_DE_FACTURACION,,,,,False,ALERTA — REVISIÓN HUMANA,['Cliente no encontrado en el maestro SUNAT (001_TBL_CLIENTES_B2B) -- no se puede validar SUNAT/Osiptel para este RUC.'],0,
2017075761,,,,,BAJO,BAJO,0.5,1.0,True,False,ALERTA — REVISIÓN HUMANA,['Cliente no encontrado en el maestro SUNAT (001_TBL_CLIENTES_B2B) -- no se puede validar SUNAT/Osiptel para este RUC.'],0,Mantener ciclo de facturación estándar; sin acción de cobranza adicional.
2017146912,CLIENT_00882,LIMA,Lima,Villa María del Triunfo,SIN_HISTORIAL_DE_FACTURACION,,,,,True,OK,[],0,
2017149376,,,,,SIN_HISTORIAL_DE_FACTURACION,,,,,False,ALERTA — REVISIÓN HUMANA,['Cliente no encontrado en el maestro SUNAT (001_TBL_CLIENTES_B2B) -- no se puede validar SUNAT/Osiptel para este RUC.'],0,
2017343488,,,,,SIN_HISTORIAL_DE_FACTURACION,,,,,False,ALERTA — REVISIÓN HUMANA,['Cliente no encontrado en el maestro SUNAT (001_TBL_CLIENTES_B2B) -- no se puede validar SUNAT/Osiptel para este RUC.'],0,
2017351268,,,,,SIN_HISTORIAL_DE_FACTURACION,,,,,False,ALERTA — REVISIÓN HUMANA,['Cliente no encontrado en el maestro SUNAT (001_TBL_CLIENTES_B2B) -- no se puede validar SUNAT/Osiptel para este RUC.'],0,
2017352634,,,,,SIN_HISTORIAL_DE_FACTURACION,,,,,False,ALERTA — REVISIÓN HUMANA,['Cliente no encontrado en el maestro SUNAT (001_TBL_CLIENTES_B2B) -- no se puede validar SUNAT/Osiptel para este RUC.'],0,
2017442741,,,,,SIN_HISTORIAL_DE_FACTURACION,,,,,False,ALERTA — REVISIÓN HUMANA,['Cliente no encontrado en el maestro SUNAT (001_TBL_CLIENTES_B2B) -- no se puede validar SUNAT/Osiptel para este RUC.'],0,
2017464265,,,,,SIN_HISTORIAL_DE_FACTURACION,,,,,False,ALERTA — REVISIÓN HUMANA,['Cliente no encontrado en el maestro SUNAT (001_TBL_CLIENTES_B2B) -- no se puede validar SUNAT/Osiptel para este RUC.'],0,
2017592496,CLIENT_00970,LIMA,Lima,San Juan de Lurigancho,BAJO,BAJO,0.5,2.0,False,True,OK,[],0,Mantener ciclo de facturación estándar; sin acción de cobranza adicional.
2017603942,,,,,SIN_HISTORIAL_DE_FACTURACION,,,,,False,ALERTA — REVISIÓN HUMANA,['Cliente no encontrado en el maestro SUNAT (001_TBL_CLIENTES_B2B) -- no se puede validar SUNAT/Osiptel para este RUC.'],0,
2017611744,,,,,SIN_HISTORIAL_DE_FACTURACION,,,,,False,ALERTA — REVISIÓN HUMANA,['Cliente no encontrado en el maestro SUNAT (001_TBL_CLIENTES_B2B) -- no se puede validar SUNAT/Osiptel para este RUC.'],0,
2017613369,,,,,SIN_HISTORIAL_DE_FACTURACION,,,,,False,ALERTA — REVISIÓN HUMANA,['Cliente no encontrado en el maestro SUNAT (001_TBL_CLIENTES_B2B) -- no se puede validar SUNAT/Osiptel para este RUC.'],0,
2017687980,,,,,ALTO,ALTO,14.5,25.0,True,False,ALERTA — REVISIÓN HUMANA,['Cliente no encontrado en el maestro SUNAT (001_TBL_CLIENTES_B2B) -- no se puede validar SUNAT/Osiptel para este RUC.'],0,Contacto proactivo antes del vencimiento + oferta de plan de pago fraccionado; escalar a gestor de cuenta senior.
2017737753,,,,,SIN_HISTORIAL_DE_FACTURACION,,,,,False,ALERTA — REVISIÓN HUMANA,['Cliente no encontrado en el maestro SUNAT (001_TBL_CLIENTES_B2B) -- no se puede validar SUNAT/Osiptel para este RUC.'],0,
2017741016,,,,,SIN_HISTORIAL_DE_FACTURACION,,,,,False,ALERTA — REVISIÓN HUMANA,['Cliente no encontrado en el maestro SUNAT (001_TBL_CLIENTES_B2B) -- no se puede validar SUNAT/Osiptel para este RUC.'],0,
2017763650,CLIENT_00236,LIMA,Lima,San Martín de Porres,BAJO,BAJO,-2.0,4.0,False,True,OK,[],0,Mantener ciclo de facturación estándar; sin acción de cobranza adicional.
2017768500,CLIENT_00417,LIMA,Lima,Santiago de Surco,SIN_HISTORIAL_DE_FACTURACION,,,,,True,OK,[],0,
2017849630,,,,,SIN_HISTORIAL_DE_FACTURACION,,,,,False,ALERTA — REVISIÓN HUMANA,['Cliente no encontrado en el maestro SUNAT (001_TBL_CLIENTES_B2B) -- no se puede validar SUNAT/Osiptel para este RUC.'],0,
2017863858,,,,,SIN_HISTORIAL_DE_FACTURACION,,,,,False,ALERTA — REVISIÓN HUMANA,['Cliente no encontrado en el maestro SUNAT (001_TBL_CLIENTES_B2B) -- no se puede validar SUNAT/Osiptel para este RUC.'],0,
2017905347,,,,,SIN_HISTORIAL_DE_FACTURACION,,,,,False,ALERTA — REVISIÓN HUMANA,['Cliente no encontrado en el maestro SUNAT (001_TBL_CLIENTES_B2B) -- no se puede validar SUNAT/Osiptel para este RUC.'],0,
2017913151,,,,,BAJO,BAJO,0.2,20.0,False,False,ALERTA — REVISIÓN HUMANA,['Cliente no encontrado en el maestro SUNAT (001_TBL_CLIENTES_B2B) -- no se puede validar SUNAT/Osiptel para este RUC.'],4,Mantener ciclo de facturación estándar; sin acción de cobranza adicional.
2017932836,CLIENT_00414,LIMA,Lima,San Martín de Porres,BAJO,BAJO,-5.3,6.0,False,True,OK,[],2,Mantener ciclo de facturación estándar; sin acción de cobranza adicional.
2017937229,CLIENT_00299,LIMA,Lima,Jesús María,SIN_HISTORIAL_DE_FACTURACION,,,,,True,OK,[],0,
2017938134,CLIENT_00866,AREQUIPA,Camaná,Samuel Pastor,BAJO,BAJO,1.5,4.0,False,True,OK,[],1,Mantener ciclo de facturación estándar; sin acción de cobranza adicional.
2017953221,,,,,SIN_HISTORIAL_DE_FACTURACION,,,,,False,ALERTA — REVISIÓN HUMANA,['Cliente no encontrado en el maestro SUNAT (001_TBL_CLIENTES_B2B) -- no se puede validar SUNAT/Osiptel para este RUC.'],0,
2017965085,,,,,SIN_HISTORIAL_DE_FACTURACION,,,,,False,ALERTA — REVISIÓN HUMANA,['Cliente no encontrado en el maestro SUNAT (001_TBL_CLIENTES_B2B) -- no se puede validar SUNAT/Osiptel para este RUC.'],0,
2017973675,,,,,SIN_HISTORIAL_DE_FACTURACION,,,,,False,ALERTA — REVISIÓN HUMANA,['Cliente no encontrado en el maestro SUNAT (001_TBL_CLIENTES_B2B) -- no se puede validar SUNAT/Osiptel para este RUC.'],0,
2017986129,,,,,SIN_HISTORIAL_DE_FACTURACION,,,,,False,ALERTA — REVISIÓN HUMANA,['Cliente no encontrado en el maestro SUNAT (001_TBL_CLIENTES_B2B) -- no se puede validar SUNAT/Osiptel para este RUC.'],0,
2018117869,,,,,BAJO,BAJO,-2.9,16.0,False,False,ALERTA — REVISIÓN HUMANA,['Cliente no encontrado en el maestro SUNAT (001_TBL_CLIENTES_B2B) -- no se puede validar SUNAT/Osiptel para este RUC.'],6,Mantener ciclo de facturación estándar; sin acción de cobranza adicional.
2018136216,CLIENT_00957,ANCASH,Huaraz,Huaraz,SIN_HISTORIAL_DE_FACTURACION,,,,,True,OK,[],0,
2018193712,,,,,SIN_HISTORIAL_DE_FACTURACION,,,,,False,ALERTA — REVISIÓN HUMANA,['Cliente no encontrado en el maestro SUNAT (001_TBL_CLIENTES_B2B) -- no se puede validar SUNAT/Osiptel para este RUC.'],0,
2018207148,,,,,SIN_HISTORIAL_DE_FACTURACION,,,,,False,ALERTA — REVISIÓN HUMANA,['Cliente no encontrado en el maestro SUNAT (001_TBL_CLIENTES_B2B) -- no se puede validar SUNAT/Osiptel para este RUC.'],0,
2018211886,,,,,SIN_HISTORIAL_DE_FACTURACION,,,,,False,ALERTA — REVISIÓN HUMANA,['Cliente no encontrado en el maestro SUNAT (001_TBL_CLIENTES_B2B) -- no se puede validar SUNAT/Osiptel para este RUC.'],0,
2018260914,,,,,SIN_HISTORIAL_DE_FACTURACION,,,,,False,ALERTA — REVISIÓN HUMANA,['Cliente no encontrado en el maestro SUNAT (001_TBL_CLIENTES_B2B) -- no se puede validar SUNAT/Osiptel para este RUC.'],0,
2018324047,,,,,SIN_HISTORIAL_DE_FACTURACION,,,,,False,ALERTA — REVISIÓN HUMANA,['Cliente no encontrado en el maestro SUNAT (001_TBL_CLIENTES_B2B) -- no se puede validar SUNAT/Osiptel para este RUC.'],0,
2018351055,,,,,SIN_HISTORIAL_DE_FACTURACION,,,,,False,ALERTA — REVISIÓN HUMANA,['Cliente no encontrado en el maestro SUNAT (001_TBL_CLIENTES_B2B) -- no se puede validar SUNAT/Osiptel para este RUC.'],0,
2018400793,,,,,ALTO,ALTO,83.3,153.0,False,False,ALERTA — REVISIÓN HUMANA,['Cliente no encontrado en el maestro SUNAT (001_TBL_CLIENTES_B2B) -- no se puede validar SUNAT/Osiptel para este RUC.'],6,Contacto proactivo antes del vencimiento + oferta de plan de pago fraccionado; escalar a gestor de cuenta senior.
2018414664,CLIENT_00400,LIMA,Lima,San Martín de Porres,SIN_HISTORIAL_DE_FACTURACION,,,,,True,OK,[],0,
2018418143,,,,,SIN_HISTORIAL_DE_FACTURACION,,,,,False,ALERTA — REVISIÓN HUMANA,['Cliente no encontrado en el maestro SUNAT (001_TBL_CLIENTES_B2B) -- no se puede validar SUNAT/Osiptel para este RUC.'],0,
2018488844,CLIENT_00289,LIMA,Lima,Los Olivos,SIN_HISTORIAL_DE_FACTURACION,,,,,True,OK,[],0,
2018493281,,,,,SIN_HISTORIAL_DE_FACTURACION,,,,,False,ALERTA — REVISIÓN HUMANA,['Cliente no encontrado en el maestro SUNAT (001_TBL_CLIENTES_B2B) -- no se puede validar SUNAT/Osiptel para este RUC.'],0,
2018501249,CLIENT_00107,LIMA,Lima,Surquillo,ALTO,ALTO,16.0,16.0,False,True,OK,[],0,Contacto proactivo antes del vencimiento + oferta de plan de pago fraccionado; escalar a gestor de cuenta senior.
2018520480,,,,,SIN_HISTORIAL_DE_FACTURACION,,,,,False,ALERTA — REVISIÓN HUMANA,['Cliente no encontrado en el maestro SUNAT (001_TBL_CLIENTES_B2B) -- no se puede validar SUNAT/Osiptel para este RUC.'],0,
2018600493,,,,,SIN_HISTORIAL_DE_FACTURACION,,,,,False,ALERTA — REVISIÓN HUMANA,['Cliente no encontrado en el maestro SUNAT (001_TBL_CLIENTES_B2B) -- no se puede validar SUNAT/Osiptel para este RUC.'],0,
2018641079,,,,,SIN_HISTORIAL_DE_FACTURACION,,,,,False,ALERTA — REVISIÓN HUMANA,['Cliente no encontrado en el maestro SUNAT (001_TBL_CLIENTES_B2B) -- no se puede validar SUNAT/Osiptel para este RUC.'],0,
2018723284,,,,,BAJO,BAJO,-2.2,5.0,False,False,ALERTA — REVISIÓN HUMANA,['Cliente no encontrado en el maestro SUNAT (001_TBL_CLIENTES_B2B) -- no se puede validar SUNAT/Osiptel para este RUC.'],2,Mantener ciclo de facturación estándar; sin acción de cobranza adicional.
2018744971,CLIENT_00926,LIMA,Lima,Miraflores,SIN_HISTORIAL_DE_FACTURACION,,,,,True,OK,[],0,
2018747210,CLIENT_00014,LIMA,Lima,San Borja,SIN_HISTORIAL_DE_FACTURACION,,,,,True,OK,[],0,
2018749026,,,,,SIN_HISTORIAL_DE_FACTURACION,,,,,False,ALERTA — REVISIÓN HUMANA,['Cliente no encontrado en el maestro SUNAT (001_TBL_CLIENTES_B2B) -- no se puede validar SUNAT/Osiptel para este RUC.'],0,
2018849431,CLIENT_00586,LIMA,Lima,La Victoria,SIN_HISTORIAL_DE_FACTURACION,,,,,True,OK,[],0,
2018869042,,,,,SIN_HISTORIAL_DE_FACTURACION,,,,,False,ALERTA — REVISIÓN HUMANA,['Cliente no encontrado en el maestro SUNAT (001_TBL_CLIENTES_B2B) -- no se puede validar SUNAT/Osiptel para este RUC.'],0,
2018926826,,,,,SIN_HISTORIAL_DE_FACTURACION,,,,,False,ALERTA — REVISIÓN HUMANA,['Cliente no encontrado en el maestro SUNAT (001_TBL_CLIENTES_B2B) -- no se puede validar SUNAT/Osiptel para este RUC.'],0,
2019048758,,,,,SIN_HISTORIAL_DE_FACTURACION,,,,,False,ALERTA — REVISIÓN HUMANA,['Cliente no encontrado en el maestro SUNAT (001_TBL_CLIENTES_B2B) -- no se puede validar SUNAT/Osiptel para este RUC.'],0,
2019082094,,,,,SIN_HISTORIAL_DE_FACTURACION,,,,,False,ALERTA — REVISIÓN HUMANA,['Cliente no encontrado en el maestro SUNAT (001_TBL_CLIENTES_B2B) -- no se puede validar SUNAT/Osiptel para este RUC.'],0,
2019093346,,,,,SIN_HISTORIAL_DE_FACTURACION,,,,,False,ALERTA — REVISIÓN HUMANA,['Cliente no encontrado en el maestro SUNAT (001_TBL_CLIENTES_B2B) -- no se puede validar SUNAT/Osiptel para este RUC.'],0,
2019149973,,,,,SIN_HISTORIAL_DE_FACTURACION,,,,,False,ALERTA — REVISIÓN HUMANA,['Cliente no encontrado en el maestro SUNAT (001_TBL_CLIENTES_B2B) -- no se puede validar SUNAT/Osiptel para este RUC.'],0,
2019158786,,,,,SIN_HISTORIAL_DE_FACTURACION,,,,,False,ALERTA — REVISIÓN HUMANA,['Cliente no encontrado en el maestro SUNAT (001_TBL_CLIENTES_B2B) -- no se puede validar SUNAT/Osiptel para este RUC.'],0,
2019166681,,,,,SIN_HISTORIAL_DE_FACTURACION,,,,,False,ALERTA — REVISIÓN HUMANA,['Cliente no encontrado en el maestro SUNAT (001_TBL_CLIENTES_B2B) -- no se puede validar SUNAT/Osiptel para este RUC.'],0,
2019184037,,,,,SIN_HISTORIAL_DE_FACTURACION,,,,,False,ALERTA — REVISIÓN HUMANA,['Cliente no encontrado en el maestro SUNAT (001_TBL_CLIENTES_B2B) -- no se puede validar SUNAT/Osiptel para este RUC.'],0,
2019210260,CLIENT_00852,UCAYALI,Coronel Portillo,Calleria,BAJO,BAJO,0.5,3.0,False,True,OK,[],0,Mantener ciclo de facturación estándar; sin acción de cobranza adicional.
2019305208,,,,,SIN_HISTORIAL_DE_FACTURACION,,,,,False,ALERTA — REVISIÓN HUMANA,['Cliente no encontrado en el maestro SUNAT (001_TBL_CLIENTES_B2B) -- no se puede validar SUNAT/Osiptel para este RUC.'],0,
2019351028,,,,,BAJO,BAJO,-2.9,22.0,False,False,ALERTA — REVISIÓN HUMANA,['Cliente no encontrado en el maestro SUNAT (001_TBL_CLIENTES_B2B) -- no se puede validar SUNAT/Osiptel para este RUC.'],4,Mantener ciclo de facturación estándar; sin acción de cobranza adicional.
2019359725,,,,,SIN_HISTORIAL_DE_FACTURACION,,,,,False,ALERTA — REVISIÓN HUMANA,['Cliente no encontrado en el maestro SUNAT (001_TBL_CLIENTES_B2B) -- no se puede validar SUNAT/Osiptel para este RUC.'],0,
2019367288,,,,,SIN_HISTORIAL_DE_FACTURACION,,,,,False,ALERTA — REVISIÓN HUMANA,['Cliente no encontrado en el maestro SUNAT (001_TBL_CLIENTES_B2B) -- no se puede validar SUNAT/Osiptel para este RUC.'],0,
2019373121,,,,,BAJO,BAJO,2.5,3.0,True,False,ALERTA — REVISIÓN HUMANA,['Cliente no encontrado en el maestro SUNAT (001_TBL_CLIENTES_B2B) -- no se puede validar SUNAT/Osiptel para este RUC.'],0,Mantener ciclo de facturación estándar; sin acción de cobranza adicional.
2019376201,,,,,SIN_HISTORIAL_DE_FACTURACION,,,,,False,ALERTA — REVISIÓN HUMANA,['Cliente no encontrado en el maestro SUNAT (001_TBL_CLIENTES_B2B) -- no se puede validar SUNAT/Osiptel para este RUC.'],0,
2019455714,CLIENT_00324,LIMA,Lima,Lince,BAJO,BAJO,-13.0,-12.0,False,True,OK,[],0,Mantener ciclo de facturación estándar; sin acción de cobranza adicional.
2019485841,,,,,SIN_HISTORIAL_DE_FACTURACION,,,,,False,ALERTA — REVISIÓN HUMANA,['Cliente no encontrado en el maestro SUNAT (001_TBL_CLIENTES_B2B) -- no se puede validar SUNAT/Osiptel para este RUC.'],0,
2019512986,,,,,SIN_HISTORIAL_DE_FACTURACION,,,,,False,ALERTA — REVISIÓN HUMANA,['Cliente no encontrado en el maestro SUNAT (001_TBL_CLIENTES_B2B) -- no se puede validar SUNAT/Osiptel para este RUC.'],0,
2019530122,CLIENT_00047,LIMA,Lima,San Isidro,BAJO,BAJO,4.5,7.0,False,True,OK,[],1,Mantener ciclo de facturación estándar; sin acción de cobranza adicional.
2019557133,,,,,SIN_HISTORIAL_DE_FACTURACION,,,,,False,ALERTA — REVISIÓN HUMANA,['Cliente no encontrado en el maestro SUNAT (001_TBL_CLIENTES_B2B) -- no se puede validar SUNAT/Osiptel para este RUC.'],0,
2019605219,CLIENT_00561,LIMA,Lima,Santiago de Surco,BAJO,BAJO,2.7,62.0,False,True,OK,[],3,Mantener ciclo de facturación estándar; sin acción de cobranza adicional.
2019606099,,,,,SIN_HISTORIAL_DE_FACTURACION,,,,,False,ALERTA — REVISIÓN HUMANA,['Cliente no encontrado en el maestro SUNAT (001_TBL_CLIENTES_B2B) -- no se puede validar SUNAT/Osiptel para este RUC.'],0,
2019631648,,,,,SIN_HISTORIAL_DE_FACTURACION,,,,,False,ALERTA — REVISIÓN HUMANA,['Cliente no encontrado en el maestro SUNAT (001_TBL_CLIENTES_B2B) -- no se puede validar SUNAT/Osiptel para este RUC.'],0,
2019723913,,,,,SIN_HISTORIAL_DE_FACTURACION,,,,,False,ALERTA — REVISIÓN HUMANA,['Cliente no encontrado en el maestro SUNAT (001_TBL_CLIENTES_B2B) -- no se puede validar SUNAT/Osiptel para este RUC.'],0,
2019726332,CLIENT_00111,LIMA,Lima,San Martín de Porres,SIN_HISTORIAL_DE_FACTURACION,,,,,True,OK,[],0,
2019768204,,,,,SIN_HISTORIAL_DE_FACTURACION,,,,,False,ALERTA — REVISIÓN HUMANA,['Cliente no encontrado en el maestro SUNAT (001_TBL_CLIENTES_B2B) -- no se puede validar SUNAT/Osiptel para este RUC.'],0,
2019848889,,,,,BAJO,BAJO,3.0,3.0,False,False,ALERTA — REVISIÓN HUMANA,['Cliente no encontrado en el maestro SUNAT (001_TBL_CLIENTES_B2B) -- no se puede validar SUNAT/Osiptel para este RUC.'],0,Mantener ciclo de facturación estándar; sin acción de cobranza adicional.
2019866741,,,,,SIN_HISTORIAL_DE_FACTURACION,,,,,False,ALERTA — REVISIÓN HUMANA,['Cliente no encontrado en el maestro SUNAT (001_TBL_CLIENTES_B2B) -- no se puede validar SUNAT/Osiptel para este RUC.'],0,
2019876876,,,,,BAJO,BAJO,4.9,103.0,False,False,ALERTA — REVISIÓN HUMANA,['Cliente no encontrado en el maestro SUNAT (001_TBL_CLIENTES_B2B) -- no se puede validar SUNAT/Osiptel para este RUC.'],2,Mantener ciclo de facturación estándar; sin acción de cobranza adicional.
2019882871,,,,,SIN_HISTORIAL_DE_FACTURACION,,,,,False,ALERTA — REVISIÓN HUMANA,['Cliente no encontrado en el maestro SUNAT (001_TBL_CLIENTES_B2B) -- no se puede validar SUNAT/Osiptel para este RUC.'],0,
2019952558,,,,,SIN_HISTORIAL_DE_FACTURACION,,,,,False,ALERTA — REVISIÓN HUMANA,['Cliente no encontrado en el maestro SUNAT (001_TBL_CLIENTES_B2B) -- no se puede validar SUNAT/Osiptel para este RUC.'],0,
2020052100,CLIENT_00534,LIMA,Lima,Lima,SIN_HISTORIAL_DE_FACTURACION,,,,,True,OK,[],0,
2020101848,,,,,SIN_HISTORIAL_DE_FACTURACION,,,,,False,ALERTA — REVISIÓN HUMANA,['Cliente no encontrado en el maestro SUNAT (001_TBL_CLIENTES_B2B) -- no se puede validar SUNAT/Osiptel para este RUC.'],0,
2020143008,,,,,BAJO,BAJO,-5.0,6.0,False,False,ALERTA — REVISIÓN HUMANA,['Cliente no encontrado en el maestro SUNAT (001_TBL_CLIENTES_B2B) -- no se puede validar SUNAT/Osiptel para este RUC.'],2,Mantener ciclo de facturación estándar; sin acción de cobranza adicional.
2020144339,,,,,SIN_HISTORIAL_DE_FACTURACION,,,,,False,ALERTA — REVISIÓN HUMANA,['Cliente no encontrado en el maestro SUNAT (001_TBL_CLIENTES_B2B) -- no se puede validar SUNAT/Osiptel para este RUC.'],0,
2020228816,CLIENT_00854,LIMA,Barranca,Barranca,SIN_HISTORIAL_DE_FACTURACION,,,,,True,OK,[],0,
2020274387,CLIENT_00535,LIMA,Lima,Santiago de Surco,BAJO,BAJO,-6.3,-2.0,False,True,OK,[],3,Mantener ciclo de facturación estándar; sin acción de cobranza adicional.
2020328731,,,,,SIN_HISTORIAL_DE_FACTURACION,,,,,False,ALERTA — REVISIÓN HUMANA,['Cliente no encontrado en el maestro SUNAT (001_TBL_CLIENTES_B2B) -- no se puede validar SUNAT/Osiptel para este RUC.'],0,
2020514932,CLIENT_00614,LIMA,Lima,Chorrillos,ALTO,ALTO,35.0,99.0,False,True,OK,[],1,Contacto proactivo antes del vencimiento + oferta de plan de pago fraccionado; escalar a gestor de cuenta senior.
2020520778,,,,,SIN_HISTORIAL_DE_FACTURACION,,,,,False,ALERTA — REVISIÓN HUMANA,['Cliente no encontrado en el maestro SUNAT (001_TBL_CLIENTES_B2B) -- no se puede validar SUNAT/Osiptel para este RUC.'],0,
2020563570,,,,,SIN_HISTORIAL_DE_FACTURACION,,,,,False,ALERTA — REVISIÓN HUMANA,['Cliente no encontrado en el maestro SUNAT (001_TBL_CLIENTES_B2B) -- no se puede validar SUNAT/Osiptel para este RUC.'],0,
2020585312,CLIENT_00189,AREQUIPA,Arequipa,Jacobo Hunter,BAJO,BAJO,5.0,7.0,False,True,OK,[],4,Mantener ciclo de facturación estándar; sin acción de cobranza adicional.
2020587286,,,,,BAJO,BAJO,-0.2,4.0,False,False,ALERTA — REVISIÓN HUMANA,['Cliente no encontrado en el maestro SUNAT (001_TBL_CLIENTES_B2B) -- no se puede validar SUNAT/Osiptel para este RUC.'],0,Mantener ciclo de facturación estándar; sin acción de cobranza adicional.
2020614360,,,,,SIN_HISTORIAL_DE_FACTURACION,,,,,False,ALERTA — REVISIÓN HUMANA,['Cliente no encontrado en el maestro SUNAT (001_TBL_CLIENTES_B2B) -- no se puede validar SUNAT/Osiptel para este RUC.'],0,
2020666780,,,,,SIN_HISTORIAL_DE_FACTURACION,,,,,False,ALERTA — REVISIÓN HUMANA,['Cliente no encontrado en el maestro SUNAT (001_TBL_CLIENTES_B2B) -- no se puede validar SUNAT/Osiptel para este RUC.'],0,
2020725590,CLIENT_00706,JUNIN,Huancayo,Huancayo,SIN_HISTORIAL_DE_FACTURACION,,,,,True,OK,[],0,
2020787796,,,,,SIN_HISTORIAL_DE_FACTURACION,,,,,False,ALERTA — REVISIÓN HUMANA,['Cliente no encontrado en el maestro SUNAT (001_TBL_CLIENTES_B2B) -- no se puede validar SUNAT/Osiptel para este RUC.'],0,
2020804664,,,,,SIN_HISTORIAL_DE_FACTURACION,,,,,False,ALERTA — REVISIÓN HUMANA,['Cliente no encontrado en el maestro SUNAT (001_TBL_CLIENTES_B2B) -- no se puede validar SUNAT/Osiptel para este RUC.'],0,
2020819684,,,,,SIN_HISTORIAL_DE_FACTURACION,,,,,False,ALERTA — REVISIÓN HUMANA,['Cliente no encontrado en el maestro SUNAT (001_TBL_CLIENTES_B2B) -- no se puede validar SUNAT/Osiptel para este RUC.'],0,
2020895487,,,,,SIN_HISTORIAL_DE_FACTURACION,,,,,False,ALERTA — REVISIÓN HUMANA,['Cliente no encontrado en el maestro SUNAT (001_TBL_CLIENTES_B2B) -- no se puede validar SUNAT/Osiptel para este RUC.'],0,
2020901478,CLIENT_00179,UCAYALI,Coronel Portillo,Manantay,SIN_HISTORIAL_DE_FACTURACION,,,,,True,OK,[],0,
2020933053,,,,,BAJO,BAJO,3.0,4.0,False,False,ALERTA — REVISIÓN HUMANA,['Cliente no encontrado en el maestro SUNAT (001_TBL_CLIENTES_B2B) -- no se puede validar SUNAT/Osiptel para este RUC.'],0,Mantener ciclo de facturación estándar; sin acción de cobranza adicional.
2020940853,,,,,SIN_HISTORIAL_DE_FACTURACION,,,,,False,ALERTA — REVISIÓN HUMANA,['Cliente no encontrado en el maestro SUNAT (001_TBL_CLIENTES_B2B) -- no se puede validar SUNAT/Osiptel para este RUC.'],0,
2020947684,,,,,SIN_HISTORIAL_DE_FACTURACION,,,,,False,ALERTA — REVISIÓN HUMANA,['Cliente no encontrado en el maestro SUNAT (001_TBL_CLIENTES_B2B) -- no se puede validar SUNAT/Osiptel para este RUC.'],0,
2020981449,,,,,SIN_HISTORIAL_DE_FACTURACION,,,,,False,ALERTA — REVISIÓN HUMANA,['Cliente no encontrado en el maestro SUNAT (001_TBL_CLIENTES_B2B) -- no se puede validar SUNAT/Osiptel para este RUC.'],0,
2020993563,,,,,SIN_HISTORIAL_DE_FACTURACION,,,,,False,ALERTA — REVISIÓN HUMANA,['Cliente no encontrado en el maestro SUNAT (001_TBL_CLIENTES_B2B) -- no se puede validar SUNAT/Osiptel para este RUC.'],0,
2021006699,,,,,SIN_HISTORIAL_DE_FACTURACION,,,,,False,ALERTA — REVISIÓN HUMANA,['Cliente no encontrado en el maestro SUNAT (001_TBL_CLIENTES_B2B) -- no se puede validar SUNAT/Osiptel para este RUC.'],0,
2021032699,,,,,BAJO,BAJO,-1.0,2.0,False,False,ALERTA — REVISIÓN HUMANA,['Cliente no encontrado en el maestro SUNAT (001_TBL_CLIENTES_B2B) -- no se puede validar SUNAT/Osiptel para este RUC.'],0,Mantener ciclo de facturación estándar; sin acción de cobranza adicional.
2021051845,,,,,SIN_HISTORIAL_DE_FACTURACION,,,,,False,ALERTA — REVISIÓN HUMANA,['Cliente no encontrado en el maestro SUNAT (001_TBL_CLIENTES_B2B) -- no se puede validar SUNAT/Osiptel para este RUC.'],0,
2021055432,,,,,SIN_HISTORIAL_DE_FACTURACION,,,,,False,ALERTA — REVISIÓN HUMANA,['Cliente no encontrado en el maestro SUNAT (001_TBL_CLIENTES_B2B) -- no se puede validar SUNAT/Osiptel para este RUC.'],0,
2021159453,CLIENT_00381,LIMA,Lima,Santa Anita,BAJO,BAJO,1.5,3.0,True,True,OK,[],2,Mantener ciclo de facturación estándar; sin acción de cobranza adicional.
2021165059,,,,,SIN_HISTORIAL_DE_FACTURACION,,,,,False,ALERTA — REVISIÓN HUMANA,['Cliente no encontrado en el maestro SUNAT (001_TBL_CLIENTES_B2B) -- no se puede validar SUNAT/Osiptel para este RUC.'],0,
2021187015,CLIENT_00146,UCAYALI,Coronel Portillo,Calleria,ALTO,,,,,True,ALERTA — REVISIÓN HUMANA,['Todas sus líneas (fija/móvil) están inactivas o suspendidas'],0,
2021241631,,,,,SIN_HISTORIAL_DE_FACTURACION,,,,,False,ALERTA — REVISIÓN HUMANA,['Cliente no encontrado en el maestro SUNAT (001_TBL_CLIENTES_B2B) -- no se puede validar SUNAT/Osiptel para este RUC.'],0,
2021245754,CLIENT_00454,LA LIBERTAD,Trujillo,Trujillo,ALTO,ALTO,18.0,18.0,False,True,OK,[],1,Contacto proactivo antes del vencimiento + oferta de plan de pago fraccionado; escalar a gestor de cuenta senior.
2021250702,CLIENT_00176,LIMA,Lima,Magdalena del Mar,BAJO,BAJO,-11.5,-10.0,False,True,OK,[],0,Mantener ciclo de facturación estándar; sin acción de cobranza adicional.
2021252272,CLIENT_00845,LIMA,Lima,San Isidro,MEDIO,MEDIO,6.3,18.0,False,True,OK,[],1,Recordatorio automático 5 días antes del vencimiento por correo/WhatsApp; sin escalamiento humano todavía.
2021259203,,,,,ALTO,ALTO,18.3,23.0,False,False,ALERTA — REVISIÓN HUMANA,['Cliente no encontrado en el maestro SUNAT (001_TBL_CLIENTES_B2B) -- no se puede validar SUNAT/Osiptel para este RUC.'],2,Contacto proactivo antes del vencimiento + oferta de plan de pago fraccionado; escalar a gestor de cuenta senior.
2021268298,,,,,SIN_HISTORIAL_DE_FACTURACION,,,,,False,ALERTA — REVISIÓN HUMANA,['Cliente no encontrado en el maestro SUNAT (001_TBL_CLIENTES_B2B) -- no se puede validar SUNAT/Osiptel para este RUC.'],0,
2021407426,,,,,SIN_HISTORIAL_DE_FACTURACION,,,,,False,ALERTA — REVISIÓN HUMANA,['Cliente no encontrado en el maestro SUNAT (001_TBL_CLIENTES_B2B) -- no se puede validar SUNAT/Osiptel para este RUC.'],0,
2021451684,,,,,SIN_HISTORIAL_DE_FACTURACION,,,,,False,ALERTA — REVISIÓN HUMANA,['Cliente no encontrado en el maestro SUNAT (001_TBL_CLIENTES_B2B) -- no se puede validar SUNAT/Osiptel para este RUC.'],0,
2021478490,,,,,SIN_HISTORIAL_DE_FACTURACION,,,,,False,ALERTA — REVISIÓN HUMANA,['Cliente no encontrado en el maestro SUNAT (001_TBL_CLIENTES_B2B) -- no se puede validar SUNAT/Osiptel para este RUC.'],0,
2021494556,,,,,SIN_HISTORIAL_DE_FACTURACION,,,,,False,ALERTA — REVISIÓN HUMANA,['Cliente no encontrado en el maestro SUNAT (001_TBL_CLIENTES_B2B) -- no se puede validar SUNAT/Osiptel para este RUC.'],0,
2021496960,CLIENT_00814,AREQUIPA,Arequipa,Yanahuara,SIN_HISTORIAL_DE_FACTURACION,,,,,True,OK,[],0,
2021499369,,,,,SIN_HISTORIAL_DE_FACTURACION,,,,,False,ALERTA — REVISIÓN HUMANA,['Cliente no encontrado en el maestro SUNAT (001_TBL_CLIENTES_B2B) -- no se puede validar SUNAT/Osiptel para este RUC.'],0,
2021512749,,,,,SIN_HISTORIAL_DE_FACTURACION,,,,,False,ALERTA — REVISIÓN HUMANA,['Cliente no encontrado en el maestro SUNAT (001_TBL_CLIENTES_B2B) -- no se puede validar SUNAT/Osiptel para este RUC.'],0,
2021524934,,,,,SIN_HISTORIAL_DE_FACTURACION,,,,,False,ALERTA — REVISIÓN HUMANA,['Cliente no encontrado en el maestro SUNAT (001_TBL_CLIENTES_B2B) -- no se puede validar SUNAT/Osiptel para este RUC.'],0,
2021555441,,,,,SIN_HISTORIAL_DE_FACTURACION,,,,,False,ALERTA — REVISIÓN HUMANA,['Cliente no encontrado en el maestro SUNAT (001_TBL_CLIENTES_B2B) -- no se puede validar SUNAT/Osiptel para este RUC.'],0,
2021563134,CLIENT_00471,PUNO,San Román,Juliaca,BAJO,BAJO,-5.0,4.0,False,True,OK,[],0,Mantener ciclo de facturación estándar; sin acción de cobranza adicional.
2021595413,,,,,BAJO,BAJO,-11.5,-11.0,False,False,ALERTA — REVISIÓN HUMANA,['Cliente no encontrado en el maestro SUNAT (001_TBL_CLIENTES_B2B) -- no se puede validar SUNAT/Osiptel para este RUC.'],0,Mantener ciclo de facturación estándar; sin acción de cobranza adicional.
2021603724,,,,,SIN_HISTORIAL_DE_FACTURACION,,,,,False,ALERTA — REVISIÓN HUMANA,['Cliente no encontrado en el maestro SUNAT (001_TBL_CLIENTES_B2B) -- no se puede validar SUNAT/Osiptel para este RUC.'],0,
2021648962,,,,,SIN_HISTORIAL_DE_FACTURACION,,,,,False,ALERTA — REVISIÓN HUMANA,['Cliente no encontrado en el maestro SUNAT (001_TBL_CLIENTES_B2B) -- no se puede validar SUNAT/Osiptel para este RUC.'],0,
2021652039,CLIENT_00067,LA LIBERTAD,Trujillo,Trujillo,SIN_HISTORIAL_DE_FACTURACION,,,,,True,OK,[],0,
2021660305,CLIENT_00332,LIMA,Lima,Magdalena del Mar,BAJO,BAJO,1.0,2.0,False,True,OK,[],0,Mantener ciclo de facturación estándar; sin acción de cobranza adicional.
2021705119,CLIENT_00201,CAJAMARCA,Cajamarca,Cajamarca,MEDIO,MEDIO,10.0,13.0,False,True,OK,[],0,Recordatorio automático 5 días antes del vencimiento por correo/WhatsApp; sin escalamiento humano todavía.
2021717009,CLIENT_00572,JUNIN,Huancayo,El Tambo,BAJO,BAJO,4.0,4.0,False,True,OK,[],0,Mantener ciclo de facturación estándar; sin acción de cobranza adicional.
2021730606,,,,,SIN_HISTORIAL_DE_FACTURACION,,,,,False,ALERTA — REVISIÓN HUMANA,['Cliente no encontrado en el maestro SUNAT (001_TBL_CLIENTES_B2B) -- no se puede validar SUNAT/Osiptel para este RUC.'],0,
2021770000,,,,,SIN_HISTORIAL_DE_FACTURACION,,,,,False,ALERTA — REVISIÓN HUMANA,['Cliente no encontrado en el maestro SUNAT (001_TBL_CLIENTES_B2B) -- no se puede validar SUNAT/Osiptel para este RUC.'],0,
2021869954,CLIENT_00918,PUNO,San Román,Juliaca,ALTO,ALTO,23.5,27.0,False,True,OK,[],2,Contacto proactivo antes del vencimiento + oferta de plan de pago fraccionado; escalar a gestor de cuenta senior.
2021873800,,,,,SIN_HISTORIAL_DE_FACTURACION,,,,,False,ALERTA — REVISIÓN HUMANA,['Cliente no encontrado en el maestro SUNAT (001_TBL_CLIENTES_B2B) -- no se puede validar SUNAT/Osiptel para este RUC.'],0,
2021925388,,,,,SIN_HISTORIAL_DE_FACTURACION,,,,,False,ALERTA — REVISIÓN HUMANA,['Cliente no encontrado en el maestro SUNAT (001_TBL_CLIENTES_B2B) -- no se puede validar SUNAT/Osiptel para este RUC.'],0,
2021938090,,,,,SIN_HISTORIAL_DE_FACTURACION,,,,,False,ALERTA — REVISIÓN HUMANA,['Cliente no encontrado en el maestro SUNAT (001_TBL_CLIENTES_B2B) -- no se puede validar SUNAT/Osiptel para este RUC.'],0,
2021938344,,,,,SIN_HISTORIAL_DE_FACTURACION,,,,,False,ALERTA — REVISIÓN HUMANA,['Cliente no encontrado en el maestro SUNAT (001_TBL_CLIENTES_B2B) -- no se puede validar SUNAT/Osiptel para este RUC.'],0,
2021963014,,,,,BAJO,BAJO,-3.7,1.0,False,False,ALERTA — REVISIÓN HUMANA,['Cliente no encontrado en el maestro SUNAT (001_TBL_CLIENTES_B2B) -- no se puede validar SUNAT/Osiptel para este RUC.'],0,Mantener ciclo de facturación estándar; sin acción de cobranza adicional.
2022003134,,,,,SIN_HISTORIAL_DE_FACTURACION,,,,,False,ALERTA — REVISIÓN HUMANA,['Cliente no encontrado en el maestro SUNAT (001_TBL_CLIENTES_B2B) -- no se puede validar SUNAT/Osiptel para este RUC.'],0,
2022007312,,,,,SIN_HISTORIAL_DE_FACTURACION,,,,,False,ALERTA — REVISIÓN HUMANA,['Cliente no encontrado en el maestro SUNAT (001_TBL_CLIENTES_B2B) -- no se puede validar SUNAT/Osiptel para este RUC.'],0,
2022081722,,,,,SIN_HISTORIAL_DE_FACTURACION,,,,,False,ALERTA — REVISIÓN HUMANA,['Cliente no encontrado en el maestro SUNAT (001_TBL_CLIENTES_B2B) -- no se puede validar SUNAT/Osiptel para este RUC.'],0,
2022095080,CLIENT_00127,LIMA,Lima,Miraflores,SIN_HISTORIAL_DE_FACTURACION,,,,,True,OK,[],0,
2022142260,,,,,SIN_HISTORIAL_DE_FACTURACION,,,,,False,ALERTA — REVISIÓN HUMANA,['Cliente no encontrado en el maestro SUNAT (001_TBL_CLIENTES_B2B) -- no se puede validar SUNAT/Osiptel para este RUC.'],0,
2022185321,,,,,SIN_HISTORIAL_DE_FACTURACION,,,,,False,ALERTA — REVISIÓN HUMANA,['Cliente no encontrado en el maestro SUNAT (001_TBL_CLIENTES_B2B) -- no se puede validar SUNAT/Osiptel para este RUC.'],0,
2022190206,CLIENT_00446,LIMA,Lima,Surquillo,ALTO,BAJO,-4.7,6.0,False,True,ALERTA — REVISIÓN HUMANA,"['SUNAT_ESTADO_RUC=NO HABIDO (no HABIDO)', 'SUNAT_ESTADO_CONTRIBUYENTE=BAJA DE OFICIO (no ACTIVO)']",2,Mantener ciclo de facturación estándar; sin acción de cobranza adicional.
2022213767,CLIENT_00116,LIMA,Lima,San Isidro,BAJO,BAJO,-3.5,0.0,True,True,OK,[],0,Mantener ciclo de facturación estándar; sin acción de cobranza adicional.
2022229326,,,,,SIN_HISTORIAL_DE_FACTURACION,,,,,False,ALERTA — REVISIÓN HUMANA,['Cliente no encontrado en el maestro SUNAT (001_TBL_CLIENTES_B2B) -- no se puede validar SUNAT/Osiptel para este RUC.'],0,
2022303252,,,,,SIN_HISTORIAL_DE_FACTURACION,,,,,False,ALERTA — REVISIÓN HUMANA,['Cliente no encontrado en el maestro SUNAT (001_TBL_CLIENTES_B2B) -- no se puede validar SUNAT/Osiptel para este RUC.'],0,
2022314663,,,,,SIN_HISTORIAL_DE_FACTURACION,,,,,False,ALERTA — REVISIÓN HUMANA,['Cliente no encontrado en el maestro SUNAT (001_TBL_CLIENTES_B2B) -- no se puede validar SUNAT/Osiptel para este RUC.'],0,
2022356488,,,,,SIN_HISTORIAL_DE_FACTURACION,,,,,False,ALERTA — REVISIÓN HUMANA,['Cliente no encontrado en el maestro SUNAT (001_TBL_CLIENTES_B2B) -- no se puede validar SUNAT/Osiptel para este RUC.'],0,
2022401934,,,,,SIN_HISTORIAL_DE_FACTURACION,,,,,False,ALERTA — REVISIÓN HUMANA,['Cliente no encontrado en el maestro SUNAT (001_TBL_CLIENTES_B2B) -- no se puede validar SUNAT/Osiptel para este RUC.'],0,
2022413606,,,,,BAJO,BAJO,0.3,10.0,False,False,ALERTA — REVISIÓN HUMANA,['Cliente no encontrado en el maestro SUNAT (001_TBL_CLIENTES_B2B) -- no se puede validar SUNAT/Osiptel para este RUC.'],3,Mantener ciclo de facturación estándar; sin acción de cobranza adicional.
2022417559,,,,,SIN_HISTORIAL_DE_FACTURACION,,,,,False,ALERTA — REVISIÓN HUMANA,['Cliente no encontrado en el maestro SUNAT (001_TBL_CLIENTES_B2B) -- no se puede validar SUNAT/Osiptel para este RUC.'],0,
2022543695,CLIENT_00820,LIMA,Lima,El Agustino,BAJO,BAJO,-4.5,-1.0,True,True,OK,[],0,Mantener ciclo de facturación estándar; sin acción de cobranza adicional.
2022564061,,,,,SIN_HISTORIAL_DE_FACTURACION,,,,,False,ALERTA — REVISIÓN HUMANA,['Cliente no encontrado en el maestro SUNAT (001_TBL_CLIENTES_B2B) -- no se puede validar SUNAT/Osiptel para este RUC.'],0,
2022589688,CLIENT_00286,UCAYALI,Coronel Portillo,Calleria,BAJO,BAJO,1.0,1.0,False,True,OK,[],0,Mantener ciclo de facturación estándar; sin acción de cobranza adicional.
2022642503,CLIENT_00537,LIMA,Lima,Ate,ALTO,BAJO,-10.5,-7.0,False,True,ALERTA — REVISIÓN HUMANA,['SUNAT_ESTADO_CONTRIBUYENTE=BAJA DE OFICIO (no ACTIVO)'],0,Mantener ciclo de facturación estándar; sin acción de cobranza adicional.
2022643357,CLIENT_00298,AREQUIPA,Arequipa,Arequipa,SIN_HISTORIAL_DE_FACTURACION,,,,,True,OK,[],0,
2022677765,CLIENT_00939,JUNIN,Tarma,Tarma,SIN_HISTORIAL_DE_FACTURACION,,,,,True,OK,[],0,
2022681851,CLIENT_00304,LIMA,Lima,Surquillo,ALTO,BAJO,-11.0,-10.0,False,True,ALERTA — REVISIÓN HUMANA,['SUNAT_ESTADO_CONTRIBUYENTE=BAJA DE OFICIO (no ACTIVO)'],0,Mantener ciclo de facturación estándar; sin acción de cobranza adicional.
2022833976,,,,,SIN_HISTORIAL_DE_FACTURACION,,,,,False,ALERTA — REVISIÓN HUMANA,['Cliente no encontrado en el maestro SUNAT (001_TBL_CLIENTES_B2B) -- no se puede validar SUNAT/Osiptel para este RUC.'],0,
2022834796,,,,,SIN_HISTORIAL_DE_FACTURACION,,,,,False,ALERTA — REVISIÓN HUMANA,['Cliente no encontrado en el maestro SUNAT (001_TBL_CLIENTES_B2B) -- no se puede validar SUNAT/Osiptel para este RUC.'],0,
2022870969,,,,,SIN_HISTORIAL_DE_FACTURACION,,,,,False,ALERTA — REVISIÓN HUMANA,['Cliente no encontrado en el maestro SUNAT (001_TBL_CLIENTES_B2B) -- no se puede validar SUNAT/Osiptel para este RUC.'],0,
2022887994,,,,,BAJO,BAJO,-1.2,9.0,False,False,ALERTA — REVISIÓN HUMANA,['Cliente no encontrado en el maestro SUNAT (001_TBL_CLIENTES_B2B) -- no se puede validar SUNAT/Osiptel para este RUC.'],2,Mantener ciclo de facturación estándar; sin acción de cobranza adicional.
2022902654,,,,,SIN_HISTORIAL_DE_FACTURACION,,,,,False,ALERTA — REVISIÓN HUMANA,['Cliente no encontrado en el maestro SUNAT (001_TBL_CLIENTES_B2B) -- no se puede validar SUNAT/Osiptel para este RUC.'],0,
2022904680,,,,,BAJO,BAJO,-10.5,-4.0,False,False,ALERTA — REVISIÓN HUMANA,['Cliente no encontrado en el maestro SUNAT (001_TBL_CLIENTES_B2B) -- no se puede validar SUNAT/Osiptel para este RUC.'],0,Mantener ciclo de facturación estándar; sin acción de cobranza adicional.
2022935188,CLIENT_00157,UCAYALI,Coronel Portillo,Calleria,SIN_HISTORIAL_DE_FACTURACION,,,,,True,OK,[],0,
2022938934,,,,,SIN_HISTORIAL_DE_FACTURACION,,,,,False,ALERTA — REVISIÓN HUMANA,['Cliente no encontrado en el maestro SUNAT (001_TBL_CLIENTES_B2B) -- no se puede validar SUNAT/Osiptel para este RUC.'],0,
2022944152,,,,,SIN_HISTORIAL_DE_FACTURACION,,,,,False,ALERTA — REVISIÓN HUMANA,['Cliente no encontrado en el maestro SUNAT (001_TBL_CLIENTES_B2B) -- no se puede validar SUNAT/Osiptel para este RUC.'],0,
2022975433,,,,,SIN_HISTORIAL_DE_FACTURACION,,,,,False,ALERTA — REVISIÓN HUMANA,['Cliente no encontrado en el maestro SUNAT (001_TBL_CLIENTES_B2B) -- no se puede validar SUNAT/Osiptel para este RUC.'],0,
2022997625,CLIENT_00266,LIMA,Lima,Lurigancho,SIN_HISTORIAL_DE_FACTURACION,,,,,True,OK,[],0,
2023009780,,,,,BAJO,BAJO,2.0,21.0,False,False,ALERTA — REVISIÓN HUMANA,['Cliente no encontrado en el maestro SUNAT (001_TBL_CLIENTES_B2B) -- no se puede validar SUNAT/Osiptel para este RUC.'],1,Mantener ciclo de facturación estándar; sin acción de cobranza adicional.
2023046832,,,,,SIN_HISTORIAL_DE_FACTURACION,,,,,False,ALERTA — REVISIÓN HUMANA,['Cliente no encontrado en el maestro SUNAT (001_TBL_CLIENTES_B2B) -- no se puede validar SUNAT/Osiptel para este RUC.'],0,
2023069392,,,,,SIN_HISTORIAL_DE_FACTURACION,,,,,False,ALERTA — REVISIÓN HUMANA,['Cliente no encontrado en el maestro SUNAT (001_TBL_CLIENTES_B2B) -- no se puede validar SUNAT/Osiptel para este RUC.'],0,
2023093512,,,,,BAJO,BAJO,-6.5,7.0,False,False,ALERTA — REVISIÓN HUMANA,['Cliente no encontrado en el maestro SUNAT (001_TBL_CLIENTES_B2B) -- no se puede validar SUNAT/Osiptel para este RUC.'],2,Mantener ciclo de facturación estándar; sin acción de cobranza adicional.
2023119208,CLIENT_00003,LIMA,Lima,Ate,SIN_HISTORIAL_DE_FACTURACION,,,,,True,OK,[],0,
2023148141,,,,,SIN_HISTORIAL_DE_FACTURACION,,,,,False,ALERTA — REVISIÓN HUMANA,['Cliente no encontrado en el maestro SUNAT (001_TBL_CLIENTES_B2B) -- no se puede validar SUNAT/Osiptel para este RUC.'],0,
2023159281,,,,,SIN_HISTORIAL_DE_FACTURACION,,,,,False,ALERTA — REVISIÓN HUMANA,['Cliente no encontrado en el maestro SUNAT (001_TBL_CLIENTES_B2B) -- no se puede validar SUNAT/Osiptel para este RUC.'],0,
2023184952,,,,,MEDIO,MEDIO,11.3,30.0,False,False,ALERTA — REVISIÓN HUMANA,['Cliente no encontrado en el maestro SUNAT (001_TBL_CLIENTES_B2B) -- no se puede validar SUNAT/Osiptel para este RUC.'],1,Recordatorio automático 5 días antes del vencimiento por correo/WhatsApp; sin escalamiento humano todavía.
2023281496,,,,,MEDIO,MEDIO,9.2,23.0,False,False,ALERTA — REVISIÓN HUMANA,['Cliente no encontrado en el maestro SUNAT (001_TBL_CLIENTES_B2B) -- no se puede validar SUNAT/Osiptel para este RUC.'],0,Recordatorio automático 5 días antes del vencimiento por correo/WhatsApp; sin escalamiento humano todavía.
2023340622,,,,,SIN_HISTORIAL_DE_FACTURACION,,,,,False,ALERTA — REVISIÓN HUMANA,['Cliente no encontrado en el maestro SUNAT (001_TBL_CLIENTES_B2B) -- no se puede validar SUNAT/Osiptel para este RUC.'],0,
2023358876,,,,,SIN_HISTORIAL_DE_FACTURACION,,,,,False,ALERTA — REVISIÓN HUMANA,['Cliente no encontrado en el maestro SUNAT (001_TBL_CLIENTES_B2B) -- no se puede validar SUNAT/Osiptel para este RUC.'],0,
2023381522,CLIENT_00756,LIMA,Lima,San Isidro,SIN_HISTORIAL_DE_FACTURACION,,,,,True,OK,[],0,
2023405246,CLIENT_00909,LIMA,Lima,Jesús María,SIN_HISTORIAL_DE_FACTURACION,,,,,True,OK,[],0,
2023426928,,,,,SIN_HISTORIAL_DE_FACTURACION,,,,,False,ALERTA — REVISIÓN HUMANA,['Cliente no encontrado en el maestro SUNAT (001_TBL_CLIENTES_B2B) -- no se puede validar SUNAT/Osiptel para este RUC.'],0,
2023438934,,,,,SIN_HISTORIAL_DE_FACTURACION,,,,,False,ALERTA — REVISIÓN HUMANA,['Cliente no encontrado en el maestro SUNAT (001_TBL_CLIENTES_B2B) -- no se puede validar SUNAT/Osiptel para este RUC.'],0,
2023513125,,,,,SIN_HISTORIAL_DE_FACTURACION,,,,,False,ALERTA — REVISIÓN HUMANA,['Cliente no encontrado en el maestro SUNAT (001_TBL_CLIENTES_B2B) -- no se puede validar SUNAT/Osiptel para este RUC.'],0,
2023514077,,,,,SIN_HISTORIAL_DE_FACTURACION,,,,,False,ALERTA — REVISIÓN HUMANA,['Cliente no encontrado en el maestro SUNAT (001_TBL_CLIENTES_B2B) -- no se puede validar SUNAT/Osiptel para este RUC.'],0,
2023523525,,,,,SIN_HISTORIAL_DE_FACTURACION,,,,,False,ALERTA — REVISIÓN HUMANA,['Cliente no encontrado en el maestro SUNAT (001_TBL_CLIENTES_B2B) -- no se puede validar SUNAT/Osiptel para este RUC.'],0,
2023554395,CLIENT_00492,PIURA,Piura,Piura,ALTO,,,,,True,ALERTA — REVISIÓN HUMANA,['SUNAT_ESTADO_CONTRIBUYENTE=BAJA DE OFICIO (no ACTIVO)'],0,
2023560840,,,,,SIN_HISTORIAL_DE_FACTURACION,,,,,False,ALERTA — REVISIÓN HUMANA,['Cliente no encontrado en el maestro SUNAT (001_TBL_CLIENTES_B2B) -- no se puede validar SUNAT/Osiptel para este RUC.'],0,
2023592344,,,,,SIN_HISTORIAL_DE_FACTURACION,,,,,False,ALERTA — REVISIÓN HUMANA,['Cliente no encontrado en el maestro SUNAT (001_TBL_CLIENTES_B2B) -- no se puede validar SUNAT/Osiptel para este RUC.'],0,
2023717722,,,,,SIN_HISTORIAL_DE_FACTURACION,,,,,False,ALERTA — REVISIÓN HUMANA,['Cliente no encontrado en el maestro SUNAT (001_TBL_CLIENTES_B2B) -- no se puede validar SUNAT/Osiptel para este RUC.'],0,
2023718093,,,,,SIN_HISTORIAL_DE_FACTURACION,,,,,False,ALERTA — REVISIÓN HUMANA,['Cliente no encontrado en el maestro SUNAT (001_TBL_CLIENTES_B2B) -- no se puede validar SUNAT/Osiptel para este RUC.'],0,
2023740275,CLIENT_00569,LIMA,Lima,Ate,BAJO,BAJO,-11.0,-4.0,False,True,OK,[],0,Mantener ciclo de facturación estándar; sin acción de cobranza adicional.
2023744492,,,,,SIN_HISTORIAL_DE_FACTURACION,,,,,False,ALERTA — REVISIÓN HUMANA,['Cliente no encontrado en el maestro SUNAT (001_TBL_CLIENTES_B2B) -- no se puede validar SUNAT/Osiptel para este RUC.'],0,
2023761450,,,,,BAJO,BAJO,-5.0,-2.0,True,False,ALERTA — REVISIÓN HUMANA,['Cliente no encontrado en el maestro SUNAT (001_TBL_CLIENTES_B2B) -- no se puede validar SUNAT/Osiptel para este RUC.'],0,Mantener ciclo de facturación estándar; sin acción de cobranza adicional.
2023773061,,,,,BAJO,BAJO,-5.9,-3.0,True,False,ALERTA — REVISIÓN HUMANA,['Cliente no encontrado en el maestro SUNAT (001_TBL_CLIENTES_B2B) -- no se puede validar SUNAT/Osiptel para este RUC.'],0,Mantener ciclo de facturación estándar; sin acción de cobranza adicional.
2023790162,,,,,SIN_HISTORIAL_DE_FACTURACION,,,,,False,ALERTA — REVISIÓN HUMANA,['Cliente no encontrado en el maestro SUNAT (001_TBL_CLIENTES_B2B) -- no se puede validar SUNAT/Osiptel para este RUC.'],0,
2023799562,,,,,BAJO,BAJO,-8.0,-5.0,True,False,ALERTA — REVISIÓN HUMANA,['Cliente no encontrado en el maestro SUNAT (001_TBL_CLIENTES_B2B) -- no se puede validar SUNAT/Osiptel para este RUC.'],0,Mantener ciclo de facturación estándar; sin acción de cobranza adicional.
2023818414,,,,,SIN_HISTORIAL_DE_FACTURACION,,,,,False,ALERTA — REVISIÓN HUMANA,['Cliente no encontrado en el maestro SUNAT (001_TBL_CLIENTES_B2B) -- no se puede validar SUNAT/Osiptel para este RUC.'],0,
2023864744,,,,,SIN_HISTORIAL_DE_FACTURACION,,,,,False,ALERTA — REVISIÓN HUMANA,['Cliente no encontrado en el maestro SUNAT (001_TBL_CLIENTES_B2B) -- no se puede validar SUNAT/Osiptel para este RUC.'],0,
2023890762,,,,,SIN_HISTORIAL_DE_FACTURACION,,,,,False,ALERTA — REVISIÓN HUMANA,['Cliente no encontrado en el maestro SUNAT (001_TBL_CLIENTES_B2B) -- no se puede validar SUNAT/Osiptel para este RUC.'],0,
2023898118,,,,,SIN_HISTORIAL_DE_FACTURACION,,,,,False,ALERTA — REVISIÓN HUMANA,['Cliente no encontrado en el maestro SUNAT (001_TBL_CLIENTES_B2B) -- no se puede validar SUNAT/Osiptel para este RUC.'],0,
2023928319,,,,,SIN_HISTORIAL_DE_FACTURACION,,,,,False,ALERTA — REVISIÓN HUMANA,['Cliente no encontrado en el maestro SUNAT (001_TBL_CLIENTES_B2B) -- no se puede validar SUNAT/Osiptel para este RUC.'],0,
2023962514,,,,,SIN_HISTORIAL_DE_FACTURACION,,,,,False,ALERTA — REVISIÓN HUMANA,['Cliente no encontrado en el maestro SUNAT (001_TBL_CLIENTES_B2B) -- no se puede validar SUNAT/Osiptel para este RUC.'],0,
2023967163,CLIENT_00238,LIMA,Lima,Santiago de Surco,MEDIO,MEDIO,6.0,21.0,False,True,OK,[],1,Recordatorio automático 5 días antes del vencimiento por correo/WhatsApp; sin escalamiento humano todavía.
2024034048,,,,,SIN_HISTORIAL_DE_FACTURACION,,,,,False,ALERTA — REVISIÓN HUMANA,['Cliente no encontrado en el maestro SUNAT (001_TBL_CLIENTES_B2B) -- no se puede validar SUNAT/Osiptel para este RUC.'],0,
2024049593,,,,,BAJO,BAJO,4.5,16.0,False,False,ALERTA — REVISIÓN HUMANA,['Cliente no encontrado en el maestro SUNAT (001_TBL_CLIENTES_B2B) -- no se puede validar SUNAT/Osiptel para este RUC.'],1,Mantener ciclo de facturación estándar; sin acción de cobranza adicional.
2024088148,,,,,SIN_HISTORIAL_DE_FACTURACION,,,,,False,ALERTA — REVISIÓN HUMANA,['Cliente no encontrado en el maestro SUNAT (001_TBL_CLIENTES_B2B) -- no se puede validar SUNAT/Osiptel para este RUC.'],0,
2024136307,,,,,SIN_HISTORIAL_DE_FACTURACION,,,,,False,ALERTA — REVISIÓN HUMANA,['Cliente no encontrado en el maestro SUNAT (001_TBL_CLIENTES_B2B) -- no se puede validar SUNAT/Osiptel para este RUC.'],0,
2024168687,CLIENT_00698,JUNIN,Huancayo,El Tambo,MEDIO,MEDIO,11.0,12.0,False,True,OK,[],0,Recordatorio automático 5 días antes del vencimiento por correo/WhatsApp; sin escalamiento humano todavía.
2024177972,CLIENT_00132,LA LIBERTAD,Trujillo,Trujillo,BAJO,BAJO,3.0,5.0,False,True,OK,[],0,Mantener ciclo de facturación estándar; sin acción de cobranza adicional.
2024181924,CLIENT_00232,LIMA,Lima,Santiago de Surco,SIN_HISTORIAL_DE_FACTURACION,,,,,True,OK,[],0,
2024229967,,,,,BAJO,BAJO,2.5,3.0,False,False,ALERTA — REVISIÓN HUMANA,['Cliente no encontrado en el maestro SUNAT (001_TBL_CLIENTES_B2B) -- no se puede validar SUNAT/Osiptel para este RUC.'],1,Mantener ciclo de facturación estándar; sin acción de cobranza adicional.
2024249457,,,,,SIN_HISTORIAL_DE_FACTURACION,,,,,False,ALERTA — REVISIÓN HUMANA,['Cliente no encontrado en el maestro SUNAT (001_TBL_CLIENTES_B2B) -- no se puede validar SUNAT/Osiptel para este RUC.'],0,
2024257504,CLIENT_00509,LIMA,Lima,Lima,SIN_HISTORIAL_DE_FACTURACION,,,,,True,OK,[],0,
2024266925,,,,,SIN_HISTORIAL_DE_FACTURACION,,,,,False,ALERTA — REVISIÓN HUMANA,['Cliente no encontrado en el maestro SUNAT (001_TBL_CLIENTES_B2B) -- no se puede validar SUNAT/Osiptel para este RUC.'],0,
2024271553,,,,,SIN_HISTORIAL_DE_FACTURACION,,,,,False,ALERTA — REVISIÓN HUMANA,['Cliente no encontrado en el maestro SUNAT (001_TBL_CLIENTES_B2B) -- no se puede validar SUNAT/Osiptel para este RUC.'],0,
2024278239,,,,,SIN_HISTORIAL_DE_FACTURACION,,,,,False,ALERTA — REVISIÓN HUMANA,['Cliente no encontrado en el maestro SUNAT (001_TBL_CLIENTES_B2B) -- no se puede validar SUNAT/Osiptel para este RUC.'],0,
2024280784,CLIENT_00727,LA LIBERTAD,Trujillo,Trujillo,SIN_HISTORIAL_DE_FACTURACION,,,,,True,OK,[],0,
2024283985,,,,,SIN_HISTORIAL_DE_FACTURACION,,,,,False,ALERTA — REVISIÓN HUMANA,['Cliente no encontrado en el maestro SUNAT (001_TBL_CLIENTES_B2B) -- no se puede validar SUNAT/Osiptel para este RUC.'],0,
2024297500,,,,,SIN_HISTORIAL_DE_FACTURACION,,,,,False,ALERTA — REVISIÓN HUMANA,['Cliente no encontrado en el maestro SUNAT (001_TBL_CLIENTES_B2B) -- no se puede validar SUNAT/Osiptel para este RUC.'],0,
2024298306,CLIENT_00511,LIMA,Lima,San Juan de Lurigancho,SIN_HISTORIAL_DE_FACTURACION,,,,,True,OK,[],0,
2024332742,,,,,SIN_HISTORIAL_DE_FACTURACION,,,,,False,ALERTA — REVISIÓN HUMANA,['Cliente no encontrado en el maestro SUNAT (001_TBL_CLIENTES_B2B) -- no se puede validar SUNAT/Osiptel para este RUC.'],0,
2024388948,,,,,BAJO,BAJO,3.8,25.0,False,False,ALERTA — REVISIÓN HUMANA,['Cliente no encontrado en el maestro SUNAT (001_TBL_CLIENTES_B2B) -- no se puede validar SUNAT/Osiptel para este RUC.'],2,Mantener ciclo de facturación estándar; sin acción de cobranza adicional.
2024423773,,,,,SIN_HISTORIAL_DE_FACTURACION,,,,,False,ALERTA — REVISIÓN HUMANA,['Cliente no encontrado en el maestro SUNAT (001_TBL_CLIENTES_B2B) -- no se puede validar SUNAT/Osiptel para este RUC.'],0,
2024425530,CLIENT_00124,LIMA,Lima,Villa El Salvador,SIN_HISTORIAL_DE_FACTURACION,,,,,True,OK,[],0,
2024456400,,,,,SIN_HISTORIAL_DE_FACTURACION,,,,,False,ALERTA — REVISIÓN HUMANA,['Cliente no encontrado en el maestro SUNAT (001_TBL_CLIENTES_B2B) -- no se puede validar SUNAT/Osiptel para este RUC.'],0,
2024496152,CLIENT_00315,AREQUIPA,Arequipa,Cerro Colorado,SIN_HISTORIAL_DE_FACTURACION,,,,,True,OK,[],0,
2024521359,,,,,SIN_HISTORIAL_DE_FACTURACION,,,,,False,ALERTA — REVISIÓN HUMANA,['Cliente no encontrado en el maestro SUNAT (001_TBL_CLIENTES_B2B) -- no se puede validar SUNAT/Osiptel para este RUC.'],0,
2024539936,CLIENT_00335,CALLAO,Prov. Const. del Callao,Callao,ALTO,,,,,True,ALERTA — REVISIÓN HUMANA,"['SUNAT_ESTADO_RUC=NO HABIDO (no HABIDO)', 'SUNAT_ESTADO_CONTRIBUYENTE=BAJA DE OFICIO (no ACTIVO)']",0,
2024556861,,,,,SIN_HISTORIAL_DE_FACTURACION,,,,,False,ALERTA — REVISIÓN HUMANA,['Cliente no encontrado en el maestro SUNAT (001_TBL_CLIENTES_B2B) -- no se puede validar SUNAT/Osiptel para este RUC.'],0,
2024608360,,,,,MEDIO,MEDIO,6.0,7.0,False,False,ALERTA — REVISIÓN HUMANA,['Cliente no encontrado en el maestro SUNAT (001_TBL_CLIENTES_B2B) -- no se puede validar SUNAT/Osiptel para este RUC.'],1,Recordatorio automático 5 días antes del vencimiento por correo/WhatsApp; sin escalamiento humano todavía.
2024619182,CLIENT_00963,LIMA,Lima,Villa María del Triunfo,SIN_HISTORIAL_DE_FACTURACION,,,,,True,OK,[],0,
2024654901,CLIENT_00714,LIMA,Lima,Miraflores,ALTO,ALTO,17.4,38.0,False,True,OK,[],1,Contacto proactivo antes del vencimiento + oferta de plan de pago fraccionado; escalar a gestor de cuenta senior.
2024668089,CLIENT_00504,LIMA,Lima,Lima,SIN_HISTORIAL_DE_FACTURACION,,,,,True,OK,[],0,
2024675926,,,,,SIN_HISTORIAL_DE_FACTURACION,,,,,False,ALERTA — REVISIÓN HUMANA,['Cliente no encontrado en el maestro SUNAT (001_TBL_CLIENTES_B2B) -- no se puede validar SUNAT/Osiptel para este RUC.'],0,
2024687919,,,,,BAJO,BAJO,-5.9,-3.0,False,False,ALERTA — REVISIÓN HUMANA,['Cliente no encontrado en el maestro SUNAT (001_TBL_CLIENTES_B2B) -- no se puede validar SUNAT/Osiptel para este RUC.'],0,Mantener ciclo de facturación estándar; sin acción de cobranza adicional.
2024707774,,,,,SIN_HISTORIAL_DE_FACTURACION,,,,,False,ALERTA — REVISIÓN HUMANA,['Cliente no encontrado en el maestro SUNAT (001_TBL_CLIENTES_B2B) -- no se puede validar SUNAT/Osiptel para este RUC.'],0,
2024716687,,,,,SIN_HISTORIAL_DE_FACTURACION,,,,,False,ALERTA — REVISIÓN HUMANA,['Cliente no encontrado en el maestro SUNAT (001_TBL_CLIENTES_B2B) -- no se puede validar SUNAT/Osiptel para este RUC.'],0,
2024769193,,,,,SIN_HISTORIAL_DE_FACTURACION,,,,,False,ALERTA — REVISIÓN HUMANA,['Cliente no encontrado en el maestro SUNAT (001_TBL_CLIENTES_B2B) -- no se puede validar SUNAT/Osiptel para este RUC.'],0,
2024786435,,,,,SIN_HISTORIAL_DE_FACTURACION,,,,,False,ALERTA — REVISIÓN HUMANA,['Cliente no encontrado en el maestro SUNAT (001_TBL_CLIENTES_B2B) -- no se puede validar SUNAT/Osiptel para este RUC.'],0,
2024806001,,,,,SIN_HISTORIAL_DE_FACTURACION,,,,,False,ALERTA — REVISIÓN HUMANA,['Cliente no encontrado en el maestro SUNAT (001_TBL_CLIENTES_B2B) -- no se puede validar SUNAT/Osiptel para este RUC.'],0,
2024818183,,,,,SIN_HISTORIAL_DE_FACTURACION,,,,,False,ALERTA — REVISIÓN HUMANA,['Cliente no encontrado en el maestro SUNAT (001_TBL_CLIENTES_B2B) -- no se puede validar SUNAT/Osiptel para este RUC.'],0,
2024833165,CLIENT_00853,ANCASH,Santa,Chimbote,SIN_HISTORIAL_DE_FACTURACION,,,,,True,OK,[],0,
2024906192,CLIENT_00412,SAN MARTIN,San Martín,Tarapoto,SIN_HISTORIAL_DE_FACTURACION,,,,,True,OK,[],0,
2024916491,CLIENT_00984,LIMA,Lima,Surquillo,SIN_HISTORIAL_DE_FACTURACION,,,,,True,OK,[],0,
2024916697,,,,,SIN_HISTORIAL_DE_FACTURACION,,,,,False,ALERTA — REVISIÓN HUMANA,['Cliente no encontrado en el maestro SUNAT (001_TBL_CLIENTES_B2B) -- no se puede validar SUNAT/Osiptel para este RUC.'],0,
2024968631,,,,,SIN_HISTORIAL_DE_FACTURACION,,,,,False,ALERTA — REVISIÓN HUMANA,['Cliente no encontrado en el maestro SUNAT (001_TBL_CLIENTES_B2B) -- no se puede validar SUNAT/Osiptel para este RUC.'],0,
2024975850,,,,,SIN_HISTORIAL_DE_FACTURACION,,,,,False,ALERTA — REVISIÓN HUMANA,['Cliente no encontrado en el maestro SUNAT (001_TBL_CLIENTES_B2B) -- no se puede validar SUNAT/Osiptel para este RUC.'],0,
2024991600,CLIENT_00919,LIMA,Lima,La Molina,SIN_HISTORIAL_DE_FACTURACION,,,,,True,OK,[],0,
2024993405,,,,,BAJO,BAJO,2.5,3.0,False,False,ALERTA — REVISIÓN HUMANA,['Cliente no encontrado en el maestro SUNAT (001_TBL_CLIENTES_B2B) -- no se puede validar SUNAT/Osiptel para este RUC.'],0,Mantener ciclo de facturación estándar; sin acción de cobranza adicional.
2024997959,,,,,SIN_HISTORIAL_DE_FACTURACION,,,,,False,ALERTA — REVISIÓN HUMANA,['Cliente no encontrado en el maestro SUNAT (001_TBL_CLIENTES_B2B) -- no se puede validar SUNAT/Osiptel para este RUC.'],0,
2025016183,,,,,SIN_HISTORIAL_DE_FACTURACION,,,,,False,ALERTA — REVISIÓN HUMANA,['Cliente no encontrado en el maestro SUNAT (001_TBL_CLIENTES_B2B) -- no se puede validar SUNAT/Osiptel para este RUC.'],0,
2025057727,,,,,SIN_HISTORIAL_DE_FACTURACION,,,,,False,ALERTA — REVISIÓN HUMANA,['Cliente no encontrado en el maestro SUNAT (001_TBL_CLIENTES_B2B) -- no se puede validar SUNAT/Osiptel para este RUC.'],0,
2025066134,,,,,SIN_HISTORIAL_DE_FACTURACION,,,,,False,ALERTA — REVISIÓN HUMANA,['Cliente no encontrado en el maestro SUNAT (001_TBL_CLIENTES_B2B) -- no se puede validar SUNAT/Osiptel para este RUC.'],0,
2025086317,CLIENT_00367,AREQUIPA,Islay,Mollendo,BAJO,BAJO,-3.8,3.0,False,True,OK,[],0,Mantener ciclo de facturación estándar; sin acción de cobranza adicional.
2025096906,,,,,SIN_HISTORIAL_DE_FACTURACION,,,,,False,ALERTA — REVISIÓN HUMANA,['Cliente no encontrado en el maestro SUNAT (001_TBL_CLIENTES_B2B) -- no se puede validar SUNAT/Osiptel para este RUC.'],0,
2025104971,,,,,SIN_HISTORIAL_DE_FACTURACION,,,,,False,ALERTA — REVISIÓN HUMANA,['Cliente no encontrado en el maestro SUNAT (001_TBL_CLIENTES_B2B) -- no se puede validar SUNAT/Osiptel para este RUC.'],0,
2025118840,CLIENT_00912,ANCASH,Casma,Casma,SIN_HISTORIAL_DE_FACTURACION,,,,,True,OK,[],0,
2025199500,,,,,BAJO,BAJO,-5.5,0.0,False,False,ALERTA — REVISIÓN HUMANA,['Cliente no encontrado en el maestro SUNAT (001_TBL_CLIENTES_B2B) -- no se puede validar SUNAT/Osiptel para este RUC.'],0,Mantener ciclo de facturación estándar; sin acción de cobranza adicional.
2025216315,CLIENT_00075,LA LIBERTAD,Trujillo,Trujillo,BAJO,BAJO,1.8,3.0,False,True,OK,[],0,Mantener ciclo de facturación estándar; sin acción de cobranza adicional.
2025227089,,,,,SIN_HISTORIAL_DE_FACTURACION,,,,,False,ALERTA — REVISIÓN HUMANA,['Cliente no encontrado en el maestro SUNAT (001_TBL_CLIENTES_B2B) -- no se puede validar SUNAT/Osiptel para este RUC.'],0,
2025253491,CLIENT_00095,LIMA,Lima,Villa El Salvador,SIN_HISTORIAL_DE_FACTURACION,,,,,True,OK,[],0,
2025270501,,,,,SIN_HISTORIAL_DE_FACTURACION,,,,,False,ALERTA — REVISIÓN HUMANA,['Cliente no encontrado en el maestro SUNAT (001_TBL_CLIENTES_B2B) -- no se puede validar SUNAT/Osiptel para este RUC.'],0,
2025281432,,,,,SIN_HISTORIAL_DE_FACTURACION,,,,,False,ALERTA — REVISIÓN HUMANA,['Cliente no encontrado en el maestro SUNAT (001_TBL_CLIENTES_B2B) -- no se puede validar SUNAT/Osiptel para este RUC.'],0,
2025302023,CLIENT_00267,LIMA,Lima,Ate,SIN_HISTORIAL_DE_FACTURACION,,,,,True,OK,[],0,
2025320535,,,,,SIN_HISTORIAL_DE_FACTURACION,,,,,False,ALERTA — REVISIÓN HUMANA,['Cliente no encontrado en el maestro SUNAT (001_TBL_CLIENTES_B2B) -- no se puede validar SUNAT/Osiptel para este RUC.'],0,
2025402020,CLIENT_00130,CALLAO,Prov. Const. del Callao,Ventanilla,SIN_HISTORIAL_DE_FACTURACION,,,,,True,OK,[],0,
2025424256,,,,,BAJO,BAJO,0.5,1.0,True,False,ALERTA — REVISIÓN HUMANA,['Cliente no encontrado en el maestro SUNAT (001_TBL_CLIENTES_B2B) -- no se puede validar SUNAT/Osiptel para este RUC.'],0,Mantener ciclo de facturación estándar; sin acción de cobranza adicional.
2025439397,CLIENT_00590,LIMA,Lima,San Juan de Miraflores,BAJO,BAJO,-4.0,-4.0,False,True,OK,[],0,Mantener ciclo de facturación estándar; sin acción de cobranza adicional.
2025461292,,,,,SIN_HISTORIAL_DE_FACTURACION,,,,,False,ALERTA — REVISIÓN HUMANA,['Cliente no encontrado en el maestro SUNAT (001_TBL_CLIENTES_B2B) -- no se puede validar SUNAT/Osiptel para este RUC.'],0,
2025503838,,,,,SIN_HISTORIAL_DE_FACTURACION,,,,,False,ALERTA — REVISIÓN HUMANA,['Cliente no encontrado en el maestro SUNAT (001_TBL_CLIENTES_B2B) -- no se puede validar SUNAT/Osiptel para este RUC.'],0,
2025574282,,,,,SIN_HISTORIAL_DE_FACTURACION,,,,,False,ALERTA — REVISIÓN HUMANA,['Cliente no encontrado en el maestro SUNAT (001_TBL_CLIENTES_B2B) -- no se puede validar SUNAT/Osiptel para este RUC.'],0,
2025606787,CLIENT_00057,LIMA,Lima,Magdalena del Mar,SIN_HISTORIAL_DE_FACTURACION,,,,,True,OK,[],0,
2025620699,,,,,SIN_HISTORIAL_DE_FACTURACION,,,,,False,ALERTA — REVISIÓN HUMANA,['Cliente no encontrado en el maestro SUNAT (001_TBL_CLIENTES_B2B) -- no se puede validar SUNAT/Osiptel para este RUC.'],0,
2025633027,,,,,SIN_HISTORIAL_DE_FACTURACION,,,,,False,ALERTA — REVISIÓN HUMANA,['Cliente no encontrado en el maestro SUNAT (001_TBL_CLIENTES_B2B) -- no se puede validar SUNAT/Osiptel para este RUC.'],0,
2025641005,,,,,SIN_HISTORIAL_DE_FACTURACION,,,,,False,ALERTA — REVISIÓN HUMANA,['Cliente no encontrado en el maestro SUNAT (001_TBL_CLIENTES_B2B) -- no se puede validar SUNAT/Osiptel para este RUC.'],0,
2025648441,,,,,SIN_HISTORIAL_DE_FACTURACION,,,,,False,ALERTA — REVISIÓN HUMANA,['Cliente no encontrado en el maestro SUNAT (001_TBL_CLIENTES_B2B) -- no se puede validar SUNAT/Osiptel para este RUC.'],0,
2025650857,CLIENT_00466,PIURA,Piura,Piura,BAJO,BAJO,-2.5,6.0,False,True,OK,[],0,Mantener ciclo de facturación estándar; sin acción de cobranza adicional.
2025684544,,,,,SIN_HISTORIAL_DE_FACTURACION,,,,,False,ALERTA — REVISIÓN HUMANA,['Cliente no encontrado en el maestro SUNAT (001_TBL_CLIENTES_B2B) -- no se puede validar SUNAT/Osiptel para este RUC.'],0,
2025755033,,,,,SIN_HISTORIAL_DE_FACTURACION,,,,,False,ALERTA — REVISIÓN HUMANA,['Cliente no encontrado en el maestro SUNAT (001_TBL_CLIENTES_B2B) -- no se puede validar SUNAT/Osiptel para este RUC.'],0,
2025867811,,,,,SIN_HISTORIAL_DE_FACTURACION,,,,,False,ALERTA — REVISIÓN HUMANA,['Cliente no encontrado en el maestro SUNAT (001_TBL_CLIENTES_B2B) -- no se puede validar SUNAT/Osiptel para este RUC.'],0,
2025935157,CLIENT_00401,LIMA,Lima,Ate,BAJO,BAJO,1.5,13.0,False,True,OK,[],0,Mantener ciclo de facturación estándar; sin acción de cobranza adicional.
2025964864,,,,,SIN_HISTORIAL_DE_FACTURACION,,,,,False,ALERTA — REVISIÓN HUMANA,['Cliente no encontrado en el maestro SUNAT (001_TBL_CLIENTES_B2B) -- no se puede validar SUNAT/Osiptel para este RUC.'],0,
2025967685,CLIENT_00216,CAJAMARCA,Cajamarca,Cajamarca,BAJO,BAJO,0.0,0.0,False,True,OK,[],0,Mantener ciclo de facturación estándar; sin acción de cobranza adicional.
2025969955,CLIENT_00430,JUNIN,Huancayo,El Tambo,BAJO,BAJO,-5.0,-3.0,False,True,OK,[],0,Mantener ciclo de facturación estándar; sin acción de cobranza adicional.
2025999508,,,,,SIN_HISTORIAL_DE_FACTURACION,,,,,False,ALERTA — REVISIÓN HUMANA,['Cliente no encontrado en el maestro SUNAT (001_TBL_CLIENTES_B2B) -- no se puede validar SUNAT/Osiptel para este RUC.'],0,
2026009689,,,,,SIN_HISTORIAL_DE_FACTURACION,,,,,False,ALERTA — REVISIÓN HUMANA,['Cliente no encontrado en el maestro SUNAT (001_TBL_CLIENTES_B2B) -- no se puede validar SUNAT/Osiptel para este RUC.'],0,
2026173477,,,,,SIN_HISTORIAL_DE_FACTURACION,,,,,False,ALERTA — REVISIÓN HUMANA,['Cliente no encontrado en el maestro SUNAT (001_TBL_CLIENTES_B2B) -- no se puede validar SUNAT/Osiptel para este RUC.'],0,
2026212820,,,,,SIN_HISTORIAL_DE_FACTURACION,,,,,False,ALERTA — REVISIÓN HUMANA,['Cliente no encontrado en el maestro SUNAT (001_TBL_CLIENTES_B2B) -- no se puede validar SUNAT/Osiptel para este RUC.'],0,
2026220978,,,,,SIN_HISTORIAL_DE_FACTURACION,,,,,False,ALERTA — REVISIÓN HUMANA,['Cliente no encontrado en el maestro SUNAT (001_TBL_CLIENTES_B2B) -- no se puede validar SUNAT/Osiptel para este RUC.'],0,
2026242865,CLIENT_00930,LIMA,Lima,Santiago de Surco,ALTO,ALTO,374.0,374.0,False,True,OK,[],1,Contacto proactivo antes del vencimiento + oferta de plan de pago fraccionado; escalar a gestor de cuenta senior.
2026359884,,,,,SIN_HISTORIAL_DE_FACTURACION,,,,,False,ALERTA — REVISIÓN HUMANA,['Cliente no encontrado en el maestro SUNAT (001_TBL_CLIENTES_B2B) -- no se puede validar SUNAT/Osiptel para este RUC.'],0,
2026400121,,,,,SIN_HISTORIAL_DE_FACTURACION,,,,,False,ALERTA — REVISIÓN HUMANA,['Cliente no encontrado en el maestro SUNAT (001_TBL_CLIENTES_B2B) -- no se puede validar SUNAT/Osiptel para este RUC.'],0,
2026518440,,,,,SIN_HISTORIAL_DE_FACTURACION,,,,,False,ALERTA — REVISIÓN HUMANA,['Cliente no encontrado en el maestro SUNAT (001_TBL_CLIENTES_B2B) -- no se puede validar SUNAT/Osiptel para este RUC.'],0,
2026522410,,,,,SIN_HISTORIAL_DE_FACTURACION,,,,,False,ALERTA — REVISIÓN HUMANA,['Cliente no encontrado en el maestro SUNAT (001_TBL_CLIENTES_B2B) -- no se puede validar SUNAT/Osiptel para este RUC.'],0,
2026562260,CLIENT_00100,PUNO,San Román,Juliaca,ALTO,ALTO,11.0,13.0,True,True,OK,[],0,Contacto proactivo antes del vencimiento + oferta de plan de pago fraccionado; escalar a gestor de cuenta senior.
2026598806,CLIENT_00317,LIMA,Lima,Lima,BAJO,BAJO,-13.0,-13.0,False,True,OK,[],0,Mantener ciclo de facturación estándar; sin acción de cobranza adicional.
2026613493,CLIENT_00916,LIMA,Lima,San Isidro,BAJO,BAJO,-3.5,1.0,False,True,OK,[],0,Mantener ciclo de facturación estándar; sin acción de cobranza adicional.
2026699091,,,,,SIN_HISTORIAL_DE_FACTURACION,,,,,False,ALERTA — REVISIÓN HUMANA,['Cliente no encontrado en el maestro SUNAT (001_TBL_CLIENTES_B2B) -- no se puede validar SUNAT/Osiptel para este RUC.'],0,
2026740451,,,,,SIN_HISTORIAL_DE_FACTURACION,,,,,False,ALERTA — REVISIÓN HUMANA,['Cliente no encontrado en el maestro SUNAT (001_TBL_CLIENTES_B2B) -- no se puede validar SUNAT/Osiptel para este RUC.'],0,
2026743546,CLIENT_00858,LIMA,Lima,Miraflores,ALTO,ALTO,19.0,19.0,False,True,ALERTA — REVISIÓN HUMANA,['SUNAT_ESTADO_CONTRIBUYENTE=BAJA DE OFICIO (no ACTIVO)'],1,Contacto proactivo antes del vencimiento + oferta de plan de pago fraccionado; escalar a gestor de cuenta senior.
2026766395,,,,,SIN_HISTORIAL_DE_FACTURACION,,,,,False,ALERTA — REVISIÓN HUMANA,['Cliente no encontrado en el maestro SUNAT (001_TBL_CLIENTES_B2B) -- no se puede validar SUNAT/Osiptel para este RUC.'],0,
2026807327,,,,,BAJO,BAJO,0.8,7.0,False,False,ALERTA — REVISIÓN HUMANA,['Cliente no encontrado en el maestro SUNAT (001_TBL_CLIENTES_B2B) -- no se puede validar SUNAT/Osiptel para este RUC.'],0,Mantener ciclo de facturación estándar; sin acción de cobranza adicional.
2026820794,CLIENT_00028,LIMA,Lima,Lurigancho,BAJO,BAJO,-2.5,4.0,False,True,OK,[],0,Mantener ciclo de facturación estándar; sin acción de cobranza adicional.
2026835478,,,,,SIN_HISTORIAL_DE_FACTURACION,,,,,False,ALERTA — REVISIÓN HUMANA,['Cliente no encontrado en el maestro SUNAT (001_TBL_CLIENTES_B2B) -- no se puede validar SUNAT/Osiptel para este RUC.'],0,
2026850436,,,,,BAJO,BAJO,4.5,5.0,False,False,ALERTA — REVISIÓN HUMANA,['Cliente no encontrado en el maestro SUNAT (001_TBL_CLIENTES_B2B) -- no se puede validar SUNAT/Osiptel para este RUC.'],1,Mantener ciclo de facturación estándar; sin acción de cobranza adicional.
2026853033,,,,,BAJO,BAJO,2.5,4.0,True,False,ALERTA — REVISIÓN HUMANA,['Cliente no encontrado en el maestro SUNAT (001_TBL_CLIENTES_B2B) -- no se puede validar SUNAT/Osiptel para este RUC.'],0,Mantener ciclo de facturación estándar; sin acción de cobranza adicional.
2026855795,,,,,SIN_HISTORIAL_DE_FACTURACION,,,,,False,ALERTA — REVISIÓN HUMANA,['Cliente no encontrado en el maestro SUNAT (001_TBL_CLIENTES_B2B) -- no se puede validar SUNAT/Osiptel para este RUC.'],0,
2026874104,CLIENT_00981,LIMA,Lima,Magdalena del Mar,SIN_HISTORIAL_DE_FACTURACION,,,,,True,OK,[],0,
2026884680,CLIENT_00626,LA LIBERTAD,Trujillo,Victor Larco Herrera,MEDIO,MEDIO,15.0,15.0,False,True,OK,[],1,Recordatorio automático 5 días antes del vencimiento por correo/WhatsApp; sin escalamiento humano todavía.
2026947472,,,,,SIN_HISTORIAL_DE_FACTURACION,,,,,False,ALERTA — REVISIÓN HUMANA,['Cliente no encontrado en el maestro SUNAT (001_TBL_CLIENTES_B2B) -- no se puede validar SUNAT/Osiptel para este RUC.'],0,
2026951426,,,,,SIN_HISTORIAL_DE_FACTURACION,,,,,False,ALERTA — REVISIÓN HUMANA,['Cliente no encontrado en el maestro SUNAT (001_TBL_CLIENTES_B2B) -- no se puede validar SUNAT/Osiptel para este RUC.'],0,
2026955949,,,,,SIN_HISTORIAL_DE_FACTURACION,,,,,False,ALERTA — REVISIÓN HUMANA,['Cliente no encontrado en el maestro SUNAT (001_TBL_CLIENTES_B2B) -- no se puede validar SUNAT/Osiptel para este RUC.'],0,
2027028908,,,,,SIN_HISTORIAL_DE_FACTURACION,,,,,False,ALERTA — REVISIÓN HUMANA,['Cliente no encontrado en el maestro SUNAT (001_TBL_CLIENTES_B2B) -- no se puede validar SUNAT/Osiptel para este RUC.'],0,
2027049929,,,,,SIN_HISTORIAL_DE_FACTURACION,,,,,False,ALERTA — REVISIÓN HUMANA,['Cliente no encontrado en el maestro SUNAT (001_TBL_CLIENTES_B2B) -- no se puede validar SUNAT/Osiptel para este RUC.'],0,
2027087229,,,,,MEDIO,MEDIO,7.7,18.0,False,False,ALERTA — REVISIÓN HUMANA,['Cliente no encontrado en el maestro SUNAT (001_TBL_CLIENTES_B2B) -- no se puede validar SUNAT/Osiptel para este RUC.'],2,Recordatorio automático 5 días antes del vencimiento por correo/WhatsApp; sin escalamiento humano todavía.
2027095470,,,,,SIN_HISTORIAL_DE_FACTURACION,,,,,False,ALERTA — REVISIÓN HUMANA,['Cliente no encontrado en el maestro SUNAT (001_TBL_CLIENTES_B2B) -- no se puede validar SUNAT/Osiptel para este RUC.'],0,
2027124128,,,,,SIN_HISTORIAL_DE_FACTURACION,,,,,False,ALERTA — REVISIÓN HUMANA,['Cliente no encontrado en el maestro SUNAT (001_TBL_CLIENTES_B2B) -- no se puede validar SUNAT/Osiptel para este RUC.'],0,
2027184977,,,,,SIN_HISTORIAL_DE_FACTURACION,,,,,False,ALERTA — REVISIÓN HUMANA,['Cliente no encontrado en el maestro SUNAT (001_TBL_CLIENTES_B2B) -- no se puede validar SUNAT/Osiptel para este RUC.'],0,
2027249828,,,,,BAJO,BAJO,2.0,3.0,True,False,ALERTA — REVISIÓN HUMANA,['Cliente no encontrado en el maestro SUNAT (001_TBL_CLIENTES_B2B) -- no se puede validar SUNAT/Osiptel para este RUC.'],0,Mantener ciclo de facturación estándar; sin acción de cobranza adicional.
2027256336,CLIENT_00122,LORETO,Maynas,Punchana,BAJO,BAJO,-1.0,6.0,False,True,OK,[],0,Mantener ciclo de facturación estándar; sin acción de cobranza adicional.
2027296027,CLIENT_00408,LIMA,Lima,Ancón,SIN_HISTORIAL_DE_FACTURACION,,,,,True,OK,[],0,
2027304492,,,,,SIN_HISTORIAL_DE_FACTURACION,,,,,False,ALERTA — REVISIÓN HUMANA,['Cliente no encontrado en el maestro SUNAT (001_TBL_CLIENTES_B2B) -- no se puede validar SUNAT/Osiptel para este RUC.'],0,
2027313428,,,,,SIN_HISTORIAL_DE_FACTURACION,,,,,False,ALERTA — REVISIÓN HUMANA,['Cliente no encontrado en el maestro SUNAT (001_TBL_CLIENTES_B2B) -- no se puede validar SUNAT/Osiptel para este RUC.'],0,
2027354004,CLIENT_00836,CALLAO,Prov. Const. del Callao,Callao,SIN_HISTORIAL_DE_FACTURACION,,,,,True,OK,[],0,
2027355887,CLIENT_00755,LIMA,Lima,San Miguel,SIN_HISTORIAL_DE_FACTURACION,,,,,True,OK,[],0,
2027367955,,,,,SIN_HISTORIAL_DE_FACTURACION,,,,,False,ALERTA — REVISIÓN HUMANA,['Cliente no encontrado en el maestro SUNAT (001_TBL_CLIENTES_B2B) -- no se puede validar SUNAT/Osiptel para este RUC.'],0,
2027417003,,,,,SIN_HISTORIAL_DE_FACTURACION,,,,,False,ALERTA — REVISIÓN HUMANA,['Cliente no encontrado en el maestro SUNAT (001_TBL_CLIENTES_B2B) -- no se puede validar SUNAT/Osiptel para este RUC.'],0,
2027441094,CLIENT_00355,LA LIBERTAD,Pacasmayo,Pacasmayo,BAJO,BAJO,-18.7,1.0,False,True,OK,[],2,Mantener ciclo de facturación estándar; sin acción de cobranza adicional.
2027489997,,,,,SIN_HISTORIAL_DE_FACTURACION,,,,,False,ALERTA — REVISIÓN HUMANA,['Cliente no encontrado en el maestro SUNAT (001_TBL_CLIENTES_B2B) -- no se puede validar SUNAT/Osiptel para este RUC.'],0,
2027490034,,,,,MEDIO,MEDIO,6.5,22.0,False,False,ALERTA — REVISIÓN HUMANA,['Cliente no encontrado en el maestro SUNAT (001_TBL_CLIENTES_B2B) -- no se puede validar SUNAT/Osiptel para este RUC.'],2,Recordatorio automático 5 días antes del vencimiento por correo/WhatsApp; sin escalamiento humano todavía.
2027491743,,,,,BAJO,BAJO,-10.0,-9.0,False,False,ALERTA — REVISIÓN HUMANA,['Cliente no encontrado en el maestro SUNAT (001_TBL_CLIENTES_B2B) -- no se puede validar SUNAT/Osiptel para este RUC.'],0,Mantener ciclo de facturación estándar; sin acción de cobranza adicional.
2027501843,CLIENT_00533,LIMA,Lima,Chorrillos,SIN_HISTORIAL_DE_FACTURACION,,,,,True,OK,[],0,
2027570968,,,,,SIN_HISTORIAL_DE_FACTURACION,,,,,False,ALERTA — REVISIÓN HUMANA,['Cliente no encontrado en el maestro SUNAT (001_TBL_CLIENTES_B2B) -- no se puede validar SUNAT/Osiptel para este RUC.'],0,
2027583654,,,,,SIN_HISTORIAL_DE_FACTURACION,,,,,False,ALERTA — REVISIÓN HUMANA,['Cliente no encontrado en el maestro SUNAT (001_TBL_CLIENTES_B2B) -- no se puede validar SUNAT/Osiptel para este RUC.'],0,
2027679916,,,,,SIN_HISTORIAL_DE_FACTURACION,,,,,False,ALERTA — REVISIÓN HUMANA,['Cliente no encontrado en el maestro SUNAT (001_TBL_CLIENTES_B2B) -- no se puede validar SUNAT/Osiptel para este RUC.'],0,
2027698007,,,,,MEDIO,MEDIO,5.7,42.0,False,False,ALERTA — REVISIÓN HUMANA,['Cliente no encontrado en el maestro SUNAT (001_TBL_CLIENTES_B2B) -- no se puede validar SUNAT/Osiptel para este RUC.'],3,Recordatorio automático 5 días antes del vencimiento por correo/WhatsApp; sin escalamiento humano todavía.
2027717139,,,,,SIN_HISTORIAL_DE_FACTURACION,,,,,False,ALERTA — REVISIÓN HUMANA,['Cliente no encontrado en el maestro SUNAT (001_TBL_CLIENTES_B2B) -- no se puede validar SUNAT/Osiptel para este RUC.'],0,
2027729571,,,,,SIN_HISTORIAL_DE_FACTURACION,,,,,False,ALERTA — REVISIÓN HUMANA,['Cliente no encontrado en el maestro SUNAT (001_TBL_CLIENTES_B2B) -- no se puede validar SUNAT/Osiptel para este RUC.'],0,
2027744784,,,,,SIN_HISTORIAL_DE_FACTURACION,,,,,False,ALERTA — REVISIÓN HUMANA,['Cliente no encontrado en el maestro SUNAT (001_TBL_CLIENTES_B2B) -- no se puede validar SUNAT/Osiptel para este RUC.'],0,
2027755534,CLIENT_00163,LIMA,Lima,San Borja,SIN_HISTORIAL_DE_FACTURACION,,,,,True,OK,[],0,
2027762883,,,,,SIN_HISTORIAL_DE_FACTURACION,,,,,False,ALERTA — REVISIÓN HUMANA,['Cliente no encontrado en el maestro SUNAT (001_TBL_CLIENTES_B2B) -- no se puede validar SUNAT/Osiptel para este RUC.'],0,
2027780158,,,,,SIN_HISTORIAL_DE_FACTURACION,,,,,False,ALERTA — REVISIÓN HUMANA,['Cliente no encontrado en el maestro SUNAT (001_TBL_CLIENTES_B2B) -- no se puede validar SUNAT/Osiptel para este RUC.'],0,
2027805966,,,,,SIN_HISTORIAL_DE_FACTURACION,,,,,False,ALERTA — REVISIÓN HUMANA,['Cliente no encontrado en el maestro SUNAT (001_TBL_CLIENTES_B2B) -- no se puede validar SUNAT/Osiptel para este RUC.'],0,
2027819218,,,,,SIN_HISTORIAL_DE_FACTURACION,,,,,False,ALERTA — REVISIÓN HUMANA,['Cliente no encontrado en el maestro SUNAT (001_TBL_CLIENTES_B2B) -- no se puede validar SUNAT/Osiptel para este RUC.'],0,
2027821713,,,,,SIN_HISTORIAL_DE_FACTURACION,,,,,False,ALERTA — REVISIÓN HUMANA,['Cliente no encontrado en el maestro SUNAT (001_TBL_CLIENTES_B2B) -- no se puede validar SUNAT/Osiptel para este RUC.'],0,
2027825543,CLIENT_00857,LIMA,Lima,San Isidro,BAJO,BAJO,-30.0,-30.0,False,True,OK,[],1,Mantener ciclo de facturación estándar; sin acción de cobranza adicional.
2027876144,CLIENT_00343,LIMA,Lima,Independencia,MEDIO,MEDIO,7.2,46.0,False,True,OK,[],3,Recordatorio automático 5 días antes del vencimiento por correo/WhatsApp; sin escalamiento humano todavía.
2027880355,CLIENT_00141,LIMA,Lima,Miraflores,SIN_HISTORIAL_DE_FACTURACION,,,,,True,OK,[],0,
2027931638,,,,,SIN_HISTORIAL_DE_FACTURACION,,,,,False,ALERTA — REVISIÓN HUMANA,['Cliente no encontrado en el maestro SUNAT (001_TBL_CLIENTES_B2B) -- no se puede validar SUNAT/Osiptel para este RUC.'],0,
2027945288,CLIENT_00805,LIMA,Lima,Comas,BAJO,BAJO,4.0,4.0,False,True,OK,[],0,Mantener ciclo de facturación estándar; sin acción de cobranza adicional.
2027954672,,,,,SIN_HISTORIAL_DE_FACTURACION,,,,,False,ALERTA — REVISIÓN HUMANA,['Cliente no encontrado en el maestro SUNAT (001_TBL_CLIENTES_B2B) -- no se puede validar SUNAT/Osiptel para este RUC.'],0,
2027980795,,,,,BAJO,BAJO,0.5,1.0,True,False,ALERTA — REVISIÓN HUMANA,['Cliente no encontrado en el maestro SUNAT (001_TBL_CLIENTES_B2B) -- no se puede validar SUNAT/Osiptel para este RUC.'],0,Mantener ciclo de facturación estándar; sin acción de cobranza adicional.
2027994752,CLIENT_00081,LIMA,Lima,Miraflores,SIN_HISTORIAL_DE_FACTURACION,,,,,True,OK,[],0,
2027996349,CLIENT_00133,LIMA,Lima,Chorrillos,SIN_HISTORIAL_DE_FACTURACION,,,,,True,OK,[],0,
2028013190,CLIENT_00683,LIMA,Lima,Lima,SIN_HISTORIAL_DE_FACTURACION,,,,,True,OK,[],0,
2028080362,,,,,MEDIO,MEDIO,11.0,23.0,False,False,ALERTA — REVISIÓN HUMANA,['Cliente no encontrado en el maestro SUNAT (001_TBL_CLIENTES_B2B) -- no se puede validar SUNAT/Osiptel para este RUC.'],0,Recordatorio automático 5 días antes del vencimiento por correo/WhatsApp; sin escalamiento humano todavía.
2028110957,,,,,BAJO,BAJO,1.0,2.0,True,False,ALERTA — REVISIÓN HUMANA,['Cliente no encontrado en el maestro SUNAT (001_TBL_CLIENTES_B2B) -- no se puede validar SUNAT/Osiptel para este RUC.'],0,Mantener ciclo de facturación estándar; sin acción de cobranza adicional.
2028148322,CLIENT_00798,JUNIN,Huancayo,El Tambo,BAJO,BAJO,2.3,3.0,False,True,OK,[],0,Mantener ciclo de facturación estándar; sin acción de cobranza adicional.
2028216422,CLIENT_00862,LIMA,Lima,Chorrillos,BAJO,BAJO,-4.5,-1.0,True,True,OK,[],0,Mantener ciclo de facturación estándar; sin acción de cobranza adicional.
2028234821,CLIENT_00026,LIMA,Lima,Miraflores,BAJO,BAJO,-8.8,-6.0,False,True,OK,[],0,Mantener ciclo de facturación estándar; sin acción de cobranza adicional.
2028277844,,,,,SIN_HISTORIAL_DE_FACTURACION,,,,,False,ALERTA — REVISIÓN HUMANA,['Cliente no encontrado en el maestro SUNAT (001_TBL_CLIENTES_B2B) -- no se puede validar SUNAT/Osiptel para este RUC.'],0,
2028337208,CLIENT_00383,LIMA,Lima,San Miguel,SIN_HISTORIAL_DE_FACTURACION,,,,,True,OK,[],0,
2028381006,CLIENT_00481,JUNIN,Huancayo,Chilca,ALTO,,,,,True,ALERTA — REVISIÓN HUMANA,['Todas sus líneas (fija/móvil) están inactivas o suspendidas'],0,
2028438358,,,,,SIN_HISTORIAL_DE_FACTURACION,,,,,False,ALERTA — REVISIÓN HUMANA,['Cliente no encontrado en el maestro SUNAT (001_TBL_CLIENTES_B2B) -- no se puede validar SUNAT/Osiptel para este RUC.'],0,
2028493115,,,,,SIN_HISTORIAL_DE_FACTURACION,,,,,False,ALERTA — REVISIÓN HUMANA,['Cliente no encontrado en el maestro SUNAT (001_TBL_CLIENTES_B2B) -- no se puede validar SUNAT/Osiptel para este RUC.'],0,
2028604054,,,,,SIN_HISTORIAL_DE_FACTURACION,,,,,False,ALERTA — REVISIÓN HUMANA,['Cliente no encontrado en el maestro SUNAT (001_TBL_CLIENTES_B2B) -- no se puede validar SUNAT/Osiptel para este RUC.'],0,
2028628577,CLIENT_00851,LIMA,Lima,Comas,BAJO,BAJO,2.0,2.0,False,True,OK,[],0,Mantener ciclo de facturación estándar; sin acción de cobranza adicional.
2028695835,,,,,BAJO,BAJO,-1.5,0.0,False,False,ALERTA — REVISIÓN HUMANA,['Cliente no encontrado en el maestro SUNAT (001_TBL_CLIENTES_B2B) -- no se puede validar SUNAT/Osiptel para este RUC.'],0,Mantener ciclo de facturación estándar; sin acción de cobranza adicional.
2028712026,CLIENT_00204,LIMA,Lima,San Isidro,BAJO,BAJO,3.8,21.0,False,True,OK,[],5,Mantener ciclo de facturación estándar; sin acción de cobranza adicional.
2028736891,,,,,SIN_HISTORIAL_DE_FACTURACION,,,,,False,ALERTA — REVISIÓN HUMANA,['Cliente no encontrado en el maestro SUNAT (001_TBL_CLIENTES_B2B) -- no se puede validar SUNAT/Osiptel para este RUC.'],0,
2028766741,,,,,SIN_HISTORIAL_DE_FACTURACION,,,,,False,ALERTA — REVISIÓN HUMANA,['Cliente no encontrado en el maestro SUNAT (001_TBL_CLIENTES_B2B) -- no se puede validar SUNAT/Osiptel para este RUC.'],0,
2028768662,,,,,SIN_HISTORIAL_DE_FACTURACION,,,,,False,ALERTA — REVISIÓN HUMANA,['Cliente no encontrado en el maestro SUNAT (001_TBL_CLIENTES_B2B) -- no se puede validar SUNAT/Osiptel para este RUC.'],0,
2028784908,,,,,SIN_HISTORIAL_DE_FACTURACION,,,,,False,ALERTA — REVISIÓN HUMANA,['Cliente no encontrado en el maestro SUNAT (001_TBL_CLIENTES_B2B) -- no se puede validar SUNAT/Osiptel para este RUC.'],0,
2028807353,,,,,SIN_HISTORIAL_DE_FACTURACION,,,,,False,ALERTA — REVISIÓN HUMANA,['Cliente no encontrado en el maestro SUNAT (001_TBL_CLIENTES_B2B) -- no se puede validar SUNAT/Osiptel para este RUC.'],0,
2028857166,CLIENT_00631,LIMA,Lima,Comas,ALTO,ALTO,1099.5,1115.0,False,True,ALERTA — REVISIÓN HUMANA,['Todas sus líneas (fija/móvil) están inactivas o suspendidas'],2,Contacto proactivo antes del vencimiento + oferta de plan de pago fraccionado; escalar a gestor de cuenta senior.
2028858667,CLIENT_00821,LIMA,Lima,Santiago de Surco,BAJO,BAJO,0.4,34.0,False,True,OK,[],4,Mantener ciclo de facturación estándar; sin acción de cobranza adicional.
2028873503,CLIENT_00053,CUSCO,Cusco,Cusco,MEDIO,MEDIO,10.1,94.0,False,True,OK,[],2,Recordatorio automático 5 días antes del vencimiento por correo/WhatsApp; sin escalamiento humano todavía.
2028901029,,,,,SIN_HISTORIAL_DE_FACTURACION,,,,,False,ALERTA — REVISIÓN HUMANA,['Cliente no encontrado en el maestro SUNAT (001_TBL_CLIENTES_B2B) -- no se puede validar SUNAT/Osiptel para este RUC.'],0,
2028931903,,,,,BAJO,BAJO,-11.0,-9.0,False,False,ALERTA — REVISIÓN HUMANA,['Cliente no encontrado en el maestro SUNAT (001_TBL_CLIENTES_B2B) -- no se puede validar SUNAT/Osiptel para este RUC.'],0,Mantener ciclo de facturación estándar; sin acción de cobranza adicional.
2028955649,,,,,SIN_HISTORIAL_DE_FACTURACION,,,,,False,ALERTA — REVISIÓN HUMANA,['Cliente no encontrado en el maestro SUNAT (001_TBL_CLIENTES_B2B) -- no se puede validar SUNAT/Osiptel para este RUC.'],0,
2028958514,,,,,SIN_HISTORIAL_DE_FACTURACION,,,,,False,ALERTA — REVISIÓN HUMANA,['Cliente no encontrado en el maestro SUNAT (001_TBL_CLIENTES_B2B) -- no se puede validar SUNAT/Osiptel para este RUC.'],0,
2029016932,,,,,SIN_HISTORIAL_DE_FACTURACION,,,,,False,ALERTA — REVISIÓN HUMANA,['Cliente no encontrado en el maestro SUNAT (001_TBL_CLIENTES_B2B) -- no se puede validar SUNAT/Osiptel para este RUC.'],0,
2029043337,,,,,SIN_HISTORIAL_DE_FACTURACION,,,,,False,ALERTA — REVISIÓN HUMANA,['Cliente no encontrado en el maestro SUNAT (001_TBL_CLIENTES_B2B) -- no se puede validar SUNAT/Osiptel para este RUC.'],0,
2029074419,CLIENT_00341,JUNIN,Huancayo,El Tambo,SIN_HISTORIAL_DE_FACTURACION,,,,,True,OK,[],0,
2029084727,,,,,SIN_HISTORIAL_DE_FACTURACION,,,,,False,ALERTA — REVISIÓN HUMANA,['Cliente no encontrado en el maestro SUNAT (001_TBL_CLIENTES_B2B) -- no se puede validar SUNAT/Osiptel para este RUC.'],0,
2029095052,CLIENT_00476,LIMA,Lima,Santiago de Surco,BAJO,BAJO,3.0,3.0,False,True,OK,[],0,Mantener ciclo de facturación estándar; sin acción de cobranza adicional.
2029122557,,,,,SIN_HISTORIAL_DE_FACTURACION,,,,,False,ALERTA — REVISIÓN HUMANA,['Cliente no encontrado en el maestro SUNAT (001_TBL_CLIENTES_B2B) -- no se puede validar SUNAT/Osiptel para este RUC.'],0,
2029126226,,,,,SIN_HISTORIAL_DE_FACTURACION,,,,,False,ALERTA — REVISIÓN HUMANA,['Cliente no encontrado en el maestro SUNAT (001_TBL_CLIENTES_B2B) -- no se puede validar SUNAT/Osiptel para este RUC.'],0,
2029154054,,,,,SIN_HISTORIAL_DE_FACTURACION,,,,,False,ALERTA — REVISIÓN HUMANA,['Cliente no encontrado en el maestro SUNAT (001_TBL_CLIENTES_B2B) -- no se puede validar SUNAT/Osiptel para este RUC.'],0,
2029238395,,,,,MEDIO,MEDIO,11.0,27.0,False,False,ALERTA — REVISIÓN HUMANA,['Cliente no encontrado en el maestro SUNAT (001_TBL_CLIENTES_B2B) -- no se puede validar SUNAT/Osiptel para este RUC.'],1,Recordatorio automático 5 días antes del vencimiento por correo/WhatsApp; sin escalamiento humano todavía.
2029288163,,,,,SIN_HISTORIAL_DE_FACTURACION,,,,,False,ALERTA — REVISIÓN HUMANA,['Cliente no encontrado en el maestro SUNAT (001_TBL_CLIENTES_B2B) -- no se puede validar SUNAT/Osiptel para este RUC.'],0,
2029298623,,,,,SIN_HISTORIAL_DE_FACTURACION,,,,,False,ALERTA — REVISIÓN HUMANA,['Cliente no encontrado en el maestro SUNAT (001_TBL_CLIENTES_B2B) -- no se puede validar SUNAT/Osiptel para este RUC.'],0,
2029339713,,,,,SIN_HISTORIAL_DE_FACTURACION,,,,,False,ALERTA — REVISIÓN HUMANA,['Cliente no encontrado en el maestro SUNAT (001_TBL_CLIENTES_B2B) -- no se puede validar SUNAT/Osiptel para este RUC.'],0,
2029361607,,,,,SIN_HISTORIAL_DE_FACTURACION,,,,,False,ALERTA — REVISIÓN HUMANA,['Cliente no encontrado en el maestro SUNAT (001_TBL_CLIENTES_B2B) -- no se puede validar SUNAT/Osiptel para este RUC.'],0,
2029415110,,,,,SIN_HISTORIAL_DE_FACTURACION,,,,,False,ALERTA — REVISIÓN HUMANA,['Cliente no encontrado en el maestro SUNAT (001_TBL_CLIENTES_B2B) -- no se puede validar SUNAT/Osiptel para este RUC.'],0,
2029457874,CLIENT_00615,LAMBAYEQUE,Chiclayo,Chiclayo,BAJO,BAJO,-13.5,-13.0,True,True,OK,[],0,Mantener ciclo de facturación estándar; sin acción de cobranza adicional.
2029459942,,,,,MEDIO,MEDIO,12.6,74.0,False,False,ALERTA — REVISIÓN HUMANA,['Cliente no encontrado en el maestro SUNAT (001_TBL_CLIENTES_B2B) -- no se puede validar SUNAT/Osiptel para este RUC.'],4,Recordatorio automático 5 días antes del vencimiento por correo/WhatsApp; sin escalamiento humano todavía.
2029499004,,,,,SIN_HISTORIAL_DE_FACTURACION,,,,,False,ALERTA — REVISIÓN HUMANA,['Cliente no encontrado en el maestro SUNAT (001_TBL_CLIENTES_B2B) -- no se puede validar SUNAT/Osiptel para este RUC.'],0,
2029512487,CLIENT_00825,LIMA,Lima,San Borja,SIN_HISTORIAL_DE_FACTURACION,,,,,True,OK,[],0,
2029524666,,,,,BAJO,BAJO,-0.5,6.0,False,False,ALERTA — REVISIÓN HUMANA,['Cliente no encontrado en el maestro SUNAT (001_TBL_CLIENTES_B2B) -- no se puede validar SUNAT/Osiptel para este RUC.'],1,Mantener ciclo de facturación estándar; sin acción de cobranza adicional.
2029557389,,,,,SIN_HISTORIAL_DE_FACTURACION,,,,,False,ALERTA — REVISIÓN HUMANA,['Cliente no encontrado en el maestro SUNAT (001_TBL_CLIENTES_B2B) -- no se puede validar SUNAT/Osiptel para este RUC.'],0,
2029560414,,,,,SIN_HISTORIAL_DE_FACTURACION,,,,,False,ALERTA — REVISIÓN HUMANA,['Cliente no encontrado en el maestro SUNAT (001_TBL_CLIENTES_B2B) -- no se puede validar SUNAT/Osiptel para este RUC.'],0,
2029599576,CLIENT_00206,LIMA,Lima,La Victoria,SIN_HISTORIAL_DE_FACTURACION,,,,,True,OK,[],0,
2029619768,CLIENT_00671,LIMA,Lima,Lince,BAJO,BAJO,-14.5,-13.0,False,True,OK,[],1,Mantener ciclo de facturación estándar; sin acción de cobranza adicional.
2029643931,,,,,SIN_HISTORIAL_DE_FACTURACION,,,,,False,ALERTA — REVISIÓN HUMANA,['Cliente no encontrado en el maestro SUNAT (001_TBL_CLIENTES_B2B) -- no se puede validar SUNAT/Osiptel para este RUC.'],0,
2029724403,,,,,SIN_HISTORIAL_DE_FACTURACION,,,,,False,ALERTA — REVISIÓN HUMANA,['Cliente no encontrado en el maestro SUNAT (001_TBL_CLIENTES_B2B) -- no se puede validar SUNAT/Osiptel para este RUC.'],0,
2029736005,,,,,SIN_HISTORIAL_DE_FACTURACION,,,,,False,ALERTA — REVISIÓN HUMANA,['Cliente no encontrado en el maestro SUNAT (001_TBL_CLIENTES_B2B) -- no se puede validar SUNAT/Osiptel para este RUC.'],0,
2029762900,CLIENT_00838,LIMA,Lima,Lima,BAJO,BAJO,-4.0,0.0,False,True,OK,[],1,Mantener ciclo de facturación estándar; sin acción de cobranza adicional.
2029776817,,,,,SIN_HISTORIAL_DE_FACTURACION,,,,,False,ALERTA — REVISIÓN HUMANA,['Cliente no encontrado en el maestro SUNAT (001_TBL_CLIENTES_B2B) -- no se puede validar SUNAT/Osiptel para este RUC.'],0,
2029816520,CLIENT_00874,LIMA,Lima,Independencia,BAJO,BAJO,-12.0,-12.0,False,True,OK,[],0,Mantener ciclo de facturación estándar; sin acción de cobranza adicional.
2029817021,,,,,BAJO,BAJO,-8.0,-8.0,False,False,ALERTA — REVISIÓN HUMANA,['Cliente no encontrado en el maestro SUNAT (001_TBL_CLIENTES_B2B) -- no se puede validar SUNAT/Osiptel para este RUC.'],0,Mantener ciclo de facturación estándar; sin acción de cobranza adicional.
2029838667,CLIENT_00775,LIMA,Lima,Surquillo,SIN_HISTORIAL_DE_FACTURACION,,,,,True,OK,[],0,
2029878690,,,,,SIN_HISTORIAL_DE_FACTURACION,,,,,False,ALERTA — REVISIÓN HUMANA,['Cliente no encontrado en el maestro SUNAT (001_TBL_CLIENTES_B2B) -- no se puede validar SUNAT/Osiptel para este RUC.'],0,
2029902035,,,,,BAJO,BAJO,3.8,14.0,False,False,ALERTA — REVISIÓN HUMANA,['Cliente no encontrado en el maestro SUNAT (001_TBL_CLIENTES_B2B) -- no se puede validar SUNAT/Osiptel para este RUC.'],6,Mantener ciclo de facturación estándar; sin acción de cobranza adicional.
2029921832,CLIENT_00162,LIMA,Lima,Lince,BAJO,BAJO,-6.5,-1.0,True,True,OK,[],0,Mantener ciclo de facturación estándar; sin acción de cobranza adicional.
2029981304,,,,,SIN_HISTORIAL_DE_FACTURACION,,,,,False,ALERTA — REVISIÓN HUMANA,['Cliente no encontrado en el maestro SUNAT (001_TBL_CLIENTES_B2B) -- no se puede validar SUNAT/Osiptel para este RUC.'],0,
2029999038,,,,,SIN_HISTORIAL_DE_FACTURACION,,,,,False,ALERTA — REVISIÓN HUMANA,['Cliente no encontrado en el maestro SUNAT (001_TBL_CLIENTES_B2B) -- no se puede validar SUNAT/Osiptel para este RUC.'],0,
2030002931,,,,,SIN_HISTORIAL_DE_FACTURACION,,,,,False,ALERTA — REVISIÓN HUMANA,['Cliente no encontrado en el maestro SUNAT (001_TBL_CLIENTES_B2B) -- no se puede validar SUNAT/Osiptel para este RUC.'],0,
2030030342,,,,,SIN_HISTORIAL_DE_FACTURACION,,,,,False,ALERTA — REVISIÓN HUMANA,['Cliente no encontrado en el maestro SUNAT (001_TBL_CLIENTES_B2B) -- no se puede validar SUNAT/Osiptel para este RUC.'],0,
2030034533,,,,,SIN_HISTORIAL_DE_FACTURACION,,,,,False,ALERTA — REVISIÓN HUMANA,['Cliente no encontrado en el maestro SUNAT (001_TBL_CLIENTES_B2B) -- no se puede validar SUNAT/Osiptel para este RUC.'],0,
2030044604,,,,,BAJO,BAJO,-7.7,6.0,False,False,ALERTA — REVISIÓN HUMANA,['Cliente no encontrado en el maestro SUNAT (001_TBL_CLIENTES_B2B) -- no se puede validar SUNAT/Osiptel para este RUC.'],2,Mantener ciclo de facturación estándar; sin acción de cobranza adicional.
2030047572,,,,,SIN_HISTORIAL_DE_FACTURACION,,,,,False,ALERTA — REVISIÓN HUMANA,['Cliente no encontrado en el maestro SUNAT (001_TBL_CLIENTES_B2B) -- no se puede validar SUNAT/Osiptel para este RUC.'],0,
2030058585,,,,,SIN_HISTORIAL_DE_FACTURACION,,,,,False,ALERTA — REVISIÓN HUMANA,['Cliente no encontrado en el maestro SUNAT (001_TBL_CLIENTES_B2B) -- no se puede validar SUNAT/Osiptel para este RUC.'],0,
2030078470,CLIENT_00905,LIMA,Lima,Santiago de Surco,SIN_HISTORIAL_DE_FACTURACION,,,,,True,OK,[],0,
2030096823,,,,,SIN_HISTORIAL_DE_FACTURACION,,,,,False,ALERTA — REVISIÓN HUMANA,['Cliente no encontrado en el maestro SUNAT (001_TBL_CLIENTES_B2B) -- no se puede validar SUNAT/Osiptel para este RUC.'],0,
2030170496,,,,,BAJO,BAJO,3.5,4.0,True,False,ALERTA — REVISIÓN HUMANA,['Cliente no encontrado en el maestro SUNAT (001_TBL_CLIENTES_B2B) -- no se puede validar SUNAT/Osiptel para este RUC.'],0,Mantener ciclo de facturación estándar; sin acción de cobranza adicional.
2030170517,,,,,SIN_HISTORIAL_DE_FACTURACION,,,,,False,ALERTA — REVISIÓN HUMANA,['Cliente no encontrado en el maestro SUNAT (001_TBL_CLIENTES_B2B) -- no se puede validar SUNAT/Osiptel para este RUC.'],0,
2030202496,,,,,BAJO,BAJO,-7.7,23.0,False,False,ALERTA — REVISIÓN HUMANA,['Cliente no encontrado en el maestro SUNAT (001_TBL_CLIENTES_B2B) -- no se puede validar SUNAT/Osiptel para este RUC.'],3,Mantener ciclo de facturación estándar; sin acción de cobranza adicional.
2030238649,,,,,SIN_HISTORIAL_DE_FACTURACION,,,,,False,ALERTA — REVISIÓN HUMANA,['Cliente no encontrado en el maestro SUNAT (001_TBL_CLIENTES_B2B) -- no se puede validar SUNAT/Osiptel para este RUC.'],0,
2030249779,CLIENT_00177,ICA,Ica,Ica,SIN_HISTORIAL_DE_FACTURACION,,,,,True,OK,[],0,
2030295098,,,,,SIN_HISTORIAL_DE_FACTURACION,,,,,False,ALERTA — REVISIÓN HUMANA,['Cliente no encontrado en el maestro SUNAT (001_TBL_CLIENTES_B2B) -- no se puede validar SUNAT/Osiptel para este RUC.'],0,
2030329244,,,,,BAJO,BAJO,-8.0,-3.0,False,False,ALERTA — REVISIÓN HUMANA,['Cliente no encontrado en el maestro SUNAT (001_TBL_CLIENTES_B2B) -- no se puede validar SUNAT/Osiptel para este RUC.'],0,Mantener ciclo de facturación estándar; sin acción de cobranza adicional.
2030350128,,,,,SIN_HISTORIAL_DE_FACTURACION,,,,,False,ALERTA — REVISIÓN HUMANA,['Cliente no encontrado en el maestro SUNAT (001_TBL_CLIENTES_B2B) -- no se puede validar SUNAT/Osiptel para este RUC.'],0,
2030366157,,,,,SIN_HISTORIAL_DE_FACTURACION,,,,,False,ALERTA — REVISIÓN HUMANA,['Cliente no encontrado en el maestro SUNAT (001_TBL_CLIENTES_B2B) -- no se puede validar SUNAT/Osiptel para este RUC.'],0,
2030380577,,,,,SIN_HISTORIAL_DE_FACTURACION,,,,,False,ALERTA — REVISIÓN HUMANA,['Cliente no encontrado en el maestro SUNAT (001_TBL_CLIENTES_B2B) -- no se puede validar SUNAT/Osiptel para este RUC.'],0,
2030405929,,,,,BAJO,BAJO,-3.5,-3.0,True,False,ALERTA — REVISIÓN HUMANA,['Cliente no encontrado en el maestro SUNAT (001_TBL_CLIENTES_B2B) -- no se puede validar SUNAT/Osiptel para este RUC.'],0,Mantener ciclo de facturación estándar; sin acción de cobranza adicional.
2030497303,,,,,SIN_HISTORIAL_DE_FACTURACION,,,,,False,ALERTA — REVISIÓN HUMANA,['Cliente no encontrado en el maestro SUNAT (001_TBL_CLIENTES_B2B) -- no se puede validar SUNAT/Osiptel para este RUC.'],0,
2030500532,,,,,SIN_HISTORIAL_DE_FACTURACION,,,,,False,ALERTA — REVISIÓN HUMANA,['Cliente no encontrado en el maestro SUNAT (001_TBL_CLIENTES_B2B) -- no se puede validar SUNAT/Osiptel para este RUC.'],0,
2030541106,,,,,SIN_HISTORIAL_DE_FACTURACION,,,,,False,ALERTA — REVISIÓN HUMANA,['Cliente no encontrado en el maestro SUNAT (001_TBL_CLIENTES_B2B) -- no se puede validar SUNAT/Osiptel para este RUC.'],0,
2030601993,,,,,SIN_HISTORIAL_DE_FACTURACION,,,,,False,ALERTA — REVISIÓN HUMANA,['Cliente no encontrado en el maestro SUNAT (001_TBL_CLIENTES_B2B) -- no se puede validar SUNAT/Osiptel para este RUC.'],0,
2030649540,,,,,SIN_HISTORIAL_DE_FACTURACION,,,,,False,ALERTA — REVISIÓN HUMANA,['Cliente no encontrado en el maestro SUNAT (001_TBL_CLIENTES_B2B) -- no se puede validar SUNAT/Osiptel para este RUC.'],0,
2030667979,,,,,SIN_HISTORIAL_DE_FACTURACION,,,,,False,ALERTA — REVISIÓN HUMANA,['Cliente no encontrado en el maestro SUNAT (001_TBL_CLIENTES_B2B) -- no se puede validar SUNAT/Osiptel para este RUC.'],0,
2030716976,CLIENT_00848,LIMA,Lima,Miraflores,BAJO,BAJO,-14.5,-13.0,False,True,OK,[],0,Mantener ciclo de facturación estándar; sin acción de cobranza adicional.
2030739572,CLIENT_00552,LIMA,Cañete,Mala,BAJO,BAJO,-7.3,-3.0,False,True,OK,[],0,Mantener ciclo de facturación estándar; sin acción de cobranza adicional.
2030767470,,,,,BAJO,BAJO,-11.5,-11.0,False,False,ALERTA — REVISIÓN HUMANA,['Cliente no encontrado en el maestro SUNAT (001_TBL_CLIENTES_B2B) -- no se puede validar SUNAT/Osiptel para este RUC.'],0,Mantener ciclo de facturación estándar; sin acción de cobranza adicional.
2030808313,CLIENT_00059,LIMA,Lima,Santiago de Surco,SIN_HISTORIAL_DE_FACTURACION,,,,,True,OK,[],0,
2030814352,CLIENT_00987,CUSCO,Cusco,Cusco,SIN_HISTORIAL_DE_FACTURACION,,,,,True,OK,[],0,
2030866005,,,,,SIN_HISTORIAL_DE_FACTURACION,,,,,False,ALERTA — REVISIÓN HUMANA,['Cliente no encontrado en el maestro SUNAT (001_TBL_CLIENTES_B2B) -- no se puede validar SUNAT/Osiptel para este RUC.'],0,
2030874114,,,,,SIN_HISTORIAL_DE_FACTURACION,,,,,False,ALERTA — REVISIÓN HUMANA,['Cliente no encontrado en el maestro SUNAT (001_TBL_CLIENTES_B2B) -- no se puede validar SUNAT/Osiptel para este RUC.'],0,
2030916898,,,,,SIN_HISTORIAL_DE_FACTURACION,,,,,False,ALERTA — REVISIÓN HUMANA,['Cliente no encontrado en el maestro SUNAT (001_TBL_CLIENTES_B2B) -- no se puede validar SUNAT/Osiptel para este RUC.'],0,
2030917804,,,,,SIN_HISTORIAL_DE_FACTURACION,,,,,False,ALERTA — REVISIÓN HUMANA,['Cliente no encontrado en el maestro SUNAT (001_TBL_CLIENTES_B2B) -- no se puede validar SUNAT/Osiptel para este RUC.'],0,
2030936191,,,,,BAJO,BAJO,-2.5,7.0,False,False,ALERTA — REVISIÓN HUMANA,['Cliente no encontrado en el maestro SUNAT (001_TBL_CLIENTES_B2B) -- no se puede validar SUNAT/Osiptel para este RUC.'],0,Mantener ciclo de facturación estándar; sin acción de cobranza adicional.
2031011311,,,,,SIN_HISTORIAL_DE_FACTURACION,,,,,False,ALERTA — REVISIÓN HUMANA,['Cliente no encontrado en el maestro SUNAT (001_TBL_CLIENTES_B2B) -- no se puede validar SUNAT/Osiptel para este RUC.'],0,
2031026995,,,,,BAJO,BAJO,-1.0,0.0,False,False,ALERTA — REVISIÓN HUMANA,['Cliente no encontrado en el maestro SUNAT (001_TBL_CLIENTES_B2B) -- no se puede validar SUNAT/Osiptel para este RUC.'],0,Mantener ciclo de facturación estándar; sin acción de cobranza adicional.
2031035137,,,,,SIN_HISTORIAL_DE_FACTURACION,,,,,False,ALERTA — REVISIÓN HUMANA,['Cliente no encontrado en el maestro SUNAT (001_TBL_CLIENTES_B2B) -- no se puede validar SUNAT/Osiptel para este RUC.'],0,
2031084574,,,,,SIN_HISTORIAL_DE_FACTURACION,,,,,False,ALERTA — REVISIÓN HUMANA,['Cliente no encontrado en el maestro SUNAT (001_TBL_CLIENTES_B2B) -- no se puede validar SUNAT/Osiptel para este RUC.'],0,
2031091013,CLIENT_00196,PIURA,Sullana,Bellavista,BAJO,BAJO,2.0,4.0,False,True,OK,[],0,Mantener ciclo de facturación estándar; sin acción de cobranza adicional.
2031106160,,,,,SIN_HISTORIAL_DE_FACTURACION,,,,,False,ALERTA — REVISIÓN HUMANA,['Cliente no encontrado en el maestro SUNAT (001_TBL_CLIENTES_B2B) -- no se puede validar SUNAT/Osiptel para este RUC.'],0,
2031184677,,,,,SIN_HISTORIAL_DE_FACTURACION,,,,,False,ALERTA — REVISIÓN HUMANA,['Cliente no encontrado en el maestro SUNAT (001_TBL_CLIENTES_B2B) -- no se puede validar SUNAT/Osiptel para este RUC.'],0,
2031188641,CLIENT_00178,LIMA,Lima,Surquillo,SIN_HISTORIAL_DE_FACTURACION,,,,,True,OK,[],0,
2031200723,,,,,SIN_HISTORIAL_DE_FACTURACION,,,,,False,ALERTA — REVISIÓN HUMANA,['Cliente no encontrado en el maestro SUNAT (001_TBL_CLIENTES_B2B) -- no se puede validar SUNAT/Osiptel para este RUC.'],0,
2031202430,,,,,SIN_HISTORIAL_DE_FACTURACION,,,,,False,ALERTA — REVISIÓN HUMANA,['Cliente no encontrado en el maestro SUNAT (001_TBL_CLIENTES_B2B) -- no se puede validar SUNAT/Osiptel para este RUC.'],0,
2031203897,,,,,SIN_HISTORIAL_DE_FACTURACION,,,,,False,ALERTA — REVISIÓN HUMANA,['Cliente no encontrado en el maestro SUNAT (001_TBL_CLIENTES_B2B) -- no se puede validar SUNAT/Osiptel para este RUC.'],0,
2031222928,,,,,SIN_HISTORIAL_DE_FACTURACION,,,,,False,ALERTA — REVISIÓN HUMANA,['Cliente no encontrado en el maestro SUNAT (001_TBL_CLIENTES_B2B) -- no se puede validar SUNAT/Osiptel para este RUC.'],0,
2031228249,CLIENT_00463,LIMA,Lima,Los Olivos,BAJO,BAJO,4.7,13.0,False,True,OK,[],2,Mantener ciclo de facturación estándar; sin acción de cobranza adicional.
2031230438,,,,,SIN_HISTORIAL_DE_FACTURACION,,,,,False,ALERTA — REVISIÓN HUMANA,['Cliente no encontrado en el maestro SUNAT (001_TBL_CLIENTES_B2B) -- no se puede validar SUNAT/Osiptel para este RUC.'],0,
2031306667,,,,,SIN_HISTORIAL_DE_FACTURACION,,,,,False,ALERTA — REVISIÓN HUMANA,['Cliente no encontrado en el maestro SUNAT (001_TBL_CLIENTES_B2B) -- no se puede validar SUNAT/Osiptel para este RUC.'],0,
2031307595,CLIENT_00876,CUSCO,Urubamba,Ollantaytambo,SIN_HISTORIAL_DE_FACTURACION,,,,,True,OK,[],0,
2031346095,,,,,SIN_HISTORIAL_DE_FACTURACION,,,,,False,ALERTA — REVISIÓN HUMANA,['Cliente no encontrado en el maestro SUNAT (001_TBL_CLIENTES_B2B) -- no se puede validar SUNAT/Osiptel para este RUC.'],0,
2031395900,CLIENT_00781,LIMA,Lima,La Victoria,BAJO,BAJO,2.5,3.0,True,True,OK,[],0,Mantener ciclo de facturación estándar; sin acción de cobranza adicional.
2031438684,,,,,SIN_HISTORIAL_DE_FACTURACION,,,,,False,ALERTA — REVISIÓN HUMANA,['Cliente no encontrado en el maestro SUNAT (001_TBL_CLIENTES_B2B) -- no se puede validar SUNAT/Osiptel para este RUC.'],0,
2031560741,,,,,SIN_HISTORIAL_DE_FACTURACION,,,,,False,ALERTA — REVISIÓN HUMANA,['Cliente no encontrado en el maestro SUNAT (001_TBL_CLIENTES_B2B) -- no se puede validar SUNAT/Osiptel para este RUC.'],0,
2031569282,CLIENT_00055,CALLAO,Prov. Const. del Callao,Callao,MEDIO,MEDIO,9.0,9.0,False,True,OK,[],0,Recordatorio automático 5 días antes del vencimiento por correo/WhatsApp; sin escalamiento humano todavía.
2031601836,,,,,SIN_HISTORIAL_DE_FACTURACION,,,,,False,ALERTA — REVISIÓN HUMANA,['Cliente no encontrado en el maestro SUNAT (001_TBL_CLIENTES_B2B) -- no se puede validar SUNAT/Osiptel para este RUC.'],0,
2031629900,,,,,SIN_HISTORIAL_DE_FACTURACION,,,,,False,ALERTA — REVISIÓN HUMANA,['Cliente no encontrado en el maestro SUNAT (001_TBL_CLIENTES_B2B) -- no se puede validar SUNAT/Osiptel para este RUC.'],0,
2031634796,,,,,SIN_HISTORIAL_DE_FACTURACION,,,,,False,ALERTA — REVISIÓN HUMANA,['Cliente no encontrado en el maestro SUNAT (001_TBL_CLIENTES_B2B) -- no se puede validar SUNAT/Osiptel para este RUC.'],0,
2031643257,,,,,SIN_HISTORIAL_DE_FACTURACION,,,,,False,ALERTA — REVISIÓN HUMANA,['Cliente no encontrado en el maestro SUNAT (001_TBL_CLIENTES_B2B) -- no se puede validar SUNAT/Osiptel para este RUC.'],0,
2031664944,,,,,SIN_HISTORIAL_DE_FACTURACION,,,,,False,ALERTA — REVISIÓN HUMANA,['Cliente no encontrado en el maestro SUNAT (001_TBL_CLIENTES_B2B) -- no se puede validar SUNAT/Osiptel para este RUC.'],0,
2031682801,,,,,BAJO,BAJO,0.0,0.0,False,False,ALERTA — REVISIÓN HUMANA,['Cliente no encontrado en el maestro SUNAT (001_TBL_CLIENTES_B2B) -- no se puede validar SUNAT/Osiptel para este RUC.'],0,Mantener ciclo de facturación estándar; sin acción de cobranza adicional.
2031700404,,,,,SIN_HISTORIAL_DE_FACTURACION,,,,,False,ALERTA — REVISIÓN HUMANA,['Cliente no encontrado en el maestro SUNAT (001_TBL_CLIENTES_B2B) -- no se puede validar SUNAT/Osiptel para este RUC.'],0,
2031708273,CLIENT_00450,LA LIBERTAD,Trujillo,Trujillo,SIN_HISTORIAL_DE_FACTURACION,,,,,True,OK,[],0,
2031711814,,,,,BAJO,BAJO,-5.4,5.0,False,False,ALERTA — REVISIÓN HUMANA,['Cliente no encontrado en el maestro SUNAT (001_TBL_CLIENTES_B2B) -- no se puede validar SUNAT/Osiptel para este RUC.'],3,Mantener ciclo de facturación estándar; sin acción de cobranza adicional.
2031727959,,,,,SIN_HISTORIAL_DE_FACTURACION,,,,,False,ALERTA — REVISIÓN HUMANA,['Cliente no encontrado en el maestro SUNAT (001_TBL_CLIENTES_B2B) -- no se puede validar SUNAT/Osiptel para este RUC.'],0,
2031734441,,,,,SIN_HISTORIAL_DE_FACTURACION,,,,,False,ALERTA — REVISIÓN HUMANA,['Cliente no encontrado en el maestro SUNAT (001_TBL_CLIENTES_B2B) -- no se puede validar SUNAT/Osiptel para este RUC.'],0,
2031742610,CLIENT_00470,PIURA,Talara,Pariñas,ALTO,ALTO,24.0,24.0,False,True,OK,[],1,Contacto proactivo antes del vencimiento + oferta de plan de pago fraccionado; escalar a gestor de cuenta senior.
2031756935,CLIENT_00484,LIMA,Lima,Miraflores,ALTO,ALTO,16.7,22.0,False,True,OK,[],2,Contacto proactivo antes del vencimiento + oferta de plan de pago fraccionado; escalar a gestor de cuenta senior.
2031761750,,,,,SIN_HISTORIAL_DE_FACTURACION,,,,,False,ALERTA — REVISIÓN HUMANA,['Cliente no encontrado en el maestro SUNAT (001_TBL_CLIENTES_B2B) -- no se puede validar SUNAT/Osiptel para este RUC.'],0,
2031808793,,,,,SIN_HISTORIAL_DE_FACTURACION,,,,,False,ALERTA — REVISIÓN HUMANA,['Cliente no encontrado en el maestro SUNAT (001_TBL_CLIENTES_B2B) -- no se puede validar SUNAT/Osiptel para este RUC.'],0,
2031830857,,,,,BAJO,BAJO,-3.0,0.0,True,False,ALERTA — REVISIÓN HUMANA,['Cliente no encontrado en el maestro SUNAT (001_TBL_CLIENTES_B2B) -- no se puede validar SUNAT/Osiptel para este RUC.'],0,Mantener ciclo de facturación estándar; sin acción de cobranza adicional.
2031850278,CLIENT_00571,LIMA,Lima,Independencia,SIN_HISTORIAL_DE_FACTURACION,,,,,True,OK,[],0,
2031853028,CLIENT_00531,LIMA,Lima,Los Olivos,ALTO,ALTO,18.5,19.0,True,True,OK,[],0,Contacto proactivo antes del vencimiento + oferta de plan de pago fraccionado; escalar a gestor de cuenta senior.
2031884114,,,,,SIN_HISTORIAL_DE_FACTURACION,,,,,False,ALERTA — REVISIÓN HUMANA,['Cliente no encontrado en el maestro SUNAT (001_TBL_CLIENTES_B2B) -- no se puede validar SUNAT/Osiptel para este RUC.'],0,
2031888587,,,,,SIN_HISTORIAL_DE_FACTURACION,,,,,False,ALERTA — REVISIÓN HUMANA,['Cliente no encontrado en el maestro SUNAT (001_TBL_CLIENTES_B2B) -- no se puede validar SUNAT/Osiptel para este RUC.'],0,
2031938916,,,,,SIN_HISTORIAL_DE_FACTURACION,,,,,False,ALERTA — REVISIÓN HUMANA,['Cliente no encontrado en el maestro SUNAT (001_TBL_CLIENTES_B2B) -- no se puede validar SUNAT/Osiptel para este RUC.'],0,
2031946637,,,,,MEDIO,MEDIO,8.0,13.0,False,False,ALERTA — REVISIÓN HUMANA,['Cliente no encontrado en el maestro SUNAT (001_TBL_CLIENTES_B2B) -- no se puede validar SUNAT/Osiptel para este RUC.'],2,Recordatorio automático 5 días antes del vencimiento por correo/WhatsApp; sin escalamiento humano todavía.
2031981897,CLIENT_00248,LIMA,Lima,San Borja,MEDIO,MEDIO,14.0,22.0,False,True,OK,[],1,Recordatorio automático 5 días antes del vencimiento por correo/WhatsApp; sin escalamiento humano todavía.
2032006233,,,,,SIN_HISTORIAL_DE_FACTURACION,,,,,False,ALERTA — REVISIÓN HUMANA,['Cliente no encontrado en el maestro SUNAT (001_TBL_CLIENTES_B2B) -- no se puede validar SUNAT/Osiptel para este RUC.'],0,
2032059550,,,,,SIN_HISTORIAL_DE_FACTURACION,,,,,False,ALERTA — REVISIÓN HUMANA,['Cliente no encontrado en el maestro SUNAT (001_TBL_CLIENTES_B2B) -- no se puede validar SUNAT/Osiptel para este RUC.'],0,
2032066182,,,,,SIN_HISTORIAL_DE_FACTURACION,,,,,False,ALERTA — REVISIÓN HUMANA,['Cliente no encontrado en el maestro SUNAT (001_TBL_CLIENTES_B2B) -- no se puede validar SUNAT/Osiptel para este RUC.'],0,
2032105761,,,,,SIN_HISTORIAL_DE_FACTURACION,,,,,False,ALERTA — REVISIÓN HUMANA,['Cliente no encontrado en el maestro SUNAT (001_TBL_CLIENTES_B2B) -- no se puede validar SUNAT/Osiptel para este RUC.'],0,
2032132416,,,,,SIN_HISTORIAL_DE_FACTURACION,,,,,False,ALERTA — REVISIÓN HUMANA,['Cliente no encontrado en el maestro SUNAT (001_TBL_CLIENTES_B2B) -- no se puede validar SUNAT/Osiptel para este RUC.'],0,
2032149032,,,,,SIN_HISTORIAL_DE_FACTURACION,,,,,False,ALERTA — REVISIÓN HUMANA,['Cliente no encontrado en el maestro SUNAT (001_TBL_CLIENTES_B2B) -- no se puede validar SUNAT/Osiptel para este RUC.'],0,
2032184225,,,,,BAJO,BAJO,2.0,3.0,True,False,ALERTA — REVISIÓN HUMANA,['Cliente no encontrado en el maestro SUNAT (001_TBL_CLIENTES_B2B) -- no se puede validar SUNAT/Osiptel para este RUC.'],0,Mantener ciclo de facturación estándar; sin acción de cobranza adicional.
2032205889,CLIENT_00480,LIMA,Lima,San Borja,ALTO,BAJO,-5.0,-5.0,False,True,ALERTA — REVISIÓN HUMANA,['Todas sus líneas (fija/móvil) están inactivas o suspendidas'],1,Mantener ciclo de facturación estándar; sin acción de cobranza adicional.
2032219340,,,,,SIN_HISTORIAL_DE_FACTURACION,,,,,False,ALERTA — REVISIÓN HUMANA,['Cliente no encontrado en el maestro SUNAT (001_TBL_CLIENTES_B2B) -- no se puede validar SUNAT/Osiptel para este RUC.'],0,
2032219870,CLIENT_00462,LIMA,Lima,Comas,BAJO,BAJO,-7.3,6.0,False,True,OK,[],3,Mantener ciclo de facturación estándar; sin acción de cobranza adicional.
2032243442,CLIENT_00656,LIMA,Lima,La Victoria,BAJO,BAJO,2.0,3.0,True,True,OK,[],0,Mantener ciclo de facturación estándar; sin acción de cobranza adicional.
2032256410,,,,,SIN_HISTORIAL_DE_FACTURACION,,,,,False,ALERTA — REVISIÓN HUMANA,['Cliente no encontrado en el maestro SUNAT (001_TBL_CLIENTES_B2B) -- no se puede validar SUNAT/Osiptel para este RUC.'],0,
2032318459,CLIENT_00719,LIMA,Lima,Lima,SIN_HISTORIAL_DE_FACTURACION,,,,,True,OK,[],0,
2032321899,CLIENT_00907,PIURA,Paita,Paita,SIN_HISTORIAL_DE_FACTURACION,,,,,True,OK,[],0,
2032335674,CLIENT_00620,LIMA,Lima,Santiago de Surco,ALTO,,,,,True,ALERTA — REVISIÓN HUMANA,['SUNAT_ESTADO_CONTRIBUYENTE=BAJA DE OFICIO (no ACTIVO)'],0,
2032373916,,,,,SIN_HISTORIAL_DE_FACTURACION,,,,,False,ALERTA — REVISIÓN HUMANA,['Cliente no encontrado en el maestro SUNAT (001_TBL_CLIENTES_B2B) -- no se puede validar SUNAT/Osiptel para este RUC.'],0,
2032390419,,,,,SIN_HISTORIAL_DE_FACTURACION,,,,,False,ALERTA — REVISIÓN HUMANA,['Cliente no encontrado en el maestro SUNAT (001_TBL_CLIENTES_B2B) -- no se puede validar SUNAT/Osiptel para este RUC.'],0,
2032481677,,,,,SIN_HISTORIAL_DE_FACTURACION,,,,,False,ALERTA — REVISIÓN HUMANA,['Cliente no encontrado en el maestro SUNAT (001_TBL_CLIENTES_B2B) -- no se puede validar SUNAT/Osiptel para este RUC.'],0,
2032506962,,,,,SIN_HISTORIAL_DE_FACTURACION,,,,,False,ALERTA — REVISIÓN HUMANA,['Cliente no encontrado en el maestro SUNAT (001_TBL_CLIENTES_B2B) -- no se puede validar SUNAT/Osiptel para este RUC.'],0,
2032515508,,,,,SIN_HISTORIAL_DE_FACTURACION,,,,,False,ALERTA — REVISIÓN HUMANA,['Cliente no encontrado en el maestro SUNAT (001_TBL_CLIENTES_B2B) -- no se puede validar SUNAT/Osiptel para este RUC.'],0,
2032557075,,,,,SIN_HISTORIAL_DE_FACTURACION,,,,,False,ALERTA — REVISIÓN HUMANA,['Cliente no encontrado en el maestro SUNAT (001_TBL_CLIENTES_B2B) -- no se puede validar SUNAT/Osiptel para este RUC.'],0,
2032559986,,,,,SIN_HISTORIAL_DE_FACTURACION,,,,,False,ALERTA — REVISIÓN HUMANA,['Cliente no encontrado en el maestro SUNAT (001_TBL_CLIENTES_B2B) -- no se puede validar SUNAT/Osiptel para este RUC.'],0,
2032560960,,,,,SIN_HISTORIAL_DE_FACTURACION,,,,,False,ALERTA — REVISIÓN HUMANA,['Cliente no encontrado en el maestro SUNAT (001_TBL_CLIENTES_B2B) -- no se puede validar SUNAT/Osiptel para este RUC.'],0,
2032635276,CLIENT_00664,CAJAMARCA,Chota,Chota,BAJO,BAJO,1.5,2.0,True,True,OK,[],0,Mantener ciclo de facturación estándar; sin acción de cobranza adicional.
2032642270,,,,,SIN_HISTORIAL_DE_FACTURACION,,,,,False,ALERTA — REVISIÓN HUMANA,['Cliente no encontrado en el maestro SUNAT (001_TBL_CLIENTES_B2B) -- no se puede validar SUNAT/Osiptel para este RUC.'],0,
2032717708,,,,,MEDIO,MEDIO,10.5,19.0,False,False,ALERTA — REVISIÓN HUMANA,['Cliente no encontrado en el maestro SUNAT (001_TBL_CLIENTES_B2B) -- no se puede validar SUNAT/Osiptel para este RUC.'],0,Recordatorio automático 5 días antes del vencimiento por correo/WhatsApp; sin escalamiento humano todavía.
2032749745,,,,,SIN_HISTORIAL_DE_FACTURACION,,,,,False,ALERTA — REVISIÓN HUMANA,['Cliente no encontrado en el maestro SUNAT (001_TBL_CLIENTES_B2B) -- no se puede validar SUNAT/Osiptel para este RUC.'],0,
2032800550,,,,,SIN_HISTORIAL_DE_FACTURACION,,,,,False,ALERTA — REVISIÓN HUMANA,['Cliente no encontrado en el maestro SUNAT (001_TBL_CLIENTES_B2B) -- no se puede validar SUNAT/Osiptel para este RUC.'],0,
2032805428,CLIENT_00508,LIMA,Lima,La Victoria,SIN_HISTORIAL_DE_FACTURACION,,,,,True,OK,[],0,
2032846020,,,,,SIN_HISTORIAL_DE_FACTURACION,,,,,False,ALERTA — REVISIÓN HUMANA,['Cliente no encontrado en el maestro SUNAT (001_TBL_CLIENTES_B2B) -- no se puede validar SUNAT/Osiptel para este RUC.'],0,
2032867412,,,,,SIN_HISTORIAL_DE_FACTURACION,,,,,False,ALERTA — REVISIÓN HUMANA,['Cliente no encontrado en el maestro SUNAT (001_TBL_CLIENTES_B2B) -- no se puede validar SUNAT/Osiptel para este RUC.'],0,
2032869030,,,,,BAJO,BAJO,-0.5,0.0,False,False,ALERTA — REVISIÓN HUMANA,['Cliente no encontrado en el maestro SUNAT (001_TBL_CLIENTES_B2B) -- no se puede validar SUNAT/Osiptel para este RUC.'],0,Mantener ciclo de facturación estándar; sin acción de cobranza adicional.
2032898406,,,,,SIN_HISTORIAL_DE_FACTURACION,,,,,False,ALERTA — REVISIÓN HUMANA,['Cliente no encontrado en el maestro SUNAT (001_TBL_CLIENTES_B2B) -- no se puede validar SUNAT/Osiptel para este RUC.'],0,
2032914744,,,,,SIN_HISTORIAL_DE_FACTURACION,,,,,False,ALERTA — REVISIÓN HUMANA,['Cliente no encontrado en el maestro SUNAT (001_TBL_CLIENTES_B2B) -- no se puede validar SUNAT/Osiptel para este RUC.'],0,
2032994747,,,,,SIN_HISTORIAL_DE_FACTURACION,,,,,False,ALERTA — REVISIÓN HUMANA,['Cliente no encontrado en el maestro SUNAT (001_TBL_CLIENTES_B2B) -- no se puede validar SUNAT/Osiptel para este RUC.'],0,
2033085175,,,,,SIN_HISTORIAL_DE_FACTURACION,,,,,False,ALERTA — REVISIÓN HUMANA,['Cliente no encontrado en el maestro SUNAT (001_TBL_CLIENTES_B2B) -- no se puede validar SUNAT/Osiptel para este RUC.'],0,
2033148578,,,,,SIN_HISTORIAL_DE_FACTURACION,,,,,False,ALERTA — REVISIÓN HUMANA,['Cliente no encontrado en el maestro SUNAT (001_TBL_CLIENTES_B2B) -- no se puede validar SUNAT/Osiptel para este RUC.'],0,
2033150864,CLIENT_00212,LIMA,Lima,Jesús María,SIN_HISTORIAL_DE_FACTURACION,,,,,True,OK,[],0,
2033166291,,,,,SIN_HISTORIAL_DE_FACTURACION,,,,,False,ALERTA — REVISIÓN HUMANA,['Cliente no encontrado en el maestro SUNAT (001_TBL_CLIENTES_B2B) -- no se puede validar SUNAT/Osiptel para este RUC.'],0,
2033171926,,,,,SIN_HISTORIAL_DE_FACTURACION,,,,,False,ALERTA — REVISIÓN HUMANA,['Cliente no encontrado en el maestro SUNAT (001_TBL_CLIENTES_B2B) -- no se puede validar SUNAT/Osiptel para este RUC.'],0,
2033173917,,,,,SIN_HISTORIAL_DE_FACTURACION,,,,,False,ALERTA — REVISIÓN HUMANA,['Cliente no encontrado en el maestro SUNAT (001_TBL_CLIENTES_B2B) -- no se puede validar SUNAT/Osiptel para este RUC.'],0,
2033213127,CLIENT_00483,LIMA,Lima,Los Olivos,ALTO,BAJO,-8.0,-8.0,False,True,ALERTA — REVISIÓN HUMANA,['SUNAT_ESTADO_CONTRIBUYENTE=BAJA PROV. POR OFICI (no ACTIVO)'],0,Mantener ciclo de facturación estándar; sin acción de cobranza adicional.
2033242029,,,,,SIN_HISTORIAL_DE_FACTURACION,,,,,False,ALERTA — REVISIÓN HUMANA,['Cliente no encontrado en el maestro SUNAT (001_TBL_CLIENTES_B2B) -- no se puede validar SUNAT/Osiptel para este RUC.'],0,
2033295502,CLIENT_00513,LIMA,Lima,San Borja,BAJO,BAJO,-1.3,0.0,True,True,OK,[],0,Mantener ciclo de facturación estándar; sin acción de cobranza adicional.
2033345034,,,,,SIN_HISTORIAL_DE_FACTURACION,,,,,False,ALERTA — REVISIÓN HUMANA,['Cliente no encontrado en el maestro SUNAT (001_TBL_CLIENTES_B2B) -- no se puede validar SUNAT/Osiptel para este RUC.'],0,
2033349013,,,,,SIN_HISTORIAL_DE_FACTURACION,,,,,False,ALERTA — REVISIÓN HUMANA,['Cliente no encontrado en el maestro SUNAT (001_TBL_CLIENTES_B2B) -- no se puede validar SUNAT/Osiptel para este RUC.'],0,
2033397761,,,,,BAJO,BAJO,0.5,2.0,True,False,ALERTA — REVISIÓN HUMANA,['Cliente no encontrado en el maestro SUNAT (001_TBL_CLIENTES_B2B) -- no se puede validar SUNAT/Osiptel para este RUC.'],0,Mantener ciclo de facturación estándar; sin acción de cobranza adicional.
2033399849,,,,,SIN_HISTORIAL_DE_FACTURACION,,,,,False,ALERTA — REVISIÓN HUMANA,['Cliente no encontrado en el maestro SUNAT (001_TBL_CLIENTES_B2B) -- no se puede validar SUNAT/Osiptel para este RUC.'],0,
2033411826,CLIENT_00583,LIMA,Lima,Villa El Salvador,SIN_HISTORIAL_DE_FACTURACION,,,,,True,OK,[],0,
2033412319,CLIENT_00995,CUSCO,Cusco,Wanchaq,SIN_HISTORIAL_DE_FACTURACION,,,,,True,OK,[],0,
2033422262,,,,,SIN_HISTORIAL_DE_FACTURACION,,,,,False,ALERTA — REVISIÓN HUMANA,['Cliente no encontrado en el maestro SUNAT (001_TBL_CLIENTES_B2B) -- no se puede validar SUNAT/Osiptel para este RUC.'],0,
2033497467,,,,,SIN_HISTORIAL_DE_FACTURACION,,,,,False,ALERTA — REVISIÓN HUMANA,['Cliente no encontrado en el maestro SUNAT (001_TBL_CLIENTES_B2B) -- no se puede validar SUNAT/Osiptel para este RUC.'],0,
2033511601,,,,,BAJO,BAJO,1.0,8.0,False,False,ALERTA — REVISIÓN HUMANA,['Cliente no encontrado en el maestro SUNAT (001_TBL_CLIENTES_B2B) -- no se puede validar SUNAT/Osiptel para este RUC.'],0,Mantener ciclo de facturación estándar; sin acción de cobranza adicional.
2033527775,,,,,SIN_HISTORIAL_DE_FACTURACION,,,,,False,ALERTA — REVISIÓN HUMANA,['Cliente no encontrado en el maestro SUNAT (001_TBL_CLIENTES_B2B) -- no se puede validar SUNAT/Osiptel para este RUC.'],0,
2033527809,CLIENT_00688,HUANUCO,Huánuco,Huanuco,BAJO,BAJO,2.0,3.0,True,True,OK,[],0,Mantener ciclo de facturación estándar; sin acción de cobranza adicional.
2033540112,,,,,SIN_HISTORIAL_DE_FACTURACION,,,,,False,ALERTA — REVISIÓN HUMANA,['Cliente no encontrado en el maestro SUNAT (001_TBL_CLIENTES_B2B) -- no se puede validar SUNAT/Osiptel para este RUC.'],0,
2033541980,CLIENT_00010,ANCASH,Santa,Chimbote,SIN_HISTORIAL_DE_FACTURACION,,,,,True,OK,[],0,
2033572812,,,,,SIN_HISTORIAL_DE_FACTURACION,,,,,False,ALERTA — REVISIÓN HUMANA,['Cliente no encontrado en el maestro SUNAT (001_TBL_CLIENTES_B2B) -- no se puede validar SUNAT/Osiptel para este RUC.'],0,
2033591606,CLIENT_00518,LIMA,Lima,Santiago de Surco,BAJO,BAJO,1.5,3.0,True,True,OK,[],0,Mantener ciclo de facturación estándar; sin acción de cobranza adicional.
2033627328,,,,,SIN_HISTORIAL_DE_FACTURACION,,,,,False,ALERTA — REVISIÓN HUMANA,['Cliente no encontrado en el maestro SUNAT (001_TBL_CLIENTES_B2B) -- no se puede validar SUNAT/Osiptel para este RUC.'],0,
2033646347,CLIENT_00497,LA LIBERTAD,Trujillo,Trujillo,BAJO,BAJO,0.0,0.0,False,True,OK,[],0,Mantener ciclo de facturación estándar; sin acción de cobranza adicional.
2033687087,,,,,SIN_HISTORIAL_DE_FACTURACION,,,,,False,ALERTA — REVISIÓN HUMANA,['Cliente no encontrado en el maestro SUNAT (001_TBL_CLIENTES_B2B) -- no se puede validar SUNAT/Osiptel para este RUC.'],0,
2033758105,,,,,SIN_HISTORIAL_DE_FACTURACION,,,,,False,ALERTA — REVISIÓN HUMANA,['Cliente no encontrado en el maestro SUNAT (001_TBL_CLIENTES_B2B) -- no se puede validar SUNAT/Osiptel para este RUC.'],0,
2033800985,CLIENT_00691,LIMA,Lima,Lima,SIN_HISTORIAL_DE_FACTURACION,,,,,True,OK,[],0,
2033801557,,,,,SIN_HISTORIAL_DE_FACTURACION,,,,,False,ALERTA — REVISIÓN HUMANA,['Cliente no encontrado en el maestro SUNAT (001_TBL_CLIENTES_B2B) -- no se puede validar SUNAT/Osiptel para este RUC.'],0,
2033817024,,,,,BAJO,BAJO,2.0,13.0,False,False,ALERTA — REVISIÓN HUMANA,['Cliente no encontrado en el maestro SUNAT (001_TBL_CLIENTES_B2B) -- no se puede validar SUNAT/Osiptel para este RUC.'],2,Mantener ciclo de facturación estándar; sin acción de cobranza adicional.
2033874362,CLIENT_00792,CUSCO,Cusco,Cusco,SIN_HISTORIAL_DE_FACTURACION,,,,,True,OK,[],0,
2033925047,,,,,SIN_HISTORIAL_DE_FACTURACION,,,,,False,ALERTA — REVISIÓN HUMANA,['Cliente no encontrado en el maestro SUNAT (001_TBL_CLIENTES_B2B) -- no se puede validar SUNAT/Osiptel para este RUC.'],0,
2033935445,CLIENT_00287,LIMA,Lima,San Borja,SIN_HISTORIAL_DE_FACTURACION,,,,,True,OK,[],0,
2033958304,CLIENT_00921,LAMBAYEQUE,Chiclayo,Chiclayo,BAJO,BAJO,0.0,0.0,False,True,OK,[],0,Mantener ciclo de facturación estándar; sin acción de cobranza adicional.
2034116142,,,,,SIN_HISTORIAL_DE_FACTURACION,,,,,False,ALERTA — REVISIÓN HUMANA,['Cliente no encontrado en el maestro SUNAT (001_TBL_CLIENTES_B2B) -- no se puede validar SUNAT/Osiptel para este RUC.'],0,
2034143796,,,,,SIN_HISTORIAL_DE_FACTURACION,,,,,False,ALERTA — REVISIÓN HUMANA,['Cliente no encontrado en el maestro SUNAT (001_TBL_CLIENTES_B2B) -- no se puede validar SUNAT/Osiptel para este RUC.'],0,
2034148976,CLIENT_00370,LIMA,Lima,San Miguel,ALTO,BAJO,2.5,4.0,False,True,ALERTA — REVISIÓN HUMANA,['SUNAT_ESTADO_CONTRIBUYENTE=BAJA DEFINITIVA (no ACTIVO)'],0,Mantener ciclo de facturación estándar; sin acción de cobranza adicional.
2034169414,CLIENT_00863,LIMA,Lima,Lima,BAJO,BAJO,-14.0,-14.0,False,True,OK,[],0,Mantener ciclo de facturación estándar; sin acción de cobranza adicional.
2034212173,,,,,BAJO,BAJO,-6.3,5.0,False,False,ALERTA — REVISIÓN HUMANA,['Cliente no encontrado en el maestro SUNAT (001_TBL_CLIENTES_B2B) -- no se puede validar SUNAT/Osiptel para este RUC.'],3,Mantener ciclo de facturación estándar; sin acción de cobranza adicional.
2034304441,CLIENT_00500,LIMA,Lima,Ate,ALTO,ALTO,135.0,135.0,False,True,OK,[],1,Contacto proactivo antes del vencimiento + oferta de plan de pago fraccionado; escalar a gestor de cuenta senior.
2034327592,,,,,SIN_HISTORIAL_DE_FACTURACION,,,,,False,ALERTA — REVISIÓN HUMANA,['Cliente no encontrado en el maestro SUNAT (001_TBL_CLIENTES_B2B) -- no se puede validar SUNAT/Osiptel para este RUC.'],0,
2034378336,,,,,SIN_HISTORIAL_DE_FACTURACION,,,,,False,ALERTA — REVISIÓN HUMANA,['Cliente no encontrado en el maestro SUNAT (001_TBL_CLIENTES_B2B) -- no se puede validar SUNAT/Osiptel para este RUC.'],0,
2034394741,,,,,SIN_HISTORIAL_DE_FACTURACION,,,,,False,ALERTA — REVISIÓN HUMANA,['Cliente no encontrado en el maestro SUNAT (001_TBL_CLIENTES_B2B) -- no se puede validar SUNAT/Osiptel para este RUC.'],0,
2034417313,,,,,SIN_HISTORIAL_DE_FACTURACION,,,,,False,ALERTA — REVISIÓN HUMANA,['Cliente no encontrado en el maestro SUNAT (001_TBL_CLIENTES_B2B) -- no se puede validar SUNAT/Osiptel para este RUC.'],0,
2034417319,,,,,SIN_HISTORIAL_DE_FACTURACION,,,,,False,ALERTA — REVISIÓN HUMANA,['Cliente no encontrado en el maestro SUNAT (001_TBL_CLIENTES_B2B) -- no se puede validar SUNAT/Osiptel para este RUC.'],0,
2034498090,,,,,SIN_HISTORIAL_DE_FACTURACION,,,,,False,ALERTA — REVISIÓN HUMANA,['Cliente no encontrado en el maestro SUNAT (001_TBL_CLIENTES_B2B) -- no se puede validar SUNAT/Osiptel para este RUC.'],0,
2034511123,CLIENT_00648,LIMA,Lima,Miraflores,SIN_HISTORIAL_DE_FACTURACION,,,,,True,OK,[],0,
2034521350,,,,,SIN_HISTORIAL_DE_FACTURACION,,,,,False,ALERTA — REVISIÓN HUMANA,['Cliente no encontrado en el maestro SUNAT (001_TBL_CLIENTES_B2B) -- no se puede validar SUNAT/Osiptel para este RUC.'],0,
2034595224,,,,,SIN_HISTORIAL_DE_FACTURACION,,,,,False,ALERTA — REVISIÓN HUMANA,['Cliente no encontrado en el maestro SUNAT (001_TBL_CLIENTES_B2B) -- no se puede validar SUNAT/Osiptel para este RUC.'],0,
2034657582,,,,,SIN_HISTORIAL_DE_FACTURACION,,,,,False,ALERTA — REVISIÓN HUMANA,['Cliente no encontrado en el maestro SUNAT (001_TBL_CLIENTES_B2B) -- no se puede validar SUNAT/Osiptel para este RUC.'],0,
2034684589,,,,,SIN_HISTORIAL_DE_FACTURACION,,,,,False,ALERTA — REVISIÓN HUMANA,['Cliente no encontrado en el maestro SUNAT (001_TBL_CLIENTES_B2B) -- no se puede validar SUNAT/Osiptel para este RUC.'],0,
2034701072,,,,,SIN_HISTORIAL_DE_FACTURACION,,,,,False,ALERTA — REVISIÓN HUMANA,['Cliente no encontrado en el maestro SUNAT (001_TBL_CLIENTES_B2B) -- no se puede validar SUNAT/Osiptel para este RUC.'],0,
2034710453,,,,,SIN_HISTORIAL_DE_FACTURACION,,,,,False,ALERTA — REVISIÓN HUMANA,['Cliente no encontrado en el maestro SUNAT (001_TBL_CLIENTES_B2B) -- no se puede validar SUNAT/Osiptel para este RUC.'],0,
2034730482,,,,,SIN_HISTORIAL_DE_FACTURACION,,,,,False,ALERTA — REVISIÓN HUMANA,['Cliente no encontrado en el maestro SUNAT (001_TBL_CLIENTES_B2B) -- no se puede validar SUNAT/Osiptel para este RUC.'],0,
2034744601,,,,,SIN_HISTORIAL_DE_FACTURACION,,,,,False,ALERTA — REVISIÓN HUMANA,['Cliente no encontrado en el maestro SUNAT (001_TBL_CLIENTES_B2B) -- no se puede validar SUNAT/Osiptel para este RUC.'],0,
2034781506,CLIENT_00066,LIMA,Lima,San Miguel,SIN_HISTORIAL_DE_FACTURACION,,,,,True,OK,[],0,
2034786001,,,,,SIN_HISTORIAL_DE_FACTURACION,,,,,False,ALERTA — REVISIÓN HUMANA,['Cliente no encontrado en el maestro SUNAT (001_TBL_CLIENTES_B2B) -- no se puede validar SUNAT/Osiptel para este RUC.'],0,
2034797127,,,,,SIN_HISTORIAL_DE_FACTURACION,,,,,False,ALERTA — REVISIÓN HUMANA,['Cliente no encontrado en el maestro SUNAT (001_TBL_CLIENTES_B2B) -- no se puede validar SUNAT/Osiptel para este RUC.'],0,
2034805527,,,,,SIN_HISTORIAL_DE_FACTURACION,,,,,False,ALERTA — REVISIÓN HUMANA,['Cliente no encontrado en el maestro SUNAT (001_TBL_CLIENTES_B2B) -- no se puede validar SUNAT/Osiptel para este RUC.'],0,
2034828290,,,,,SIN_HISTORIAL_DE_FACTURACION,,,,,False,ALERTA — REVISIÓN HUMANA,['Cliente no encontrado en el maestro SUNAT (001_TBL_CLIENTES_B2B) -- no se puede validar SUNAT/Osiptel para este RUC.'],0,
2034832319,,,,,SIN_HISTORIAL_DE_FACTURACION,,,,,False,ALERTA — REVISIÓN HUMANA,['Cliente no encontrado en el maestro SUNAT (001_TBL_CLIENTES_B2B) -- no se puede validar SUNAT/Osiptel para este RUC.'],0,
2034879712,CLIENT_00302,APURIMAC,Abancay,Abancay,BAJO,BAJO,3.0,3.0,False,True,OK,[],1,Mantener ciclo de facturación estándar; sin acción de cobranza adicional.
2034895152,CLIENT_00378,CAJAMARCA,Cajamarca,Cajamarca,MEDIO,MEDIO,6.5,7.0,True,True,OK,[],0,Recordatorio automático 5 días antes del vencimiento por correo/WhatsApp; sin escalamiento humano todavía.
2034905952,,,,,SIN_HISTORIAL_DE_FACTURACION,,,,,False,ALERTA — REVISIÓN HUMANA,['Cliente no encontrado en el maestro SUNAT (001_TBL_CLIENTES_B2B) -- no se puede validar SUNAT/Osiptel para este RUC.'],0,
2034907056,,,,,SIN_HISTORIAL_DE_FACTURACION,,,,,False,ALERTA — REVISIÓN HUMANA,['Cliente no encontrado en el maestro SUNAT (001_TBL_CLIENTES_B2B) -- no se puede validar SUNAT/Osiptel para este RUC.'],0,
2034936943,CLIENT_00342,AREQUIPA,Arequipa,Miraflores,SIN_HISTORIAL_DE_FACTURACION,,,,,True,OK,[],0,
2034958413,,,,,BAJO,BAJO,-1.0,-1.0,False,False,ALERTA — REVISIÓN HUMANA,['Cliente no encontrado en el maestro SUNAT (001_TBL_CLIENTES_B2B) -- no se puede validar SUNAT/Osiptel para este RUC.'],0,Mantener ciclo de facturación estándar; sin acción de cobranza adicional.
2034994857,CLIENT_00519,LIMA,Lima,San Juan de Lurigancho,ALTO,ALTO,25.0,25.0,False,True,OK,[],1,Contacto proactivo antes del vencimiento + oferta de plan de pago fraccionado; escalar a gestor de cuenta senior.
2035003073,,,,,SIN_HISTORIAL_DE_FACTURACION,,,,,False,ALERTA — REVISIÓN HUMANA,['Cliente no encontrado en el maestro SUNAT (001_TBL_CLIENTES_B2B) -- no se puede validar SUNAT/Osiptel para este RUC.'],0,
2035042156,,,,,SIN_HISTORIAL_DE_FACTURACION,,,,,False,ALERTA — REVISIÓN HUMANA,['Cliente no encontrado en el maestro SUNAT (001_TBL_CLIENTES_B2B) -- no se puede validar SUNAT/Osiptel para este RUC.'],0,
2035057342,,,,,SIN_HISTORIAL_DE_FACTURACION,,,,,False,ALERTA — REVISIÓN HUMANA,['Cliente no encontrado en el maestro SUNAT (001_TBL_CLIENTES_B2B) -- no se puede validar SUNAT/Osiptel para este RUC.'],0,
2035080236,,,,,SIN_HISTORIAL_DE_FACTURACION,,,,,False,ALERTA — REVISIÓN HUMANA,['Cliente no encontrado en el maestro SUNAT (001_TBL_CLIENTES_B2B) -- no se puede validar SUNAT/Osiptel para este RUC.'],0,
2035102698,,,,,BAJO,BAJO,-11.8,-11.0,False,False,ALERTA — REVISIÓN HUMANA,['Cliente no encontrado en el maestro SUNAT (001_TBL_CLIENTES_B2B) -- no se puede validar SUNAT/Osiptel para este RUC.'],0,Mantener ciclo de facturación estándar; sin acción de cobranza adicional.
2035124090,,,,,BAJO,BAJO,-3.5,-3.0,False,False,ALERTA — REVISIÓN HUMANA,['Cliente no encontrado en el maestro SUNAT (001_TBL_CLIENTES_B2B) -- no se puede validar SUNAT/Osiptel para este RUC.'],0,Mantener ciclo de facturación estándar; sin acción de cobranza adicional.
2035136479,,,,,SIN_HISTORIAL_DE_FACTURACION,,,,,False,ALERTA — REVISIÓN HUMANA,['Cliente no encontrado en el maestro SUNAT (001_TBL_CLIENTES_B2B) -- no se puede validar SUNAT/Osiptel para este RUC.'],0,
2035155424,,,,,SIN_HISTORIAL_DE_FACTURACION,,,,,False,ALERTA — REVISIÓN HUMANA,['Cliente no encontrado en el maestro SUNAT (001_TBL_CLIENTES_B2B) -- no se puede validar SUNAT/Osiptel para este RUC.'],0,
2035193279,,,,,SIN_HISTORIAL_DE_FACTURACION,,,,,False,ALERTA — REVISIÓN HUMANA,['Cliente no encontrado en el maestro SUNAT (001_TBL_CLIENTES_B2B) -- no se puede validar SUNAT/Osiptel para este RUC.'],0,
2035220905,CLIENT_00655,LIMA,Lima,La Molina,SIN_HISTORIAL_DE_FACTURACION,,,,,True,OK,[],0,
2035226116,,,,,BAJO,BAJO,1.0,2.0,True,False,ALERTA — REVISIÓN HUMANA,['Cliente no encontrado en el maestro SUNAT (001_TBL_CLIENTES_B2B) -- no se puede validar SUNAT/Osiptel para este RUC.'],0,Mantener ciclo de facturación estándar; sin acción de cobranza adicional.
2035255056,,,,,SIN_HISTORIAL_DE_FACTURACION,,,,,False,ALERTA — REVISIÓN HUMANA,['Cliente no encontrado en el maestro SUNAT (001_TBL_CLIENTES_B2B) -- no se puede validar SUNAT/Osiptel para este RUC.'],0,
2035299555,,,,,SIN_HISTORIAL_DE_FACTURACION,,,,,False,ALERTA — REVISIÓN HUMANA,['Cliente no encontrado en el maestro SUNAT (001_TBL_CLIENTES_B2B) -- no se puede validar SUNAT/Osiptel para este RUC.'],0,
2035311473,,,,,SIN_HISTORIAL_DE_FACTURACION,,,,,False,ALERTA — REVISIÓN HUMANA,['Cliente no encontrado en el maestro SUNAT (001_TBL_CLIENTES_B2B) -- no se puede validar SUNAT/Osiptel para este RUC.'],0,
2035352743,,,,,SIN_HISTORIAL_DE_FACTURACION,,,,,False,ALERTA — REVISIÓN HUMANA,['Cliente no encontrado en el maestro SUNAT (001_TBL_CLIENTES_B2B) -- no se puede validar SUNAT/Osiptel para este RUC.'],0,
2035367634,,,,,SIN_HISTORIAL_DE_FACTURACION,,,,,False,ALERTA — REVISIÓN HUMANA,['Cliente no encontrado en el maestro SUNAT (001_TBL_CLIENTES_B2B) -- no se puede validar SUNAT/Osiptel para este RUC.'],0,
2035388936,,,,,SIN_HISTORIAL_DE_FACTURACION,,,,,False,ALERTA — REVISIÓN HUMANA,['Cliente no encontrado en el maestro SUNAT (001_TBL_CLIENTES_B2B) -- no se puede validar SUNAT/Osiptel para este RUC.'],0,
2035424665,,,,,SIN_HISTORIAL_DE_FACTURACION,,,,,False,ALERTA — REVISIÓN HUMANA,['Cliente no encontrado en el maestro SUNAT (001_TBL_CLIENTES_B2B) -- no se puede validar SUNAT/Osiptel para este RUC.'],0,
2035428588,,,,,SIN_HISTORIAL_DE_FACTURACION,,,,,False,ALERTA — REVISIÓN HUMANA,['Cliente no encontrado en el maestro SUNAT (001_TBL_CLIENTES_B2B) -- no se puede validar SUNAT/Osiptel para este RUC.'],0,
2035438267,,,,,SIN_HISTORIAL_DE_FACTURACION,,,,,False,ALERTA — REVISIÓN HUMANA,['Cliente no encontrado en el maestro SUNAT (001_TBL_CLIENTES_B2B) -- no se puede validar SUNAT/Osiptel para este RUC.'],0,
2035547940,,,,,SIN_HISTORIAL_DE_FACTURACION,,,,,False,ALERTA — REVISIÓN HUMANA,['Cliente no encontrado en el maestro SUNAT (001_TBL_CLIENTES_B2B) -- no se puede validar SUNAT/Osiptel para este RUC.'],0,
2035557284,CLIENT_00828,LIMA,Lima,Santa Anita,SIN_HISTORIAL_DE_FACTURACION,,,,,True,OK,[],0,
2035559917,CLIENT_00985,PIURA,Piura,Piura,BAJO,BAJO,-3.0,-3.0,False,True,OK,[],0,Mantener ciclo de facturación estándar; sin acción de cobranza adicional.
2035600869,,,,,SIN_HISTORIAL_DE_FACTURACION,,,,,False,ALERTA — REVISIÓN HUMANA,['Cliente no encontrado en el maestro SUNAT (001_TBL_CLIENTES_B2B) -- no se puede validar SUNAT/Osiptel para este RUC.'],0,
2035711012,,,,,BAJO,BAJO,3.5,4.0,False,False,ALERTA — REVISIÓN HUMANA,['Cliente no encontrado en el maestro SUNAT (001_TBL_CLIENTES_B2B) -- no se puede validar SUNAT/Osiptel para este RUC.'],2,Mantener ciclo de facturación estándar; sin acción de cobranza adicional.
2035716449,,,,,SIN_HISTORIAL_DE_FACTURACION,,,,,False,ALERTA — REVISIÓN HUMANA,['Cliente no encontrado en el maestro SUNAT (001_TBL_CLIENTES_B2B) -- no se puede validar SUNAT/Osiptel para este RUC.'],0,
2035721731,CLIENT_00256,LIMA,Lima,San Juan de Miraflores,BAJO,BAJO,0.5,2.0,False,True,OK,[],1,Mantener ciclo de facturación estándar; sin acción de cobranza adicional.
2035734946,,,,,SIN_HISTORIAL_DE_FACTURACION,,,,,False,ALERTA — REVISIÓN HUMANA,['Cliente no encontrado en el maestro SUNAT (001_TBL_CLIENTES_B2B) -- no se puede validar SUNAT/Osiptel para este RUC.'],0,
2035737939,CLIENT_00788,JUNIN,Huancayo,El Tambo,ALTO,,,,,True,ALERTA — REVISIÓN HUMANA,['SUNAT_ESTADO_CONTRIBUYENTE=SUSPENSION TEMPORAL (no ACTIVO)'],0,
2035741284,,,,,SIN_HISTORIAL_DE_FACTURACION,,,,,False,ALERTA — REVISIÓN HUMANA,['Cliente no encontrado en el maestro SUNAT (001_TBL_CLIENTES_B2B) -- no se puede validar SUNAT/Osiptel para este RUC.'],0,
2035758466,,,,,SIN_HISTORIAL_DE_FACTURACION,,,,,False,ALERTA — REVISIÓN HUMANA,['Cliente no encontrado en el maestro SUNAT (001_TBL_CLIENTES_B2B) -- no se puede validar SUNAT/Osiptel para este RUC.'],0,
2035824652,,,,,SIN_HISTORIAL_DE_FACTURACION,,,,,False,ALERTA — REVISIÓN HUMANA,['Cliente no encontrado en el maestro SUNAT (001_TBL_CLIENTES_B2B) -- no se puede validar SUNAT/Osiptel para este RUC.'],0,
2035835433,,,,,SIN_HISTORIAL_DE_FACTURACION,,,,,False,ALERTA — REVISIÓN HUMANA,['Cliente no encontrado en el maestro SUNAT (001_TBL_CLIENTES_B2B) -- no se puede validar SUNAT/Osiptel para este RUC.'],0,
2035835869,,,,,BAJO,BAJO,0.2,3.0,False,False,ALERTA — REVISIÓN HUMANA,['Cliente no encontrado en el maestro SUNAT (001_TBL_CLIENTES_B2B) -- no se puede validar SUNAT/Osiptel para este RUC.'],0,Mantener ciclo de facturación estándar; sin acción de cobranza adicional.
2035867187,,,,,MEDIO,MEDIO,9.0,31.0,False,False,ALERTA — REVISIÓN HUMANA,['Cliente no encontrado en el maestro SUNAT (001_TBL_CLIENTES_B2B) -- no se puede validar SUNAT/Osiptel para este RUC.'],2,Recordatorio automático 5 días antes del vencimiento por correo/WhatsApp; sin escalamiento humano todavía.
2035877410,CLIENT_00432,PIURA,Piura,Piura,ALTO,,,,,True,ALERTA — REVISIÓN HUMANA,['SUNAT_ESTADO_CONTRIBUYENTE=BAJA DE OFICIO (no ACTIVO)'],0,
2035992313,CLIENT_00793,JUNIN,Yauli,Morococha,SIN_HISTORIAL_DE_FACTURACION,,,,,True,OK,[],0,
2036023090,,,,,SIN_HISTORIAL_DE_FACTURACION,,,,,False,ALERTA — REVISIÓN HUMANA,['Cliente no encontrado en el maestro SUNAT (001_TBL_CLIENTES_B2B) -- no se puede validar SUNAT/Osiptel para este RUC.'],0,
2036089394,,,,,SIN_HISTORIAL_DE_FACTURACION,,,,,False,ALERTA — REVISIÓN HUMANA,['Cliente no encontrado en el maestro SUNAT (001_TBL_CLIENTES_B2B) -- no se puede validar SUNAT/Osiptel para este RUC.'],0,
2036095379,,,,,SIN_HISTORIAL_DE_FACTURACION,,,,,False,ALERTA — REVISIÓN HUMANA,['Cliente no encontrado en el maestro SUNAT (001_TBL_CLIENTES_B2B) -- no se puede validar SUNAT/Osiptel para este RUC.'],0,
2036111296,,,,,SIN_HISTORIAL_DE_FACTURACION,,,,,False,ALERTA — REVISIÓN HUMANA,['Cliente no encontrado en el maestro SUNAT (001_TBL_CLIENTES_B2B) -- no se puede validar SUNAT/Osiptel para este RUC.'],0,
2036119586,CLIENT_00605,LIMA,Lima,San Isidro,ALTO,ALTO,16.0,22.0,False,True,OK,[],1,Contacto proactivo antes del vencimiento + oferta de plan de pago fraccionado; escalar a gestor de cuenta senior.
2036167394,,,,,SIN_HISTORIAL_DE_FACTURACION,,,,,False,ALERTA — REVISIÓN HUMANA,['Cliente no encontrado en el maestro SUNAT (001_TBL_CLIENTES_B2B) -- no se puede validar SUNAT/Osiptel para este RUC.'],0,
2036175299,,,,,SIN_HISTORIAL_DE_FACTURACION,,,,,False,ALERTA — REVISIÓN HUMANA,['Cliente no encontrado en el maestro SUNAT (001_TBL_CLIENTES_B2B) -- no se puede validar SUNAT/Osiptel para este RUC.'],0,
2036223175,CLIENT_00279,SAN MARTIN,San Martín,Tarapoto,BAJO,BAJO,-7.0,-2.0,False,True,OK,[],0,Mantener ciclo de facturación estándar; sin acción de cobranza adicional.
2036252758,CLIENT_00485,LIMA,Lima,Santiago de Surco,SIN_HISTORIAL_DE_FACTURACION,,,,,True,OK,[],0,
2036291323,,,,,SIN_HISTORIAL_DE_FACTURACION,,,,,False,ALERTA — REVISIÓN HUMANA,['Cliente no encontrado en el maestro SUNAT (001_TBL_CLIENTES_B2B) -- no se puede validar SUNAT/Osiptel para este RUC.'],0,
2036309198,,,,,SIN_HISTORIAL_DE_FACTURACION,,,,,False,ALERTA — REVISIÓN HUMANA,['Cliente no encontrado en el maestro SUNAT (001_TBL_CLIENTES_B2B) -- no se puede validar SUNAT/Osiptel para este RUC.'],0,
2036350259,,,,,SIN_HISTORIAL_DE_FACTURACION,,,,,False,ALERTA — REVISIÓN HUMANA,['Cliente no encontrado en el maestro SUNAT (001_TBL_CLIENTES_B2B) -- no se puede validar SUNAT/Osiptel para este RUC.'],0,
2036383753,,,,,SIN_HISTORIAL_DE_FACTURACION,,,,,False,ALERTA — REVISIÓN HUMANA,['Cliente no encontrado en el maestro SUNAT (001_TBL_CLIENTES_B2B) -- no se puede validar SUNAT/Osiptel para este RUC.'],0,
2036419074,,,,,SIN_HISTORIAL_DE_FACTURACION,,,,,False,ALERTA — REVISIÓN HUMANA,['Cliente no encontrado en el maestro SUNAT (001_TBL_CLIENTES_B2B) -- no se puede validar SUNAT/Osiptel para este RUC.'],0,
2036551080,CLIENT_00678,PUNO,San Román,Juliaca,ALTO,MEDIO,6.5,22.0,False,True,ALERTA — REVISIÓN HUMANA,"['SUNAT_ESTADO_RUC=NO HABIDO (no HABIDO)', 'SUNAT_ESTADO_CONTRIBUYENTE=BAJA DE OFICIO (no ACTIVO)']",2,Recordatorio automático 5 días antes del vencimiento por correo/WhatsApp; sin escalamiento humano todavía.
2036568728,,,,,BAJO,BAJO,0.0,1.0,True,False,ALERTA — REVISIÓN HUMANA,['Cliente no encontrado en el maestro SUNAT (001_TBL_CLIENTES_B2B) -- no se puede validar SUNAT/Osiptel para este RUC.'],0,Mantener ciclo de facturación estándar; sin acción de cobranza adicional.
2036576688,,,,,SIN_HISTORIAL_DE_FACTURACION,,,,,False,ALERTA — REVISIÓN HUMANA,['Cliente no encontrado en el maestro SUNAT (001_TBL_CLIENTES_B2B) -- no se puede validar SUNAT/Osiptel para este RUC.'],0,
2036611304,,,,,SIN_HISTORIAL_DE_FACTURACION,,,,,False,ALERTA — REVISIÓN HUMANA,['Cliente no encontrado en el maestro SUNAT (001_TBL_CLIENTES_B2B) -- no se puede validar SUNAT/Osiptel para este RUC.'],0,
2036631349,,,,,ALTO,ALTO,15.9,34.0,False,False,ALERTA — REVISIÓN HUMANA,['Cliente no encontrado en el maestro SUNAT (001_TBL_CLIENTES_B2B) -- no se puede validar SUNAT/Osiptel para este RUC.'],2,Contacto proactivo antes del vencimiento + oferta de plan de pago fraccionado; escalar a gestor de cuenta senior.
2036636457,,,,,SIN_HISTORIAL_DE_FACTURACION,,,,,False,ALERTA — REVISIÓN HUMANA,['Cliente no encontrado en el maestro SUNAT (001_TBL_CLIENTES_B2B) -- no se puede validar SUNAT/Osiptel para este RUC.'],0,
2036792220,,,,,SIN_HISTORIAL_DE_FACTURACION,,,,,False,ALERTA — REVISIÓN HUMANA,['Cliente no encontrado en el maestro SUNAT (001_TBL_CLIENTES_B2B) -- no se puede validar SUNAT/Osiptel para este RUC.'],0,
2036822926,,,,,BAJO,BAJO,0.3,1.0,False,False,ALERTA — REVISIÓN HUMANA,['Cliente no encontrado en el maestro SUNAT (001_TBL_CLIENTES_B2B) -- no se puede validar SUNAT/Osiptel para este RUC.'],0,Mantener ciclo de facturación estándar; sin acción de cobranza adicional.
2036887290,,,,,SIN_HISTORIAL_DE_FACTURACION,,,,,False,ALERTA — REVISIÓN HUMANA,['Cliente no encontrado en el maestro SUNAT (001_TBL_CLIENTES_B2B) -- no se puede validar SUNAT/Osiptel para este RUC.'],0,
2036930354,,,,,SIN_HISTORIAL_DE_FACTURACION,,,,,False,ALERTA — REVISIÓN HUMANA,['Cliente no encontrado en el maestro SUNAT (001_TBL_CLIENTES_B2B) -- no se puede validar SUNAT/Osiptel para este RUC.'],0,
2036994236,,,,,SIN_HISTORIAL_DE_FACTURACION,,,,,False,ALERTA — REVISIÓN HUMANA,['Cliente no encontrado en el maestro SUNAT (001_TBL_CLIENTES_B2B) -- no se puede validar SUNAT/Osiptel para este RUC.'],0,
2037012707,,,,,SIN_HISTORIAL_DE_FACTURACION,,,,,False,ALERTA — REVISIÓN HUMANA,['Cliente no encontrado en el maestro SUNAT (001_TBL_CLIENTES_B2B) -- no se puede validar SUNAT/Osiptel para este RUC.'],0,
2037021331,,,,,BAJO,BAJO,-7.9,4.0,False,False,ALERTA — REVISIÓN HUMANA,['Cliente no encontrado en el maestro SUNAT (001_TBL_CLIENTES_B2B) -- no se puede validar SUNAT/Osiptel para este RUC.'],4,Mantener ciclo de facturación estándar; sin acción de cobranza adicional.
2037024710,CLIENT_00800,LIMA,Huaura,Caleta de Carquin,MEDIO,MEDIO,7.5,9.0,True,True,OK,[],0,Recordatorio automático 5 días antes del vencimiento por correo/WhatsApp; sin escalamiento humano todavía.
2037026251,,,,,SIN_HISTORIAL_DE_FACTURACION,,,,,False,ALERTA — REVISIÓN HUMANA,['Cliente no encontrado en el maestro SUNAT (001_TBL_CLIENTES_B2B) -- no se puede validar SUNAT/Osiptel para este RUC.'],0,
2037039972,CLIENT_00968,LIMA,Lima,Miraflores,BAJO,BAJO,-8.5,-3.0,False,True,OK,[],0,Mantener ciclo de facturación estándar; sin acción de cobranza adicional.
2037074157,,,,,SIN_HISTORIAL_DE_FACTURACION,,,,,False,ALERTA — REVISIÓN HUMANA,['Cliente no encontrado en el maestro SUNAT (001_TBL_CLIENTES_B2B) -- no se puede validar SUNAT/Osiptel para este RUC.'],0,
2037102312,,,,,SIN_HISTORIAL_DE_FACTURACION,,,,,False,ALERTA — REVISIÓN HUMANA,['Cliente no encontrado en el maestro SUNAT (001_TBL_CLIENTES_B2B) -- no se puede validar SUNAT/Osiptel para este RUC.'],0,
2037154486,CLIENT_00895,JUNIN,Yauli,Santa Rosa de Sacco,ALTO,,,,,True,ALERTA — REVISIÓN HUMANA,['Todas sus líneas (fija/móvil) están inactivas o suspendidas'],0,
2037181733,,,,,BAJO,BAJO,-8.7,-8.0,False,False,ALERTA — REVISIÓN HUMANA,['Cliente no encontrado en el maestro SUNAT (001_TBL_CLIENTES_B2B) -- no se puede validar SUNAT/Osiptel para este RUC.'],0,Mantener ciclo de facturación estándar; sin acción de cobranza adicional.
2037203715,,,,,SIN_HISTORIAL_DE_FACTURACION,,,,,False,ALERTA — REVISIÓN HUMANA,['Cliente no encontrado en el maestro SUNAT (001_TBL_CLIENTES_B2B) -- no se puede validar SUNAT/Osiptel para este RUC.'],0,
2037220961,CLIENT_00351,LIMA,Lima,La Molina,BAJO,BAJO,4.0,5.0,False,True,OK,[],2,Mantener ciclo de facturación estándar; sin acción de cobranza adicional.
2037233873,,,,,SIN_HISTORIAL_DE_FACTURACION,,,,,False,ALERTA — REVISIÓN HUMANA,['Cliente no encontrado en el maestro SUNAT (001_TBL_CLIENTES_B2B) -- no se puede validar SUNAT/Osiptel para este RUC.'],0,
2037234204,,,,,SIN_HISTORIAL_DE_FACTURACION,,,,,False,ALERTA — REVISIÓN HUMANA,['Cliente no encontrado en el maestro SUNAT (001_TBL_CLIENTES_B2B) -- no se puede validar SUNAT/Osiptel para este RUC.'],0,
2037238377,,,,,SIN_HISTORIAL_DE_FACTURACION,,,,,False,ALERTA — REVISIÓN HUMANA,['Cliente no encontrado en el maestro SUNAT (001_TBL_CLIENTES_B2B) -- no se puede validar SUNAT/Osiptel para este RUC.'],0,
2037323316,CLIENT_00110,LA LIBERTAD,Pacasmayo,Guadalupe,SIN_HISTORIAL_DE_FACTURACION,,,,,True,OK,[],0,
2037329435,,,,,SIN_HISTORIAL_DE_FACTURACION,,,,,False,ALERTA — REVISIÓN HUMANA,['Cliente no encontrado en el maestro SUNAT (001_TBL_CLIENTES_B2B) -- no se puede validar SUNAT/Osiptel para este RUC.'],0,
2037440491,,,,,SIN_HISTORIAL_DE_FACTURACION,,,,,False,ALERTA — REVISIÓN HUMANA,['Cliente no encontrado en el maestro SUNAT (001_TBL_CLIENTES_B2B) -- no se puede validar SUNAT/Osiptel para este RUC.'],0,
2037545493,,,,,SIN_HISTORIAL_DE_FACTURACION,,,,,False,ALERTA — REVISIÓN HUMANA,['Cliente no encontrado en el maestro SUNAT (001_TBL_CLIENTES_B2B) -- no se puede validar SUNAT/Osiptel para este RUC.'],0,
2037565578,,,,,SIN_HISTORIAL_DE_FACTURACION,,,,,False,ALERTA — REVISIÓN HUMANA,['Cliente no encontrado en el maestro SUNAT (001_TBL_CLIENTES_B2B) -- no se puede validar SUNAT/Osiptel para este RUC.'],0,
2037638826,CLIENT_00969,AREQUIPA,Arequipa,Sachaca,ALTO,ALTO,12.5,19.0,True,True,OK,[],2,Contacto proactivo antes del vencimiento + oferta de plan de pago fraccionado; escalar a gestor de cuenta senior.
2037677145,CLIENT_00229,ICA,Ica,Parcona,ALTO,BAJO,-3.0,-1.0,True,True,ALERTA — REVISIÓN HUMANA,['SUNAT_ESTADO_CONTRIBUYENTE=BAJA DE OFICIO (no ACTIVO)'],0,Mantener ciclo de facturación estándar; sin acción de cobranza adicional.
2037736349,,,,,SIN_HISTORIAL_DE_FACTURACION,,,,,False,ALERTA — REVISIÓN HUMANA,['Cliente no encontrado en el maestro SUNAT (001_TBL_CLIENTES_B2B) -- no se puede validar SUNAT/Osiptel para este RUC.'],0,
2037757541,CLIENT_00199,LIMA,Lima,Santa Anita,ALTO,ALTO,16.5,29.0,False,True,OK,[],1,Contacto proactivo antes del vencimiento + oferta de plan de pago fraccionado; escalar a gestor de cuenta senior.
2037761466,,,,,SIN_HISTORIAL_DE_FACTURACION,,,,,False,ALERTA — REVISIÓN HUMANA,['Cliente no encontrado en el maestro SUNAT (001_TBL_CLIENTES_B2B) -- no se puede validar SUNAT/Osiptel para este RUC.'],0,
2037867912,,,,,BAJO,BAJO,2.7,20.0,False,False,ALERTA — REVISIÓN HUMANA,['Cliente no encontrado en el maestro SUNAT (001_TBL_CLIENTES_B2B) -- no se puede validar SUNAT/Osiptel para este RUC.'],0,Mantener ciclo de facturación estándar; sin acción de cobranza adicional.
2037889248,,,,,BAJO,BAJO,0.4,4.0,False,False,ALERTA — REVISIÓN HUMANA,['Cliente no encontrado en el maestro SUNAT (001_TBL_CLIENTES_B2B) -- no se puede validar SUNAT/Osiptel para este RUC.'],0,Mantener ciclo de facturación estándar; sin acción de cobranza adicional.
2037925283,CLIENT_00384,LIMA,Lima,Santiago de Surco,MEDIO,MEDIO,13.0,13.0,False,True,OK,[],1,Recordatorio automático 5 días antes del vencimiento por correo/WhatsApp; sin escalamiento humano todavía.
2037956919,,,,,SIN_HISTORIAL_DE_FACTURACION,,,,,False,ALERTA — REVISIÓN HUMANA,['Cliente no encontrado en el maestro SUNAT (001_TBL_CLIENTES_B2B) -- no se puede validar SUNAT/Osiptel para este RUC.'],0,
2037960762,,,,,SIN_HISTORIAL_DE_FACTURACION,,,,,False,ALERTA — REVISIÓN HUMANA,['Cliente no encontrado en el maestro SUNAT (001_TBL_CLIENTES_B2B) -- no se puede validar SUNAT/Osiptel para este RUC.'],0,
2038005627,,,,,SIN_HISTORIAL_DE_FACTURACION,,,,,False,ALERTA — REVISIÓN HUMANA,['Cliente no encontrado en el maestro SUNAT (001_TBL_CLIENTES_B2B) -- no se puede validar SUNAT/Osiptel para este RUC.'],0,
2038022621,,,,,BAJO,BAJO,-2.0,3.0,True,False,ALERTA — REVISIÓN HUMANA,['Cliente no encontrado en el maestro SUNAT (001_TBL_CLIENTES_B2B) -- no se puede validar SUNAT/Osiptel para este RUC.'],0,Mantener ciclo de facturación estándar; sin acción de cobranza adicional.
2038028888,,,,,SIN_HISTORIAL_DE_FACTURACION,,,,,False,ALERTA — REVISIÓN HUMANA,['Cliente no encontrado en el maestro SUNAT (001_TBL_CLIENTES_B2B) -- no se puede validar SUNAT/Osiptel para este RUC.'],0,
2038048269,,,,,SIN_HISTORIAL_DE_FACTURACION,,,,,False,ALERTA — REVISIÓN HUMANA,['Cliente no encontrado en el maestro SUNAT (001_TBL_CLIENTES_B2B) -- no se puede validar SUNAT/Osiptel para este RUC.'],0,
2038107382,,,,,SIN_HISTORIAL_DE_FACTURACION,,,,,False,ALERTA — REVISIÓN HUMANA,['Cliente no encontrado en el maestro SUNAT (001_TBL_CLIENTES_B2B) -- no se puede validar SUNAT/Osiptel para este RUC.'],0,
2038144396,,,,,SIN_HISTORIAL_DE_FACTURACION,,,,,False,ALERTA — REVISIÓN HUMANA,['Cliente no encontrado en el maestro SUNAT (001_TBL_CLIENTES_B2B) -- no se puede validar SUNAT/Osiptel para este RUC.'],0,
2038291285,,,,,SIN_HISTORIAL_DE_FACTURACION,,,,,False,ALERTA — REVISIÓN HUMANA,['Cliente no encontrado en el maestro SUNAT (001_TBL_CLIENTES_B2B) -- no se puede validar SUNAT/Osiptel para este RUC.'],0,
2038291549,,,,,SIN_HISTORIAL_DE_FACTURACION,,,,,False,ALERTA — REVISIÓN HUMANA,['Cliente no encontrado en el maestro SUNAT (001_TBL_CLIENTES_B2B) -- no se puede validar SUNAT/Osiptel para este RUC.'],0,
2038298370,CLIENT_00249,LIMA,Lima,San Juan de Miraflores,BAJO,BAJO,2.0,4.0,True,True,OK,[],0,Mantener ciclo de facturación estándar; sin acción de cobranza adicional.
2038307088,,,,,SIN_HISTORIAL_DE_FACTURACION,,,,,False,ALERTA — REVISIÓN HUMANA,['Cliente no encontrado en el maestro SUNAT (001_TBL_CLIENTES_B2B) -- no se puede validar SUNAT/Osiptel para este RUC.'],0,
2038330759,,,,,BAJO,BAJO,2.0,4.0,False,False,ALERTA — REVISIÓN HUMANA,['Cliente no encontrado en el maestro SUNAT (001_TBL_CLIENTES_B2B) -- no se puede validar SUNAT/Osiptel para este RUC.'],0,Mantener ciclo de facturación estándar; sin acción de cobranza adicional.
2038360014,,,,,SIN_HISTORIAL_DE_FACTURACION,,,,,False,ALERTA — REVISIÓN HUMANA,['Cliente no encontrado en el maestro SUNAT (001_TBL_CLIENTES_B2B) -- no se puede validar SUNAT/Osiptel para este RUC.'],0,
2038381948,,,,,SIN_HISTORIAL_DE_FACTURACION,,,,,False,ALERTA — REVISIÓN HUMANA,['Cliente no encontrado en el maestro SUNAT (001_TBL_CLIENTES_B2B) -- no se puede validar SUNAT/Osiptel para este RUC.'],0,
2038386599,,,,,SIN_HISTORIAL_DE_FACTURACION,,,,,False,ALERTA — REVISIÓN HUMANA,['Cliente no encontrado en el maestro SUNAT (001_TBL_CLIENTES_B2B) -- no se puede validar SUNAT/Osiptel para este RUC.'],0,
2038410089,,,,,SIN_HISTORIAL_DE_FACTURACION,,,,,False,ALERTA — REVISIÓN HUMANA,['Cliente no encontrado en el maestro SUNAT (001_TBL_CLIENTES_B2B) -- no se puede validar SUNAT/Osiptel para este RUC.'],0,
2038523791,CLIENT_00595,LIMA,Lima,La Molina,SIN_HISTORIAL_DE_FACTURACION,,,,,True,OK,[],0,
2038531961,,,,,SIN_HISTORIAL_DE_FACTURACION,,,,,False,ALERTA — REVISIÓN HUMANA,['Cliente no encontrado en el maestro SUNAT (001_TBL_CLIENTES_B2B) -- no se puede validar SUNAT/Osiptel para este RUC.'],0,
2038577653,CLIENT_00409,UCAYALI,Coronel Portillo,Calleria,ALTO,ALTO,19.5,20.0,False,True,OK,[],2,Contacto proactivo antes del vencimiento + oferta de plan de pago fraccionado; escalar a gestor de cuenta senior.
2038585484,,,,,SIN_HISTORIAL_DE_FACTURACION,,,,,False,ALERTA — REVISIÓN HUMANA,['Cliente no encontrado en el maestro SUNAT (001_TBL_CLIENTES_B2B) -- no se puede validar SUNAT/Osiptel para este RUC.'],0,
2038638301,,,,,BAJO,BAJO,-1.0,0.0,False,False,ALERTA — REVISIÓN HUMANA,['Cliente no encontrado en el maestro SUNAT (001_TBL_CLIENTES_B2B) -- no se puede validar SUNAT/Osiptel para este RUC.'],0,Mantener ciclo de facturación estándar; sin acción de cobranza adicional.
2038638425,,,,,SIN_HISTORIAL_DE_FACTURACION,,,,,False,ALERTA — REVISIÓN HUMANA,['Cliente no encontrado en el maestro SUNAT (001_TBL_CLIENTES_B2B) -- no se puede validar SUNAT/Osiptel para este RUC.'],0,
2038650999,,,,,SIN_HISTORIAL_DE_FACTURACION,,,,,False,ALERTA — REVISIÓN HUMANA,['Cliente no encontrado en el maestro SUNAT (001_TBL_CLIENTES_B2B) -- no se puede validar SUNAT/Osiptel para este RUC.'],0,
2038672950,,,,,SIN_HISTORIAL_DE_FACTURACION,,,,,False,ALERTA — REVISIÓN HUMANA,['Cliente no encontrado en el maestro SUNAT (001_TBL_CLIENTES_B2B) -- no se puede validar SUNAT/Osiptel para este RUC.'],0,
2038736889,,,,,SIN_HISTORIAL_DE_FACTURACION,,,,,False,ALERTA — REVISIÓN HUMANA,['Cliente no encontrado en el maestro SUNAT (001_TBL_CLIENTES_B2B) -- no se puede validar SUNAT/Osiptel para este RUC.'],0,
2038779803,,,,,SIN_HISTORIAL_DE_FACTURACION,,,,,False,ALERTA — REVISIÓN HUMANA,['Cliente no encontrado en el maestro SUNAT (001_TBL_CLIENTES_B2B) -- no se puede validar SUNAT/Osiptel para este RUC.'],0,
2038822221,,,,,SIN_HISTORIAL_DE_FACTURACION,,,,,False,ALERTA — REVISIÓN HUMANA,['Cliente no encontrado en el maestro SUNAT (001_TBL_CLIENTES_B2B) -- no se puede validar SUNAT/Osiptel para este RUC.'],0,
2038826018,,,,,SIN_HISTORIAL_DE_FACTURACION,,,,,False,ALERTA — REVISIÓN HUMANA,['Cliente no encontrado en el maestro SUNAT (001_TBL_CLIENTES_B2B) -- no se puede validar SUNAT/Osiptel para este RUC.'],0,
2038829028,,,,,SIN_HISTORIAL_DE_FACTURACION,,,,,False,ALERTA — REVISIÓN HUMANA,['Cliente no encontrado en el maestro SUNAT (001_TBL_CLIENTES_B2B) -- no se puede validar SUNAT/Osiptel para este RUC.'],0,
2038838681,,,,,BAJO,BAJO,0.5,1.0,True,False,ALERTA — REVISIÓN HUMANA,['Cliente no encontrado en el maestro SUNAT (001_TBL_CLIENTES_B2B) -- no se puede validar SUNAT/Osiptel para este RUC.'],0,Mantener ciclo de facturación estándar; sin acción de cobranza adicional.
2038848428,CLIENT_00847,LIMA,Lima,San Juan de Miraflores,ALTO,ALTO,20.0,20.0,False,True,OK,[],2,Contacto proactivo antes del vencimiento + oferta de plan de pago fraccionado; escalar a gestor de cuenta senior.
2038862912,,,,,SIN_HISTORIAL_DE_FACTURACION,,,,,False,ALERTA — REVISIÓN HUMANA,['Cliente no encontrado en el maestro SUNAT (001_TBL_CLIENTES_B2B) -- no se puede validar SUNAT/Osiptel para este RUC.'],0,
2038909371,CLIENT_00713,LIMA,Lima,Santiago de Surco,BAJO,BAJO,-13.5,-12.0,False,True,OK,[],0,Mantener ciclo de facturación estándar; sin acción de cobranza adicional.
2038928991,,,,,SIN_HISTORIAL_DE_FACTURACION,,,,,False,ALERTA — REVISIÓN HUMANA,['Cliente no encontrado en el maestro SUNAT (001_TBL_CLIENTES_B2B) -- no se puede validar SUNAT/Osiptel para este RUC.'],0,
2038929902,,,,,MEDIO,MEDIO,8.0,15.0,False,False,ALERTA — REVISIÓN HUMANA,['Cliente no encontrado en el maestro SUNAT (001_TBL_CLIENTES_B2B) -- no se puede validar SUNAT/Osiptel para este RUC.'],0,Recordatorio automático 5 días antes del vencimiento por correo/WhatsApp; sin escalamiento humano todavía.
2038964821,,,,,SIN_HISTORIAL_DE_FACTURACION,,,,,False,ALERTA — REVISIÓN HUMANA,['Cliente no encontrado en el maestro SUNAT (001_TBL_CLIENTES_B2B) -- no se puede validar SUNAT/Osiptel para este RUC.'],0,
2038993702,,,,,BAJO,BAJO,-1.0,4.0,True,False,ALERTA — REVISIÓN HUMANA,['Cliente no encontrado en el maestro SUNAT (001_TBL_CLIENTES_B2B) -- no se puede validar SUNAT/Osiptel para este RUC.'],0,Mantener ciclo de facturación estándar; sin acción de cobranza adicional.
2039071279,CLIENT_00736,LIMA,Lima,Miraflores,SIN_HISTORIAL_DE_FACTURACION,,,,,True,OK,[],0,
2039104397,,,,,SIN_HISTORIAL_DE_FACTURACION,,,,,False,ALERTA — REVISIÓN HUMANA,['Cliente no encontrado en el maestro SUNAT (001_TBL_CLIENTES_B2B) -- no se puede validar SUNAT/Osiptel para este RUC.'],0,
2039137544,,,,,BAJO,BAJO,0.4,3.0,False,False,ALERTA — REVISIÓN HUMANA,['Cliente no encontrado en el maestro SUNAT (001_TBL_CLIENTES_B2B) -- no se puede validar SUNAT/Osiptel para este RUC.'],1,Mantener ciclo de facturación estándar; sin acción de cobranza adicional.
2039186250,,,,,SIN_HISTORIAL_DE_FACTURACION,,,,,False,ALERTA — REVISIÓN HUMANA,['Cliente no encontrado en el maestro SUNAT (001_TBL_CLIENTES_B2B) -- no se puede validar SUNAT/Osiptel para este RUC.'],0,
2039216584,CLIENT_00936,LIMA,Lima,San Isidro,BAJO,BAJO,-6.0,8.0,False,True,OK,[],0,Mantener ciclo de facturación estándar; sin acción de cobranza adicional.
2039273114,,,,,SIN_HISTORIAL_DE_FACTURACION,,,,,False,ALERTA — REVISIÓN HUMANA,['Cliente no encontrado en el maestro SUNAT (001_TBL_CLIENTES_B2B) -- no se puede validar SUNAT/Osiptel para este RUC.'],0,
2039298496,,,,,SIN_HISTORIAL_DE_FACTURACION,,,,,False,ALERTA — REVISIÓN HUMANA,['Cliente no encontrado en el maestro SUNAT (001_TBL_CLIENTES_B2B) -- no se puede validar SUNAT/Osiptel para este RUC.'],0,
2039317482,CLIENT_00517,LIMA,Lima,Surquillo,MEDIO,MEDIO,8.5,24.0,False,True,OK,[],2,Recordatorio automático 5 días antes del vencimiento por correo/WhatsApp; sin escalamiento humano todavía.
2039371999,,,,,SIN_HISTORIAL_DE_FACTURACION,,,,,False,ALERTA — REVISIÓN HUMANA,['Cliente no encontrado en el maestro SUNAT (001_TBL_CLIENTES_B2B) -- no se puede validar SUNAT/Osiptel para este RUC.'],0,
2039404189,,,,,SIN_HISTORIAL_DE_FACTURACION,,,,,False,ALERTA — REVISIÓN HUMANA,['Cliente no encontrado en el maestro SUNAT (001_TBL_CLIENTES_B2B) -- no se puede validar SUNAT/Osiptel para este RUC.'],0,
2039420775,,,,,SIN_HISTORIAL_DE_FACTURACION,,,,,False,ALERTA — REVISIÓN HUMANA,['Cliente no encontrado en el maestro SUNAT (001_TBL_CLIENTES_B2B) -- no se puede validar SUNAT/Osiptel para este RUC.'],0,
2039485996,,,,,BAJO,BAJO,2.0,7.0,True,False,ALERTA — REVISIÓN HUMANA,['Cliente no encontrado en el maestro SUNAT (001_TBL_CLIENTES_B2B) -- no se puede validar SUNAT/Osiptel para este RUC.'],0,Mantener ciclo de facturación estándar; sin acción de cobranza adicional.
2039530710,CLIENT_00063,UCAYALI,Coronel Portillo,Calleria,SIN_HISTORIAL_DE_FACTURACION,,,,,True,OK,[],0,
2039576863,,,,,BAJO,BAJO,-10.7,-9.0,False,False,ALERTA — REVISIÓN HUMANA,['Cliente no encontrado en el maestro SUNAT (001_TBL_CLIENTES_B2B) -- no se puede validar SUNAT/Osiptel para este RUC.'],0,Mantener ciclo de facturación estándar; sin acción de cobranza adicional.
2039642219,,,,,SIN_HISTORIAL_DE_FACTURACION,,,,,False,ALERTA — REVISIÓN HUMANA,['Cliente no encontrado en el maestro SUNAT (001_TBL_CLIENTES_B2B) -- no se puede validar SUNAT/Osiptel para este RUC.'],0,
2039660724,CLIENT_00161,PIURA,Piura,Catacaos,BAJO,BAJO,-7.7,3.0,False,True,OK,[],2,Mantener ciclo de facturación estándar; sin acción de cobranza adicional.
2039697465,,,,,SIN_HISTORIAL_DE_FACTURACION,,,,,False,ALERTA — REVISIÓN HUMANA,['Cliente no encontrado en el maestro SUNAT (001_TBL_CLIENTES_B2B) -- no se puede validar SUNAT/Osiptel para este RUC.'],0,
2039714658,CLIENT_00290,LIMA,Lima,Santiago de Surco,BAJO,BAJO,-14.0,-14.0,False,True,OK,[],0,Mantener ciclo de facturación estándar; sin acción de cobranza adicional.
2039728300,CLIENT_00575,ICA,Nasca,Nasca,BAJO,BAJO,3.0,4.0,True,True,OK,[],0,Mantener ciclo de facturación estándar; sin acción de cobranza adicional.
2039754476,CLIENT_00765,LIMA,Lima,Surquillo,BAJO,BAJO,-2.5,-1.0,True,True,OK,[],0,Mantener ciclo de facturación estándar; sin acción de cobranza adicional.
2039793515,,,,,BAJO,BAJO,-4.0,-3.0,False,False,ALERTA — REVISIÓN HUMANA,['Cliente no encontrado en el maestro SUNAT (001_TBL_CLIENTES_B2B) -- no se puede validar SUNAT/Osiptel para este RUC.'],0,Mantener ciclo de facturación estándar; sin acción de cobranza adicional.
2039859392,,,,,SIN_HISTORIAL_DE_FACTURACION,,,,,False,ALERTA — REVISIÓN HUMANA,['Cliente no encontrado en el maestro SUNAT (001_TBL_CLIENTES_B2B) -- no se puede validar SUNAT/Osiptel para este RUC.'],0,
2039863336,CLIENT_00791,AREQUIPA,Arequipa,Cerro Colorado,BAJO,BAJO,-4.0,-4.0,False,True,OK,[],0,Mantener ciclo de facturación estándar; sin acción de cobranza adicional.
2039889808,CLIENT_00627,CAJAMARCA,Cajamarca,Cajamarca,ALTO,BAJO,2.5,3.0,False,True,ALERTA — REVISIÓN HUMANA,['SUNAT_ESTADO_CONTRIBUYENTE=SUSPENSION TEMPORAL (no ACTIVO)'],0,Mantener ciclo de facturación estándar; sin acción de cobranza adicional.
2039933423,CLIENT_00441,LIMA,Lima,Lima,SIN_HISTORIAL_DE_FACTURACION,,,,,True,OK,[],0,
2039958572,,,,,SIN_HISTORIAL_DE_FACTURACION,,,,,False,ALERTA — REVISIÓN HUMANA,['Cliente no encontrado en el maestro SUNAT (001_TBL_CLIENTES_B2B) -- no se puede validar SUNAT/Osiptel para este RUC.'],0,
2039966009,,,,,SIN_HISTORIAL_DE_FACTURACION,,,,,False,ALERTA — REVISIÓN HUMANA,['Cliente no encontrado en el maestro SUNAT (001_TBL_CLIENTES_B2B) -- no se puede validar SUNAT/Osiptel para este RUC.'],0,
2039981438,CLIENT_00052,AYACUCHO,Huamanga,Andrés Avelino Cáceres Dorregaray,SIN_HISTORIAL_DE_FACTURACION,,,,,True,OK,[],0,
2039990182,,,,,SIN_HISTORIAL_DE_FACTURACION,,,,,False,ALERTA — REVISIÓN HUMANA,['Cliente no encontrado en el maestro SUNAT (001_TBL_CLIENTES_B2B) -- no se puede validar SUNAT/Osiptel para este RUC.'],0,
2040008808,CLIENT_00209,PIURA,Sullana,Ignacio Escudero,BAJO,BAJO,-10.5,-9.0,False,True,OK,[],0,Mantener ciclo de facturación estándar; sin acción de cobranza adicional.
2040008810,,,,,SIN_HISTORIAL_DE_FACTURACION,,,,,False,ALERTA — REVISIÓN HUMANA,['Cliente no encontrado en el maestro SUNAT (001_TBL_CLIENTES_B2B) -- no se puede validar SUNAT/Osiptel para este RUC.'],0,
2040023821,,,,,SIN_HISTORIAL_DE_FACTURACION,,,,,False,ALERTA — REVISIÓN HUMANA,['Cliente no encontrado en el maestro SUNAT (001_TBL_CLIENTES_B2B) -- no se puede validar SUNAT/Osiptel para este RUC.'],0,
2040039839,,,,,SIN_HISTORIAL_DE_FACTURACION,,,,,False,ALERTA — REVISIÓN HUMANA,['Cliente no encontrado en el maestro SUNAT (001_TBL_CLIENTES_B2B) -- no se puede validar SUNAT/Osiptel para este RUC.'],0,
2040065150,,,,,SIN_HISTORIAL_DE_FACTURACION,,,,,False,ALERTA — REVISIÓN HUMANA,['Cliente no encontrado en el maestro SUNAT (001_TBL_CLIENTES_B2B) -- no se puede validar SUNAT/Osiptel para este RUC.'],0,
2040196462,,,,,SIN_HISTORIAL_DE_FACTURACION,,,,,False,ALERTA — REVISIÓN HUMANA,['Cliente no encontrado en el maestro SUNAT (001_TBL_CLIENTES_B2B) -- no se puede validar SUNAT/Osiptel para este RUC.'],0,
2040200729,,,,,SIN_HISTORIAL_DE_FACTURACION,,,,,False,ALERTA — REVISIÓN HUMANA,['Cliente no encontrado en el maestro SUNAT (001_TBL_CLIENTES_B2B) -- no se puede validar SUNAT/Osiptel para este RUC.'],0,
2040201877,,,,,SIN_HISTORIAL_DE_FACTURACION,,,,,False,ALERTA — REVISIÓN HUMANA,['Cliente no encontrado en el maestro SUNAT (001_TBL_CLIENTES_B2B) -- no se puede validar SUNAT/Osiptel para este RUC.'],0,
2040229066,CLIENT_00138,LIMA,Lima,San Luis,SIN_HISTORIAL_DE_FACTURACION,,,,,True,OK,[],0,
2040265328,,,,,BAJO,BAJO,1.0,2.0,False,False,ALERTA — REVISIÓN HUMANA,['Cliente no encontrado en el maestro SUNAT (001_TBL_CLIENTES_B2B) -- no se puede validar SUNAT/Osiptel para este RUC.'],0,Mantener ciclo de facturación estándar; sin acción de cobranza adicional.
2040270911,,,,,SIN_HISTORIAL_DE_FACTURACION,,,,,False,ALERTA — REVISIÓN HUMANA,['Cliente no encontrado en el maestro SUNAT (001_TBL_CLIENTES_B2B) -- no se puede validar SUNAT/Osiptel para este RUC.'],0,
2040275140,,,,,SIN_HISTORIAL_DE_FACTURACION,,,,,False,ALERTA — REVISIÓN HUMANA,['Cliente no encontrado en el maestro SUNAT (001_TBL_CLIENTES_B2B) -- no se puede validar SUNAT/Osiptel para este RUC.'],0,
2040276207,CLIENT_00386,CALLAO,Prov. Const. del Callao,Callao,ALTO,,,,,True,ALERTA — REVISIÓN HUMANA,"['SUNAT_ESTADO_RUC=NO HABIDO (no HABIDO)', 'Todas sus líneas (fija/móvil) están inactivas o suspendidas']",0,
2040300587,,,,,SIN_HISTORIAL_DE_FACTURACION,,,,,False,ALERTA — REVISIÓN HUMANA,['Cliente no encontrado en el maestro SUNAT (001_TBL_CLIENTES_B2B) -- no se puede validar SUNAT/Osiptel para este RUC.'],0,
2040313126,,,,,BAJO,BAJO,-5.5,0.0,True,False,ALERTA — REVISIÓN HUMANA,['Cliente no encontrado en el maestro SUNAT (001_TBL_CLIENTES_B2B) -- no se puede validar SUNAT/Osiptel para este RUC.'],0,Mantener ciclo de facturación estándar; sin acción de cobranza adicional.
2040443627,CLIENT_00393,LIMA,Lima,Santiago de Surco,MEDIO,MEDIO,8.0,12.0,False,True,OK,[],0,Recordatorio automático 5 días antes del vencimiento por correo/WhatsApp; sin escalamiento humano todavía.
2040445117,,,,,BAJO,BAJO,-9.3,2.0,False,False,ALERTA — REVISIÓN HUMANA,['Cliente no encontrado en el maestro SUNAT (001_TBL_CLIENTES_B2B) -- no se puede validar SUNAT/Osiptel para este RUC.'],0,Mantener ciclo de facturación estándar; sin acción de cobranza adicional.
2040488038,,,,,SIN_HISTORIAL_DE_FACTURACION,,,,,False,ALERTA — REVISIÓN HUMANA,['Cliente no encontrado en el maestro SUNAT (001_TBL_CLIENTES_B2B) -- no se puede validar SUNAT/Osiptel para este RUC.'],0,
2040502929,CLIENT_00235,LIMA,Lima,Lima,BAJO,BAJO,1.0,1.0,False,True,OK,[],0,Mantener ciclo de facturación estándar; sin acción de cobranza adicional.
2040543120,,,,,SIN_HISTORIAL_DE_FACTURACION,,,,,False,ALERTA — REVISIÓN HUMANA,['Cliente no encontrado en el maestro SUNAT (001_TBL_CLIENTES_B2B) -- no se puede validar SUNAT/Osiptel para este RUC.'],0,
2040601248,,,,,SIN_HISTORIAL_DE_FACTURACION,,,,,False,ALERTA — REVISIÓN HUMANA,['Cliente no encontrado en el maestro SUNAT (001_TBL_CLIENTES_B2B) -- no se puede validar SUNAT/Osiptel para este RUC.'],0,
2040613653,CLIENT_00126,LA LIBERTAD,Trujillo,Trujillo,MEDIO,MEDIO,15.0,15.0,False,True,OK,[],0,Recordatorio automático 5 días antes del vencimiento por correo/WhatsApp; sin escalamiento humano todavía.
2040622469,,,,,SIN_HISTORIAL_DE_FACTURACION,,,,,False,ALERTA — REVISIÓN HUMANA,['Cliente no encontrado en el maestro SUNAT (001_TBL_CLIENTES_B2B) -- no se puede validar SUNAT/Osiptel para este RUC.'],0,
2040625999,,,,,SIN_HISTORIAL_DE_FACTURACION,,,,,False,ALERTA — REVISIÓN HUMANA,['Cliente no encontrado en el maestro SUNAT (001_TBL_CLIENTES_B2B) -- no se puede validar SUNAT/Osiptel para este RUC.'],0,
2040653327,,,,,SIN_HISTORIAL_DE_FACTURACION,,,,,False,ALERTA — REVISIÓN HUMANA,['Cliente no encontrado en el maestro SUNAT (001_TBL_CLIENTES_B2B) -- no se puede validar SUNAT/Osiptel para este RUC.'],0,
2040655923,CLIENT_00296,LIMA,Lima,San Juan de Miraflores,BAJO,BAJO,-1.0,0.0,True,True,OK,[],0,Mantener ciclo de facturación estándar; sin acción de cobranza adicional.
2040664753,,,,,BAJO,BAJO,3.5,4.0,True,False,ALERTA — REVISIÓN HUMANA,['Cliente no encontrado en el maestro SUNAT (001_TBL_CLIENTES_B2B) -- no se puede validar SUNAT/Osiptel para este RUC.'],0,Mantener ciclo de facturación estándar; sin acción de cobranza adicional.
2040677842,,,,,BAJO,BAJO,-14.3,6.0,False,False,ALERTA — REVISIÓN HUMANA,['Cliente no encontrado en el maestro SUNAT (001_TBL_CLIENTES_B2B) -- no se puede validar SUNAT/Osiptel para este RUC.'],3,Mantener ciclo de facturación estándar; sin acción de cobranza adicional.
2040757877,,,,,SIN_HISTORIAL_DE_FACTURACION,,,,,False,ALERTA — REVISIÓN HUMANA,['Cliente no encontrado en el maestro SUNAT (001_TBL_CLIENTES_B2B) -- no se puede validar SUNAT/Osiptel para este RUC.'],0,
2040771515,,,,,SIN_HISTORIAL_DE_FACTURACION,,,,,False,ALERTA — REVISIÓN HUMANA,['Cliente no encontrado en el maestro SUNAT (001_TBL_CLIENTES_B2B) -- no se puede validar SUNAT/Osiptel para este RUC.'],0,
2040817262,,,,,BAJO,BAJO,-3.0,3.0,False,False,ALERTA — REVISIÓN HUMANA,['Cliente no encontrado en el maestro SUNAT (001_TBL_CLIENTES_B2B) -- no se puede validar SUNAT/Osiptel para este RUC.'],0,Mantener ciclo de facturación estándar; sin acción de cobranza adicional.
2040860442,CLIENT_00783,LIMA,Lima,Pueblo Libre,MEDIO,MEDIO,10.0,10.0,False,True,OK,[],0,Recordatorio automático 5 días antes del vencimiento por correo/WhatsApp; sin escalamiento humano todavía.
2040866126,CLIENT_00173,AREQUIPA,Arequipa,Cerro Colorado,BAJO,BAJO,0.0,1.0,True,True,OK,[],0,Mantener ciclo de facturación estándar; sin acción de cobranza adicional.
2040929331,CLIENT_00023,JUNIN,Huancayo,Huancayo,SIN_HISTORIAL_DE_FACTURACION,,,,,True,OK,[],0,
2040954053,,,,,SIN_HISTORIAL_DE_FACTURACION,,,,,False,ALERTA — REVISIÓN HUMANA,['Cliente no encontrado en el maestro SUNAT (001_TBL_CLIENTES_B2B) -- no se puede validar SUNAT/Osiptel para este RUC.'],0,
2040956704,,,,,SIN_HISTORIAL_DE_FACTURACION,,,,,False,ALERTA — REVISIÓN HUMANA,['Cliente no encontrado en el maestro SUNAT (001_TBL_CLIENTES_B2B) -- no se puede validar SUNAT/Osiptel para este RUC.'],0,
2040984243,,,,,SIN_HISTORIAL_DE_FACTURACION,,,,,False,ALERTA — REVISIÓN HUMANA,['Cliente no encontrado en el maestro SUNAT (001_TBL_CLIENTES_B2B) -- no se puede validar SUNAT/Osiptel para este RUC.'],0,
2041026984,,,,,SIN_HISTORIAL_DE_FACTURACION,,,,,False,ALERTA — REVISIÓN HUMANA,['Cliente no encontrado en el maestro SUNAT (001_TBL_CLIENTES_B2B) -- no se puede validar SUNAT/Osiptel para este RUC.'],0,
2041050721,,,,,SIN_HISTORIAL_DE_FACTURACION,,,,,False,ALERTA — REVISIÓN HUMANA,['Cliente no encontrado en el maestro SUNAT (001_TBL_CLIENTES_B2B) -- no se puede validar SUNAT/Osiptel para este RUC.'],0,
2041052666,,,,,SIN_HISTORIAL_DE_FACTURACION,,,,,False,ALERTA — REVISIÓN HUMANA,['Cliente no encontrado en el maestro SUNAT (001_TBL_CLIENTES_B2B) -- no se puede validar SUNAT/Osiptel para este RUC.'],0,
2041085342,,,,,BAJO,BAJO,-0.2,1.0,False,False,ALERTA — REVISIÓN HUMANA,['Cliente no encontrado en el maestro SUNAT (001_TBL_CLIENTES_B2B) -- no se puede validar SUNAT/Osiptel para este RUC.'],1,Mantener ciclo de facturación estándar; sin acción de cobranza adicional.
2041116026,,,,,BAJO,BAJO,-3.5,-2.0,False,False,ALERTA — REVISIÓN HUMANA,['Cliente no encontrado en el maestro SUNAT (001_TBL_CLIENTES_B2B) -- no se puede validar SUNAT/Osiptel para este RUC.'],0,Mantener ciclo de facturación estándar; sin acción de cobranza adicional.
2041143318,,,,,SIN_HISTORIAL_DE_FACTURACION,,,,,False,ALERTA — REVISIÓN HUMANA,['Cliente no encontrado en el maestro SUNAT (001_TBL_CLIENTES_B2B) -- no se puede validar SUNAT/Osiptel para este RUC.'],0,
2041195367,,,,,SIN_HISTORIAL_DE_FACTURACION,,,,,False,ALERTA — REVISIÓN HUMANA,['Cliente no encontrado en el maestro SUNAT (001_TBL_CLIENTES_B2B) -- no se puede validar SUNAT/Osiptel para este RUC.'],0,
2041204651,,,,,SIN_HISTORIAL_DE_FACTURACION,,,,,False,ALERTA — REVISIÓN HUMANA,['Cliente no encontrado en el maestro SUNAT (001_TBL_CLIENTES_B2B) -- no se puede validar SUNAT/Osiptel para este RUC.'],0,
2041213605,,,,,SIN_HISTORIAL_DE_FACTURACION,,,,,False,ALERTA — REVISIÓN HUMANA,['Cliente no encontrado en el maestro SUNAT (001_TBL_CLIENTES_B2B) -- no se puede validar SUNAT/Osiptel para este RUC.'],0,
2041230831,CLIENT_00071,LIMA,Lima,Jesús María,ALTO,ALTO,1.0,13.0,True,True,ALERTA — REVISIÓN HUMANA,['SUNAT_ESTADO_CONTRIBUYENTE=BAJA DE OFICIO (no ACTIVO)'],0,Contacto proactivo antes del vencimiento + oferta de plan de pago fraccionado; escalar a gestor de cuenta senior.
2041264624,CLIENT_00040,AREQUIPA,Arequipa,Arequipa,ALTO,,,,,True,ALERTA — REVISIÓN HUMANA,"['SUNAT_ESTADO_RUC=NO HABIDO (no HABIDO)', 'SUNAT_ESTADO_CONTRIBUYENTE=BAJA DE OFICIO (no ACTIVO)']",0,
2041328688,,,,,BAJO,BAJO,-2.0,-1.0,True,False,ALERTA — REVISIÓN HUMANA,['Cliente no encontrado en el maestro SUNAT (001_TBL_CLIENTES_B2B) -- no se puede validar SUNAT/Osiptel para este RUC.'],0,Mantener ciclo de facturación estándar; sin acción de cobranza adicional.
2041410754,,,,,SIN_HISTORIAL_DE_FACTURACION,,,,,False,ALERTA — REVISIÓN HUMANA,['Cliente no encontrado en el maestro SUNAT (001_TBL_CLIENTES_B2B) -- no se puede validar SUNAT/Osiptel para este RUC.'],0,
2041417017,,,,,SIN_HISTORIAL_DE_FACTURACION,,,,,False,ALERTA — REVISIÓN HUMANA,['Cliente no encontrado en el maestro SUNAT (001_TBL_CLIENTES_B2B) -- no se puede validar SUNAT/Osiptel para este RUC.'],0,
2041467117,,,,,SIN_HISTORIAL_DE_FACTURACION,,,,,False,ALERTA — REVISIÓN HUMANA,['Cliente no encontrado en el maestro SUNAT (001_TBL_CLIENTES_B2B) -- no se puede validar SUNAT/Osiptel para este RUC.'],0,
2041506167,CLIENT_00025,LA LIBERTAD,Trujillo,Trujillo,BAJO,BAJO,-10.0,-7.0,True,True,OK,[],1,Mantener ciclo de facturación estándar; sin acción de cobranza adicional.
2041506329,,,,,BAJO,BAJO,3.0,3.0,False,False,ALERTA — REVISIÓN HUMANA,['Cliente no encontrado en el maestro SUNAT (001_TBL_CLIENTES_B2B) -- no se puede validar SUNAT/Osiptel para este RUC.'],0,Mantener ciclo de facturación estándar; sin acción de cobranza adicional.
2041517697,,,,,SIN_HISTORIAL_DE_FACTURACION,,,,,False,ALERTA — REVISIÓN HUMANA,['Cliente no encontrado en el maestro SUNAT (001_TBL_CLIENTES_B2B) -- no se puede validar SUNAT/Osiptel para este RUC.'],0,
2041539406,CLIENT_00077,CUSCO,Cusco,Cusco,SIN_HISTORIAL_DE_FACTURACION,,,,,True,OK,[],0,
2041579828,,,,,SIN_HISTORIAL_DE_FACTURACION,,,,,False,ALERTA — REVISIÓN HUMANA,['Cliente no encontrado en el maestro SUNAT (001_TBL_CLIENTES_B2B) -- no se puede validar SUNAT/Osiptel para este RUC.'],0,
2041646501,,,,,SIN_HISTORIAL_DE_FACTURACION,,,,,False,ALERTA — REVISIÓN HUMANA,['Cliente no encontrado en el maestro SUNAT (001_TBL_CLIENTES_B2B) -- no se puede validar SUNAT/Osiptel para este RUC.'],0,
2041738350,CLIENT_00316,JUNIN,Chanchamayo,Chanchamayo,SIN_HISTORIAL_DE_FACTURACION,,,,,True,OK,[],0,
2041773118,,,,,SIN_HISTORIAL_DE_FACTURACION,,,,,False,ALERTA — REVISIÓN HUMANA,['Cliente no encontrado en el maestro SUNAT (001_TBL_CLIENTES_B2B) -- no se puede validar SUNAT/Osiptel para este RUC.'],0,
2041801342,,,,,SIN_HISTORIAL_DE_FACTURACION,,,,,False,ALERTA — REVISIÓN HUMANA,['Cliente no encontrado en el maestro SUNAT (001_TBL_CLIENTES_B2B) -- no se puede validar SUNAT/Osiptel para este RUC.'],0,
2041852613,,,,,SIN_HISTORIAL_DE_FACTURACION,,,,,False,ALERTA — REVISIÓN HUMANA,['Cliente no encontrado en el maestro SUNAT (001_TBL_CLIENTES_B2B) -- no se puede validar SUNAT/Osiptel para este RUC.'],0,
2041913863,,,,,SIN_HISTORIAL_DE_FACTURACION,,,,,False,ALERTA — REVISIÓN HUMANA,['Cliente no encontrado en el maestro SUNAT (001_TBL_CLIENTES_B2B) -- no se puede validar SUNAT/Osiptel para este RUC.'],0,
2041949510,,,,,SIN_HISTORIAL_DE_FACTURACION,,,,,False,ALERTA — REVISIÓN HUMANA,['Cliente no encontrado en el maestro SUNAT (001_TBL_CLIENTES_B2B) -- no se puede validar SUNAT/Osiptel para este RUC.'],0,
2042005320,,,,,SIN_HISTORIAL_DE_FACTURACION,,,,,False,ALERTA — REVISIÓN HUMANA,['Cliente no encontrado en el maestro SUNAT (001_TBL_CLIENTES_B2B) -- no se puede validar SUNAT/Osiptel para este RUC.'],0,
2042005584,CLIENT_00724,AREQUIPA,Arequipa,Jacobo Hunter,SIN_HISTORIAL_DE_FACTURACION,,,,,True,OK,[],0,
2042009956,CLIENT_00165,LIMA,Lima,Santa Anita,BAJO,BAJO,2.0,2.0,False,True,OK,[],0,Mantener ciclo de facturación estándar; sin acción de cobranza adicional.
2042055015,,,,,SIN_HISTORIAL_DE_FACTURACION,,,,,False,ALERTA — REVISIÓN HUMANA,['Cliente no encontrado en el maestro SUNAT (001_TBL_CLIENTES_B2B) -- no se puede validar SUNAT/Osiptel para este RUC.'],0,
2042099296,,,,,SIN_HISTORIAL_DE_FACTURACION,,,,,False,ALERTA — REVISIÓN HUMANA,['Cliente no encontrado en el maestro SUNAT (001_TBL_CLIENTES_B2B) -- no se puede validar SUNAT/Osiptel para este RUC.'],0,
2042173402,,,,,SIN_HISTORIAL_DE_FACTURACION,,,,,False,ALERTA — REVISIÓN HUMANA,['Cliente no encontrado en el maestro SUNAT (001_TBL_CLIENTES_B2B) -- no se puede validar SUNAT/Osiptel para este RUC.'],0,
2042174552,,,,,SIN_HISTORIAL_DE_FACTURACION,,,,,False,ALERTA — REVISIÓN HUMANA,['Cliente no encontrado en el maestro SUNAT (001_TBL_CLIENTES_B2B) -- no se puede validar SUNAT/Osiptel para este RUC.'],0,
2042176157,CLIENT_00570,LIMA,Lima,San Juan de Lurigancho,ALTO,BAJO,-8.0,-7.0,False,True,ALERTA — REVISIÓN HUMANA,['SUNAT_ESTADO_CONTRIBUYENTE=BAJA DE OFICIO (no ACTIVO)'],0,Mantener ciclo de facturación estándar; sin acción de cobranza adicional.
2042224086,,,,,SIN_HISTORIAL_DE_FACTURACION,,,,,False,ALERTA — REVISIÓN HUMANA,['Cliente no encontrado en el maestro SUNAT (001_TBL_CLIENTES_B2B) -- no se puede validar SUNAT/Osiptel para este RUC.'],0,
2042305136,,,,,SIN_HISTORIAL_DE_FACTURACION,,,,,False,ALERTA — REVISIÓN HUMANA,['Cliente no encontrado en el maestro SUNAT (001_TBL_CLIENTES_B2B) -- no se puede validar SUNAT/Osiptel para este RUC.'],0,
2042324093,CLIENT_00826,LIMA,Lima,San Juan de Lurigancho,BAJO,BAJO,5.0,5.0,False,True,OK,[],0,Mantener ciclo de facturación estándar; sin acción de cobranza adicional.
2042373611,,,,,SIN_HISTORIAL_DE_FACTURACION,,,,,False,ALERTA — REVISIÓN HUMANA,['Cliente no encontrado en el maestro SUNAT (001_TBL_CLIENTES_B2B) -- no se puede validar SUNAT/Osiptel para este RUC.'],0,
2042389421,,,,,SIN_HISTORIAL_DE_FACTURACION,,,,,False,ALERTA — REVISIÓN HUMANA,['Cliente no encontrado en el maestro SUNAT (001_TBL_CLIENTES_B2B) -- no se puede validar SUNAT/Osiptel para este RUC.'],0,
2042409836,,,,,SIN_HISTORIAL_DE_FACTURACION,,,,,False,ALERTA — REVISIÓN HUMANA,['Cliente no encontrado en el maestro SUNAT (001_TBL_CLIENTES_B2B) -- no se puede validar SUNAT/Osiptel para este RUC.'],0,
2042422772,CLIENT_00369,LIMA,Lima,San Isidro,BAJO,BAJO,0.5,5.0,False,True,OK,[],0,Mantener ciclo de facturación estándar; sin acción de cobranza adicional.
2042460785,,,,,SIN_HISTORIAL_DE_FACTURACION,,,,,False,ALERTA — REVISIÓN HUMANA,['Cliente no encontrado en el maestro SUNAT (001_TBL_CLIENTES_B2B) -- no se puede validar SUNAT/Osiptel para este RUC.'],0,
2042469848,,,,,SIN_HISTORIAL_DE_FACTURACION,,,,,False,ALERTA — REVISIÓN HUMANA,['Cliente no encontrado en el maestro SUNAT (001_TBL_CLIENTES_B2B) -- no se puede validar SUNAT/Osiptel para este RUC.'],0,
2042528793,,,,,SIN_HISTORIAL_DE_FACTURACION,,,,,False,ALERTA — REVISIÓN HUMANA,['Cliente no encontrado en el maestro SUNAT (001_TBL_CLIENTES_B2B) -- no se puede validar SUNAT/Osiptel para este RUC.'],0,
2042555399,,,,,SIN_HISTORIAL_DE_FACTURACION,,,,,False,ALERTA — REVISIÓN HUMANA,['Cliente no encontrado en el maestro SUNAT (001_TBL_CLIENTES_B2B) -- no se puede validar SUNAT/Osiptel para este RUC.'],0,
2042601129,CLIENT_00965,AREQUIPA,Arequipa,Jacobo Hunter,SIN_HISTORIAL_DE_FACTURACION,,,,,True,OK,[],0,
2042623369,,,,,SIN_HISTORIAL_DE_FACTURACION,,,,,False,ALERTA — REVISIÓN HUMANA,['Cliente no encontrado en el maestro SUNAT (001_TBL_CLIENTES_B2B) -- no se puede validar SUNAT/Osiptel para este RUC.'],0,
2042647818,,,,,BAJO,BAJO,-3.2,3.0,False,False,ALERTA — REVISIÓN HUMANA,['Cliente no encontrado en el maestro SUNAT (001_TBL_CLIENTES_B2B) -- no se puede validar SUNAT/Osiptel para este RUC.'],2,Mantener ciclo de facturación estándar; sin acción de cobranza adicional.
2042666574,,,,,SIN_HISTORIAL_DE_FACTURACION,,,,,False,ALERTA — REVISIÓN HUMANA,['Cliente no encontrado en el maestro SUNAT (001_TBL_CLIENTES_B2B) -- no se puede validar SUNAT/Osiptel para este RUC.'],0,
2042683095,CLIENT_00668,LIMA,Lima,San Borja,ALTO,ALTO,23.0,23.0,False,True,OK,[],1,Contacto proactivo antes del vencimiento + oferta de plan de pago fraccionado; escalar a gestor de cuenta senior.
2042702801,CLIENT_00657,PIURA,Sullana,Sullana,SIN_HISTORIAL_DE_FACTURACION,,,,,True,OK,[],0,
2042734334,,,,,BAJO,BAJO,-2.0,6.0,False,False,ALERTA — REVISIÓN HUMANA,['Cliente no encontrado en el maestro SUNAT (001_TBL_CLIENTES_B2B) -- no se puede validar SUNAT/Osiptel para este RUC.'],0,Mantener ciclo de facturación estándar; sin acción de cobranza adicional.
2042736285,CLIENT_00790,LA LIBERTAD,Trujillo,Trujillo,SIN_HISTORIAL_DE_FACTURACION,,,,,True,OK,[],0,
2042761198,CLIENT_00731,CAJAMARCA,Cajabamba,Cajabamba,SIN_HISTORIAL_DE_FACTURACION,,,,,True,OK,[],0,
2042765557,,,,,SIN_HISTORIAL_DE_FACTURACION,,,,,False,ALERTA — REVISIÓN HUMANA,['Cliente no encontrado en el maestro SUNAT (001_TBL_CLIENTES_B2B) -- no se puede validar SUNAT/Osiptel para este RUC.'],0,
2042811188,,,,,SIN_HISTORIAL_DE_FACTURACION,,,,,False,ALERTA — REVISIÓN HUMANA,['Cliente no encontrado en el maestro SUNAT (001_TBL_CLIENTES_B2B) -- no se puede validar SUNAT/Osiptel para este RUC.'],0,
2042836144,CLIENT_00920,LIMA,Lima,Pueblo Libre,BAJO,BAJO,-14.0,-13.0,False,True,OK,[],0,Mantener ciclo de facturación estándar; sin acción de cobranza adicional.
2042840517,CLIENT_00226,AREQUIPA,Arequipa,Miraflores,SIN_HISTORIAL_DE_FACTURACION,,,,,True,OK,[],0,
2042893140,CLIENT_00665,LORETO,Alto Amazonas,Yurimaguas,ALTO,ALTO,67.0,82.0,False,True,OK,[],2,Contacto proactivo antes del vencimiento + oferta de plan de pago fraccionado; escalar a gestor de cuenta senior.
2042893932,,,,,SIN_HISTORIAL_DE_FACTURACION,,,,,False,ALERTA — REVISIÓN HUMANA,['Cliente no encontrado en el maestro SUNAT (001_TBL_CLIENTES_B2B) -- no se puede validar SUNAT/Osiptel para este RUC.'],0,
2042904180,,,,,SIN_HISTORIAL_DE_FACTURACION,,,,,False,ALERTA — REVISIÓN HUMANA,['Cliente no encontrado en el maestro SUNAT (001_TBL_CLIENTES_B2B) -- no se puede validar SUNAT/Osiptel para este RUC.'],0,
2042920736,,,,,SIN_HISTORIAL_DE_FACTURACION,,,,,False,ALERTA — REVISIÓN HUMANA,['Cliente no encontrado en el maestro SUNAT (001_TBL_CLIENTES_B2B) -- no se puede validar SUNAT/Osiptel para este RUC.'],0,
2042941665,,,,,SIN_HISTORIAL_DE_FACTURACION,,,,,False,ALERTA — REVISIÓN HUMANA,['Cliente no encontrado en el maestro SUNAT (001_TBL_CLIENTES_B2B) -- no se puede validar SUNAT/Osiptel para este RUC.'],0,
2042988719,,,,,SIN_HISTORIAL_DE_FACTURACION,,,,,False,ALERTA — REVISIÓN HUMANA,['Cliente no encontrado en el maestro SUNAT (001_TBL_CLIENTES_B2B) -- no se puede validar SUNAT/Osiptel para este RUC.'],0,
2042990974,,,,,SIN_HISTORIAL_DE_FACTURACION,,,,,False,ALERTA — REVISIÓN HUMANA,['Cliente no encontrado en el maestro SUNAT (001_TBL_CLIENTES_B2B) -- no se puede validar SUNAT/Osiptel para este RUC.'],0,
2043002123,,,,,SIN_HISTORIAL_DE_FACTURACION,,,,,False,ALERTA — REVISIÓN HUMANA,['Cliente no encontrado en el maestro SUNAT (001_TBL_CLIENTES_B2B) -- no se puede validar SUNAT/Osiptel para este RUC.'],0,
2043037576,CLIENT_00102,LIMA,Lima,San Borja,BAJO,BAJO,-6.0,-6.0,False,True,OK,[],0,Mantener ciclo de facturación estándar; sin acción de cobranza adicional.
2043108067,CLIENT_00772,LIMA,Lima,La Victoria,ALTO,ALTO,151.0,165.0,False,True,OK,[],2,Contacto proactivo antes del vencimiento + oferta de plan de pago fraccionado; escalar a gestor de cuenta senior.
2043125950,,,,,SIN_HISTORIAL_DE_FACTURACION,,,,,False,ALERTA — REVISIÓN HUMANA,['Cliente no encontrado en el maestro SUNAT (001_TBL_CLIENTES_B2B) -- no se puede validar SUNAT/Osiptel para este RUC.'],0,
2043149098,CLIENT_00027,LIMA,Lima,Miraflores,ALTO,BAJO,-9.5,-9.0,False,True,ALERTA — REVISIÓN HUMANA,['SUNAT_ESTADO_CONTRIBUYENTE=SUSPENSION TEMPORAL (no ACTIVO)'],0,Mantener ciclo de facturación estándar; sin acción de cobranza adicional.
2043149405,,,,,SIN_HISTORIAL_DE_FACTURACION,,,,,False,ALERTA — REVISIÓN HUMANA,['Cliente no encontrado en el maestro SUNAT (001_TBL_CLIENTES_B2B) -- no se puede validar SUNAT/Osiptel para este RUC.'],0,
2043152767,,,,,SIN_HISTORIAL_DE_FACTURACION,,,,,False,ALERTA — REVISIÓN HUMANA,['Cliente no encontrado en el maestro SUNAT (001_TBL_CLIENTES_B2B) -- no se puede validar SUNAT/Osiptel para este RUC.'],0,
2043153301,CLIENT_00849,LIMA,Lima,San Juan de Miraflores,BAJO,BAJO,4.5,5.0,False,True,OK,[],0,Mantener ciclo de facturación estándar; sin acción de cobranza adicional.
2043210243,,,,,SIN_HISTORIAL_DE_FACTURACION,,,,,False,ALERTA — REVISIÓN HUMANA,['Cliente no encontrado en el maestro SUNAT (001_TBL_CLIENTES_B2B) -- no se puede validar SUNAT/Osiptel para este RUC.'],0,
2043223962,,,,,SIN_HISTORIAL_DE_FACTURACION,,,,,False,ALERTA — REVISIÓN HUMANA,['Cliente no encontrado en el maestro SUNAT (001_TBL_CLIENTES_B2B) -- no se puede validar SUNAT/Osiptel para este RUC.'],0,
2043262065,,,,,SIN_HISTORIAL_DE_FACTURACION,,,,,False,ALERTA — REVISIÓN HUMANA,['Cliente no encontrado en el maestro SUNAT (001_TBL_CLIENTES_B2B) -- no se puede validar SUNAT/Osiptel para este RUC.'],0,
2043285479,,,,,SIN_HISTORIAL_DE_FACTURACION,,,,,False,ALERTA — REVISIÓN HUMANA,['Cliente no encontrado en el maestro SUNAT (001_TBL_CLIENTES_B2B) -- no se puede validar SUNAT/Osiptel para este RUC.'],0,
2043288258,,,,,BAJO,BAJO,3.0,4.0,True,False,ALERTA — REVISIÓN HUMANA,['Cliente no encontrado en el maestro SUNAT (001_TBL_CLIENTES_B2B) -- no se puede validar SUNAT/Osiptel para este RUC.'],0,Mantener ciclo de facturación estándar; sin acción de cobranza adicional.
2043300039,,,,,BAJO,BAJO,-3.0,1.0,True,False,ALERTA — REVISIÓN HUMANA,['Cliente no encontrado en el maestro SUNAT (001_TBL_CLIENTES_B2B) -- no se puede validar SUNAT/Osiptel para este RUC.'],0,Mantener ciclo de facturación estándar; sin acción de cobranza adicional.
2043314925,,,,,BAJO,BAJO,1.0,1.0,False,False,ALERTA — REVISIÓN HUMANA,['Cliente no encontrado en el maestro SUNAT (001_TBL_CLIENTES_B2B) -- no se puede validar SUNAT/Osiptel para este RUC.'],0,Mantener ciclo de facturación estándar; sin acción de cobranza adicional.
2043325056,CLIENT_00080,LIMA,Lima,Santiago de Surco,SIN_HISTORIAL_DE_FACTURACION,,,,,True,OK,[],0,
2043334184,,,,,SIN_HISTORIAL_DE_FACTURACION,,,,,False,ALERTA — REVISIÓN HUMANA,['Cliente no encontrado en el maestro SUNAT (001_TBL_CLIENTES_B2B) -- no se puede validar SUNAT/Osiptel para este RUC.'],0,
2043384320,,,,,SIN_HISTORIAL_DE_FACTURACION,,,,,False,ALERTA — REVISIÓN HUMANA,['Cliente no encontrado en el maestro SUNAT (001_TBL_CLIENTES_B2B) -- no se puede validar SUNAT/Osiptel para este RUC.'],0,
2043401229,,,,,SIN_HISTORIAL_DE_FACTURACION,,,,,False,ALERTA — REVISIÓN HUMANA,['Cliente no encontrado en el maestro SUNAT (001_TBL_CLIENTES_B2B) -- no se puede validar SUNAT/Osiptel para este RUC.'],0,
2043459537,,,,,SIN_HISTORIAL_DE_FACTURACION,,,,,False,ALERTA — REVISIÓN HUMANA,['Cliente no encontrado en el maestro SUNAT (001_TBL_CLIENTES_B2B) -- no se puede validar SUNAT/Osiptel para este RUC.'],0,
2043471913,,,,,SIN_HISTORIAL_DE_FACTURACION,,,,,False,ALERTA — REVISIÓN HUMANA,['Cliente no encontrado en el maestro SUNAT (001_TBL_CLIENTES_B2B) -- no se puede validar SUNAT/Osiptel para este RUC.'],0,
2043506981,,,,,BAJO,BAJO,3.0,4.0,True,False,ALERTA — REVISIÓN HUMANA,['Cliente no encontrado en el maestro SUNAT (001_TBL_CLIENTES_B2B) -- no se puede validar SUNAT/Osiptel para este RUC.'],1,Mantener ciclo de facturación estándar; sin acción de cobranza adicional.
2043525526,CLIENT_00979,LIMA,Lima,Miraflores,ALTO,ALTO,25.0,25.0,False,True,OK,[],0,Contacto proactivo antes del vencimiento + oferta de plan de pago fraccionado; escalar a gestor de cuenta senior.
2043533350,,,,,SIN_HISTORIAL_DE_FACTURACION,,,,,False,ALERTA — REVISIÓN HUMANA,['Cliente no encontrado en el maestro SUNAT (001_TBL_CLIENTES_B2B) -- no se puede validar SUNAT/Osiptel para este RUC.'],0,
2043541829,,,,,SIN_HISTORIAL_DE_FACTURACION,,,,,False,ALERTA — REVISIÓN HUMANA,['Cliente no encontrado en el maestro SUNAT (001_TBL_CLIENTES_B2B) -- no se puede validar SUNAT/Osiptel para este RUC.'],0,
2043565357,,,,,SIN_HISTORIAL_DE_FACTURACION,,,,,False,ALERTA — REVISIÓN HUMANA,['Cliente no encontrado en el maestro SUNAT (001_TBL_CLIENTES_B2B) -- no se puede validar SUNAT/Osiptel para este RUC.'],0,
2043609842,,,,,SIN_HISTORIAL_DE_FACTURACION,,,,,False,ALERTA — REVISIÓN HUMANA,['Cliente no encontrado en el maestro SUNAT (001_TBL_CLIENTES_B2B) -- no se puede validar SUNAT/Osiptel para este RUC.'],0,
2043659343,,,,,BAJO,BAJO,-1.0,-1.0,False,False,ALERTA — REVISIÓN HUMANA,['Cliente no encontrado en el maestro SUNAT (001_TBL_CLIENTES_B2B) -- no se puede validar SUNAT/Osiptel para este RUC.'],0,Mantener ciclo de facturación estándar; sin acción de cobranza adicional.
2043681721,,,,,SIN_HISTORIAL_DE_FACTURACION,,,,,False,ALERTA — REVISIÓN HUMANA,['Cliente no encontrado en el maestro SUNAT (001_TBL_CLIENTES_B2B) -- no se puede validar SUNAT/Osiptel para este RUC.'],0,
2043698608,,,,,SIN_HISTORIAL_DE_FACTURACION,,,,,False,ALERTA — REVISIÓN HUMANA,['Cliente no encontrado en el maestro SUNAT (001_TBL_CLIENTES_B2B) -- no se puede validar SUNAT/Osiptel para este RUC.'],0,
2043698639,,,,,SIN_HISTORIAL_DE_FACTURACION,,,,,False,ALERTA — REVISIÓN HUMANA,['Cliente no encontrado en el maestro SUNAT (001_TBL_CLIENTES_B2B) -- no se puede validar SUNAT/Osiptel para este RUC.'],0,
2043752246,,,,,SIN_HISTORIAL_DE_FACTURACION,,,,,False,ALERTA — REVISIÓN HUMANA,['Cliente no encontrado en el maestro SUNAT (001_TBL_CLIENTES_B2B) -- no se puede validar SUNAT/Osiptel para este RUC.'],0,
2043779813,CLIENT_00336,LIMA,Lima,La Molina,BAJO,BAJO,2.5,3.0,True,True,OK,[],0,Mantener ciclo de facturación estándar; sin acción de cobranza adicional.
2043888748,,,,,SIN_HISTORIAL_DE_FACTURACION,,,,,False,ALERTA — REVISIÓN HUMANA,['Cliente no encontrado en el maestro SUNAT (001_TBL_CLIENTES_B2B) -- no se puede validar SUNAT/Osiptel para este RUC.'],0,
2043898920,,,,,SIN_HISTORIAL_DE_FACTURACION,,,,,False,ALERTA — REVISIÓN HUMANA,['Cliente no encontrado en el maestro SUNAT (001_TBL_CLIENTES_B2B) -- no se puede validar SUNAT/Osiptel para este RUC.'],0,
2043910781,,,,,SIN_HISTORIAL_DE_FACTURACION,,,,,False,ALERTA — REVISIÓN HUMANA,['Cliente no encontrado en el maestro SUNAT (001_TBL_CLIENTES_B2B) -- no se puede validar SUNAT/Osiptel para este RUC.'],0,
2043923625,,,,,SIN_HISTORIAL_DE_FACTURACION,,,,,False,ALERTA — REVISIÓN HUMANA,['Cliente no encontrado en el maestro SUNAT (001_TBL_CLIENTES_B2B) -- no se puede validar SUNAT/Osiptel para este RUC.'],0,
2043931605,CLIENT_00834,JUNIN,Huancayo,El Tambo,BAJO,BAJO,3.5,4.0,False,True,OK,[],0,Mantener ciclo de facturación estándar; sin acción de cobranza adicional.
2043931649,CLIENT_00311,LIMA,Lima,San Juan de Lurigancho,BAJO,BAJO,3.5,4.0,False,True,OK,[],0,Mantener ciclo de facturación estándar; sin acción de cobranza adicional.
2043951639,CLIENT_00898,LIMA,Lima,San Isidro,BAJO,BAJO,-4.0,-1.0,False,True,OK,[],0,Mantener ciclo de facturación estándar; sin acción de cobranza adicional.
2044062182,,,,,BAJO,BAJO,-12.0,-12.0,False,False,ALERTA — REVISIÓN HUMANA,['Cliente no encontrado en el maestro SUNAT (001_TBL_CLIENTES_B2B) -- no se puede validar SUNAT/Osiptel para este RUC.'],0,Mantener ciclo de facturación estándar; sin acción de cobranza adicional.
2044084391,,,,,SIN_HISTORIAL_DE_FACTURACION,,,,,False,ALERTA — REVISIÓN HUMANA,['Cliente no encontrado en el maestro SUNAT (001_TBL_CLIENTES_B2B) -- no se puede validar SUNAT/Osiptel para este RUC.'],0,
2044133904,,,,,BAJO,BAJO,-1.0,-1.0,False,False,ALERTA — REVISIÓN HUMANA,['Cliente no encontrado en el maestro SUNAT (001_TBL_CLIENTES_B2B) -- no se puede validar SUNAT/Osiptel para este RUC.'],0,Mantener ciclo de facturación estándar; sin acción de cobranza adicional.
2044143233,,,,,SIN_HISTORIAL_DE_FACTURACION,,,,,False,ALERTA — REVISIÓN HUMANA,['Cliente no encontrado en el maestro SUNAT (001_TBL_CLIENTES_B2B) -- no se puede validar SUNAT/Osiptel para este RUC.'],0,
2044213651,,,,,SIN_HISTORIAL_DE_FACTURACION,,,,,False,ALERTA — REVISIÓN HUMANA,['Cliente no encontrado en el maestro SUNAT (001_TBL_CLIENTES_B2B) -- no se puede validar SUNAT/Osiptel para este RUC.'],0,
2044236396,CLIENT_00833,LIMA,Lima,San Borja,SIN_HISTORIAL_DE_FACTURACION,,,,,True,OK,[],0,
2044242578,CLIENT_00641,LIMA,Lima,Surquillo,BAJO,BAJO,-4.0,-3.0,False,True,OK,[],0,Mantener ciclo de facturación estándar; sin acción de cobranza adicional.
2044270078,,,,,SIN_HISTORIAL_DE_FACTURACION,,,,,False,ALERTA — REVISIÓN HUMANA,['Cliente no encontrado en el maestro SUNAT (001_TBL_CLIENTES_B2B) -- no se puede validar SUNAT/Osiptel para este RUC.'],0,
2044348313,,,,,SIN_HISTORIAL_DE_FACTURACION,,,,,False,ALERTA — REVISIÓN HUMANA,['Cliente no encontrado en el maestro SUNAT (001_TBL_CLIENTES_B2B) -- no se puede validar SUNAT/Osiptel para este RUC.'],0,
2044349038,CLIENT_00549,LIMA,Lima,Santiago de Surco,SIN_HISTORIAL_DE_FACTURACION,,,,,True,OK,[],0,
2044354863,CLIENT_00913,LIMA,Lima,Lince,BAJO,BAJO,-3.0,-3.0,False,True,OK,[],0,Mantener ciclo de facturación estándar; sin acción de cobranza adicional.
2044364855,,,,,SIN_HISTORIAL_DE_FACTURACION,,,,,False,ALERTA — REVISIÓN HUMANA,['Cliente no encontrado en el maestro SUNAT (001_TBL_CLIENTES_B2B) -- no se puede validar SUNAT/Osiptel para este RUC.'],0,
2044366286,CLIENT_00796,LIMA,Lima,San Juan de Lurigancho,BAJO,BAJO,-1.0,-1.0,False,True,OK,[],0,Mantener ciclo de facturación estándar; sin acción de cobranza adicional.
2044369199,,,,,SIN_HISTORIAL_DE_FACTURACION,,,,,False,ALERTA — REVISIÓN HUMANA,['Cliente no encontrado en el maestro SUNAT (001_TBL_CLIENTES_B2B) -- no se puede validar SUNAT/Osiptel para este RUC.'],0,
2044398991,,,,,SIN_HISTORIAL_DE_FACTURACION,,,,,False,ALERTA — REVISIÓN HUMANA,['Cliente no encontrado en el maestro SUNAT (001_TBL_CLIENTES_B2B) -- no se puede validar SUNAT/Osiptel para este RUC.'],0,
2044448274,,,,,SIN_HISTORIAL_DE_FACTURACION,,,,,False,ALERTA — REVISIÓN HUMANA,['Cliente no encontrado en el maestro SUNAT (001_TBL_CLIENTES_B2B) -- no se puede validar SUNAT/Osiptel para este RUC.'],0,
2044463955,,,,,BAJO,BAJO,3.0,3.0,False,False,ALERTA — REVISIÓN HUMANA,['Cliente no encontrado en el maestro SUNAT (001_TBL_CLIENTES_B2B) -- no se puede validar SUNAT/Osiptel para este RUC.'],0,Mantener ciclo de facturación estándar; sin acción de cobranza adicional.
2044479748,,,,,BAJO,BAJO,-2.0,3.0,False,False,ALERTA — REVISIÓN HUMANA,['Cliente no encontrado en el maestro SUNAT (001_TBL_CLIENTES_B2B) -- no se puede validar SUNAT/Osiptel para este RUC.'],0,Mantener ciclo de facturación estándar; sin acción de cobranza adicional.
2044483432,,,,,SIN_HISTORIAL_DE_FACTURACION,,,,,False,ALERTA — REVISIÓN HUMANA,['Cliente no encontrado en el maestro SUNAT (001_TBL_CLIENTES_B2B) -- no se puede validar SUNAT/Osiptel para este RUC.'],0,
2044512050,CLIENT_00980,LIMA,Lima,San Borja,SIN_HISTORIAL_DE_FACTURACION,,,,,True,OK,[],0,
2044541341,CLIENT_00399,ANCASH,Casma,Casma,ALTO,,,,,True,ALERTA — REVISIÓN HUMANA,['SUNAT_ESTADO_CONTRIBUYENTE=SUSPENSION TEMPORAL (no ACTIVO)'],0,
2044630915,,,,,SIN_HISTORIAL_DE_FACTURACION,,,,,False,ALERTA — REVISIÓN HUMANA,['Cliente no encontrado en el maestro SUNAT (001_TBL_CLIENTES_B2B) -- no se puede validar SUNAT/Osiptel para este RUC.'],0,
2044654769,,,,,SIN_HISTORIAL_DE_FACTURACION,,,,,False,ALERTA — REVISIÓN HUMANA,['Cliente no encontrado en el maestro SUNAT (001_TBL_CLIENTES_B2B) -- no se puede validar SUNAT/Osiptel para este RUC.'],0,
2044662368,CLIENT_00741,CUSCO,Cusco,Cusco,ALTO,ALTO,16.0,95.0,False,True,OK,[],4,Contacto proactivo antes del vencimiento + oferta de plan de pago fraccionado; escalar a gestor de cuenta senior.
2044682710,,,,,SIN_HISTORIAL_DE_FACTURACION,,,,,False,ALERTA — REVISIÓN HUMANA,['Cliente no encontrado en el maestro SUNAT (001_TBL_CLIENTES_B2B) -- no se puede validar SUNAT/Osiptel para este RUC.'],0,
2044771639,,,,,SIN_HISTORIAL_DE_FACTURACION,,,,,False,ALERTA — REVISIÓN HUMANA,['Cliente no encontrado en el maestro SUNAT (001_TBL_CLIENTES_B2B) -- no se puede validar SUNAT/Osiptel para este RUC.'],0,
2044772474,,,,,SIN_HISTORIAL_DE_FACTURACION,,,,,False,ALERTA — REVISIÓN HUMANA,['Cliente no encontrado en el maestro SUNAT (001_TBL_CLIENTES_B2B) -- no se puede validar SUNAT/Osiptel para este RUC.'],0,
2044789187,CLIENT_00896,ICA,Chincha,Chincha Alta,BAJO,BAJO,3.0,3.0,False,True,OK,[],0,Mantener ciclo de facturación estándar; sin acción de cobranza adicional.
2044791755,,,,,MEDIO,MEDIO,12.5,13.0,False,False,ALERTA — REVISIÓN HUMANA,['Cliente no encontrado en el maestro SUNAT (001_TBL_CLIENTES_B2B) -- no se puede validar SUNAT/Osiptel para este RUC.'],0,Recordatorio automático 5 días antes del vencimiento por correo/WhatsApp; sin escalamiento humano todavía.
2044793109,,,,,SIN_HISTORIAL_DE_FACTURACION,,,,,False,ALERTA — REVISIÓN HUMANA,['Cliente no encontrado en el maestro SUNAT (001_TBL_CLIENTES_B2B) -- no se puede validar SUNAT/Osiptel para este RUC.'],0,
2044848650,CLIENT_00187,LIMA,Lima,San Isidro,BAJO,BAJO,-6.5,-5.0,False,True,OK,[],0,Mantener ciclo de facturación estándar; sin acción de cobranza adicional.
2044852632,,,,,SIN_HISTORIAL_DE_FACTURACION,,,,,False,ALERTA — REVISIÓN HUMANA,['Cliente no encontrado en el maestro SUNAT (001_TBL_CLIENTES_B2B) -- no se puede validar SUNAT/Osiptel para este RUC.'],0,
2044862591,,,,,BAJO,BAJO,-1.1,7.0,False,False,ALERTA — REVISIÓN HUMANA,['Cliente no encontrado en el maestro SUNAT (001_TBL_CLIENTES_B2B) -- no se puede validar SUNAT/Osiptel para este RUC.'],0,Mantener ciclo de facturación estándar; sin acción de cobranza adicional.
2044882835,,,,,SIN_HISTORIAL_DE_FACTURACION,,,,,False,ALERTA — REVISIÓN HUMANA,['Cliente no encontrado en el maestro SUNAT (001_TBL_CLIENTES_B2B) -- no se puede validar SUNAT/Osiptel para este RUC.'],0,
2044945237,,,,,SIN_HISTORIAL_DE_FACTURACION,,,,,False,ALERTA — REVISIÓN HUMANA,['Cliente no encontrado en el maestro SUNAT (001_TBL_CLIENTES_B2B) -- no se puede validar SUNAT/Osiptel para este RUC.'],0,
2044945705,CLIENT_00960,AREQUIPA,Arequipa,Arequipa,SIN_HISTORIAL_DE_FACTURACION,,,,,True,OK,[],0,
2044962275,,,,,SIN_HISTORIAL_DE_FACTURACION,,,,,False,ALERTA — REVISIÓN HUMANA,['Cliente no encontrado en el maestro SUNAT (001_TBL_CLIENTES_B2B) -- no se puede validar SUNAT/Osiptel para este RUC.'],0,
2045013020,,,,,SIN_HISTORIAL_DE_FACTURACION,,,,,False,ALERTA — REVISIÓN HUMANA,['Cliente no encontrado en el maestro SUNAT (001_TBL_CLIENTES_B2B) -- no se puede validar SUNAT/Osiptel para este RUC.'],0,
2045052005,CLIENT_00109,LIMA,Lima,Rímac,BAJO,BAJO,1.5,5.0,True,True,OK,[],0,Mantener ciclo de facturación estándar; sin acción de cobranza adicional.
2045057525,,,,,SIN_HISTORIAL_DE_FACTURACION,,,,,False,ALERTA — REVISIÓN HUMANA,['Cliente no encontrado en el maestro SUNAT (001_TBL_CLIENTES_B2B) -- no se puede validar SUNAT/Osiptel para este RUC.'],0,
2045061193,,,,,SIN_HISTORIAL_DE_FACTURACION,,,,,False,ALERTA — REVISIÓN HUMANA,['Cliente no encontrado en el maestro SUNAT (001_TBL_CLIENTES_B2B) -- no se puede validar SUNAT/Osiptel para este RUC.'],0,
2045077530,,,,,SIN_HISTORIAL_DE_FACTURACION,,,,,False,ALERTA — REVISIÓN HUMANA,['Cliente no encontrado en el maestro SUNAT (001_TBL_CLIENTES_B2B) -- no se puede validar SUNAT/Osiptel para este RUC.'],0,
2045101314,,,,,SIN_HISTORIAL_DE_FACTURACION,,,,,False,ALERTA — REVISIÓN HUMANA,['Cliente no encontrado en el maestro SUNAT (001_TBL_CLIENTES_B2B) -- no se puede validar SUNAT/Osiptel para este RUC.'],0,
2045106571,,,,,BAJO,BAJO,-4.5,-1.0,False,False,ALERTA — REVISIÓN HUMANA,['Cliente no encontrado en el maestro SUNAT (001_TBL_CLIENTES_B2B) -- no se puede validar SUNAT/Osiptel para este RUC.'],0,Mantener ciclo de facturación estándar; sin acción de cobranza adicional.
2045107949,CLIENT_00795,LIMA,Lima,Ate,SIN_HISTORIAL_DE_FACTURACION,,,,,True,OK,[],0,
2045121201,CLIENT_00767,LIMA,Lima,La Victoria,BAJO,BAJO,-2.0,4.0,True,True,OK,[],1,Mantener ciclo de facturación estándar; sin acción de cobranza adicional.
2045129205,,,,,SIN_HISTORIAL_DE_FACTURACION,,,,,False,ALERTA — REVISIÓN HUMANA,['Cliente no encontrado en el maestro SUNAT (001_TBL_CLIENTES_B2B) -- no se puede validar SUNAT/Osiptel para este RUC.'],0,
2045140447,CLIENT_00274,PIURA,Sullana,Sullana,ALTO,BAJO,-0.5,1.0,True,True,ALERTA — REVISIÓN HUMANA,['Todas sus líneas (fija/móvil) están inactivas o suspendidas'],1,Mantener ciclo de facturación estándar; sin acción de cobranza adicional.
2045150123,,,,,SIN_HISTORIAL_DE_FACTURACION,,,,,False,ALERTA — REVISIÓN HUMANA,['Cliente no encontrado en el maestro SUNAT (001_TBL_CLIENTES_B2B) -- no se puede validar SUNAT/Osiptel para este RUC.'],0,
2045175160,,,,,BAJO,BAJO,-7.5,-5.0,True,False,ALERTA — REVISIÓN HUMANA,['Cliente no encontrado en el maestro SUNAT (001_TBL_CLIENTES_B2B) -- no se puede validar SUNAT/Osiptel para este RUC.'],0,Mantener ciclo de facturación estándar; sin acción de cobranza adicional.
2045189107,,,,,SIN_HISTORIAL_DE_FACTURACION,,,,,False,ALERTA — REVISIÓN HUMANA,['Cliente no encontrado en el maestro SUNAT (001_TBL_CLIENTES_B2B) -- no se puede validar SUNAT/Osiptel para este RUC.'],0,
2045222802,,,,,SIN_HISTORIAL_DE_FACTURACION,,,,,False,ALERTA — REVISIÓN HUMANA,['Cliente no encontrado en el maestro SUNAT (001_TBL_CLIENTES_B2B) -- no se puede validar SUNAT/Osiptel para este RUC.'],0,
2045269682,CLIENT_00521,LIMA,Lima,Los Olivos,SIN_HISTORIAL_DE_FACTURACION,,,,,True,OK,[],0,
2045272455,,,,,SIN_HISTORIAL_DE_FACTURACION,,,,,False,ALERTA — REVISIÓN HUMANA,['Cliente no encontrado en el maestro SUNAT (001_TBL_CLIENTES_B2B) -- no se puede validar SUNAT/Osiptel para este RUC.'],0,
2045282054,CLIENT_00996,LIMA,Lima,Santiago de Surco,SIN_HISTORIAL_DE_FACTURACION,,,,,True,OK,[],0,
2045297496,CLIENT_00763,LIMA,Lima,La Victoria,SIN_HISTORIAL_DE_FACTURACION,,,,,True,OK,[],0,
2045309501,,,,,ALTO,ALTO,112.8,231.0,False,False,ALERTA — REVISIÓN HUMANA,['Cliente no encontrado en el maestro SUNAT (001_TBL_CLIENTES_B2B) -- no se puede validar SUNAT/Osiptel para este RUC.'],2,Contacto proactivo antes del vencimiento + oferta de plan de pago fraccionado; escalar a gestor de cuenta senior.
2045373291,,,,,SIN_HISTORIAL_DE_FACTURACION,,,,,False,ALERTA — REVISIÓN HUMANA,['Cliente no encontrado en el maestro SUNAT (001_TBL_CLIENTES_B2B) -- no se puede validar SUNAT/Osiptel para este RUC.'],0,
2045396307,,,,,BAJO,BAJO,3.5,4.0,True,False,ALERTA — REVISIÓN HUMANA,['Cliente no encontrado en el maestro SUNAT (001_TBL_CLIENTES_B2B) -- no se puede validar SUNAT/Osiptel para este RUC.'],0,Mantener ciclo de facturación estándar; sin acción de cobranza adicional.
2045407090,,,,,ALTO,ALTO,48.0,149.0,False,False,ALERTA — REVISIÓN HUMANA,['Cliente no encontrado en el maestro SUNAT (001_TBL_CLIENTES_B2B) -- no se puede validar SUNAT/Osiptel para este RUC.'],1,Contacto proactivo antes del vencimiento + oferta de plan de pago fraccionado; escalar a gestor de cuenta senior.
2045415095,,,,,SIN_HISTORIAL_DE_FACTURACION,,,,,False,ALERTA — REVISIÓN HUMANA,['Cliente no encontrado en el maestro SUNAT (001_TBL_CLIENTES_B2B) -- no se puede validar SUNAT/Osiptel para este RUC.'],0,
2045418905,CLIENT_00576,LIMA,Lima,San Borja,SIN_HISTORIAL_DE_FACTURACION,,,,,True,OK,[],0,
2045425222,CLIENT_00363,CAJAMARCA,Cajamarca,Cajamarca,ALTO,ALTO,52.0,67.0,False,True,OK,[],2,Contacto proactivo antes del vencimiento + oferta de plan de pago fraccionado; escalar a gestor de cuenta senior.
2045454522,,,,,SIN_HISTORIAL_DE_FACTURACION,,,,,False,ALERTA — REVISIÓN HUMANA,['Cliente no encontrado en el maestro SUNAT (001_TBL_CLIENTES_B2B) -- no se puede validar SUNAT/Osiptel para este RUC.'],0,
2045498450,,,,,BAJO,BAJO,-2.0,-1.0,True,False,ALERTA — REVISIÓN HUMANA,['Cliente no encontrado en el maestro SUNAT (001_TBL_CLIENTES_B2B) -- no se puede validar SUNAT/Osiptel para este RUC.'],0,Mantener ciclo de facturación estándar; sin acción de cobranza adicional.
2045512855,,,,,SIN_HISTORIAL_DE_FACTURACION,,,,,False,ALERTA — REVISIÓN HUMANA,['Cliente no encontrado en el maestro SUNAT (001_TBL_CLIENTES_B2B) -- no se puede validar SUNAT/Osiptel para este RUC.'],0,
2045546222,,,,,BAJO,BAJO,-3.2,15.0,False,False,ALERTA — REVISIÓN HUMANA,['Cliente no encontrado en el maestro SUNAT (001_TBL_CLIENTES_B2B) -- no se puede validar SUNAT/Osiptel para este RUC.'],2,Mantener ciclo de facturación estándar; sin acción de cobranza adicional.
2045549632,,,,,SIN_HISTORIAL_DE_FACTURACION,,,,,False,ALERTA — REVISIÓN HUMANA,['Cliente no encontrado en el maestro SUNAT (001_TBL_CLIENTES_B2B) -- no se puede validar SUNAT/Osiptel para este RUC.'],0,
2045594617,,,,,SIN_HISTORIAL_DE_FACTURACION,,,,,False,ALERTA — REVISIÓN HUMANA,['Cliente no encontrado en el maestro SUNAT (001_TBL_CLIENTES_B2B) -- no se puede validar SUNAT/Osiptel para este RUC.'],0,
2045595578,,,,,SIN_HISTORIAL_DE_FACTURACION,,,,,False,ALERTA — REVISIÓN HUMANA,['Cliente no encontrado en el maestro SUNAT (001_TBL_CLIENTES_B2B) -- no se puede validar SUNAT/Osiptel para este RUC.'],0,
2045624873,,,,,SIN_HISTORIAL_DE_FACTURACION,,,,,False,ALERTA — REVISIÓN HUMANA,['Cliente no encontrado en el maestro SUNAT (001_TBL_CLIENTES_B2B) -- no se puede validar SUNAT/Osiptel para este RUC.'],0,
2045629206,,,,,SIN_HISTORIAL_DE_FACTURACION,,,,,False,ALERTA — REVISIÓN HUMANA,['Cliente no encontrado en el maestro SUNAT (001_TBL_CLIENTES_B2B) -- no se puede validar SUNAT/Osiptel para este RUC.'],0,
2045641140,CLIENT_00319,LIMA,Lima,Santiago de Surco,SIN_HISTORIAL_DE_FACTURACION,,,,,True,OK,[],0,
2045653206,CLIENT_00799,LIMA,Lima,Carabayllo,ALTO,BAJO,-1.0,4.0,True,True,ALERTA — REVISIÓN HUMANA,['SUNAT_ESTADO_CONTRIBUYENTE=BAJA DE OFICIO (no ACTIVO)'],0,Mantener ciclo de facturación estándar; sin acción de cobranza adicional.
2045668429,,,,,SIN_HISTORIAL_DE_FACTURACION,,,,,False,ALERTA — REVISIÓN HUMANA,['Cliente no encontrado en el maestro SUNAT (001_TBL_CLIENTES_B2B) -- no se puede validar SUNAT/Osiptel para este RUC.'],0,
2045697330,,,,,SIN_HISTORIAL_DE_FACTURACION,,,,,False,ALERTA — REVISIÓN HUMANA,['Cliente no encontrado en el maestro SUNAT (001_TBL_CLIENTES_B2B) -- no se puede validar SUNAT/Osiptel para este RUC.'],0,
2045697347,CLIENT_00024,LA LIBERTAD,Trujillo,Trujillo,SIN_HISTORIAL_DE_FACTURACION,,,,,True,OK,[],0,
2045728618,,,,,SIN_HISTORIAL_DE_FACTURACION,,,,,False,ALERTA — REVISIÓN HUMANA,['Cliente no encontrado en el maestro SUNAT (001_TBL_CLIENTES_B2B) -- no se puede validar SUNAT/Osiptel para este RUC.'],0,
2045732831,,,,,SIN_HISTORIAL_DE_FACTURACION,,,,,False,ALERTA — REVISIÓN HUMANA,['Cliente no encontrado en el maestro SUNAT (001_TBL_CLIENTES_B2B) -- no se puede validar SUNAT/Osiptel para este RUC.'],0,
2045742723,CLIENT_00001,LIMA,Lima,Miraflores,ALTO,ALTO,16.0,16.0,False,True,OK,[],0,Contacto proactivo antes del vencimiento + oferta de plan de pago fraccionado; escalar a gestor de cuenta senior.
2045771478,,,,,BAJO,BAJO,-8.5,-7.0,False,False,ALERTA — REVISIÓN HUMANA,['Cliente no encontrado en el maestro SUNAT (001_TBL_CLIENTES_B2B) -- no se puede validar SUNAT/Osiptel para este RUC.'],0,Mantener ciclo de facturación estándar; sin acción de cobranza adicional.
2045771985,,,,,SIN_HISTORIAL_DE_FACTURACION,,,,,False,ALERTA — REVISIÓN HUMANA,['Cliente no encontrado en el maestro SUNAT (001_TBL_CLIENTES_B2B) -- no se puede validar SUNAT/Osiptel para este RUC.'],0,
2045776570,CLIENT_00215,LIMA,Huaura,Santa María,BAJO,BAJO,-1.5,-1.0,False,True,OK,[],0,Mantener ciclo de facturación estándar; sin acción de cobranza adicional.
2045781314,,,,,SIN_HISTORIAL_DE_FACTURACION,,,,,False,ALERTA — REVISIÓN HUMANA,['Cliente no encontrado en el maestro SUNAT (001_TBL_CLIENTES_B2B) -- no se puede validar SUNAT/Osiptel para este RUC.'],0,
2045782704,CLIENT_00628,LIMA,Lima,San Borja,SIN_HISTORIAL_DE_FACTURACION,,,,,True,OK,[],0,
2045813472,,,,,BAJO,BAJO,4.5,6.0,False,False,ALERTA — REVISIÓN HUMANA,['Cliente no encontrado en el maestro SUNAT (001_TBL_CLIENTES_B2B) -- no se puede validar SUNAT/Osiptel para este RUC.'],1,Mantener ciclo de facturación estándar; sin acción de cobranza adicional.
2045816597,,,,,SIN_HISTORIAL_DE_FACTURACION,,,,,False,ALERTA — REVISIÓN HUMANA,['Cliente no encontrado en el maestro SUNAT (001_TBL_CLIENTES_B2B) -- no se puede validar SUNAT/Osiptel para este RUC.'],0,
2045832604,CLIENT_00051,LA LIBERTAD,Trujillo,Trujillo,MEDIO,MEDIO,7.0,13.0,False,True,OK,[],2,Recordatorio automático 5 días antes del vencimiento por correo/WhatsApp; sin escalamiento humano todavía.
2045845197,,,,,BAJO,BAJO,-2.0,0.0,True,False,ALERTA — REVISIÓN HUMANA,['Cliente no encontrado en el maestro SUNAT (001_TBL_CLIENTES_B2B) -- no se puede validar SUNAT/Osiptel para este RUC.'],0,Mantener ciclo de facturación estándar; sin acción de cobranza adicional.
2045850656,,,,,BAJO,BAJO,-12.5,-12.0,True,False,ALERTA — REVISIÓN HUMANA,['Cliente no encontrado en el maestro SUNAT (001_TBL_CLIENTES_B2B) -- no se puede validar SUNAT/Osiptel para este RUC.'],0,Mantener ciclo de facturación estándar; sin acción de cobranza adicional.
2045855183,CLIENT_00181,LIMA,Lima,Ate,BAJO,BAJO,-8.0,-8.0,False,True,OK,[],0,Mantener ciclo de facturación estándar; sin acción de cobranza adicional.
2045891597,,,,,SIN_HISTORIAL_DE_FACTURACION,,,,,False,ALERTA — REVISIÓN HUMANA,['Cliente no encontrado en el maestro SUNAT (001_TBL_CLIENTES_B2B) -- no se puede validar SUNAT/Osiptel para este RUC.'],0,
2045929342,,,,,SIN_HISTORIAL_DE_FACTURACION,,,,,False,ALERTA — REVISIÓN HUMANA,['Cliente no encontrado en el maestro SUNAT (001_TBL_CLIENTES_B2B) -- no se puede validar SUNAT/Osiptel para este RUC.'],0,
2045947496,,,,,SIN_HISTORIAL_DE_FACTURACION,,,,,False,ALERTA — REVISIÓN HUMANA,['Cliente no encontrado en el maestro SUNAT (001_TBL_CLIENTES_B2B) -- no se puede validar SUNAT/Osiptel para este RUC.'],0,
2045970194,,,,,SIN_HISTORIAL_DE_FACTURACION,,,,,False,ALERTA — REVISIÓN HUMANA,['Cliente no encontrado en el maestro SUNAT (001_TBL_CLIENTES_B2B) -- no se puede validar SUNAT/Osiptel para este RUC.'],0,
2045976976,CLIENT_00651,APURIMAC,Abancay,Abancay,SIN_HISTORIAL_DE_FACTURACION,,,,,True,OK,[],0,
2045989840,,,,,SIN_HISTORIAL_DE_FACTURACION,,,,,False,ALERTA — REVISIÓN HUMANA,['Cliente no encontrado en el maestro SUNAT (001_TBL_CLIENTES_B2B) -- no se puede validar SUNAT/Osiptel para este RUC.'],0,
2046058498,CLIENT_00633,LIMA,Lima,San Isidro,BAJO,BAJO,-2.8,3.0,False,True,OK,[],1,Mantener ciclo de facturación estándar; sin acción de cobranza adicional.
2046086984,,,,,SIN_HISTORIAL_DE_FACTURACION,,,,,False,ALERTA — REVISIÓN HUMANA,['Cliente no encontrado en el maestro SUNAT (001_TBL_CLIENTES_B2B) -- no se puede validar SUNAT/Osiptel para este RUC.'],0,
2046134299,,,,,SIN_HISTORIAL_DE_FACTURACION,,,,,False,ALERTA — REVISIÓN HUMANA,['Cliente no encontrado en el maestro SUNAT (001_TBL_CLIENTES_B2B) -- no se puede validar SUNAT/Osiptel para este RUC.'],0,
2046155934,,,,,BAJO,BAJO,-10.5,-10.0,False,False,ALERTA — REVISIÓN HUMANA,['Cliente no encontrado en el maestro SUNAT (001_TBL_CLIENTES_B2B) -- no se puede validar SUNAT/Osiptel para este RUC.'],0,Mantener ciclo de facturación estándar; sin acción de cobranza adicional.
2046194578,,,,,SIN_HISTORIAL_DE_FACTURACION,,,,,False,ALERTA — REVISIÓN HUMANA,['Cliente no encontrado en el maestro SUNAT (001_TBL_CLIENTES_B2B) -- no se puede validar SUNAT/Osiptel para este RUC.'],0,
2046264086,,,,,SIN_HISTORIAL_DE_FACTURACION,,,,,False,ALERTA — REVISIÓN HUMANA,['Cliente no encontrado en el maestro SUNAT (001_TBL_CLIENTES_B2B) -- no se puede validar SUNAT/Osiptel para este RUC.'],0,
2046269782,,,,,BAJO,BAJO,-8.5,5.0,False,False,ALERTA — REVISIÓN HUMANA,['Cliente no encontrado en el maestro SUNAT (001_TBL_CLIENTES_B2B) -- no se puede validar SUNAT/Osiptel para este RUC.'],2,Mantener ciclo de facturación estándar; sin acción de cobranza adicional.
2046272291,CLIENT_00829,LIMA,Lima,Miraflores,SIN_HISTORIAL_DE_FACTURACION,,,,,True,OK,[],0,
2046272983,,,,,SIN_HISTORIAL_DE_FACTURACION,,,,,False,ALERTA — REVISIÓN HUMANA,['Cliente no encontrado en el maestro SUNAT (001_TBL_CLIENTES_B2B) -- no se puede validar SUNAT/Osiptel para este RUC.'],0,
2046441775,,,,,SIN_HISTORIAL_DE_FACTURACION,,,,,False,ALERTA — REVISIÓN HUMANA,['Cliente no encontrado en el maestro SUNAT (001_TBL_CLIENTES_B2B) -- no se puede validar SUNAT/Osiptel para este RUC.'],0,
2046533596,,,,,SIN_HISTORIAL_DE_FACTURACION,,,,,False,ALERTA — REVISIÓN HUMANA,['Cliente no encontrado en el maestro SUNAT (001_TBL_CLIENTES_B2B) -- no se puede validar SUNAT/Osiptel para este RUC.'],0,
2046569393,,,,,SIN_HISTORIAL_DE_FACTURACION,,,,,False,ALERTA — REVISIÓN HUMANA,['Cliente no encontrado en el maestro SUNAT (001_TBL_CLIENTES_B2B) -- no se puede validar SUNAT/Osiptel para este RUC.'],0,
2046606377,,,,,SIN_HISTORIAL_DE_FACTURACION,,,,,False,ALERTA — REVISIÓN HUMANA,['Cliente no encontrado en el maestro SUNAT (001_TBL_CLIENTES_B2B) -- no se puede validar SUNAT/Osiptel para este RUC.'],0,
2046619764,,,,,SIN_HISTORIAL_DE_FACTURACION,,,,,False,ALERTA — REVISIÓN HUMANA,['Cliente no encontrado en el maestro SUNAT (001_TBL_CLIENTES_B2B) -- no se puede validar SUNAT/Osiptel para este RUC.'],0,
2046639773,,,,,BAJO,BAJO,-3.6,5.0,False,False,ALERTA — REVISIÓN HUMANA,['Cliente no encontrado en el maestro SUNAT (001_TBL_CLIENTES_B2B) -- no se puede validar SUNAT/Osiptel para este RUC.'],2,Mantener ciclo de facturación estándar; sin acción de cobranza adicional.
2046641579,,,,,SIN_HISTORIAL_DE_FACTURACION,,,,,False,ALERTA — REVISIÓN HUMANA,['Cliente no encontrado en el maestro SUNAT (001_TBL_CLIENTES_B2B) -- no se puede validar SUNAT/Osiptel para este RUC.'],0,
2046751787,CLIENT_00193,LIMA,Lima,Comas,BAJO,BAJO,-1.5,3.0,False,True,OK,[],0,Mantener ciclo de facturación estándar; sin acción de cobranza adicional.
2046766017,CLIENT_00089,CALLAO,Prov. Const. del Callao,La Perla,BAJO,BAJO,1.0,1.0,False,True,OK,[],0,Mantener ciclo de facturación estándar; sin acción de cobranza adicional.
2046802064,,,,,SIN_HISTORIAL_DE_FACTURACION,,,,,False,ALERTA — REVISIÓN HUMANA,['Cliente no encontrado en el maestro SUNAT (001_TBL_CLIENTES_B2B) -- no se puede validar SUNAT/Osiptel para este RUC.'],0,
2046859398,CLIENT_00764,ICA,Nasca,Nasca,BAJO,BAJO,-4.0,-3.0,True,True,OK,[],0,Mantener ciclo de facturación estándar; sin acción de cobranza adicional.
2046868113,CLIENT_00397,AMAZONAS,Bongará,Jazan,ALTO,BAJO,-1.0,1.0,False,True,ALERTA — REVISIÓN HUMANA,"['SUNAT_ESTADO_RUC=NO HABIDO (no HABIDO)', 'SUNAT_ESTADO_CONTRIBUYENTE=BAJA DE OFICIO (no ACTIVO)']",0,Mantener ciclo de facturación estándar; sin acción de cobranza adicional.
2046872718,,,,,SIN_HISTORIAL_DE_FACTURACION,,,,,False,ALERTA — REVISIÓN HUMANA,['Cliente no encontrado en el maestro SUNAT (001_TBL_CLIENTES_B2B) -- no se puede validar SUNAT/Osiptel para este RUC.'],0,
2046904969,,,,,SIN_HISTORIAL_DE_FACTURACION,,,,,False,ALERTA — REVISIÓN HUMANA,['Cliente no encontrado en el maestro SUNAT (001_TBL_CLIENTES_B2B) -- no se puede validar SUNAT/Osiptel para este RUC.'],0,
2046916374,CLIENT_00711,ICA,Pisco,Pisco,ALTO,ALTO,23.0,25.0,True,True,OK,[],0,Contacto proactivo antes del vencimiento + oferta de plan de pago fraccionado; escalar a gestor de cuenta senior.
2046930363,CLIENT_00514,PUNO,San Román,Juliaca,ALTO,BAJO,-1.0,2.0,True,True,ALERTA — REVISIÓN HUMANA,['SUNAT_ESTADO_CONTRIBUYENTE=BAJA DE OFICIO (no ACTIVO)'],0,Mantener ciclo de facturación estándar; sin acción de cobranza adicional.
2046969172,,,,,BAJO,BAJO,-15.3,4.0,False,False,ALERTA — REVISIÓN HUMANA,['Cliente no encontrado en el maestro SUNAT (001_TBL_CLIENTES_B2B) -- no se puede validar SUNAT/Osiptel para este RUC.'],3,Mantener ciclo de facturación estándar; sin acción de cobranza adicional.
2046973002,,,,,SIN_HISTORIAL_DE_FACTURACION,,,,,False,ALERTA — REVISIÓN HUMANA,['Cliente no encontrado en el maestro SUNAT (001_TBL_CLIENTES_B2B) -- no se puede validar SUNAT/Osiptel para este RUC.'],0,
2046973081,,,,,BAJO,BAJO,-5.0,-4.0,False,False,ALERTA — REVISIÓN HUMANA,['Cliente no encontrado en el maestro SUNAT (001_TBL_CLIENTES_B2B) -- no se puede validar SUNAT/Osiptel para este RUC.'],0,Mantener ciclo de facturación estándar; sin acción de cobranza adicional.
2047006078,,,,,SIN_HISTORIAL_DE_FACTURACION,,,,,False,ALERTA — REVISIÓN HUMANA,['Cliente no encontrado en el maestro SUNAT (001_TBL_CLIENTES_B2B) -- no se puede validar SUNAT/Osiptel para este RUC.'],0,
2047042192,CLIENT_00205,LA LIBERTAD,Trujillo,Trujillo,BAJO,BAJO,-8.5,7.0,False,True,OK,[],2,Mantener ciclo de facturación estándar; sin acción de cobranza adicional.
2047073420,,,,,SIN_HISTORIAL_DE_FACTURACION,,,,,False,ALERTA — REVISIÓN HUMANA,['Cliente no encontrado en el maestro SUNAT (001_TBL_CLIENTES_B2B) -- no se puede validar SUNAT/Osiptel para este RUC.'],0,
2047081406,CLIENT_00312,ICA,Ica,Ica,SIN_HISTORIAL_DE_FACTURACION,,,,,True,OK,[],0,
2047100108,CLIENT_00873,LIMA,Lima,Lima,ALTO,ALTO,17.0,17.0,False,True,OK,[],1,Contacto proactivo antes del vencimiento + oferta de plan de pago fraccionado; escalar a gestor de cuenta senior.
2047173348,,,,,SIN_HISTORIAL_DE_FACTURACION,,,,,False,ALERTA — REVISIÓN HUMANA,['Cliente no encontrado en el maestro SUNAT (001_TBL_CLIENTES_B2B) -- no se puede validar SUNAT/Osiptel para este RUC.'],0,
2047197553,,,,,SIN_HISTORIAL_DE_FACTURACION,,,,,False,ALERTA — REVISIÓN HUMANA,['Cliente no encontrado en el maestro SUNAT (001_TBL_CLIENTES_B2B) -- no se puede validar SUNAT/Osiptel para este RUC.'],0,
2047203767,,,,,SIN_HISTORIAL_DE_FACTURACION,,,,,False,ALERTA — REVISIÓN HUMANA,['Cliente no encontrado en el maestro SUNAT (001_TBL_CLIENTES_B2B) -- no se puede validar SUNAT/Osiptel para este RUC.'],0,
2047333948,,,,,SIN_HISTORIAL_DE_FACTURACION,,,,,False,ALERTA — REVISIÓN HUMANA,['Cliente no encontrado en el maestro SUNAT (001_TBL_CLIENTES_B2B) -- no se puede validar SUNAT/Osiptel para este RUC.'],0,
2047335716,,,,,SIN_HISTORIAL_DE_FACTURACION,,,,,False,ALERTA — REVISIÓN HUMANA,['Cliente no encontrado en el maestro SUNAT (001_TBL_CLIENTES_B2B) -- no se puede validar SUNAT/Osiptel para este RUC.'],0,
2047345079,CLIENT_00455,LIMA,Lima,San Juan de Lurigancho,SIN_HISTORIAL_DE_FACTURACION,,,,,True,OK,[],0,
2047423588,CLIENT_00258,LIMA,Lima,San Juan de Lurigancho,SIN_HISTORIAL_DE_FACTURACION,,,,,True,OK,[],0,
2047431289,CLIENT_00045,CUSCO,Cusco,Santiago,SIN_HISTORIAL_DE_FACTURACION,,,,,True,OK,[],0,
2047439188,CLIENT_00050,LIMA,Lima,San Juan de Lurigancho,SIN_HISTORIAL_DE_FACTURACION,,,,,True,OK,[],0,
2047447729,,,,,SIN_HISTORIAL_DE_FACTURACION,,,,,False,ALERTA — REVISIÓN HUMANA,['Cliente no encontrado en el maestro SUNAT (001_TBL_CLIENTES_B2B) -- no se puede validar SUNAT/Osiptel para este RUC.'],0,
2047531680,,,,,SIN_HISTORIAL_DE_FACTURACION,,,,,False,ALERTA — REVISIÓN HUMANA,['Cliente no encontrado en el maestro SUNAT (001_TBL_CLIENTES_B2B) -- no se puede validar SUNAT/Osiptel para este RUC.'],0,
2047556447,CLIENT_00117,LIMA,Lima,San Martín de Porres,SIN_HISTORIAL_DE_FACTURACION,,,,,True,OK,[],0,
2047556488,,,,,SIN_HISTORIAL_DE_FACTURACION,,,,,False,ALERTA — REVISIÓN HUMANA,['Cliente no encontrado en el maestro SUNAT (001_TBL_CLIENTES_B2B) -- no se puede validar SUNAT/Osiptel para este RUC.'],0,
2047569148,,,,,SIN_HISTORIAL_DE_FACTURACION,,,,,False,ALERTA — REVISIÓN HUMANA,['Cliente no encontrado en el maestro SUNAT (001_TBL_CLIENTES_B2B) -- no se puede validar SUNAT/Osiptel para este RUC.'],0,
2047585517,CLIENT_00754,LAMBAYEQUE,Chiclayo,Chiclayo,BAJO,BAJO,-0.7,3.0,True,True,OK,[],0,Mantener ciclo de facturación estándar; sin acción de cobranza adicional.
2047587904,,,,,BAJO,BAJO,1.2,7.0,False,False,ALERTA — REVISIÓN HUMANA,['Cliente no encontrado en el maestro SUNAT (001_TBL_CLIENTES_B2B) -- no se puede validar SUNAT/Osiptel para este RUC.'],0,Mantener ciclo de facturación estándar; sin acción de cobranza adicional.
2047601641,CLIENT_00663,LIMA,Lima,Miraflores,BAJO,BAJO,-4.5,-1.0,False,True,OK,[],1,Mantener ciclo de facturación estándar; sin acción de cobranza adicional.
2047604194,,,,,SIN_HISTORIAL_DE_FACTURACION,,,,,False,ALERTA — REVISIÓN HUMANA,['Cliente no encontrado en el maestro SUNAT (001_TBL_CLIENTES_B2B) -- no se puede validar SUNAT/Osiptel para este RUC.'],0,
2047611797,CLIENT_00924,LIMA,Lima,La Victoria,BAJO,BAJO,4.5,8.0,False,True,OK,[],1,Mantener ciclo de facturación estándar; sin acción de cobranza adicional.
2047628658,,,,,SIN_HISTORIAL_DE_FACTURACION,,,,,False,ALERTA — REVISIÓN HUMANA,['Cliente no encontrado en el maestro SUNAT (001_TBL_CLIENTES_B2B) -- no se puede validar SUNAT/Osiptel para este RUC.'],0,
2047636372,,,,,SIN_HISTORIAL_DE_FACTURACION,,,,,False,ALERTA — REVISIÓN HUMANA,['Cliente no encontrado en el maestro SUNAT (001_TBL_CLIENTES_B2B) -- no se puede validar SUNAT/Osiptel para este RUC.'],0,
2047640143,CLIENT_00114,LAMBAYEQUE,Chiclayo,José Leonardo Ortiz,ALTO,BAJO,-12.5,3.0,False,True,ALERTA — REVISIÓN HUMANA,['Todas sus líneas (fija/móvil) están inactivas o suspendidas'],2,Mantener ciclo de facturación estándar; sin acción de cobranza adicional.
2047695932,,,,,BAJO,BAJO,-4.7,16.0,False,False,ALERTA — REVISIÓN HUMANA,['Cliente no encontrado en el maestro SUNAT (001_TBL_CLIENTES_B2B) -- no se puede validar SUNAT/Osiptel para este RUC.'],0,Mantener ciclo de facturación estándar; sin acción de cobranza adicional.
2047712096,,,,,SIN_HISTORIAL_DE_FACTURACION,,,,,False,ALERTA — REVISIÓN HUMANA,['Cliente no encontrado en el maestro SUNAT (001_TBL_CLIENTES_B2B) -- no se puede validar SUNAT/Osiptel para este RUC.'],0,
2047769104,,,,,SIN_HISTORIAL_DE_FACTURACION,,,,,False,ALERTA — REVISIÓN HUMANA,['Cliente no encontrado en el maestro SUNAT (001_TBL_CLIENTES_B2B) -- no se puede validar SUNAT/Osiptel para este RUC.'],0,
2047770405,CLIENT_00867,PUNO,Puno,Puno,SIN_HISTORIAL_DE_FACTURACION,,,,,True,OK,[],0,
2047805549,,,,,SIN_HISTORIAL_DE_FACTURACION,,,,,False,ALERTA — REVISIÓN HUMANA,['Cliente no encontrado en el maestro SUNAT (001_TBL_CLIENTES_B2B) -- no se puede validar SUNAT/Osiptel para este RUC.'],0,
2047862846,,,,,SIN_HISTORIAL_DE_FACTURACION,,,,,False,ALERTA — REVISIÓN HUMANA,['Cliente no encontrado en el maestro SUNAT (001_TBL_CLIENTES_B2B) -- no se puede validar SUNAT/Osiptel para este RUC.'],0,
2047889180,,,,,SIN_HISTORIAL_DE_FACTURACION,,,,,False,ALERTA — REVISIÓN HUMANA,['Cliente no encontrado en el maestro SUNAT (001_TBL_CLIENTES_B2B) -- no se puede validar SUNAT/Osiptel para este RUC.'],0,
2047891769,,,,,SIN_HISTORIAL_DE_FACTURACION,,,,,False,ALERTA — REVISIÓN HUMANA,['Cliente no encontrado en el maestro SUNAT (001_TBL_CLIENTES_B2B) -- no se puede validar SUNAT/Osiptel para este RUC.'],0,
2047900546,,,,,SIN_HISTORIAL_DE_FACTURACION,,,,,False,ALERTA — REVISIÓN HUMANA,['Cliente no encontrado en el maestro SUNAT (001_TBL_CLIENTES_B2B) -- no se puede validar SUNAT/Osiptel para este RUC.'],0,
2047900690,,,,,BAJO,BAJO,2.0,3.0,False,False,ALERTA — REVISIÓN HUMANA,['Cliente no encontrado en el maestro SUNAT (001_TBL_CLIENTES_B2B) -- no se puede validar SUNAT/Osiptel para este RUC.'],1,Mantener ciclo de facturación estándar; sin acción de cobranza adicional.
2047909598,CLIENT_00269,LORETO,Alto Amazonas,Yurimaguas,SIN_HISTORIAL_DE_FACTURACION,,,,,True,OK,[],0,
2047968874,,,,,SIN_HISTORIAL_DE_FACTURACION,,,,,False,ALERTA — REVISIÓN HUMANA,['Cliente no encontrado en el maestro SUNAT (001_TBL_CLIENTES_B2B) -- no se puede validar SUNAT/Osiptel para este RUC.'],0,
2047993973,,,,,SIN_HISTORIAL_DE_FACTURACION,,,,,False,ALERTA — REVISIÓN HUMANA,['Cliente no encontrado en el maestro SUNAT (001_TBL_CLIENTES_B2B) -- no se puede validar SUNAT/Osiptel para este RUC.'],0,
2048019998,,,,,SIN_HISTORIAL_DE_FACTURACION,,,,,False,ALERTA — REVISIÓN HUMANA,['Cliente no encontrado en el maestro SUNAT (001_TBL_CLIENTES_B2B) -- no se puede validar SUNAT/Osiptel para este RUC.'],0,
2048024193,,,,,SIN_HISTORIAL_DE_FACTURACION,,,,,False,ALERTA — REVISIÓN HUMANA,['Cliente no encontrado en el maestro SUNAT (001_TBL_CLIENTES_B2B) -- no se puede validar SUNAT/Osiptel para este RUC.'],0,
2048043106,,,,,SIN_HISTORIAL_DE_FACTURACION,,,,,False,ALERTA — REVISIÓN HUMANA,['Cliente no encontrado en el maestro SUNAT (001_TBL_CLIENTES_B2B) -- no se puede validar SUNAT/Osiptel para este RUC.'],0,
2048046441,CLIENT_00064,PIURA,Piura,Piura,MEDIO,MEDIO,6.5,8.0,True,True,OK,[],0,Recordatorio automático 5 días antes del vencimiento por correo/WhatsApp; sin escalamiento humano todavía.
2048046641,,,,,SIN_HISTORIAL_DE_FACTURACION,,,,,False,ALERTA — REVISIÓN HUMANA,['Cliente no encontrado en el maestro SUNAT (001_TBL_CLIENTES_B2B) -- no se puede validar SUNAT/Osiptel para este RUC.'],0,
2048074581,,,,,SIN_HISTORIAL_DE_FACTURACION,,,,,False,ALERTA — REVISIÓN HUMANA,['Cliente no encontrado en el maestro SUNAT (001_TBL_CLIENTES_B2B) -- no se puede validar SUNAT/Osiptel para este RUC.'],0,
2048093846,,,,,SIN_HISTORIAL_DE_FACTURACION,,,,,False,ALERTA — REVISIÓN HUMANA,['Cliente no encontrado en el maestro SUNAT (001_TBL_CLIENTES_B2B) -- no se puede validar SUNAT/Osiptel para este RUC.'],0,
2048171681,,,,,BAJO,BAJO,-2.5,1.0,False,False,ALERTA — REVISIÓN HUMANA,['Cliente no encontrado en el maestro SUNAT (001_TBL_CLIENTES_B2B) -- no se puede validar SUNAT/Osiptel para este RUC.'],0,Mantener ciclo de facturación estándar; sin acción de cobranza adicional.
2048226249,CLIENT_00600,LIMA,Lima,Chorrillos,SIN_HISTORIAL_DE_FACTURACION,,,,,True,OK,[],0,
2048229346,,,,,SIN_HISTORIAL_DE_FACTURACION,,,,,False,ALERTA — REVISIÓN HUMANA,['Cliente no encontrado en el maestro SUNAT (001_TBL_CLIENTES_B2B) -- no se puede validar SUNAT/Osiptel para este RUC.'],0,
2048258208,,,,,SIN_HISTORIAL_DE_FACTURACION,,,,,False,ALERTA — REVISIÓN HUMANA,['Cliente no encontrado en el maestro SUNAT (001_TBL_CLIENTES_B2B) -- no se puede validar SUNAT/Osiptel para este RUC.'],0,
2048306935,CLIENT_00452,PUNO,San Román,Juliaca,BAJO,BAJO,0.0,0.0,False,True,OK,[],1,Mantener ciclo de facturación estándar; sin acción de cobranza adicional.
2048385869,,,,,SIN_HISTORIAL_DE_FACTURACION,,,,,False,ALERTA — REVISIÓN HUMANA,['Cliente no encontrado en el maestro SUNAT (001_TBL_CLIENTES_B2B) -- no se puede validar SUNAT/Osiptel para este RUC.'],0,
2048387980,,,,,SIN_HISTORIAL_DE_FACTURACION,,,,,False,ALERTA — REVISIÓN HUMANA,['Cliente no encontrado en el maestro SUNAT (001_TBL_CLIENTES_B2B) -- no se puede validar SUNAT/Osiptel para este RUC.'],0,
2048390773,CLIENT_00150,LIMA,Lima,Pachacamac,BAJO,BAJO,-6.0,-5.0,True,True,OK,[],0,Mantener ciclo de facturación estándar; sin acción de cobranza adicional.
2048448035,,,,,SIN_HISTORIAL_DE_FACTURACION,,,,,False,ALERTA — REVISIÓN HUMANA,['Cliente no encontrado en el maestro SUNAT (001_TBL_CLIENTES_B2B) -- no se puede validar SUNAT/Osiptel para este RUC.'],0,
2048465395,,,,,BAJO,BAJO,-1.3,3.0,False,False,ALERTA — REVISIÓN HUMANA,['Cliente no encontrado en el maestro SUNAT (001_TBL_CLIENTES_B2B) -- no se puede validar SUNAT/Osiptel para este RUC.'],0,Mantener ciclo de facturación estándar; sin acción de cobranza adicional.
2048519786,,,,,SIN_HISTORIAL_DE_FACTURACION,,,,,False,ALERTA — REVISIÓN HUMANA,['Cliente no encontrado en el maestro SUNAT (001_TBL_CLIENTES_B2B) -- no se puede validar SUNAT/Osiptel para este RUC.'],0,
2048571914,,,,,SIN_HISTORIAL_DE_FACTURACION,,,,,False,ALERTA — REVISIÓN HUMANA,['Cliente no encontrado en el maestro SUNAT (001_TBL_CLIENTES_B2B) -- no se puede validar SUNAT/Osiptel para este RUC.'],0,
2048585675,,,,,SIN_HISTORIAL_DE_FACTURACION,,,,,False,ALERTA — REVISIÓN HUMANA,['Cliente no encontrado en el maestro SUNAT (001_TBL_CLIENTES_B2B) -- no se puede validar SUNAT/Osiptel para este RUC.'],0,
2048604549,,,,,SIN_HISTORIAL_DE_FACTURACION,,,,,False,ALERTA — REVISIÓN HUMANA,['Cliente no encontrado en el maestro SUNAT (001_TBL_CLIENTES_B2B) -- no se puede validar SUNAT/Osiptel para este RUC.'],0,
2048644819,,,,,SIN_HISTORIAL_DE_FACTURACION,,,,,False,ALERTA — REVISIÓN HUMANA,['Cliente no encontrado en el maestro SUNAT (001_TBL_CLIENTES_B2B) -- no se puede validar SUNAT/Osiptel para este RUC.'],0,
2048660186,,,,,SIN_HISTORIAL_DE_FACTURACION,,,,,False,ALERTA — REVISIÓN HUMANA,['Cliente no encontrado en el maestro SUNAT (001_TBL_CLIENTES_B2B) -- no se puede validar SUNAT/Osiptel para este RUC.'],0,
2048682270,CLIENT_00300,LIMA,Lima,Pachacamac,SIN_HISTORIAL_DE_FACTURACION,,,,,True,OK,[],0,
2048747968,,,,,BAJO,BAJO,-11.0,-11.0,False,False,ALERTA — REVISIÓN HUMANA,['Cliente no encontrado en el maestro SUNAT (001_TBL_CLIENTES_B2B) -- no se puede validar SUNAT/Osiptel para este RUC.'],0,Mantener ciclo de facturación estándar; sin acción de cobranza adicional.
2048797474,,,,,BAJO,BAJO,1.0,2.0,False,False,ALERTA — REVISIÓN HUMANA,['Cliente no encontrado en el maestro SUNAT (001_TBL_CLIENTES_B2B) -- no se puede validar SUNAT/Osiptel para este RUC.'],2,Mantener ciclo de facturación estándar; sin acción de cobranza adicional.
2048805652,,,,,BAJO,BAJO,-0.5,0.0,True,False,ALERTA — REVISIÓN HUMANA,['Cliente no encontrado en el maestro SUNAT (001_TBL_CLIENTES_B2B) -- no se puede validar SUNAT/Osiptel para este RUC.'],0,Mantener ciclo de facturación estándar; sin acción de cobranza adicional.
2048828836,CLIENT_00869,LA LIBERTAD,Trujillo,Trujillo,SIN_HISTORIAL_DE_FACTURACION,,,,,True,OK,[],0,
2048901239,,,,,SIN_HISTORIAL_DE_FACTURACION,,,,,False,ALERTA — REVISIÓN HUMANA,['Cliente no encontrado en el maestro SUNAT (001_TBL_CLIENTES_B2B) -- no se puede validar SUNAT/Osiptel para este RUC.'],0,
2048901675,,,,,SIN_HISTORIAL_DE_FACTURACION,,,,,False,ALERTA — REVISIÓN HUMANA,['Cliente no encontrado en el maestro SUNAT (001_TBL_CLIENTES_B2B) -- no se puede validar SUNAT/Osiptel para este RUC.'],0,
2048938122,,,,,SIN_HISTORIAL_DE_FACTURACION,,,,,False,ALERTA — REVISIÓN HUMANA,['Cliente no encontrado en el maestro SUNAT (001_TBL_CLIENTES_B2B) -- no se puede validar SUNAT/Osiptel para este RUC.'],0,
2048973513,,,,,SIN_HISTORIAL_DE_FACTURACION,,,,,False,ALERTA — REVISIÓN HUMANA,['Cliente no encontrado en el maestro SUNAT (001_TBL_CLIENTES_B2B) -- no se puede validar SUNAT/Osiptel para este RUC.'],0,
2048977232,,,,,SIN_HISTORIAL_DE_FACTURACION,,,,,False,ALERTA — REVISIÓN HUMANA,['Cliente no encontrado en el maestro SUNAT (001_TBL_CLIENTES_B2B) -- no se puede validar SUNAT/Osiptel para este RUC.'],0,
2049019784,CLIENT_00811,ICA,Nasca,Nasca,BAJO,BAJO,0.5,1.0,False,True,OK,[],0,Mantener ciclo de facturación estándar; sin acción de cobranza adicional.
2049040396,,,,,SIN_HISTORIAL_DE_FACTURACION,,,,,False,ALERTA — REVISIÓN HUMANA,['Cliente no encontrado en el maestro SUNAT (001_TBL_CLIENTES_B2B) -- no se puede validar SUNAT/Osiptel para este RUC.'],0,
2049062431,CLIENT_00233,JUNIN,Huancayo,San Jerónimo de Tunan,BAJO,BAJO,-1.0,-1.0,False,True,OK,[],2,Mantener ciclo de facturación estándar; sin acción de cobranza adicional.
2049069007,,,,,SIN_HISTORIAL_DE_FACTURACION,,,,,False,ALERTA — REVISIÓN HUMANA,['Cliente no encontrado en el maestro SUNAT (001_TBL_CLIENTES_B2B) -- no se puede validar SUNAT/Osiptel para este RUC.'],0,
2049110379,,,,,SIN_HISTORIAL_DE_FACTURACION,,,,,False,ALERTA — REVISIÓN HUMANA,['Cliente no encontrado en el maestro SUNAT (001_TBL_CLIENTES_B2B) -- no se puede validar SUNAT/Osiptel para este RUC.'],0,
2049111828,,,,,SIN_HISTORIAL_DE_FACTURACION,,,,,False,ALERTA — REVISIÓN HUMANA,['Cliente no encontrado en el maestro SUNAT (001_TBL_CLIENTES_B2B) -- no se puede validar SUNAT/Osiptel para este RUC.'],0,
2049199295,CLIENT_00421,LIMA,Lima,Santiago de Surco,SIN_HISTORIAL_DE_FACTURACION,,,,,True,OK,[],0,
2049248011,,,,,SIN_HISTORIAL_DE_FACTURACION,,,,,False,ALERTA — REVISIÓN HUMANA,['Cliente no encontrado en el maestro SUNAT (001_TBL_CLIENTES_B2B) -- no se puede validar SUNAT/Osiptel para este RUC.'],0,
2049319424,,,,,SIN_HISTORIAL_DE_FACTURACION,,,,,False,ALERTA — REVISIÓN HUMANA,['Cliente no encontrado en el maestro SUNAT (001_TBL_CLIENTES_B2B) -- no se puede validar SUNAT/Osiptel para este RUC.'],0,
2049358018,,,,,SIN_HISTORIAL_DE_FACTURACION,,,,,False,ALERTA — REVISIÓN HUMANA,['Cliente no encontrado en el maestro SUNAT (001_TBL_CLIENTES_B2B) -- no se puede validar SUNAT/Osiptel para este RUC.'],0,
2049418196,,,,,SIN_HISTORIAL_DE_FACTURACION,,,,,False,ALERTA — REVISIÓN HUMANA,['Cliente no encontrado en el maestro SUNAT (001_TBL_CLIENTES_B2B) -- no se puede validar SUNAT/Osiptel para este RUC.'],0,
2049444864,,,,,SIN_HISTORIAL_DE_FACTURACION,,,,,False,ALERTA — REVISIÓN HUMANA,['Cliente no encontrado en el maestro SUNAT (001_TBL_CLIENTES_B2B) -- no se puede validar SUNAT/Osiptel para este RUC.'],0,
2049508260,,,,,SIN_HISTORIAL_DE_FACTURACION,,,,,False,ALERTA — REVISIÓN HUMANA,['Cliente no encontrado en el maestro SUNAT (001_TBL_CLIENTES_B2B) -- no se puede validar SUNAT/Osiptel para este RUC.'],0,
2049524087,,,,,SIN_HISTORIAL_DE_FACTURACION,,,,,False,ALERTA — REVISIÓN HUMANA,['Cliente no encontrado en el maestro SUNAT (001_TBL_CLIENTES_B2B) -- no se puede validar SUNAT/Osiptel para este RUC.'],0,
2049530478,CLIENT_00538,LIMA,Lima,Santiago de Surco,ALTO,,,,,True,ALERTA — REVISIÓN HUMANA,['SUNAT_ESTADO_CONTRIBUYENTE=SUSPENSION TEMPORAL (no ACTIVO)'],0,
2049584502,,,,,SIN_HISTORIAL_DE_FACTURACION,,,,,False,ALERTA — REVISIÓN HUMANA,['Cliente no encontrado en el maestro SUNAT (001_TBL_CLIENTES_B2B) -- no se puede validar SUNAT/Osiptel para este RUC.'],0,
2049592902,,,,,SIN_HISTORIAL_DE_FACTURACION,,,,,False,ALERTA — REVISIÓN HUMANA,['Cliente no encontrado en el maestro SUNAT (001_TBL_CLIENTES_B2B) -- no se puede validar SUNAT/Osiptel para este RUC.'],0,
2049666577,,,,,BAJO,BAJO,-3.7,11.0,False,False,ALERTA — REVISIÓN HUMANA,['Cliente no encontrado en el maestro SUNAT (001_TBL_CLIENTES_B2B) -- no se puede validar SUNAT/Osiptel para este RUC.'],2,Mantener ciclo de facturación estándar; sin acción de cobranza adicional.
2049722831,,,,,SIN_HISTORIAL_DE_FACTURACION,,,,,False,ALERTA — REVISIÓN HUMANA,['Cliente no encontrado en el maestro SUNAT (001_TBL_CLIENTES_B2B) -- no se puede validar SUNAT/Osiptel para este RUC.'],0,
2049725545,,,,,SIN_HISTORIAL_DE_FACTURACION,,,,,False,ALERTA — REVISIÓN HUMANA,['Cliente no encontrado en el maestro SUNAT (001_TBL_CLIENTES_B2B) -- no se puede validar SUNAT/Osiptel para este RUC.'],0,
2049726118,CLIENT_00693,LIMA,Lima,Lima,BAJO,BAJO,-5.0,3.0,False,True,OK,[],0,Mantener ciclo de facturación estándar; sin acción de cobranza adicional.
2049766978,CLIENT_00394,LIMA,Lima,Lima,SIN_HISTORIAL_DE_FACTURACION,,,,,True,OK,[],0,
2049770281,,,,,SIN_HISTORIAL_DE_FACTURACION,,,,,False,ALERTA — REVISIÓN HUMANA,['Cliente no encontrado en el maestro SUNAT (001_TBL_CLIENTES_B2B) -- no se puede validar SUNAT/Osiptel para este RUC.'],0,
2049796595,,,,,SIN_HISTORIAL_DE_FACTURACION,,,,,False,ALERTA — REVISIÓN HUMANA,['Cliente no encontrado en el maestro SUNAT (001_TBL_CLIENTES_B2B) -- no se puede validar SUNAT/Osiptel para este RUC.'],0,
2049811464,CLIENT_00358,LA LIBERTAD,Trujillo,Trujillo,SIN_HISTORIAL_DE_FACTURACION,,,,,True,OK,[],0,
2049841868,,,,,SIN_HISTORIAL_DE_FACTURACION,,,,,False,ALERTA — REVISIÓN HUMANA,['Cliente no encontrado en el maestro SUNAT (001_TBL_CLIENTES_B2B) -- no se puede validar SUNAT/Osiptel para este RUC.'],0,
2049855626,,,,,SIN_HISTORIAL_DE_FACTURACION,,,,,False,ALERTA — REVISIÓN HUMANA,['Cliente no encontrado en el maestro SUNAT (001_TBL_CLIENTES_B2B) -- no se puede validar SUNAT/Osiptel para este RUC.'],0,
2049903266,CLIENT_00759,AREQUIPA,Arequipa,Cerro Colorado,SIN_HISTORIAL_DE_FACTURACION,,,,,True,OK,[],0,
2050012017,CLIENT_00285,LIMA,Lima,Breña,BAJO,BAJO,-12.0,-12.0,False,True,OK,[],0,Mantener ciclo de facturación estándar; sin acción de cobranza adicional.
2050158167,,,,,BAJO,BAJO,1.0,1.0,False,False,ALERTA — REVISIÓN HUMANA,['Cliente no encontrado en el maestro SUNAT (001_TBL_CLIENTES_B2B) -- no se puede validar SUNAT/Osiptel para este RUC.'],0,Mantener ciclo de facturación estándar; sin acción de cobranza adicional.
2050321977,,,,,SIN_HISTORIAL_DE_FACTURACION,,,,,False,ALERTA — REVISIÓN HUMANA,['Cliente no encontrado en el maestro SUNAT (001_TBL_CLIENTES_B2B) -- no se puede validar SUNAT/Osiptel para este RUC.'],0,
2050334437,CLIENT_00131,LIMA,Lima,San Miguel,BAJO,BAJO,-12.0,-12.0,False,True,OK,[],0,Mantener ciclo de facturación estándar; sin acción de cobranza adicional.
2050348529,CLIENT_00770,LIMA,Lima,Lince,BAJO,BAJO,-12.2,-3.0,False,True,OK,[],0,Mantener ciclo de facturación estándar; sin acción de cobranza adicional.
2050364733,CLIENT_00579,ANCASH,Santa,Chimbote,SIN_HISTORIAL_DE_FACTURACION,,,,,True,OK,[],0,
2050372725,,,,,ALTO,ALTO,10.0,16.0,True,False,ALERTA — REVISIÓN HUMANA,['Cliente no encontrado en el maestro SUNAT (001_TBL_CLIENTES_B2B) -- no se puede validar SUNAT/Osiptel para este RUC.'],1,Contacto proactivo antes del vencimiento + oferta de plan de pago fraccionado; escalar a gestor de cuenta senior.
2050411839,,,,,SIN_HISTORIAL_DE_FACTURACION,,,,,False,ALERTA — REVISIÓN HUMANA,['Cliente no encontrado en el maestro SUNAT (001_TBL_CLIENTES_B2B) -- no se puede validar SUNAT/Osiptel para este RUC.'],0,
2050440165,,,,,ALTO,ALTO,51.1,190.0,False,False,ALERTA — REVISIÓN HUMANA,['Cliente no encontrado en el maestro SUNAT (001_TBL_CLIENTES_B2B) -- no se puede validar SUNAT/Osiptel para este RUC.'],4,Contacto proactivo antes del vencimiento + oferta de plan de pago fraccionado; escalar a gestor de cuenta senior.
2050443372,,,,,SIN_HISTORIAL_DE_FACTURACION,,,,,False,ALERTA — REVISIÓN HUMANA,['Cliente no encontrado en el maestro SUNAT (001_TBL_CLIENTES_B2B) -- no se puede validar SUNAT/Osiptel para este RUC.'],0,
2050476342,,,,,SIN_HISTORIAL_DE_FACTURACION,,,,,False,ALERTA — REVISIÓN HUMANA,['Cliente no encontrado en el maestro SUNAT (001_TBL_CLIENTES_B2B) -- no se puede validar SUNAT/Osiptel para este RUC.'],0,
2050493498,,,,,SIN_HISTORIAL_DE_FACTURACION,,,,,False,ALERTA — REVISIÓN HUMANA,['Cliente no encontrado en el maestro SUNAT (001_TBL_CLIENTES_B2B) -- no se puede validar SUNAT/Osiptel para este RUC.'],0,
2050502220,CLIENT_00468,CUSCO,Cusco,Wanchaq,SIN_HISTORIAL_DE_FACTURACION,,,,,True,OK,[],0,
2050504401,CLIENT_00673,LIMA,Lima,San Juan de Lurigancho,BAJO,BAJO,-0.5,0.0,True,True,OK,[],0,Mantener ciclo de facturación estándar; sin acción de cobranza adicional.
2050514536,,,,,SIN_HISTORIAL_DE_FACTURACION,,,,,False,ALERTA — REVISIÓN HUMANA,['Cliente no encontrado en el maestro SUNAT (001_TBL_CLIENTES_B2B) -- no se puede validar SUNAT/Osiptel para este RUC.'],0,
2050521866,,,,,SIN_HISTORIAL_DE_FACTURACION,,,,,False,ALERTA — REVISIÓN HUMANA,['Cliente no encontrado en el maestro SUNAT (001_TBL_CLIENTES_B2B) -- no se puede validar SUNAT/Osiptel para este RUC.'],0,
2050544462,CLIENT_00635,LIMA,Lima,Jesús María,ALTO,ALTO,105.0,134.0,False,True,OK,[],3,Contacto proactivo antes del vencimiento + oferta de plan de pago fraccionado; escalar a gestor de cuenta senior.
2050562330,CLIENT_00282,LIMA,Lima,San Juan de Lurigancho,BAJO,BAJO,-8.3,4.0,False,True,OK,[],2,Mantener ciclo de facturación estándar; sin acción de cobranza adicional.
2050569390,CLIENT_00944,LIMA,Lima,San Borja,SIN_HISTORIAL_DE_FACTURACION,,,,,True,OK,[],0,
2050636428,CLIENT_00398,LA LIBERTAD,Trujillo,Trujillo,ALTO,BAJO,-8.3,-8.0,False,True,ALERTA — REVISIÓN HUMANA,['SUNAT_ESTADO_CONTRIBUYENTE=SUSPENSION TEMPORAL (no ACTIVO)'],0,Mantener ciclo de facturación estándar; sin acción de cobranza adicional.
2050652193,,,,,BAJO,BAJO,3.5,4.0,True,False,ALERTA — REVISIÓN HUMANA,['Cliente no encontrado en el maestro SUNAT (001_TBL_CLIENTES_B2B) -- no se puede validar SUNAT/Osiptel para este RUC.'],0,Mantener ciclo de facturación estándar; sin acción de cobranza adicional.
2050680928,,,,,SIN_HISTORIAL_DE_FACTURACION,,,,,False,ALERTA — REVISIÓN HUMANA,['Cliente no encontrado en el maestro SUNAT (001_TBL_CLIENTES_B2B) -- no se puede validar SUNAT/Osiptel para este RUC.'],0,
2050704962,,,,,SIN_HISTORIAL_DE_FACTURACION,,,,,False,ALERTA — REVISIÓN HUMANA,['Cliente no encontrado en el maestro SUNAT (001_TBL_CLIENTES_B2B) -- no se puede validar SUNAT/Osiptel para este RUC.'],0,
2050745744,,,,,SIN_HISTORIAL_DE_FACTURACION,,,,,False,ALERTA — REVISIÓN HUMANA,['Cliente no encontrado en el maestro SUNAT (001_TBL_CLIENTES_B2B) -- no se puede validar SUNAT/Osiptel para este RUC.'],0,
2050748661,CLIENT_00587,LIMA,Lima,Santa Anita,ALTO,,,,,True,ALERTA — REVISIÓN HUMANA,['SUNAT_ESTADO_CONTRIBUYENTE=BAJA DE OFICIO (no ACTIVO)'],0,
2050757607,,,,,SIN_HISTORIAL_DE_FACTURACION,,,,,False,ALERTA — REVISIÓN HUMANA,['Cliente no encontrado en el maestro SUNAT (001_TBL_CLIENTES_B2B) -- no se puede validar SUNAT/Osiptel para este RUC.'],0,
2050766085,CLIENT_00699,LIMA,Lima,Magdalena del Mar,BAJO,BAJO,-11.0,10.0,False,True,OK,[],3,Mantener ciclo de facturación estándar; sin acción de cobranza adicional.
2050788013,,,,,SIN_HISTORIAL_DE_FACTURACION,,,,,False,ALERTA — REVISIÓN HUMANA,['Cliente no encontrado en el maestro SUNAT (001_TBL_CLIENTES_B2B) -- no se puede validar SUNAT/Osiptel para este RUC.'],0,
2050799108,,,,,SIN_HISTORIAL_DE_FACTURACION,,,,,False,ALERTA — REVISIÓN HUMANA,['Cliente no encontrado en el maestro SUNAT (001_TBL_CLIENTES_B2B) -- no se puede validar SUNAT/Osiptel para este RUC.'],0,
2050799857,CLIENT_00697,LIMA,Lima,San Isidro,ALTO,ALTO,15.5,31.0,False,True,OK,[],0,Contacto proactivo antes del vencimiento + oferta de plan de pago fraccionado; escalar a gestor de cuenta senior.
2050821032,,,,,SIN_HISTORIAL_DE_FACTURACION,,,,,False,ALERTA — REVISIÓN HUMANA,['Cliente no encontrado en el maestro SUNAT (001_TBL_CLIENTES_B2B) -- no se puede validar SUNAT/Osiptel para este RUC.'],0,
2050836779,CLIENT_00070,LIMA,Lima,Santiago de Surco,BAJO,BAJO,1.5,2.0,False,True,OK,[],0,Mantener ciclo de facturación estándar; sin acción de cobranza adicional.
2050859606,,,,,SIN_HISTORIAL_DE_FACTURACION,,,,,False,ALERTA — REVISIÓN HUMANA,['Cliente no encontrado en el maestro SUNAT (001_TBL_CLIENTES_B2B) -- no se puede validar SUNAT/Osiptel para este RUC.'],0,
2050878096,,,,,BAJO,BAJO,-4.6,0.0,False,False,ALERTA — REVISIÓN HUMANA,['Cliente no encontrado en el maestro SUNAT (001_TBL_CLIENTES_B2B) -- no se puede validar SUNAT/Osiptel para este RUC.'],0,Mantener ciclo de facturación estándar; sin acción de cobranza adicional.
2050978158,,,,,SIN_HISTORIAL_DE_FACTURACION,,,,,False,ALERTA — REVISIÓN HUMANA,['Cliente no encontrado en el maestro SUNAT (001_TBL_CLIENTES_B2B) -- no se puede validar SUNAT/Osiptel para este RUC.'],0,
2051006853,,,,,SIN_HISTORIAL_DE_FACTURACION,,,,,False,ALERTA — REVISIÓN HUMANA,['Cliente no encontrado en el maestro SUNAT (001_TBL_CLIENTES_B2B) -- no se puede validar SUNAT/Osiptel para este RUC.'],0,
2051011853,,,,,SIN_HISTORIAL_DE_FACTURACION,,,,,False,ALERTA — REVISIÓN HUMANA,['Cliente no encontrado en el maestro SUNAT (001_TBL_CLIENTES_B2B) -- no se puede validar SUNAT/Osiptel para este RUC.'],0,
2051086708,,,,,SIN_HISTORIAL_DE_FACTURACION,,,,,False,ALERTA — REVISIÓN HUMANA,['Cliente no encontrado en el maestro SUNAT (001_TBL_CLIENTES_B2B) -- no se puede validar SUNAT/Osiptel para este RUC.'],0,
2051095908,,,,,SIN_HISTORIAL_DE_FACTURACION,,,,,False,ALERTA — REVISIÓN HUMANA,['Cliente no encontrado en el maestro SUNAT (001_TBL_CLIENTES_B2B) -- no se puede validar SUNAT/Osiptel para este RUC.'],0,
2051127548,CLIENT_00931,MADRE DE DIOS,Tambopata,Tambopata,SIN_HISTORIAL_DE_FACTURACION,,,,,True,OK,[],0,
2051182973,,,,,SIN_HISTORIAL_DE_FACTURACION,,,,,False,ALERTA — REVISIÓN HUMANA,['Cliente no encontrado en el maestro SUNAT (001_TBL_CLIENTES_B2B) -- no se puede validar SUNAT/Osiptel para este RUC.'],0,
2051212005,,,,,SIN_HISTORIAL_DE_FACTURACION,,,,,False,ALERTA — REVISIÓN HUMANA,['Cliente no encontrado en el maestro SUNAT (001_TBL_CLIENTES_B2B) -- no se puede validar SUNAT/Osiptel para este RUC.'],0,
2051217352,,,,,SIN_HISTORIAL_DE_FACTURACION,,,,,False,ALERTA — REVISIÓN HUMANA,['Cliente no encontrado en el maestro SUNAT (001_TBL_CLIENTES_B2B) -- no se puede validar SUNAT/Osiptel para este RUC.'],0,
2051224691,,,,,BAJO,BAJO,-2.5,-1.0,False,False,ALERTA — REVISIÓN HUMANA,['Cliente no encontrado en el maestro SUNAT (001_TBL_CLIENTES_B2B) -- no se puede validar SUNAT/Osiptel para este RUC.'],0,Mantener ciclo de facturación estándar; sin acción de cobranza adicional.
2051242860,,,,,SIN_HISTORIAL_DE_FACTURACION,,,,,False,ALERTA — REVISIÓN HUMANA,['Cliente no encontrado en el maestro SUNAT (001_TBL_CLIENTES_B2B) -- no se puede validar SUNAT/Osiptel para este RUC.'],0,
2051257023,,,,,SIN_HISTORIAL_DE_FACTURACION,,,,,False,ALERTA — REVISIÓN HUMANA,['Cliente no encontrado en el maestro SUNAT (001_TBL_CLIENTES_B2B) -- no se puede validar SUNAT/Osiptel para este RUC.'],0,
2051257434,,,,,BAJO,BAJO,1.0,28.0,False,False,ALERTA — REVISIÓN HUMANA,['Cliente no encontrado en el maestro SUNAT (001_TBL_CLIENTES_B2B) -- no se puede validar SUNAT/Osiptel para este RUC.'],3,Mantener ciclo de facturación estándar; sin acción de cobranza adicional.
2051341964,CLIENT_00219,LIMA,Lima,Santiago de Surco,BAJO,BAJO,-4.7,3.0,False,True,OK,[],0,Mantener ciclo de facturación estándar; sin acción de cobranza adicional.
2051349743,CLIENT_00257,TACNA,Tacna,Tacna,ALTO,ALTO,127.0,127.0,False,True,OK,[],1,Contacto proactivo antes del vencimiento + oferta de plan de pago fraccionado; escalar a gestor de cuenta senior.
2051367485,CLIENT_00262,LIMA,Lima,Lima,ALTO,BAJO,5.0,5.0,False,True,ALERTA — REVISIÓN HUMANA,['SUNAT_ESTADO_CONTRIBUYENTE=SUSPENSION TEMPORAL (no ACTIVO)'],0,Mantener ciclo de facturación estándar; sin acción de cobranza adicional.
2051379016,CLIENT_00444,LIMA,Lima,Villa El Salvador,ALTO,BAJO,-1.3,2.0,False,True,ALERTA — REVISIÓN HUMANA,['Todas sus líneas (fija/móvil) están inactivas o suspendidas'],0,Mantener ciclo de facturación estándar; sin acción de cobranza adicional.
2051443632,,,,,SIN_HISTORIAL_DE_FACTURACION,,,,,False,ALERTA — REVISIÓN HUMANA,['Cliente no encontrado en el maestro SUNAT (001_TBL_CLIENTES_B2B) -- no se puede validar SUNAT/Osiptel para este RUC.'],0,
2051455406,,,,,SIN_HISTORIAL_DE_FACTURACION,,,,,False,ALERTA — REVISIÓN HUMANA,['Cliente no encontrado en el maestro SUNAT (001_TBL_CLIENTES_B2B) -- no se puede validar SUNAT/Osiptel para este RUC.'],0,
2051455945,,,,,SIN_HISTORIAL_DE_FACTURACION,,,,,False,ALERTA — REVISIÓN HUMANA,['Cliente no encontrado en el maestro SUNAT (001_TBL_CLIENTES_B2B) -- no se puede validar SUNAT/Osiptel para este RUC.'],0,
2051500260,,,,,SIN_HISTORIAL_DE_FACTURACION,,,,,False,ALERTA — REVISIÓN HUMANA,['Cliente no encontrado en el maestro SUNAT (001_TBL_CLIENTES_B2B) -- no se puede validar SUNAT/Osiptel para este RUC.'],0,
2051502270,CLIENT_00832,ICA,Chincha,Chincha Alta,BAJO,BAJO,-3.5,2.0,False,True,OK,[],0,Mantener ciclo de facturación estándar; sin acción de cobranza adicional.
2051560969,CLIENT_00910,LIMA,Lima,La Victoria,SIN_HISTORIAL_DE_FACTURACION,,,,,True,OK,[],0,
2051562677,CLIENT_00360,LA LIBERTAD,Trujillo,Trujillo,BAJO,BAJO,-2.0,-1.0,False,True,OK,[],0,Mantener ciclo de facturación estándar; sin acción de cobranza adicional.
2051593778,,,,,SIN_HISTORIAL_DE_FACTURACION,,,,,False,ALERTA — REVISIÓN HUMANA,['Cliente no encontrado en el maestro SUNAT (001_TBL_CLIENTES_B2B) -- no se puede validar SUNAT/Osiptel para este RUC.'],0,
2051609298,CLIENT_00844,LIMA,Lima,Punta Hermosa,SIN_HISTORIAL_DE_FACTURACION,,,,,True,OK,[],0,
2051640218,,,,,SIN_HISTORIAL_DE_FACTURACION,,,,,False,ALERTA — REVISIÓN HUMANA,['Cliente no encontrado en el maestro SUNAT (001_TBL_CLIENTES_B2B) -- no se puede validar SUNAT/Osiptel para este RUC.'],0,
2051657671,CLIENT_00660,LIMA,Lima,San Borja,MEDIO,MEDIO,6.0,47.0,False,True,OK,[],1,Recordatorio automático 5 días antes del vencimiento por correo/WhatsApp; sin escalamiento humano todavía.
2051682890,CLIENT_00374,ANCASH,Santa,Chimbote,BAJO,BAJO,-5.8,2.0,False,True,OK,[],4,Mantener ciclo de facturación estándar; sin acción de cobranza adicional.
2051740933,,,,,SIN_HISTORIAL_DE_FACTURACION,,,,,False,ALERTA — REVISIÓN HUMANA,['Cliente no encontrado en el maestro SUNAT (001_TBL_CLIENTES_B2B) -- no se puede validar SUNAT/Osiptel para este RUC.'],0,
2051774992,,,,,SIN_HISTORIAL_DE_FACTURACION,,,,,False,ALERTA — REVISIÓN HUMANA,['Cliente no encontrado en el maestro SUNAT (001_TBL_CLIENTES_B2B) -- no se puede validar SUNAT/Osiptel para este RUC.'],0,
2051775031,CLIENT_00190,LIMA,Lima,Miraflores,SIN_HISTORIAL_DE_FACTURACION,,,,,True,OK,[],0,
2051776888,,,,,SIN_HISTORIAL_DE_FACTURACION,,,,,False,ALERTA — REVISIÓN HUMANA,['Cliente no encontrado en el maestro SUNAT (001_TBL_CLIENTES_B2B) -- no se puede validar SUNAT/Osiptel para este RUC.'],0,
2051800045,,,,,BAJO,BAJO,-9.5,-7.0,True,False,ALERTA — REVISIÓN HUMANA,['Cliente no encontrado en el maestro SUNAT (001_TBL_CLIENTES_B2B) -- no se puede validar SUNAT/Osiptel para este RUC.'],2,Mantener ciclo de facturación estándar; sin acción de cobranza adicional.
2051804602,CLIENT_00482,LA LIBERTAD,Trujillo,Trujillo,SIN_HISTORIAL_DE_FACTURACION,,,,,True,OK,[],0,
2051853374,,,,,SIN_HISTORIAL_DE_FACTURACION,,,,,False,ALERTA — REVISIÓN HUMANA,['Cliente no encontrado en el maestro SUNAT (001_TBL_CLIENTES_B2B) -- no se puede validar SUNAT/Osiptel para este RUC.'],0,
2051903442,,,,,SIN_HISTORIAL_DE_FACTURACION,,,,,False,ALERTA — REVISIÓN HUMANA,['Cliente no encontrado en el maestro SUNAT (001_TBL_CLIENTES_B2B) -- no se puede validar SUNAT/Osiptel para este RUC.'],0,
2051919649,,,,,SIN_HISTORIAL_DE_FACTURACION,,,,,False,ALERTA — REVISIÓN HUMANA,['Cliente no encontrado en el maestro SUNAT (001_TBL_CLIENTES_B2B) -- no se puede validar SUNAT/Osiptel para este RUC.'],0,
2051920244,,,,,SIN_HISTORIAL_DE_FACTURACION,,,,,False,ALERTA — REVISIÓN HUMANA,['Cliente no encontrado en el maestro SUNAT (001_TBL_CLIENTES_B2B) -- no se puede validar SUNAT/Osiptel para este RUC.'],0,
2051922762,,,,,SIN_HISTORIAL_DE_FACTURACION,,,,,False,ALERTA — REVISIÓN HUMANA,['Cliente no encontrado en el maestro SUNAT (001_TBL_CLIENTES_B2B) -- no se puede validar SUNAT/Osiptel para este RUC.'],0,
2051947639,CLIENT_00103,LIMA,Lima,San Isidro,ALTO,BAJO,-1.0,-1.0,False,True,ALERTA — REVISIÓN HUMANA,['SUNAT_ESTADO_CONTRIBUYENTE=BAJA DE OFICIO (no ACTIVO)'],0,Mantener ciclo de facturación estándar; sin acción de cobranza adicional.
2051963926,,,,,SIN_HISTORIAL_DE_FACTURACION,,,,,False,ALERTA — REVISIÓN HUMANA,['Cliente no encontrado en el maestro SUNAT (001_TBL_CLIENTES_B2B) -- no se puede validar SUNAT/Osiptel para este RUC.'],0,
2052009555,CLIENT_00491,PIURA,Piura,Castilla,ALTO,BAJO,-5.2,3.0,False,True,ALERTA — REVISIÓN HUMANA,['SUNAT_ESTADO_CONTRIBUYENTE=BAJA DE OFICIO (no ACTIVO)'],0,Mantener ciclo de facturación estándar; sin acción de cobranza adicional.
2052019028,CLIENT_00034,LIMA,Lima,Miraflores,BAJO,BAJO,-3.0,0.0,True,True,OK,[],0,Mantener ciclo de facturación estándar; sin acción de cobranza adicional.
2052036896,CLIENT_00239,LIMA,Lima,La Victoria,BAJO,BAJO,-6.0,-5.0,False,True,OK,[],0,Mantener ciclo de facturación estándar; sin acción de cobranza adicional.
2052062948,,,,,SIN_HISTORIAL_DE_FACTURACION,,,,,False,ALERTA — REVISIÓN HUMANA,['Cliente no encontrado en el maestro SUNAT (001_TBL_CLIENTES_B2B) -- no se puede validar SUNAT/Osiptel para este RUC.'],0,
2052084350,CLIENT_00841,LA LIBERTAD,Trujillo,Trujillo,SIN_HISTORIAL_DE_FACTURACION,,,,,True,OK,[],0,
2052088912,,,,,SIN_HISTORIAL_DE_FACTURACION,,,,,False,ALERTA — REVISIÓN HUMANA,['Cliente no encontrado en el maestro SUNAT (001_TBL_CLIENTES_B2B) -- no se puede validar SUNAT/Osiptel para este RUC.'],0,
2052112366,CLIENT_00307,SAN MARTIN,Moyobamba,Moyobamba,SIN_HISTORIAL_DE_FACTURACION,,,,,True,OK,[],0,
2052121038,,,,,SIN_HISTORIAL_DE_FACTURACION,,,,,False,ALERTA — REVISIÓN HUMANA,['Cliente no encontrado en el maestro SUNAT (001_TBL_CLIENTES_B2B) -- no se puede validar SUNAT/Osiptel para este RUC.'],0,
2052142070,CLIENT_00503,LIMA,Lima,Carabayllo,BAJO,BAJO,2.0,3.0,False,True,OK,[],0,Mantener ciclo de facturación estándar; sin acción de cobranza adicional.
2052186925,,,,,BAJO,BAJO,3.5,4.0,False,False,ALERTA — REVISIÓN HUMANA,['Cliente no encontrado en el maestro SUNAT (001_TBL_CLIENTES_B2B) -- no se puede validar SUNAT/Osiptel para este RUC.'],1,Mantener ciclo de facturación estándar; sin acción de cobranza adicional.
2052206183,CLIENT_00058,LIMA,Lima,Miraflores,SIN_HISTORIAL_DE_FACTURACION,,,,,True,OK,[],0,
2052260718,,,,,SIN_HISTORIAL_DE_FACTURACION,,,,,False,ALERTA — REVISIÓN HUMANA,['Cliente no encontrado en el maestro SUNAT (001_TBL_CLIENTES_B2B) -- no se puede validar SUNAT/Osiptel para este RUC.'],0,
2052310426,,,,,SIN_HISTORIAL_DE_FACTURACION,,,,,False,ALERTA — REVISIÓN HUMANA,['Cliente no encontrado en el maestro SUNAT (001_TBL_CLIENTES_B2B) -- no se puede validar SUNAT/Osiptel para este RUC.'],0,
2052323757,CLIENT_00530,LIMA,Lima,San Isidro,SIN_HISTORIAL_DE_FACTURACION,,,,,True,OK,[],0,
2052340677,,,,,SIN_HISTORIAL_DE_FACTURACION,,,,,False,ALERTA — REVISIÓN HUMANA,['Cliente no encontrado en el maestro SUNAT (001_TBL_CLIENTES_B2B) -- no se puede validar SUNAT/Osiptel para este RUC.'],0,
2052458730,,,,,SIN_HISTORIAL_DE_FACTURACION,,,,,False,ALERTA — REVISIÓN HUMANA,['Cliente no encontrado en el maestro SUNAT (001_TBL_CLIENTES_B2B) -- no se puede validar SUNAT/Osiptel para este RUC.'],0,
2052499438,,,,,SIN_HISTORIAL_DE_FACTURACION,,,,,False,ALERTA — REVISIÓN HUMANA,['Cliente no encontrado en el maestro SUNAT (001_TBL_CLIENTES_B2B) -- no se puede validar SUNAT/Osiptel para este RUC.'],0,
2052506338,,,,,SIN_HISTORIAL_DE_FACTURACION,,,,,False,ALERTA — REVISIÓN HUMANA,['Cliente no encontrado en el maestro SUNAT (001_TBL_CLIENTES_B2B) -- no se puede validar SUNAT/Osiptel para este RUC.'],0,
2052527620,,,,,SIN_HISTORIAL_DE_FACTURACION,,,,,False,ALERTA — REVISIÓN HUMANA,['Cliente no encontrado en el maestro SUNAT (001_TBL_CLIENTES_B2B) -- no se puede validar SUNAT/Osiptel para este RUC.'],0,
2052552788,CLIENT_00104,CUSCO,Cusco,Wanchaq,SIN_HISTORIAL_DE_FACTURACION,,,,,True,OK,[],0,
2052571507,CLIENT_00076,LA LIBERTAD,Trujillo,Trujillo,ALTO,,,,,True,ALERTA — REVISIÓN HUMANA,['SUNAT_ESTADO_CONTRIBUYENTE=BAJA DE OFICIO (no ACTIVO)'],0,
2052573387,CLIENT_00197,LIMA,Lima,Lima,SIN_HISTORIAL_DE_FACTURACION,,,,,True,OK,[],0,
2052578641,,,,,SIN_HISTORIAL_DE_FACTURACION,,,,,False,ALERTA — REVISIÓN HUMANA,['Cliente no encontrado en el maestro SUNAT (001_TBL_CLIENTES_B2B) -- no se puede validar SUNAT/Osiptel para este RUC.'],0,
2052584542,,,,,SIN_HISTORIAL_DE_FACTURACION,,,,,False,ALERTA — REVISIÓN HUMANA,['Cliente no encontrado en el maestro SUNAT (001_TBL_CLIENTES_B2B) -- no se puede validar SUNAT/Osiptel para este RUC.'],0,
2052608690,CLIENT_00581,LIMA,Lima,San Juan de Miraflores,SIN_HISTORIAL_DE_FACTURACION,,,,,True,OK,[],0,
2052611099,,,,,SIN_HISTORIAL_DE_FACTURACION,,,,,False,ALERTA — REVISIÓN HUMANA,['Cliente no encontrado en el maestro SUNAT (001_TBL_CLIENTES_B2B) -- no se puede validar SUNAT/Osiptel para este RUC.'],0,
2052675109,,,,,SIN_HISTORIAL_DE_FACTURACION,,,,,False,ALERTA — REVISIÓN HUMANA,['Cliente no encontrado en el maestro SUNAT (001_TBL_CLIENTES_B2B) -- no se puede validar SUNAT/Osiptel para este RUC.'],0,
2052730712,,,,,SIN_HISTORIAL_DE_FACTURACION,,,,,False,ALERTA — REVISIÓN HUMANA,['Cliente no encontrado en el maestro SUNAT (001_TBL_CLIENTES_B2B) -- no se puede validar SUNAT/Osiptel para este RUC.'],0,
2052763268,CLIENT_00035,AREQUIPA,Arequipa,Arequipa,SIN_HISTORIAL_DE_FACTURACION,,,,,True,OK,[],0,
2052778896,CLIENT_00395,LA LIBERTAD,Trujillo,Trujillo,ALTO,BAJO,-11.0,-10.0,False,True,ALERTA — REVISIÓN HUMANA,['SUNAT_ESTADO_CONTRIBUYENTE=BAJA DE OFICIO (no ACTIVO)'],0,Mantener ciclo de facturación estándar; sin acción de cobranza adicional.
2052784539,CLIENT_00712,LIMA,Lima,Miraflores,BAJO,BAJO,-14.5,-14.0,True,True,OK,[],0,Mantener ciclo de facturación estándar; sin acción de cobranza adicional.
2052787622,,,,,SIN_HISTORIAL_DE_FACTURACION,,,,,False,ALERTA — REVISIÓN HUMANA,['Cliente no encontrado en el maestro SUNAT (001_TBL_CLIENTES_B2B) -- no se puede validar SUNAT/Osiptel para este RUC.'],0,
2052852214,,,,,SIN_HISTORIAL_DE_FACTURACION,,,,,False,ALERTA — REVISIÓN HUMANA,['Cliente no encontrado en el maestro SUNAT (001_TBL_CLIENTES_B2B) -- no se puede validar SUNAT/Osiptel para este RUC.'],0,
2052913932,CLIENT_00961,LIMA,Lima,Miraflores,BAJO,BAJO,-3.0,-3.0,False,True,OK,[],0,Mantener ciclo de facturación estándar; sin acción de cobranza adicional.
2052932985,,,,,SIN_HISTORIAL_DE_FACTURACION,,,,,False,ALERTA — REVISIÓN HUMANA,['Cliente no encontrado en el maestro SUNAT (001_TBL_CLIENTES_B2B) -- no se puede validar SUNAT/Osiptel para este RUC.'],0,
2052946285,,,,,SIN_HISTORIAL_DE_FACTURACION,,,,,False,ALERTA — REVISIÓN HUMANA,['Cliente no encontrado en el maestro SUNAT (001_TBL_CLIENTES_B2B) -- no se puede validar SUNAT/Osiptel para este RUC.'],0,
2052959804,,,,,SIN_HISTORIAL_DE_FACTURACION,,,,,False,ALERTA — REVISIÓN HUMANA,['Cliente no encontrado en el maestro SUNAT (001_TBL_CLIENTES_B2B) -- no se puede validar SUNAT/Osiptel para este RUC.'],0,
2052959836,,,,,SIN_HISTORIAL_DE_FACTURACION,,,,,False,ALERTA — REVISIÓN HUMANA,['Cliente no encontrado en el maestro SUNAT (001_TBL_CLIENTES_B2B) -- no se puede validar SUNAT/Osiptel para este RUC.'],0,
2053030835,,,,,SIN_HISTORIAL_DE_FACTURACION,,,,,False,ALERTA — REVISIÓN HUMANA,['Cliente no encontrado en el maestro SUNAT (001_TBL_CLIENTES_B2B) -- no se puede validar SUNAT/Osiptel para este RUC.'],0,
2053039878,,,,,SIN_HISTORIAL_DE_FACTURACION,,,,,False,ALERTA — REVISIÓN HUMANA,['Cliente no encontrado en el maestro SUNAT (001_TBL_CLIENTES_B2B) -- no se puede validar SUNAT/Osiptel para este RUC.'],0,
2053094555,,,,,SIN_HISTORIAL_DE_FACTURACION,,,,,False,ALERTA — REVISIÓN HUMANA,['Cliente no encontrado en el maestro SUNAT (001_TBL_CLIENTES_B2B) -- no se puede validar SUNAT/Osiptel para este RUC.'],0,
2053125283,CLIENT_00112,CUSCO,Cusco,Cusco,SIN_HISTORIAL_DE_FACTURACION,,,,,True,OK,[],0,
2053134775,,,,,SIN_HISTORIAL_DE_FACTURACION,,,,,False,ALERTA — REVISIÓN HUMANA,['Cliente no encontrado en el maestro SUNAT (001_TBL_CLIENTES_B2B) -- no se puede validar SUNAT/Osiptel para este RUC.'],0,
2053149169,,,,,BAJO,BAJO,-3.5,1.0,False,False,ALERTA — REVISIÓN HUMANA,['Cliente no encontrado en el maestro SUNAT (001_TBL_CLIENTES_B2B) -- no se puede validar SUNAT/Osiptel para este RUC.'],0,Mantener ciclo de facturación estándar; sin acción de cobranza adicional.
2053185083,,,,,SIN_HISTORIAL_DE_FACTURACION,,,,,False,ALERTA — REVISIÓN HUMANA,['Cliente no encontrado en el maestro SUNAT (001_TBL_CLIENTES_B2B) -- no se puede validar SUNAT/Osiptel para este RUC.'],0,
2053200594,,,,,SIN_HISTORIAL_DE_FACTURACION,,,,,False,ALERTA — REVISIÓN HUMANA,['Cliente no encontrado en el maestro SUNAT (001_TBL_CLIENTES_B2B) -- no se puede validar SUNAT/Osiptel para este RUC.'],0,
2053231689,,,,,SIN_HISTORIAL_DE_FACTURACION,,,,,False,ALERTA — REVISIÓN HUMANA,['Cliente no encontrado en el maestro SUNAT (001_TBL_CLIENTES_B2B) -- no se puede validar SUNAT/Osiptel para este RUC.'],0,
2053276369,CLIENT_00932,SAN MARTIN,San Martín,Tarapoto,SIN_HISTORIAL_DE_FACTURACION,,,,,True,OK,[],0,
2053317276,CLIENT_00589,LA LIBERTAD,Trujillo,La Esperanza,SIN_HISTORIAL_DE_FACTURACION,,,,,True,OK,[],0,
2053317671,,,,,SIN_HISTORIAL_DE_FACTURACION,,,,,False,ALERTA — REVISIÓN HUMANA,['Cliente no encontrado en el maestro SUNAT (001_TBL_CLIENTES_B2B) -- no se puede validar SUNAT/Osiptel para este RUC.'],0,
2053362929,CLIENT_00361,ANCASH,Santa,Chimbote,ALTO,,,,,True,ALERTA — REVISIÓN HUMANA,['Todas sus líneas (fija/móvil) están inactivas o suspendidas'],0,
2053392902,,,,,ALTO,ALTO,18.5,34.0,False,False,ALERTA — REVISIÓN HUMANA,['Cliente no encontrado en el maestro SUNAT (001_TBL_CLIENTES_B2B) -- no se puede validar SUNAT/Osiptel para este RUC.'],2,Contacto proactivo antes del vencimiento + oferta de plan de pago fraccionado; escalar a gestor de cuenta senior.
2053436973,,,,,SIN_HISTORIAL_DE_FACTURACION,,,,,False,ALERTA — REVISIÓN HUMANA,['Cliente no encontrado en el maestro SUNAT (001_TBL_CLIENTES_B2B) -- no se puede validar SUNAT/Osiptel para este RUC.'],0,
2053438912,,,,,SIN_HISTORIAL_DE_FACTURACION,,,,,False,ALERTA — REVISIÓN HUMANA,['Cliente no encontrado en el maestro SUNAT (001_TBL_CLIENTES_B2B) -- no se puede validar SUNAT/Osiptel para este RUC.'],0,
2053471587,,,,,SIN_HISTORIAL_DE_FACTURACION,,,,,False,ALERTA — REVISIÓN HUMANA,['Cliente no encontrado en el maestro SUNAT (001_TBL_CLIENTES_B2B) -- no se puede validar SUNAT/Osiptel para este RUC.'],0,
2053487352,,,,,BAJO,BAJO,-0.5,0.0,False,False,ALERTA — REVISIÓN HUMANA,['Cliente no encontrado en el maestro SUNAT (001_TBL_CLIENTES_B2B) -- no se puede validar SUNAT/Osiptel para este RUC.'],0,Mantener ciclo de facturación estándar; sin acción de cobranza adicional.
2053555214,CLIENT_00159,LIMA,Lima,Santiago de Surco,BAJO,BAJO,-13.0,-12.0,False,True,OK,[],0,Mantener ciclo de facturación estándar; sin acción de cobranza adicional.
2053570348,,,,,BAJO,BAJO,-7.0,-2.0,False,False,ALERTA — REVISIÓN HUMANA,['Cliente no encontrado en el maestro SUNAT (001_TBL_CLIENTES_B2B) -- no se puede validar SUNAT/Osiptel para este RUC.'],0,Mantener ciclo de facturación estándar; sin acción de cobranza adicional.
2053585542,CLIENT_00846,LIMA,Lima,San Juan de Lurigancho,BAJO,BAJO,2.0,2.0,False,True,OK,[],0,Mantener ciclo de facturación estándar; sin acción de cobranza adicional.
2053659424,,,,,SIN_HISTORIAL_DE_FACTURACION,,,,,False,ALERTA — REVISIÓN HUMANA,['Cliente no encontrado en el maestro SUNAT (001_TBL_CLIENTES_B2B) -- no se puede validar SUNAT/Osiptel para este RUC.'],0,
2053703228,,,,,SIN_HISTORIAL_DE_FACTURACION,,,,,False,ALERTA — REVISIÓN HUMANA,['Cliente no encontrado en el maestro SUNAT (001_TBL_CLIENTES_B2B) -- no se puede validar SUNAT/Osiptel para este RUC.'],0,
2053720489,,,,,SIN_HISTORIAL_DE_FACTURACION,,,,,False,ALERTA — REVISIÓN HUMANA,['Cliente no encontrado en el maestro SUNAT (001_TBL_CLIENTES_B2B) -- no se puede validar SUNAT/Osiptel para este RUC.'],0,
2053746704,,,,,SIN_HISTORIAL_DE_FACTURACION,,,,,False,ALERTA — REVISIÓN HUMANA,['Cliente no encontrado en el maestro SUNAT (001_TBL_CLIENTES_B2B) -- no se puede validar SUNAT/Osiptel para este RUC.'],0,
2053747802,,,,,SIN_HISTORIAL_DE_FACTURACION,,,,,False,ALERTA — REVISIÓN HUMANA,['Cliente no encontrado en el maestro SUNAT (001_TBL_CLIENTES_B2B) -- no se puede validar SUNAT/Osiptel para este RUC.'],0,
2053765186,,,,,BAJO,BAJO,-9.0,14.0,False,False,ALERTA — REVISIÓN HUMANA,['Cliente no encontrado en el maestro SUNAT (001_TBL_CLIENTES_B2B) -- no se puede validar SUNAT/Osiptel para este RUC.'],2,Mantener ciclo de facturación estándar; sin acción de cobranza adicional.
2053799818,,,,,SIN_HISTORIAL_DE_FACTURACION,,,,,False,ALERTA — REVISIÓN HUMANA,['Cliente no encontrado en el maestro SUNAT (001_TBL_CLIENTES_B2B) -- no se puede validar SUNAT/Osiptel para este RUC.'],0,
2053805361,CLIENT_00167,AREQUIPA,Arequipa,Arequipa,BAJO,BAJO,1.8,3.0,False,True,OK,[],0,Mantener ciclo de facturación estándar; sin acción de cobranza adicional.
2053812837,,,,,SIN_HISTORIAL_DE_FACTURACION,,,,,False,ALERTA — REVISIÓN HUMANA,['Cliente no encontrado en el maestro SUNAT (001_TBL_CLIENTES_B2B) -- no se puede validar SUNAT/Osiptel para este RUC.'],0,
2053888363,,,,,SIN_HISTORIAL_DE_FACTURACION,,,,,False,ALERTA — REVISIÓN HUMANA,['Cliente no encontrado en el maestro SUNAT (001_TBL_CLIENTES_B2B) -- no se puede validar SUNAT/Osiptel para este RUC.'],0,
2053891306,,,,,BAJO,BAJO,0.0,0.0,False,False,ALERTA — REVISIÓN HUMANA,['Cliente no encontrado en el maestro SUNAT (001_TBL_CLIENTES_B2B) -- no se puede validar SUNAT/Osiptel para este RUC.'],0,Mantener ciclo de facturación estándar; sin acción de cobranza adicional.
2053911269,,,,,BAJO,BAJO,0.7,1.0,True,False,ALERTA — REVISIÓN HUMANA,['Cliente no encontrado en el maestro SUNAT (001_TBL_CLIENTES_B2B) -- no se puede validar SUNAT/Osiptel para este RUC.'],0,Mantener ciclo de facturación estándar; sin acción de cobranza adicional.
2053937831,CLIENT_00322,LIMA,Lima,Lurigancho,SIN_HISTORIAL_DE_FACTURACION,,,,,True,OK,[],0,
2053948793,,,,,SIN_HISTORIAL_DE_FACTURACION,,,,,False,ALERTA — REVISIÓN HUMANA,['Cliente no encontrado en el maestro SUNAT (001_TBL_CLIENTES_B2B) -- no se puede validar SUNAT/Osiptel para este RUC.'],0,
2054022480,CLIENT_00547,LIMA,Lima,Lince,SIN_HISTORIAL_DE_FACTURACION,,,,,True,OK,[],0,
2054093957,,,,,SIN_HISTORIAL_DE_FACTURACION,,,,,False,ALERTA — REVISIÓN HUMANA,['Cliente no encontrado en el maestro SUNAT (001_TBL_CLIENTES_B2B) -- no se puede validar SUNAT/Osiptel para este RUC.'],0,
2054110102,,,,,SIN_HISTORIAL_DE_FACTURACION,,,,,False,ALERTA — REVISIÓN HUMANA,['Cliente no encontrado en el maestro SUNAT (001_TBL_CLIENTES_B2B) -- no se puede validar SUNAT/Osiptel para este RUC.'],0,
2054205660,CLIENT_00625,LIMA,Lima,San Isidro,BAJO,BAJO,-3.5,-3.0,True,True,OK,[],0,Mantener ciclo de facturación estándar; sin acción de cobranza adicional.
2054219699,CLIENT_00072,LIMA,Lima,Magdalena del Mar,SIN_HISTORIAL_DE_FACTURACION,,,,,True,OK,[],0,
2054238271,,,,,BAJO,BAJO,-3.5,-3.0,False,False,ALERTA — REVISIÓN HUMANA,['Cliente no encontrado en el maestro SUNAT (001_TBL_CLIENTES_B2B) -- no se puede validar SUNAT/Osiptel para este RUC.'],0,Mantener ciclo de facturación estándar; sin acción de cobranza adicional.
2054249509,,,,,SIN_HISTORIAL_DE_FACTURACION,,,,,False,ALERTA — REVISIÓN HUMANA,['Cliente no encontrado en el maestro SUNAT (001_TBL_CLIENTES_B2B) -- no se puede validar SUNAT/Osiptel para este RUC.'],0,
2054265249,,,,,SIN_HISTORIAL_DE_FACTURACION,,,,,False,ALERTA — REVISIÓN HUMANA,['Cliente no encontrado en el maestro SUNAT (001_TBL_CLIENTES_B2B) -- no se puede validar SUNAT/Osiptel para este RUC.'],0,
2054283108,CLIENT_00682,LIMA,Lima,Ate,SIN_HISTORIAL_DE_FACTURACION,,,,,True,OK,[],0,
2054297630,CLIENT_00621,LIMA,Lima,Surquillo,BAJO,BAJO,-1.0,0.0,False,True,OK,[],0,Mantener ciclo de facturación estándar; sin acción de cobranza adicional.
2054318918,,,,,SIN_HISTORIAL_DE_FACTURACION,,,,,False,ALERTA — REVISIÓN HUMANA,['Cliente no encontrado en el maestro SUNAT (001_TBL_CLIENTES_B2B) -- no se puede validar SUNAT/Osiptel para este RUC.'],0,
2054326175,,,,,SIN_HISTORIAL_DE_FACTURACION,,,,,False,ALERTA — REVISIÓN HUMANA,['Cliente no encontrado en el maestro SUNAT (001_TBL_CLIENTES_B2B) -- no se puede validar SUNAT/Osiptel para este RUC.'],0,
2054331893,,,,,SIN_HISTORIAL_DE_FACTURACION,,,,,False,ALERTA — REVISIÓN HUMANA,['Cliente no encontrado en el maestro SUNAT (001_TBL_CLIENTES_B2B) -- no se puede validar SUNAT/Osiptel para este RUC.'],0,
2054335919,CLIENT_00098,LIMA,Lima,Lima,SIN_HISTORIAL_DE_FACTURACION,,,,,True,OK,[],0,
2054376441,CLIENT_00416,PIURA,Sullana,Sullana,ALTO,,,,,True,ALERTA — REVISIÓN HUMANA,['SUNAT_ESTADO_CONTRIBUYENTE=SUSPENSION TEMPORAL (no ACTIVO)'],0,
2054391545,,,,,SIN_HISTORIAL_DE_FACTURACION,,,,,False,ALERTA — REVISIÓN HUMANA,['Cliente no encontrado en el maestro SUNAT (001_TBL_CLIENTES_B2B) -- no se puede validar SUNAT/Osiptel para este RUC.'],0,
2054454366,,,,,SIN_HISTORIAL_DE_FACTURACION,,,,,False,ALERTA — REVISIÓN HUMANA,['Cliente no encontrado en el maestro SUNAT (001_TBL_CLIENTES_B2B) -- no se puede validar SUNAT/Osiptel para este RUC.'],0,
2054497672,,,,,SIN_HISTORIAL_DE_FACTURACION,,,,,False,ALERTA — REVISIÓN HUMANA,['Cliente no encontrado en el maestro SUNAT (001_TBL_CLIENTES_B2B) -- no se puede validar SUNAT/Osiptel para este RUC.'],0,
2054510534,CLIENT_00526,LIMA,Lima,Miraflores,BAJO,BAJO,-12.5,-12.0,False,True,OK,[],0,Mantener ciclo de facturación estándar; sin acción de cobranza adicional.
2054531131,,,,,BAJO,BAJO,-4.3,7.0,False,False,ALERTA — REVISIÓN HUMANA,['Cliente no encontrado en el maestro SUNAT (001_TBL_CLIENTES_B2B) -- no se puede validar SUNAT/Osiptel para este RUC.'],2,Mantener ciclo de facturación estándar; sin acción de cobranza adicional.
2054536431,,,,,SIN_HISTORIAL_DE_FACTURACION,,,,,False,ALERTA — REVISIÓN HUMANA,['Cliente no encontrado en el maestro SUNAT (001_TBL_CLIENTES_B2B) -- no se puede validar SUNAT/Osiptel para este RUC.'],0,
2054553077,CLIENT_00093,JUNIN,Junín,Junin,BAJO,BAJO,-2.5,-2.0,False,True,OK,[],0,Mantener ciclo de facturación estándar; sin acción de cobranza adicional.
2054554713,,,,,SIN_HISTORIAL_DE_FACTURACION,,,,,False,ALERTA — REVISIÓN HUMANA,['Cliente no encontrado en el maestro SUNAT (001_TBL_CLIENTES_B2B) -- no se puede validar SUNAT/Osiptel para este RUC.'],0,
2054619703,,,,,SIN_HISTORIAL_DE_FACTURACION,,,,,False,ALERTA — REVISIÓN HUMANA,['Cliente no encontrado en el maestro SUNAT (001_TBL_CLIENTES_B2B) -- no se puede validar SUNAT/Osiptel para este RUC.'],0,
2054685113,,,,,SIN_HISTORIAL_DE_FACTURACION,,,,,False,ALERTA — REVISIÓN HUMANA,['Cliente no encontrado en el maestro SUNAT (001_TBL_CLIENTES_B2B) -- no se puede validar SUNAT/Osiptel para este RUC.'],0,
2054712522,CLIENT_00762,LIMA,Lima,San Borja,SIN_HISTORIAL_DE_FACTURACION,,,,,True,OK,[],0,
2054722964,,,,,SIN_HISTORIAL_DE_FACTURACION,,,,,False,ALERTA — REVISIÓN HUMANA,['Cliente no encontrado en el maestro SUNAT (001_TBL_CLIENTES_B2B) -- no se puede validar SUNAT/Osiptel para este RUC.'],0,
2054806583,,,,,SIN_HISTORIAL_DE_FACTURACION,,,,,False,ALERTA — REVISIÓN HUMANA,['Cliente no encontrado en el maestro SUNAT (001_TBL_CLIENTES_B2B) -- no se puede validar SUNAT/Osiptel para este RUC.'],0,
2054807394,,,,,BAJO,BAJO,1.5,3.0,True,False,ALERTA — REVISIÓN HUMANA,['Cliente no encontrado en el maestro SUNAT (001_TBL_CLIENTES_B2B) -- no se puede validar SUNAT/Osiptel para este RUC.'],0,Mantener ciclo de facturación estándar; sin acción de cobranza adicional.
2054854170,CLIENT_00245,LIMA,Lima,Lima,BAJO,BAJO,-3.3,2.0,False,True,OK,[],1,Mantener ciclo de facturación estándar; sin acción de cobranza adicional.
2054865614,,,,,BAJO,BAJO,-1.5,-1.0,False,False,ALERTA — REVISIÓN HUMANA,['Cliente no encontrado en el maestro SUNAT (001_TBL_CLIENTES_B2B) -- no se puede validar SUNAT/Osiptel para este RUC.'],0,Mantener ciclo de facturación estándar; sin acción de cobranza adicional.
2054871546,,,,,BAJO,BAJO,-3.5,-3.0,False,False,ALERTA — REVISIÓN HUMANA,['Cliente no encontrado en el maestro SUNAT (001_TBL_CLIENTES_B2B) -- no se puede validar SUNAT/Osiptel para este RUC.'],0,Mantener ciclo de facturación estándar; sin acción de cobranza adicional.
2054885131,CLIENT_00758,LIMA,Lima,Miraflores,SIN_HISTORIAL_DE_FACTURACION,,,,,True,OK,[],0,
2054941434,,,,,BAJO,BAJO,0.0,1.0,True,False,ALERTA — REVISIÓN HUMANA,['Cliente no encontrado en el maestro SUNAT (001_TBL_CLIENTES_B2B) -- no se puede validar SUNAT/Osiptel para este RUC.'],0,Mantener ciclo de facturación estándar; sin acción de cobranza adicional.
2054946566,,,,,SIN_HISTORIAL_DE_FACTURACION,,,,,False,ALERTA — REVISIÓN HUMANA,['Cliente no encontrado en el maestro SUNAT (001_TBL_CLIENTES_B2B) -- no se puede validar SUNAT/Osiptel para este RUC.'],0,
2054952460,,,,,SIN_HISTORIAL_DE_FACTURACION,,,,,False,ALERTA — REVISIÓN HUMANA,['Cliente no encontrado en el maestro SUNAT (001_TBL_CLIENTES_B2B) -- no se puede validar SUNAT/Osiptel para este RUC.'],0,
2054958528,CLIENT_00390,AREQUIPA,Arequipa,Yanahuara,SIN_HISTORIAL_DE_FACTURACION,,,,,True,OK,[],0,
2054980634,,,,,SIN_HISTORIAL_DE_FACTURACION,,,,,False,ALERTA — REVISIÓN HUMANA,['Cliente no encontrado en el maestro SUNAT (001_TBL_CLIENTES_B2B) -- no se puede validar SUNAT/Osiptel para este RUC.'],0,
2055000451,,,,,SIN_HISTORIAL_DE_FACTURACION,,,,,False,ALERTA — REVISIÓN HUMANA,['Cliente no encontrado en el maestro SUNAT (001_TBL_CLIENTES_B2B) -- no se puede validar SUNAT/Osiptel para este RUC.'],0,
2055063637,,,,,SIN_HISTORIAL_DE_FACTURACION,,,,,False,ALERTA — REVISIÓN HUMANA,['Cliente no encontrado en el maestro SUNAT (001_TBL_CLIENTES_B2B) -- no se puede validar SUNAT/Osiptel para este RUC.'],0,
2055070216,,,,,SIN_HISTORIAL_DE_FACTURACION,,,,,False,ALERTA — REVISIÓN HUMANA,['Cliente no encontrado en el maestro SUNAT (001_TBL_CLIENTES_B2B) -- no se puede validar SUNAT/Osiptel para este RUC.'],0,
2055088087,,,,,BAJO,BAJO,-7.0,-5.0,True,False,ALERTA — REVISIÓN HUMANA,['Cliente no encontrado en el maestro SUNAT (001_TBL_CLIENTES_B2B) -- no se puede validar SUNAT/Osiptel para este RUC.'],0,Mantener ciclo de facturación estándar; sin acción de cobranza adicional.
2055129772,CLIENT_00018,LIMA,Lima,Santiago de Surco,SIN_HISTORIAL_DE_FACTURACION,,,,,True,OK,[],0,
2055170831,,,,,SIN_HISTORIAL_DE_FACTURACION,,,,,False,ALERTA — REVISIÓN HUMANA,['Cliente no encontrado en el maestro SUNAT (001_TBL_CLIENTES_B2B) -- no se puede validar SUNAT/Osiptel para este RUC.'],0,
2055190170,,,,,SIN_HISTORIAL_DE_FACTURACION,,,,,False,ALERTA — REVISIÓN HUMANA,['Cliente no encontrado en el maestro SUNAT (001_TBL_CLIENTES_B2B) -- no se puede validar SUNAT/Osiptel para este RUC.'],0,
2055225191,CLIENT_00562,MOQUEGUA,Mariscal Nieto,Moquegua,SIN_HISTORIAL_DE_FACTURACION,,,,,True,OK,[],0,
2055245197,,,,,SIN_HISTORIAL_DE_FACTURACION,,,,,False,ALERTA — REVISIÓN HUMANA,['Cliente no encontrado en el maestro SUNAT (001_TBL_CLIENTES_B2B) -- no se puede validar SUNAT/Osiptel para este RUC.'],0,
2055363619,,,,,SIN_HISTORIAL_DE_FACTURACION,,,,,False,ALERTA — REVISIÓN HUMANA,['Cliente no encontrado en el maestro SUNAT (001_TBL_CLIENTES_B2B) -- no se puede validar SUNAT/Osiptel para este RUC.'],0,
2055401959,,,,,SIN_HISTORIAL_DE_FACTURACION,,,,,False,ALERTA — REVISIÓN HUMANA,['Cliente no encontrado en el maestro SUNAT (001_TBL_CLIENTES_B2B) -- no se puede validar SUNAT/Osiptel para este RUC.'],0,
2055411982,,,,,SIN_HISTORIAL_DE_FACTURACION,,,,,False,ALERTA — REVISIÓN HUMANA,['Cliente no encontrado en el maestro SUNAT (001_TBL_CLIENTES_B2B) -- no se puede validar SUNAT/Osiptel para este RUC.'],0,
2055450128,,,,,SIN_HISTORIAL_DE_FACTURACION,,,,,False,ALERTA — REVISIÓN HUMANA,['Cliente no encontrado en el maestro SUNAT (001_TBL_CLIENTES_B2B) -- no se puede validar SUNAT/Osiptel para este RUC.'],0,
2055526321,,,,,BAJO,BAJO,-10.5,-10.0,False,False,ALERTA — REVISIÓN HUMANA,['Cliente no encontrado en el maestro SUNAT (001_TBL_CLIENTES_B2B) -- no se puede validar SUNAT/Osiptel para este RUC.'],0,Mantener ciclo de facturación estándar; sin acción de cobranza adicional.
2055710938,,,,,SIN_HISTORIAL_DE_FACTURACION,,,,,False,ALERTA — REVISIÓN HUMANA,['Cliente no encontrado en el maestro SUNAT (001_TBL_CLIENTES_B2B) -- no se puede validar SUNAT/Osiptel para este RUC.'],0,
2055715122,,,,,BAJO,BAJO,4.7,23.0,False,False,ALERTA — REVISIÓN HUMANA,['Cliente no encontrado en el maestro SUNAT (001_TBL_CLIENTES_B2B) -- no se puede validar SUNAT/Osiptel para este RUC.'],3,Mantener ciclo de facturación estándar; sin acción de cobranza adicional.
2055828601,,,,,SIN_HISTORIAL_DE_FACTURACION,,,,,False,ALERTA — REVISIÓN HUMANA,['Cliente no encontrado en el maestro SUNAT (001_TBL_CLIENTES_B2B) -- no se puede validar SUNAT/Osiptel para este RUC.'],0,
2055840070,CLIENT_00557,LIMA,Lima,Miraflores,BAJO,BAJO,-1.0,3.0,False,True,OK,[],1,Mantener ciclo de facturación estándar; sin acción de cobranza adicional.
2055919929,,,,,SIN_HISTORIAL_DE_FACTURACION,,,,,False,ALERTA — REVISIÓN HUMANA,['Cliente no encontrado en el maestro SUNAT (001_TBL_CLIENTES_B2B) -- no se puede validar SUNAT/Osiptel para este RUC.'],0,
2055926282,,,,,SIN_HISTORIAL_DE_FACTURACION,,,,,False,ALERTA — REVISIÓN HUMANA,['Cliente no encontrado en el maestro SUNAT (001_TBL_CLIENTES_B2B) -- no se puede validar SUNAT/Osiptel para este RUC.'],0,
2055946948,,,,,SIN_HISTORIAL_DE_FACTURACION,,,,,False,ALERTA — REVISIÓN HUMANA,['Cliente no encontrado en el maestro SUNAT (001_TBL_CLIENTES_B2B) -- no se puede validar SUNAT/Osiptel para este RUC.'],0,
2056036658,,,,,BAJO,BAJO,-0.5,1.0,True,False,ALERTA — REVISIÓN HUMANA,['Cliente no encontrado en el maestro SUNAT (001_TBL_CLIENTES_B2B) -- no se puede validar SUNAT/Osiptel para este RUC.'],0,Mantener ciclo de facturación estándar; sin acción de cobranza adicional.
2056046163,CLIENT_00994,LIMA,Lima,Santiago de Surco,BAJO,BAJO,-2.0,-2.0,False,True,OK,[],0,Mantener ciclo de facturación estándar; sin acción de cobranza adicional.
2056088591,CLIENT_00160,LIMA,Barranca,Supe,SIN_HISTORIAL_DE_FACTURACION,,,,,True,OK,[],0,
2056140058,,,,,BAJO,BAJO,0.8,2.0,True,False,ALERTA — REVISIÓN HUMANA,['Cliente no encontrado en el maestro SUNAT (001_TBL_CLIENTES_B2B) -- no se puede validar SUNAT/Osiptel para este RUC.'],0,Mantener ciclo de facturación estándar; sin acción de cobranza adicional.
2056144451,,,,,SIN_HISTORIAL_DE_FACTURACION,,,,,False,ALERTA — REVISIÓN HUMANA,['Cliente no encontrado en el maestro SUNAT (001_TBL_CLIENTES_B2B) -- no se puede validar SUNAT/Osiptel para este RUC.'],0,
2056163476,,,,,MEDIO,MEDIO,10.0,39.0,False,False,ALERTA — REVISIÓN HUMANA,['Cliente no encontrado en el maestro SUNAT (001_TBL_CLIENTES_B2B) -- no se puede validar SUNAT/Osiptel para este RUC.'],1,Recordatorio automático 5 días antes del vencimiento por correo/WhatsApp; sin escalamiento humano todavía.
2056182207,,,,,SIN_HISTORIAL_DE_FACTURACION,,,,,False,ALERTA — REVISIÓN HUMANA,['Cliente no encontrado en el maestro SUNAT (001_TBL_CLIENTES_B2B) -- no se puede validar SUNAT/Osiptel para este RUC.'],0,
2056212239,CLIENT_00766,PUNO,San Román,Juliaca,SIN_HISTORIAL_DE_FACTURACION,,,,,True,OK,[],0,
2056218495,CLIENT_00461,JUNIN,Satipo,Satipo,SIN_HISTORIAL_DE_FACTURACION,,,,,True,OK,[],0,
2056304873,,,,,SIN_HISTORIAL_DE_FACTURACION,,,,,False,ALERTA — REVISIÓN HUMANA,['Cliente no encontrado en el maestro SUNAT (001_TBL_CLIENTES_B2B) -- no se puede validar SUNAT/Osiptel para este RUC.'],0,
2056323517,CLIENT_00831,LIMA,Lima,Miraflores,BAJO,BAJO,-9.0,-9.0,False,True,OK,[],0,Mantener ciclo de facturación estándar; sin acción de cobranza adicional.
2056348868,,,,,SIN_HISTORIAL_DE_FACTURACION,,,,,False,ALERTA — REVISIÓN HUMANA,['Cliente no encontrado en el maestro SUNAT (001_TBL_CLIENTES_B2B) -- no se puede validar SUNAT/Osiptel para este RUC.'],0,
2056365469,,,,,BAJO,BAJO,1.5,3.0,True,False,ALERTA — REVISIÓN HUMANA,['Cliente no encontrado en el maestro SUNAT (001_TBL_CLIENTES_B2B) -- no se puede validar SUNAT/Osiptel para este RUC.'],1,Mantener ciclo de facturación estándar; sin acción de cobranza adicional.
2056392513,,,,,SIN_HISTORIAL_DE_FACTURACION,,,,,False,ALERTA — REVISIÓN HUMANA,['Cliente no encontrado en el maestro SUNAT (001_TBL_CLIENTES_B2B) -- no se puede validar SUNAT/Osiptel para este RUC.'],0,
2056421346,,,,,SIN_HISTORIAL_DE_FACTURACION,,,,,False,ALERTA — REVISIÓN HUMANA,['Cliente no encontrado en el maestro SUNAT (001_TBL_CLIENTES_B2B) -- no se puede validar SUNAT/Osiptel para este RUC.'],0,
2056538582,,,,,BAJO,BAJO,-13.0,-12.0,False,False,ALERTA — REVISIÓN HUMANA,['Cliente no encontrado en el maestro SUNAT (001_TBL_CLIENTES_B2B) -- no se puede validar SUNAT/Osiptel para este RUC.'],0,Mantener ciclo de facturación estándar; sin acción de cobranza adicional.
2056548183,,,,,SIN_HISTORIAL_DE_FACTURACION,,,,,False,ALERTA — REVISIÓN HUMANA,['Cliente no encontrado en el maestro SUNAT (001_TBL_CLIENTES_B2B) -- no se puede validar SUNAT/Osiptel para este RUC.'],0,
2056585285,,,,,SIN_HISTORIAL_DE_FACTURACION,,,,,False,ALERTA — REVISIÓN HUMANA,['Cliente no encontrado en el maestro SUNAT (001_TBL_CLIENTES_B2B) -- no se puede validar SUNAT/Osiptel para este RUC.'],0,
2056632648,,,,,SIN_HISTORIAL_DE_FACTURACION,,,,,False,ALERTA — REVISIÓN HUMANA,['Cliente no encontrado en el maestro SUNAT (001_TBL_CLIENTES_B2B) -- no se puede validar SUNAT/Osiptel para este RUC.'],0,
2056638752,,,,,SIN_HISTORIAL_DE_FACTURACION,,,,,False,ALERTA — REVISIÓN HUMANA,['Cliente no encontrado en el maestro SUNAT (001_TBL_CLIENTES_B2B) -- no se puede validar SUNAT/Osiptel para este RUC.'],0,
2056656163,,,,,SIN_HISTORIAL_DE_FACTURACION,,,,,False,ALERTA — REVISIÓN HUMANA,['Cliente no encontrado en el maestro SUNAT (001_TBL_CLIENTES_B2B) -- no se puede validar SUNAT/Osiptel para este RUC.'],0,
2056686999,,,,,SIN_HISTORIAL_DE_FACTURACION,,,,,False,ALERTA — REVISIÓN HUMANA,['Cliente no encontrado en el maestro SUNAT (001_TBL_CLIENTES_B2B) -- no se puede validar SUNAT/Osiptel para este RUC.'],0,
2056722334,,,,,SIN_HISTORIAL_DE_FACTURACION,,,,,False,ALERTA — REVISIÓN HUMANA,['Cliente no encontrado en el maestro SUNAT (001_TBL_CLIENTES_B2B) -- no se puede validar SUNAT/Osiptel para este RUC.'],0,
2056743890,,,,,SIN_HISTORIAL_DE_FACTURACION,,,,,False,ALERTA — REVISIÓN HUMANA,['Cliente no encontrado en el maestro SUNAT (001_TBL_CLIENTES_B2B) -- no se puede validar SUNAT/Osiptel para este RUC.'],0,
2056762434,,,,,BAJO,BAJO,1.0,2.0,False,False,ALERTA — REVISIÓN HUMANA,['Cliente no encontrado en el maestro SUNAT (001_TBL_CLIENTES_B2B) -- no se puede validar SUNAT/Osiptel para este RUC.'],0,Mantener ciclo de facturación estándar; sin acción de cobranza adicional.
2056782836,,,,,SIN_HISTORIAL_DE_FACTURACION,,,,,False,ALERTA — REVISIÓN HUMANA,['Cliente no encontrado en el maestro SUNAT (001_TBL_CLIENTES_B2B) -- no se puede validar SUNAT/Osiptel para este RUC.'],0,
2056891240,,,,,SIN_HISTORIAL_DE_FACTURACION,,,,,False,ALERTA — REVISIÓN HUMANA,['Cliente no encontrado en el maestro SUNAT (001_TBL_CLIENTES_B2B) -- no se puede validar SUNAT/Osiptel para este RUC.'],0,
2056897122,CLIENT_00573,LIMA,Lima,Miraflores,ALTO,ALTO,25.0,40.0,False,True,OK,[],0,Contacto proactivo antes del vencimiento + oferta de plan de pago fraccionado; escalar a gestor de cuenta senior.
2056903478,,,,,SIN_HISTORIAL_DE_FACTURACION,,,,,False,ALERTA — REVISIÓN HUMANA,['Cliente no encontrado en el maestro SUNAT (001_TBL_CLIENTES_B2B) -- no se puede validar SUNAT/Osiptel para este RUC.'],0,
2056915238,,,,,SIN_HISTORIAL_DE_FACTURACION,,,,,False,ALERTA — REVISIÓN HUMANA,['Cliente no encontrado en el maestro SUNAT (001_TBL_CLIENTES_B2B) -- no se puede validar SUNAT/Osiptel para este RUC.'],0,
2056921911,,,,,BAJO,BAJO,-1.8,9.0,False,False,ALERTA — REVISIÓN HUMANA,['Cliente no encontrado en el maestro SUNAT (001_TBL_CLIENTES_B2B) -- no se puede validar SUNAT/Osiptel para este RUC.'],7,Mantener ciclo de facturación estándar; sin acción de cobranza adicional.
2056934422,,,,,BAJO,BAJO,0.0,2.0,False,False,ALERTA — REVISIÓN HUMANA,['Cliente no encontrado en el maestro SUNAT (001_TBL_CLIENTES_B2B) -- no se puede validar SUNAT/Osiptel para este RUC.'],0,Mantener ciclo de facturación estándar; sin acción de cobranza adicional.
2056936489,CLIENT_00469,LIMA,Lima,San Juan de Lurigancho,SIN_HISTORIAL_DE_FACTURACION,,,,,True,OK,[],0,
2056939646,,,,,SIN_HISTORIAL_DE_FACTURACION,,,,,False,ALERTA — REVISIÓN HUMANA,['Cliente no encontrado en el maestro SUNAT (001_TBL_CLIENTES_B2B) -- no se puede validar SUNAT/Osiptel para este RUC.'],0,
2056940528,CLIENT_00704,LIMA,Lima,San Isidro,SIN_HISTORIAL_DE_FACTURACION,,,,,True,OK,[],0,
2056941306,,,,,SIN_HISTORIAL_DE_FACTURACION,,,,,False,ALERTA — REVISIÓN HUMANA,['Cliente no encontrado en el maestro SUNAT (001_TBL_CLIENTES_B2B) -- no se puede validar SUNAT/Osiptel para este RUC.'],0,
2056979329,,,,,SIN_HISTORIAL_DE_FACTURACION,,,,,False,ALERTA — REVISIÓN HUMANA,['Cliente no encontrado en el maestro SUNAT (001_TBL_CLIENTES_B2B) -- no se puede validar SUNAT/Osiptel para este RUC.'],0,
2057051686,,,,,SIN_HISTORIAL_DE_FACTURACION,,,,,False,ALERTA — REVISIÓN HUMANA,['Cliente no encontrado en el maestro SUNAT (001_TBL_CLIENTES_B2B) -- no se puede validar SUNAT/Osiptel para este RUC.'],0,
2057084119,,,,,SIN_HISTORIAL_DE_FACTURACION,,,,,False,ALERTA — REVISIÓN HUMANA,['Cliente no encontrado en el maestro SUNAT (001_TBL_CLIENTES_B2B) -- no se puede validar SUNAT/Osiptel para este RUC.'],0,
2057100089,,,,,BAJO,BAJO,-11.5,2.0,False,False,ALERTA — REVISIÓN HUMANA,['Cliente no encontrado en el maestro SUNAT (001_TBL_CLIENTES_B2B) -- no se puede validar SUNAT/Osiptel para este RUC.'],0,Mantener ciclo de facturación estándar; sin acción de cobranza adicional.
2057105203,,,,,SIN_HISTORIAL_DE_FACTURACION,,,,,False,ALERTA — REVISIÓN HUMANA,['Cliente no encontrado en el maestro SUNAT (001_TBL_CLIENTES_B2B) -- no se puede validar SUNAT/Osiptel para este RUC.'],0,
2057163719,,,,,SIN_HISTORIAL_DE_FACTURACION,,,,,False,ALERTA — REVISIÓN HUMANA,['Cliente no encontrado en el maestro SUNAT (001_TBL_CLIENTES_B2B) -- no se puede validar SUNAT/Osiptel para este RUC.'],0,
2057192823,,,,,SIN_HISTORIAL_DE_FACTURACION,,,,,False,ALERTA — REVISIÓN HUMANA,['Cliente no encontrado en el maestro SUNAT (001_TBL_CLIENTES_B2B) -- no se puede validar SUNAT/Osiptel para este RUC.'],0,
2057193360,,,,,SIN_HISTORIAL_DE_FACTURACION,,,,,False,ALERTA — REVISIÓN HUMANA,['Cliente no encontrado en el maestro SUNAT (001_TBL_CLIENTES_B2B) -- no se puede validar SUNAT/Osiptel para este RUC.'],0,
2057218132,,,,,SIN_HISTORIAL_DE_FACTURACION,,,,,False,ALERTA — REVISIÓN HUMANA,['Cliente no encontrado en el maestro SUNAT (001_TBL_CLIENTES_B2B) -- no se puede validar SUNAT/Osiptel para este RUC.'],0,
2057227210,,,,,BAJO,BAJO,-1.0,0.0,True,False,ALERTA — REVISIÓN HUMANA,['Cliente no encontrado en el maestro SUNAT (001_TBL_CLIENTES_B2B) -- no se puede validar SUNAT/Osiptel para este RUC.'],1,Mantener ciclo de facturación estándar; sin acción de cobranza adicional.
2057229878,CLIENT_00373,JUNIN,Chanchamayo,Chanchamayo,SIN_HISTORIAL_DE_FACTURACION,,,,,True,OK,[],0,
2057242540,,,,,SIN_HISTORIAL_DE_FACTURACION,,,,,False,ALERTA — REVISIÓN HUMANA,['Cliente no encontrado en el maestro SUNAT (001_TBL_CLIENTES_B2B) -- no se puede validar SUNAT/Osiptel para este RUC.'],0,
2057245165,,,,,SIN_HISTORIAL_DE_FACTURACION,,,,,False,ALERTA — REVISIÓN HUMANA,['Cliente no encontrado en el maestro SUNAT (001_TBL_CLIENTES_B2B) -- no se puede validar SUNAT/Osiptel para este RUC.'],0,
2057269192,,,,,SIN_HISTORIAL_DE_FACTURACION,,,,,False,ALERTA — REVISIÓN HUMANA,['Cliente no encontrado en el maestro SUNAT (001_TBL_CLIENTES_B2B) -- no se puede validar SUNAT/Osiptel para este RUC.'],0,
2057311015,,,,,BAJO,BAJO,-0.5,0.0,False,False,ALERTA — REVISIÓN HUMANA,['Cliente no encontrado en el maestro SUNAT (001_TBL_CLIENTES_B2B) -- no se puede validar SUNAT/Osiptel para este RUC.'],0,Mantener ciclo de facturación estándar; sin acción de cobranza adicional.
2057366638,,,,,SIN_HISTORIAL_DE_FACTURACION,,,,,False,ALERTA — REVISIÓN HUMANA,['Cliente no encontrado en el maestro SUNAT (001_TBL_CLIENTES_B2B) -- no se puede validar SUNAT/Osiptel para este RUC.'],0,
2057406010,,,,,MEDIO,MEDIO,6.8,17.0,False,False,ALERTA — REVISIÓN HUMANA,['Cliente no encontrado en el maestro SUNAT (001_TBL_CLIENTES_B2B) -- no se puede validar SUNAT/Osiptel para este RUC.'],0,Recordatorio automático 5 días antes del vencimiento por correo/WhatsApp; sin escalamiento humano todavía.
2057406621,,,,,SIN_HISTORIAL_DE_FACTURACION,,,,,False,ALERTA — REVISIÓN HUMANA,['Cliente no encontrado en el maestro SUNAT (001_TBL_CLIENTES_B2B) -- no se puede validar SUNAT/Osiptel para este RUC.'],0,
2057450768,,,,,SIN_HISTORIAL_DE_FACTURACION,,,,,False,ALERTA — REVISIÓN HUMANA,['Cliente no encontrado en el maestro SUNAT (001_TBL_CLIENTES_B2B) -- no se puede validar SUNAT/Osiptel para este RUC.'],0,
2057452684,,,,,SIN_HISTORIAL_DE_FACTURACION,,,,,False,ALERTA — REVISIÓN HUMANA,['Cliente no encontrado en el maestro SUNAT (001_TBL_CLIENTES_B2B) -- no se puede validar SUNAT/Osiptel para este RUC.'],0,
2057463246,,,,,BAJO,BAJO,1.3,16.0,False,False,ALERTA — REVISIÓN HUMANA,['Cliente no encontrado en el maestro SUNAT (001_TBL_CLIENTES_B2B) -- no se puede validar SUNAT/Osiptel para este RUC.'],2,Mantener ciclo de facturación estándar; sin acción de cobranza adicional.
2057477356,,,,,SIN_HISTORIAL_DE_FACTURACION,,,,,False,ALERTA — REVISIÓN HUMANA,['Cliente no encontrado en el maestro SUNAT (001_TBL_CLIENTES_B2B) -- no se puede validar SUNAT/Osiptel para este RUC.'],0,
2057519764,,,,,SIN_HISTORIAL_DE_FACTURACION,,,,,False,ALERTA — REVISIÓN HUMANA,['Cliente no encontrado en el maestro SUNAT (001_TBL_CLIENTES_B2B) -- no se puede validar SUNAT/Osiptel para este RUC.'],0,
2057574494,,,,,SIN_HISTORIAL_DE_FACTURACION,,,,,False,ALERTA — REVISIÓN HUMANA,['Cliente no encontrado en el maestro SUNAT (001_TBL_CLIENTES_B2B) -- no se puede validar SUNAT/Osiptel para este RUC.'],0,
2057599438,CLIENT_00321,PIURA,Piura,Piura,SIN_HISTORIAL_DE_FACTURACION,,,,,True,OK,[],0,
2057609277,CLIENT_00543,LIMA,Lima,Los Olivos,BAJO,BAJO,-4.5,-4.0,True,True,OK,[],0,Mantener ciclo de facturación estándar; sin acción de cobranza adicional.
2057614763,,,,,SIN_HISTORIAL_DE_FACTURACION,,,,,False,ALERTA — REVISIÓN HUMANA,['Cliente no encontrado en el maestro SUNAT (001_TBL_CLIENTES_B2B) -- no se puede validar SUNAT/Osiptel para este RUC.'],0,
2057701516,,,,,SIN_HISTORIAL_DE_FACTURACION,,,,,False,ALERTA — REVISIÓN HUMANA,['Cliente no encontrado en el maestro SUNAT (001_TBL_CLIENTES_B2B) -- no se puede validar SUNAT/Osiptel para este RUC.'],0,
2057701757,,,,,SIN_HISTORIAL_DE_FACTURACION,,,,,False,ALERTA — REVISIÓN HUMANA,['Cliente no encontrado en el maestro SUNAT (001_TBL_CLIENTES_B2B) -- no se puede validar SUNAT/Osiptel para este RUC.'],0,
2057705174,,,,,SIN_HISTORIAL_DE_FACTURACION,,,,,False,ALERTA — REVISIÓN HUMANA,['Cliente no encontrado en el maestro SUNAT (001_TBL_CLIENTES_B2B) -- no se puede validar SUNAT/Osiptel para este RUC.'],0,
2057735831,,,,,SIN_HISTORIAL_DE_FACTURACION,,,,,False,ALERTA — REVISIÓN HUMANA,['Cliente no encontrado en el maestro SUNAT (001_TBL_CLIENTES_B2B) -- no se puede validar SUNAT/Osiptel para este RUC.'],0,
2057742346,,,,,SIN_HISTORIAL_DE_FACTURACION,,,,,False,ALERTA — REVISIÓN HUMANA,['Cliente no encontrado en el maestro SUNAT (001_TBL_CLIENTES_B2B) -- no se puede validar SUNAT/Osiptel para este RUC.'],0,
2057750040,CLIENT_00558,LIMA,Lima,Miraflores,BAJO,BAJO,-1.0,-1.0,False,True,OK,[],0,Mantener ciclo de facturación estándar; sin acción de cobranza adicional.
2057768570,CLIENT_00068,LIMA,Lima,Lima,BAJO,BAJO,-8.5,-8.0,True,True,OK,[],0,Mantener ciclo de facturación estándar; sin acción de cobranza adicional.
2057769086,CLIENT_00950,LIMA,Lima,La Molina,SIN_HISTORIAL_DE_FACTURACION,,,,,True,OK,[],0,
2057785616,,,,,SIN_HISTORIAL_DE_FACTURACION,,,,,False,ALERTA — REVISIÓN HUMANA,['Cliente no encontrado en el maestro SUNAT (001_TBL_CLIENTES_B2B) -- no se puede validar SUNAT/Osiptel para este RUC.'],0,
2057807995,,,,,SIN_HISTORIAL_DE_FACTURACION,,,,,False,ALERTA — REVISIÓN HUMANA,['Cliente no encontrado en el maestro SUNAT (001_TBL_CLIENTES_B2B) -- no se puede validar SUNAT/Osiptel para este RUC.'],0,
2057812209,,,,,SIN_HISTORIAL_DE_FACTURACION,,,,,False,ALERTA — REVISIÓN HUMANA,['Cliente no encontrado en el maestro SUNAT (001_TBL_CLIENTES_B2B) -- no se puede validar SUNAT/Osiptel para este RUC.'],0,
2057822132,,,,,BAJO,BAJO,-1.0,5.0,False,False,ALERTA — REVISIÓN HUMANA,['Cliente no encontrado en el maestro SUNAT (001_TBL_CLIENTES_B2B) -- no se puede validar SUNAT/Osiptel para este RUC.'],2,Mantener ciclo de facturación estándar; sin acción de cobranza adicional.
2057887821,,,,,SIN_HISTORIAL_DE_FACTURACION,,,,,False,ALERTA — REVISIÓN HUMANA,['Cliente no encontrado en el maestro SUNAT (001_TBL_CLIENTES_B2B) -- no se puede validar SUNAT/Osiptel para este RUC.'],0,
2057924409,,,,,SIN_HISTORIAL_DE_FACTURACION,,,,,False,ALERTA — REVISIÓN HUMANA,['Cliente no encontrado en el maestro SUNAT (001_TBL_CLIENTES_B2B) -- no se puede validar SUNAT/Osiptel para este RUC.'],0,
2057929173,CLIENT_00899,CUSCO,Chumbivilcas,Livitaca,BAJO,BAJO,1.5,3.0,True,True,OK,[],0,Mantener ciclo de facturación estándar; sin acción de cobranza adicional.
2057932564,CLIENT_00902,AREQUIPA,Arequipa,José Luis Bustamante Y Rivero,BAJO,BAJO,2.0,6.0,True,True,OK,[],0,Mantener ciclo de facturación estándar; sin acción de cobranza adicional.
2057947861,CLIENT_00539,LIMA,Lima,San Isidro,BAJO,BAJO,1.5,3.0,False,True,OK,[],0,Mantener ciclo de facturación estándar; sin acción de cobranza adicional.
2057966462,,,,,SIN_HISTORIAL_DE_FACTURACION,,,,,False,ALERTA — REVISIÓN HUMANA,['Cliente no encontrado en el maestro SUNAT (001_TBL_CLIENTES_B2B) -- no se puede validar SUNAT/Osiptel para este RUC.'],0,
2057980795,,,,,SIN_HISTORIAL_DE_FACTURACION,,,,,False,ALERTA — REVISIÓN HUMANA,['Cliente no encontrado en el maestro SUNAT (001_TBL_CLIENTES_B2B) -- no se puede validar SUNAT/Osiptel para este RUC.'],0,
2057990291,,,,,SIN_HISTORIAL_DE_FACTURACION,,,,,False,ALERTA — REVISIÓN HUMANA,['Cliente no encontrado en el maestro SUNAT (001_TBL_CLIENTES_B2B) -- no se puede validar SUNAT/Osiptel para este RUC.'],0,
2058008787,CLIENT_00188,LIMA,Lima,Santiago de Surco,SIN_HISTORIAL_DE_FACTURACION,,,,,True,OK,[],0,
2058020556,,,,,SIN_HISTORIAL_DE_FACTURACION,,,,,False,ALERTA — REVISIÓN HUMANA,['Cliente no encontrado en el maestro SUNAT (001_TBL_CLIENTES_B2B) -- no se puede validar SUNAT/Osiptel para este RUC.'],0,
2058024554,CLIENT_00604,LIMA,Lima,Los Olivos,SIN_HISTORIAL_DE_FACTURACION,,,,,True,OK,[],0,
2058059037,CLIENT_00294,LIMA,Lima,La Molina,SIN_HISTORIAL_DE_FACTURACION,,,,,True,OK,[],0,
2058066767,CLIENT_00743,LIMA,Lima,San Juan de Miraflores,BAJO,BAJO,1.5,4.0,True,True,OK,[],0,Mantener ciclo de facturación estándar; sin acción de cobranza adicional.
2058067905,,,,,SIN_HISTORIAL_DE_FACTURACION,,,,,False,ALERTA — REVISIÓN HUMANA,['Cliente no encontrado en el maestro SUNAT (001_TBL_CLIENTES_B2B) -- no se puede validar SUNAT/Osiptel para este RUC.'],0,
2058086069,,,,,SIN_HISTORIAL_DE_FACTURACION,,,,,False,ALERTA — REVISIÓN HUMANA,['Cliente no encontrado en el maestro SUNAT (001_TBL_CLIENTES_B2B) -- no se puede validar SUNAT/Osiptel para este RUC.'],0,
2058153118,,,,,MEDIO,MEDIO,8.5,13.0,False,False,ALERTA — REVISIÓN HUMANA,['Cliente no encontrado en el maestro SUNAT (001_TBL_CLIENTES_B2B) -- no se puede validar SUNAT/Osiptel para este RUC.'],0,Recordatorio automático 5 días antes del vencimiento por correo/WhatsApp; sin escalamiento humano todavía.
2058178571,,,,,SIN_HISTORIAL_DE_FACTURACION,,,,,False,ALERTA — REVISIÓN HUMANA,['Cliente no encontrado en el maestro SUNAT (001_TBL_CLIENTES_B2B) -- no se puede validar SUNAT/Osiptel para este RUC.'],0,
2058216703,,,,,SIN_HISTORIAL_DE_FACTURACION,,,,,False,ALERTA — REVISIÓN HUMANA,['Cliente no encontrado en el maestro SUNAT (001_TBL_CLIENTES_B2B) -- no se puede validar SUNAT/Osiptel para este RUC.'],0,
2058224091,,,,,SIN_HISTORIAL_DE_FACTURACION,,,,,False,ALERTA — REVISIÓN HUMANA,['Cliente no encontrado en el maestro SUNAT (001_TBL_CLIENTES_B2B) -- no se puede validar SUNAT/Osiptel para este RUC.'],0,
2058246578,,,,,MEDIO,MEDIO,5.2,25.0,False,False,ALERTA — REVISIÓN HUMANA,['Cliente no encontrado en el maestro SUNAT (001_TBL_CLIENTES_B2B) -- no se puede validar SUNAT/Osiptel para este RUC.'],0,Recordatorio automático 5 días antes del vencimiento por correo/WhatsApp; sin escalamiento humano todavía.
2058262861,CLIENT_00231,LA LIBERTAD,Trujillo,Trujillo,SIN_HISTORIAL_DE_FACTURACION,,,,,True,OK,[],0,
2058314802,,,,,BAJO,BAJO,-2.5,-1.0,True,False,ALERTA — REVISIÓN HUMANA,['Cliente no encontrado en el maestro SUNAT (001_TBL_CLIENTES_B2B) -- no se puede validar SUNAT/Osiptel para este RUC.'],0,Mantener ciclo de facturación estándar; sin acción de cobranza adicional.
2058320112,,,,,SIN_HISTORIAL_DE_FACTURACION,,,,,False,ALERTA — REVISIÓN HUMANA,['Cliente no encontrado en el maestro SUNAT (001_TBL_CLIENTES_B2B) -- no se puede validar SUNAT/Osiptel para este RUC.'],0,
2058334645,,,,,BAJO,BAJO,-5.0,-1.0,True,False,ALERTA — REVISIÓN HUMANA,['Cliente no encontrado en el maestro SUNAT (001_TBL_CLIENTES_B2B) -- no se puede validar SUNAT/Osiptel para este RUC.'],0,Mantener ciclo de facturación estándar; sin acción de cobranza adicional.
2058345149,,,,,SIN_HISTORIAL_DE_FACTURACION,,,,,False,ALERTA — REVISIÓN HUMANA,['Cliente no encontrado en el maestro SUNAT (001_TBL_CLIENTES_B2B) -- no se puede validar SUNAT/Osiptel para este RUC.'],0,
2058367129,,,,,BAJO,BAJO,-4.0,-2.0,True,False,ALERTA — REVISIÓN HUMANA,['Cliente no encontrado en el maestro SUNAT (001_TBL_CLIENTES_B2B) -- no se puede validar SUNAT/Osiptel para este RUC.'],0,Mantener ciclo de facturación estándar; sin acción de cobranza adicional.
2058375920,,,,,SIN_HISTORIAL_DE_FACTURACION,,,,,False,ALERTA — REVISIÓN HUMANA,['Cliente no encontrado en el maestro SUNAT (001_TBL_CLIENTES_B2B) -- no se puede validar SUNAT/Osiptel para este RUC.'],0,
2058413599,,,,,BAJO,BAJO,0.2,23.0,False,False,ALERTA — REVISIÓN HUMANA,['Cliente no encontrado en el maestro SUNAT (001_TBL_CLIENTES_B2B) -- no se puede validar SUNAT/Osiptel para este RUC.'],4,Mantener ciclo de facturación estándar; sin acción de cobranza adicional.
2058417810,,,,,SIN_HISTORIAL_DE_FACTURACION,,,,,False,ALERTA — REVISIÓN HUMANA,['Cliente no encontrado en el maestro SUNAT (001_TBL_CLIENTES_B2B) -- no se puede validar SUNAT/Osiptel para este RUC.'],0,
2058508119,,,,,SIN_HISTORIAL_DE_FACTURACION,,,,,False,ALERTA — REVISIÓN HUMANA,['Cliente no encontrado en el maestro SUNAT (001_TBL_CLIENTES_B2B) -- no se puede validar SUNAT/Osiptel para este RUC.'],0,
2058522670,,,,,BAJO,BAJO,-9.0,-7.0,True,False,ALERTA — REVISIÓN HUMANA,['Cliente no encontrado en el maestro SUNAT (001_TBL_CLIENTES_B2B) -- no se puede validar SUNAT/Osiptel para este RUC.'],0,Mantener ciclo de facturación estándar; sin acción de cobranza adicional.
2058548876,,,,,BAJO,BAJO,1.5,2.0,True,False,ALERTA — REVISIÓN HUMANA,['Cliente no encontrado en el maestro SUNAT (001_TBL_CLIENTES_B2B) -- no se puede validar SUNAT/Osiptel para este RUC.'],1,Mantener ciclo de facturación estándar; sin acción de cobranza adicional.
2058571451,CLIENT_00813,TACNA,Tacna,Tacna,BAJO,BAJO,-8.0,-3.0,False,True,OK,[],0,Mantener ciclo de facturación estándar; sin acción de cobranza adicional.
2058599469,,,,,SIN_HISTORIAL_DE_FACTURACION,,,,,False,ALERTA — REVISIÓN HUMANA,['Cliente no encontrado en el maestro SUNAT (001_TBL_CLIENTES_B2B) -- no se puede validar SUNAT/Osiptel para este RUC.'],0,
2058621084,,,,,SIN_HISTORIAL_DE_FACTURACION,,,,,False,ALERTA — REVISIÓN HUMANA,['Cliente no encontrado en el maestro SUNAT (001_TBL_CLIENTES_B2B) -- no se puede validar SUNAT/Osiptel para este RUC.'],0,
2058624752,,,,,SIN_HISTORIAL_DE_FACTURACION,,,,,False,ALERTA — REVISIÓN HUMANA,['Cliente no encontrado en el maestro SUNAT (001_TBL_CLIENTES_B2B) -- no se puede validar SUNAT/Osiptel para este RUC.'],0,
2058651200,,,,,SIN_HISTORIAL_DE_FACTURACION,,,,,False,ALERTA — REVISIÓN HUMANA,['Cliente no encontrado en el maestro SUNAT (001_TBL_CLIENTES_B2B) -- no se puede validar SUNAT/Osiptel para este RUC.'],0,
2058697638,,,,,SIN_HISTORIAL_DE_FACTURACION,,,,,False,ALERTA — REVISIÓN HUMANA,['Cliente no encontrado en el maestro SUNAT (001_TBL_CLIENTES_B2B) -- no se puede validar SUNAT/Osiptel para este RUC.'],0,
2058730165,,,,,SIN_HISTORIAL_DE_FACTURACION,,,,,False,ALERTA — REVISIÓN HUMANA,['Cliente no encontrado en el maestro SUNAT (001_TBL_CLIENTES_B2B) -- no se puede validar SUNAT/Osiptel para este RUC.'],0,
2058796181,,,,,SIN_HISTORIAL_DE_FACTURACION,,,,,False,ALERTA — REVISIÓN HUMANA,['Cliente no encontrado en el maestro SUNAT (001_TBL_CLIENTES_B2B) -- no se puede validar SUNAT/Osiptel para este RUC.'],0,
2058797594,,,,,BAJO,BAJO,-2.2,3.0,False,False,ALERTA — REVISIÓN HUMANA,['Cliente no encontrado en el maestro SUNAT (001_TBL_CLIENTES_B2B) -- no se puede validar SUNAT/Osiptel para este RUC.'],0,Mantener ciclo de facturación estándar; sin acción de cobranza adicional.
2058817683,,,,,SIN_HISTORIAL_DE_FACTURACION,,,,,False,ALERTA — REVISIÓN HUMANA,['Cliente no encontrado en el maestro SUNAT (001_TBL_CLIENTES_B2B) -- no se puede validar SUNAT/Osiptel para este RUC.'],0,
2058824806,,,,,SIN_HISTORIAL_DE_FACTURACION,,,,,False,ALERTA — REVISIÓN HUMANA,['Cliente no encontrado en el maestro SUNAT (001_TBL_CLIENTES_B2B) -- no se puede validar SUNAT/Osiptel para este RUC.'],0,
2058871699,,,,,SIN_HISTORIAL_DE_FACTURACION,,,,,False,ALERTA — REVISIÓN HUMANA,['Cliente no encontrado en el maestro SUNAT (001_TBL_CLIENTES_B2B) -- no se puede validar SUNAT/Osiptel para este RUC.'],0,
2058880468,,,,,SIN_HISTORIAL_DE_FACTURACION,,,,,False,ALERTA — REVISIÓN HUMANA,['Cliente no encontrado en el maestro SUNAT (001_TBL_CLIENTES_B2B) -- no se puede validar SUNAT/Osiptel para este RUC.'],0,
2058943768,,,,,BAJO,BAJO,-2.0,-1.0,False,False,ALERTA — REVISIÓN HUMANA,['Cliente no encontrado en el maestro SUNAT (001_TBL_CLIENTES_B2B) -- no se puede validar SUNAT/Osiptel para este RUC.'],0,Mantener ciclo de facturación estándar; sin acción de cobranza adicional.
2059026768,CLIENT_00729,SAN MARTIN,San Martín,Tarapoto,SIN_HISTORIAL_DE_FACTURACION,,,,,True,OK,[],0,
2059054819,CLIENT_00448,LIMA,Lima,Chorrillos,BAJO,BAJO,3.0,3.0,False,True,OK,[],0,Mantener ciclo de facturación estándar; sin acción de cobranza adicional.
2059056062,,,,,SIN_HISTORIAL_DE_FACTURACION,,,,,False,ALERTA — REVISIÓN HUMANA,['Cliente no encontrado en el maestro SUNAT (001_TBL_CLIENTES_B2B) -- no se puede validar SUNAT/Osiptel para este RUC.'],0,
2059114844,,,,,SIN_HISTORIAL_DE_FACTURACION,,,,,False,ALERTA — REVISIÓN HUMANA,['Cliente no encontrado en el maestro SUNAT (001_TBL_CLIENTES_B2B) -- no se puede validar SUNAT/Osiptel para este RUC.'],0,
2059120527,CLIENT_00870,LIMA,Lima,San Isidro,SIN_HISTORIAL_DE_FACTURACION,,,,,True,OK,[],0,
2059135824,CLIENT_00447,LIMA,Lima,Miraflores,BAJO,BAJO,-5.0,-2.0,False,True,OK,[],0,Mantener ciclo de facturación estándar; sin acción de cobranza adicional.
2059219948,,,,,SIN_HISTORIAL_DE_FACTURACION,,,,,False,ALERTA — REVISIÓN HUMANA,['Cliente no encontrado en el maestro SUNAT (001_TBL_CLIENTES_B2B) -- no se puede validar SUNAT/Osiptel para este RUC.'],0,
2059220829,,,,,SIN_HISTORIAL_DE_FACTURACION,,,,,False,ALERTA — REVISIÓN HUMANA,['Cliente no encontrado en el maestro SUNAT (001_TBL_CLIENTES_B2B) -- no se puede validar SUNAT/Osiptel para este RUC.'],0,
2059259780,,,,,BAJO,BAJO,-15.3,4.0,False,False,ALERTA — REVISIÓN HUMANA,['Cliente no encontrado en el maestro SUNAT (001_TBL_CLIENTES_B2B) -- no se puede validar SUNAT/Osiptel para este RUC.'],3,Mantener ciclo de facturación estándar; sin acción de cobranza adicional.
2059281997,,,,,SIN_HISTORIAL_DE_FACTURACION,,,,,False,ALERTA — REVISIÓN HUMANA,['Cliente no encontrado en el maestro SUNAT (001_TBL_CLIENTES_B2B) -- no se puede validar SUNAT/Osiptel para este RUC.'],0,
2059315520,CLIENT_00186,LIMA,Lima,Breña,ALTO,ALTO,26.0,26.0,False,True,OK,[],1,Contacto proactivo antes del vencimiento + oferta de plan de pago fraccionado; escalar a gestor de cuenta senior.
2059324355,,,,,BAJO,BAJO,-0.5,0.0,False,False,ALERTA — REVISIÓN HUMANA,['Cliente no encontrado en el maestro SUNAT (001_TBL_CLIENTES_B2B) -- no se puede validar SUNAT/Osiptel para este RUC.'],1,Mantener ciclo de facturación estándar; sin acción de cobranza adicional.
2059325040,,,,,SIN_HISTORIAL_DE_FACTURACION,,,,,False,ALERTA — REVISIÓN HUMANA,['Cliente no encontrado en el maestro SUNAT (001_TBL_CLIENTES_B2B) -- no se puede validar SUNAT/Osiptel para este RUC.'],0,
2059339357,,,,,SIN_HISTORIAL_DE_FACTURACION,,,,,False,ALERTA — REVISIÓN HUMANA,['Cliente no encontrado en el maestro SUNAT (001_TBL_CLIENTES_B2B) -- no se puede validar SUNAT/Osiptel para este RUC.'],0,
2059379298,,,,,SIN_HISTORIAL_DE_FACTURACION,,,,,False,ALERTA — REVISIÓN HUMANA,['Cliente no encontrado en el maestro SUNAT (001_TBL_CLIENTES_B2B) -- no se puede validar SUNAT/Osiptel para este RUC.'],0,
2059396553,CLIENT_00171,LIMA,Lima,San Isidro,BAJO,BAJO,3.5,16.0,False,True,OK,[],2,Mantener ciclo de facturación estándar; sin acción de cobranza adicional.
2059404091,,,,,SIN_HISTORIAL_DE_FACTURACION,,,,,False,ALERTA — REVISIÓN HUMANA,['Cliente no encontrado en el maestro SUNAT (001_TBL_CLIENTES_B2B) -- no se puede validar SUNAT/Osiptel para este RUC.'],0,
2059508137,CLIENT_00794,LIMA,Lima,Miraflores,ALTO,ALTO,15.5,21.0,False,True,OK,[],1,Contacto proactivo antes del vencimiento + oferta de plan de pago fraccionado; escalar a gestor de cuenta senior.
2059516434,,,,,MEDIO,MEDIO,6.5,11.0,False,False,ALERTA — REVISIÓN HUMANA,['Cliente no encontrado en el maestro SUNAT (001_TBL_CLIENTES_B2B) -- no se puede validar SUNAT/Osiptel para este RUC.'],2,Recordatorio automático 5 días antes del vencimiento por correo/WhatsApp; sin escalamiento humano todavía.
2059563374,,,,,SIN_HISTORIAL_DE_FACTURACION,,,,,False,ALERTA — REVISIÓN HUMANA,['Cliente no encontrado en el maestro SUNAT (001_TBL_CLIENTES_B2B) -- no se puede validar SUNAT/Osiptel para este RUC.'],0,
2059564423,CLIENT_00991,LIMA,Lima,San Martín de Porres,SIN_HISTORIAL_DE_FACTURACION,,,,,True,OK,[],0,
2059584742,,,,,SIN_HISTORIAL_DE_FACTURACION,,,,,False,ALERTA — REVISIÓN HUMANA,['Cliente no encontrado en el maestro SUNAT (001_TBL_CLIENTES_B2B) -- no se puede validar SUNAT/Osiptel para este RUC.'],0,
2059631813,,,,,SIN_HISTORIAL_DE_FACTURACION,,,,,False,ALERTA — REVISIÓN HUMANA,['Cliente no encontrado en el maestro SUNAT (001_TBL_CLIENTES_B2B) -- no se puede validar SUNAT/Osiptel para este RUC.'],0,
2059725559,CLIENT_00880,LIMA,Lima,San Isidro,ALTO,,,,,True,ALERTA — REVISIÓN HUMANA,['SUNAT_ESTADO_CONTRIBUYENTE=BAJA DEFINITIVA (no ACTIVO)'],0,
2059744187,,,,,SIN_HISTORIAL_DE_FACTURACION,,,,,False,ALERTA — REVISIÓN HUMANA,['Cliente no encontrado en el maestro SUNAT (001_TBL_CLIENTES_B2B) -- no se puede validar SUNAT/Osiptel para este RUC.'],0,
2059779010,,,,,SIN_HISTORIAL_DE_FACTURACION,,,,,False,ALERTA — REVISIÓN HUMANA,['Cliente no encontrado en el maestro SUNAT (001_TBL_CLIENTES_B2B) -- no se puede validar SUNAT/Osiptel para este RUC.'],0,
2059791752,,,,,BAJO,BAJO,-6.0,2.0,False,False,ALERTA — REVISIÓN HUMANA,['Cliente no encontrado en el maestro SUNAT (001_TBL_CLIENTES_B2B) -- no se puede validar SUNAT/Osiptel para este RUC.'],0,Mantener ciclo de facturación estándar; sin acción de cobranza adicional.
2059795852,,,,,SIN_HISTORIAL_DE_FACTURACION,,,,,False,ALERTA — REVISIÓN HUMANA,['Cliente no encontrado en el maestro SUNAT (001_TBL_CLIENTES_B2B) -- no se puede validar SUNAT/Osiptel para este RUC.'],0,
2059817312,CLIENT_00780,LIMA,Lima,Chorrillos,SIN_HISTORIAL_DE_FACTURACION,,,,,True,OK,[],0,
2059872907,,,,,SIN_HISTORIAL_DE_FACTURACION,,,,,False,ALERTA — REVISIÓN HUMANA,['Cliente no encontrado en el maestro SUNAT (001_TBL_CLIENTES_B2B) -- no se puede validar SUNAT/Osiptel para este RUC.'],0,
2059931462,CLIENT_00106,LIMA,Lima,Lurigancho,BAJO,BAJO,1.0,2.0,True,True,OK,[],0,Mantener ciclo de facturación estándar; sin acción de cobranza adicional.
2059937005,CLIENT_00054,LIMA,Lima,La Victoria,SIN_HISTORIAL_DE_FACTURACION,,,,,True,OK,[],0,
2059941192,,,,,SIN_HISTORIAL_DE_FACTURACION,,,,,False,ALERTA — REVISIÓN HUMANA,['Cliente no encontrado en el maestro SUNAT (001_TBL_CLIENTES_B2B) -- no se puede validar SUNAT/Osiptel para este RUC.'],0,
2059951611,,,,,BAJO,BAJO,-3.5,-1.0,True,False,ALERTA — REVISIÓN HUMANA,['Cliente no encontrado en el maestro SUNAT (001_TBL_CLIENTES_B2B) -- no se puede validar SUNAT/Osiptel para este RUC.'],0,Mantener ciclo de facturación estándar; sin acción de cobranza adicional.
2059955585,CLIENT_00200,ICA,Ica,Ica,SIN_HISTORIAL_DE_FACTURACION,,,,,True,OK,[],0,
2059971591,,,,,SIN_HISTORIAL_DE_FACTURACION,,,,,False,ALERTA — REVISIÓN HUMANA,['Cliente no encontrado en el maestro SUNAT (001_TBL_CLIENTES_B2B) -- no se puede validar SUNAT/Osiptel para este RUC.'],0,
2060001107,CLIENT_00314,LIMA,Lima,Los Olivos,ALTO,ALTO,17.5,25.0,False,True,OK,[],0,Contacto proactivo antes del vencimiento + oferta de plan de pago fraccionado; escalar a gestor de cuenta senior.
2060011194,,,,,SIN_HISTORIAL_DE_FACTURACION,,,,,False,ALERTA — REVISIÓN HUMANA,['Cliente no encontrado en el maestro SUNAT (001_TBL_CLIENTES_B2B) -- no se puede validar SUNAT/Osiptel para este RUC.'],0,
2060056891,CLIENT_00140,TUMBES,Tumbes,Tumbes,MEDIO,MEDIO,10.0,22.0,False,True,OK,[],3,Recordatorio automático 5 días antes del vencimiento por correo/WhatsApp; sin escalamiento humano todavía.
2060092251,,,,,SIN_HISTORIAL_DE_FACTURACION,,,,,False,ALERTA — REVISIÓN HUMANA,['Cliente no encontrado en el maestro SUNAT (001_TBL_CLIENTES_B2B) -- no se puede validar SUNAT/Osiptel para este RUC.'],0,
2060124626,,,,,SIN_HISTORIAL_DE_FACTURACION,,,,,False,ALERTA — REVISIÓN HUMANA,['Cliente no encontrado en el maestro SUNAT (001_TBL_CLIENTES_B2B) -- no se puede validar SUNAT/Osiptel para este RUC.'],0,
2060200980,,,,,BAJO,BAJO,-2.2,27.0,False,False,ALERTA — REVISIÓN HUMANA,['Cliente no encontrado en el maestro SUNAT (001_TBL_CLIENTES_B2B) -- no se puede validar SUNAT/Osiptel para este RUC.'],2,Mantener ciclo de facturación estándar; sin acción de cobranza adicional.
2060225997,,,,,SIN_HISTORIAL_DE_FACTURACION,,,,,False,ALERTA — REVISIÓN HUMANA,['Cliente no encontrado en el maestro SUNAT (001_TBL_CLIENTES_B2B) -- no se puede validar SUNAT/Osiptel para este RUC.'],0,
2060242155,,,,,SIN_HISTORIAL_DE_FACTURACION,,,,,False,ALERTA — REVISIÓN HUMANA,['Cliente no encontrado en el maestro SUNAT (001_TBL_CLIENTES_B2B) -- no se puede validar SUNAT/Osiptel para este RUC.'],0,
2060290619,,,,,SIN_HISTORIAL_DE_FACTURACION,,,,,False,ALERTA — REVISIÓN HUMANA,['Cliente no encontrado en el maestro SUNAT (001_TBL_CLIENTES_B2B) -- no se puede validar SUNAT/Osiptel para este RUC.'],0,
2060332425,,,,,SIN_HISTORIAL_DE_FACTURACION,,,,,False,ALERTA — REVISIÓN HUMANA,['Cliente no encontrado en el maestro SUNAT (001_TBL_CLIENTES_B2B) -- no se puede validar SUNAT/Osiptel para este RUC.'],0,
2060345914,,,,,SIN_HISTORIAL_DE_FACTURACION,,,,,False,ALERTA — REVISIÓN HUMANA,['Cliente no encontrado en el maestro SUNAT (001_TBL_CLIENTES_B2B) -- no se puede validar SUNAT/Osiptel para este RUC.'],0,
2060375617,,,,,MEDIO,MEDIO,6.4,21.0,False,False,ALERTA — REVISIÓN HUMANA,['Cliente no encontrado en el maestro SUNAT (001_TBL_CLIENTES_B2B) -- no se puede validar SUNAT/Osiptel para este RUC.'],2,Recordatorio automático 5 días antes del vencimiento por correo/WhatsApp; sin escalamiento humano todavía.
2060405597,,,,,SIN_HISTORIAL_DE_FACTURACION,,,,,False,ALERTA — REVISIÓN HUMANA,['Cliente no encontrado en el maestro SUNAT (001_TBL_CLIENTES_B2B) -- no se puede validar SUNAT/Osiptel para este RUC.'],0,
2060410578,,,,,SIN_HISTORIAL_DE_FACTURACION,,,,,False,ALERTA — REVISIÓN HUMANA,['Cliente no encontrado en el maestro SUNAT (001_TBL_CLIENTES_B2B) -- no se puede validar SUNAT/Osiptel para este RUC.'],0,
2060452544,,,,,SIN_HISTORIAL_DE_FACTURACION,,,,,False,ALERTA — REVISIÓN HUMANA,['Cliente no encontrado en el maestro SUNAT (001_TBL_CLIENTES_B2B) -- no se puede validar SUNAT/Osiptel para este RUC.'],0,
2060453779,,,,,SIN_HISTORIAL_DE_FACTURACION,,,,,False,ALERTA — REVISIÓN HUMANA,['Cliente no encontrado en el maestro SUNAT (001_TBL_CLIENTES_B2B) -- no se puede validar SUNAT/Osiptel para este RUC.'],0,
2060463438,,,,,SIN_HISTORIAL_DE_FACTURACION,,,,,False,ALERTA — REVISIÓN HUMANA,['Cliente no encontrado en el maestro SUNAT (001_TBL_CLIENTES_B2B) -- no se puede validar SUNAT/Osiptel para este RUC.'],0,
2060519712,CLIENT_00827,LIMA,Lima,Santiago de Surco,BAJO,BAJO,-5.0,-4.0,False,True,OK,[],1,Mantener ciclo de facturación estándar; sin acción de cobranza adicional.
2060524559,CLIENT_00389,CALLAO,Prov. Const. del Callao,Bellavista,BAJO,BAJO,3.0,3.0,False,True,OK,[],0,Mantener ciclo de facturación estándar; sin acción de cobranza adicional.
2060526612,,,,,SIN_HISTORIAL_DE_FACTURACION,,,,,False,ALERTA — REVISIÓN HUMANA,['Cliente no encontrado en el maestro SUNAT (001_TBL_CLIENTES_B2B) -- no se puede validar SUNAT/Osiptel para este RUC.'],0,
2060547488,,,,,SIN_HISTORIAL_DE_FACTURACION,,,,,False,ALERTA — REVISIÓN HUMANA,['Cliente no encontrado en el maestro SUNAT (001_TBL_CLIENTES_B2B) -- no se puede validar SUNAT/Osiptel para este RUC.'],0,
2060569471,,,,,SIN_HISTORIAL_DE_FACTURACION,,,,,False,ALERTA — REVISIÓN HUMANA,['Cliente no encontrado en el maestro SUNAT (001_TBL_CLIENTES_B2B) -- no se puede validar SUNAT/Osiptel para este RUC.'],0,
2060627595,CLIENT_00757,PIURA,Piura,Piura,ALTO,ALTO,27.0,27.0,False,True,OK,[],1,Contacto proactivo antes del vencimiento + oferta de plan de pago fraccionado; escalar a gestor de cuenta senior.
2060773680,,,,,SIN_HISTORIAL_DE_FACTURACION,,,,,False,ALERTA — REVISIÓN HUMANA,['Cliente no encontrado en el maestro SUNAT (001_TBL_CLIENTES_B2B) -- no se puede validar SUNAT/Osiptel para este RUC.'],0,
2060820201,,,,,SIN_HISTORIAL_DE_FACTURACION,,,,,False,ALERTA — REVISIÓN HUMANA,['Cliente no encontrado en el maestro SUNAT (001_TBL_CLIENTES_B2B) -- no se puede validar SUNAT/Osiptel para este RUC.'],0,
2060826481,CLIENT_00672,APURIMAC,Andahuaylas,Andahuaylas,BAJO,BAJO,-1.0,2.0,True,True,OK,[],0,Mantener ciclo de facturación estándar; sin acción de cobranza adicional.
2060838699,,,,,BAJO,BAJO,-3.5,-2.0,False,False,ALERTA — REVISIÓN HUMANA,['Cliente no encontrado en el maestro SUNAT (001_TBL_CLIENTES_B2B) -- no se puede validar SUNAT/Osiptel para este RUC.'],8,Mantener ciclo de facturación estándar; sin acción de cobranza adicional.
2060843312,,,,,SIN_HISTORIAL_DE_FACTURACION,,,,,False,ALERTA — REVISIÓN HUMANA,['Cliente no encontrado en el maestro SUNAT (001_TBL_CLIENTES_B2B) -- no se puede validar SUNAT/Osiptel para este RUC.'],0,
2060844098,,,,,SIN_HISTORIAL_DE_FACTURACION,,,,,False,ALERTA — REVISIÓN HUMANA,['Cliente no encontrado en el maestro SUNAT (001_TBL_CLIENTES_B2B) -- no se puede validar SUNAT/Osiptel para este RUC.'],0,
2060863094,,,,,SIN_HISTORIAL_DE_FACTURACION,,,,,False,ALERTA — REVISIÓN HUMANA,['Cliente no encontrado en el maestro SUNAT (001_TBL_CLIENTES_B2B) -- no se puede validar SUNAT/Osiptel para este RUC.'],0,
2060865410,,,,,SIN_HISTORIAL_DE_FACTURACION,,,,,False,ALERTA — REVISIÓN HUMANA,['Cliente no encontrado en el maestro SUNAT (001_TBL_CLIENTES_B2B) -- no se puede validar SUNAT/Osiptel para este RUC.'],0,
2060866344,,,,,SIN_HISTORIAL_DE_FACTURACION,,,,,False,ALERTA — REVISIÓN HUMANA,['Cliente no encontrado en el maestro SUNAT (001_TBL_CLIENTES_B2B) -- no se puede validar SUNAT/Osiptel para este RUC.'],0,
2060867056,,,,,SIN_HISTORIAL_DE_FACTURACION,,,,,False,ALERTA — REVISIÓN HUMANA,['Cliente no encontrado en el maestro SUNAT (001_TBL_CLIENTES_B2B) -- no se puede validar SUNAT/Osiptel para este RUC.'],0,
2060898767,,,,,SIN_HISTORIAL_DE_FACTURACION,,,,,False,ALERTA — REVISIÓN HUMANA,['Cliente no encontrado en el maestro SUNAT (001_TBL_CLIENTES_B2B) -- no se puede validar SUNAT/Osiptel para este RUC.'],0,
2060903984,,,,,SIN_HISTORIAL_DE_FACTURACION,,,,,False,ALERTA — REVISIÓN HUMANA,['Cliente no encontrado en el maestro SUNAT (001_TBL_CLIENTES_B2B) -- no se puede validar SUNAT/Osiptel para este RUC.'],0,
2060928654,CLIENT_00894,LA LIBERTAD,Trujillo,El Porvenir,BAJO,BAJO,-4.0,6.0,False,True,OK,[],3,Mantener ciclo de facturación estándar; sin acción de cobranza adicional.
2061009705,,,,,SIN_HISTORIAL_DE_FACTURACION,,,,,False,ALERTA — REVISIÓN HUMANA,['Cliente no encontrado en el maestro SUNAT (001_TBL_CLIENTES_B2B) -- no se puede validar SUNAT/Osiptel para este RUC.'],0,
2061098744,CLIENT_00011,LIMA,Lima,Surquillo,ALTO,,,,,True,ALERTA — REVISIÓN HUMANA,['SUNAT_ESTADO_RUC=NO HABIDO (no HABIDO)'],0,
2061123522,CLIENT_00748,PIURA,Paita,Paita,ALTO,BAJO,2.0,3.0,False,True,ALERTA — REVISIÓN HUMANA,"['SUNAT_ESTADO_RUC=NO HABIDO (no HABIDO)', 'SUNAT_ESTADO_CONTRIBUYENTE=BAJA DE OFICIO (no ACTIVO)']",1,Mantener ciclo de facturación estándar; sin acción de cobranza adicional.
2061195913,CLIENT_00760,LIMA,Lima,San Juan de Lurigancho,SIN_HISTORIAL_DE_FACTURACION,,,,,True,OK,[],0,
2061219681,CLIENT_00327,LIMA,Lima,San Isidro,ALTO,ALTO,24.0,24.0,False,True,OK,[],1,Contacto proactivo antes del vencimiento + oferta de plan de pago fraccionado; escalar a gestor de cuenta senior.
2061262175,,,,,SIN_HISTORIAL_DE_FACTURACION,,,,,False,ALERTA — REVISIÓN HUMANA,['Cliente no encontrado en el maestro SUNAT (001_TBL_CLIENTES_B2B) -- no se puede validar SUNAT/Osiptel para este RUC.'],0,
2061270007,,,,,MEDIO,MEDIO,11.0,15.0,False,False,ALERTA — REVISIÓN HUMANA,['Cliente no encontrado en el maestro SUNAT (001_TBL_CLIENTES_B2B) -- no se puede validar SUNAT/Osiptel para este RUC.'],0,Recordatorio automático 5 días antes del vencimiento por correo/WhatsApp; sin escalamiento humano todavía.
2061273939,CLIENT_00449,LAMBAYEQUE,Chiclayo,Chiclayo,SIN_HISTORIAL_DE_FACTURACION,,,,,True,OK,[],0,
2061327685,,,,,SIN_HISTORIAL_DE_FACTURACION,,,,,False,ALERTA — REVISIÓN HUMANA,['Cliente no encontrado en el maestro SUNAT (001_TBL_CLIENTES_B2B) -- no se puede validar SUNAT/Osiptel para este RUC.'],0,
2061336618,,,,,SIN_HISTORIAL_DE_FACTURACION,,,,,False,ALERTA — REVISIÓN HUMANA,['Cliente no encontrado en el maestro SUNAT (001_TBL_CLIENTES_B2B) -- no se puede validar SUNAT/Osiptel para este RUC.'],0,
2061379977,,,,,SIN_HISTORIAL_DE_FACTURACION,,,,,False,ALERTA — REVISIÓN HUMANA,['Cliente no encontrado en el maestro SUNAT (001_TBL_CLIENTES_B2B) -- no se puede validar SUNAT/Osiptel para este RUC.'],0,
2061423792,,,,,SIN_HISTORIAL_DE_FACTURACION,,,,,False,ALERTA — REVISIÓN HUMANA,['Cliente no encontrado en el maestro SUNAT (001_TBL_CLIENTES_B2B) -- no se puede validar SUNAT/Osiptel para este RUC.'],0,
2061497280,CLIENT_00329,APURIMAC,Abancay,Abancay,SIN_HISTORIAL_DE_FACTURACION,,,,,True,OK,[],0,
2061505168,CLIENT_00879,LIMA,Lima,Los Olivos,BAJO,BAJO,3.0,4.0,False,True,OK,[],0,Mantener ciclo de facturación estándar; sin acción de cobranza adicional.
2061605795,,,,,SIN_HISTORIAL_DE_FACTURACION,,,,,False,ALERTA — REVISIÓN HUMANA,['Cliente no encontrado en el maestro SUNAT (001_TBL_CLIENTES_B2B) -- no se puede validar SUNAT/Osiptel para este RUC.'],0,
2061607083,,,,,BAJO,BAJO,-2.2,4.0,False,False,ALERTA — REVISIÓN HUMANA,['Cliente no encontrado en el maestro SUNAT (001_TBL_CLIENTES_B2B) -- no se puede validar SUNAT/Osiptel para este RUC.'],3,Mantener ciclo de facturación estándar; sin acción de cobranza adicional.
2061611588,CLIENT_00499,LA LIBERTAD,Trujillo,Trujillo,SIN_HISTORIAL_DE_FACTURACION,,,,,True,OK,[],0,
2061622065,,,,,SIN_HISTORIAL_DE_FACTURACION,,,,,False,ALERTA — REVISIÓN HUMANA,['Cliente no encontrado en el maestro SUNAT (001_TBL_CLIENTES_B2B) -- no se puede validar SUNAT/Osiptel para este RUC.'],0,
2061659174,CLIENT_00929,LIMA,Lima,Barranco,SIN_HISTORIAL_DE_FACTURACION,,,,,True,OK,[],0,
2061689230,,,,,SIN_HISTORIAL_DE_FACTURACION,,,,,False,ALERTA — REVISIÓN HUMANA,['Cliente no encontrado en el maestro SUNAT (001_TBL_CLIENTES_B2B) -- no se puede validar SUNAT/Osiptel para este RUC.'],0,
2061694729,,,,,SIN_HISTORIAL_DE_FACTURACION,,,,,False,ALERTA — REVISIÓN HUMANA,['Cliente no encontrado en el maestro SUNAT (001_TBL_CLIENTES_B2B) -- no se puede validar SUNAT/Osiptel para este RUC.'],0,
2061703324,,,,,SIN_HISTORIAL_DE_FACTURACION,,,,,False,ALERTA — REVISIÓN HUMANA,['Cliente no encontrado en el maestro SUNAT (001_TBL_CLIENTES_B2B) -- no se puede validar SUNAT/Osiptel para este RUC.'],0,
2061718037,,,,,SIN_HISTORIAL_DE_FACTURACION,,,,,False,ALERTA — REVISIÓN HUMANA,['Cliente no encontrado en el maestro SUNAT (001_TBL_CLIENTES_B2B) -- no se puede validar SUNAT/Osiptel para este RUC.'],0,
2061726816,CLIENT_00637,LAMBAYEQUE,Chiclayo,Saña,BAJO,BAJO,5.0,13.0,False,True,OK,[],0,Mantener ciclo de facturación estándar; sin acción de cobranza adicional.
2061928081,,,,,SIN_HISTORIAL_DE_FACTURACION,,,,,False,ALERTA — REVISIÓN HUMANA,['Cliente no encontrado en el maestro SUNAT (001_TBL_CLIENTES_B2B) -- no se puede validar SUNAT/Osiptel para este RUC.'],0,
2061945294,,,,,SIN_HISTORIAL_DE_FACTURACION,,,,,False,ALERTA — REVISIÓN HUMANA,['Cliente no encontrado en el maestro SUNAT (001_TBL_CLIENTES_B2B) -- no se puede validar SUNAT/Osiptel para este RUC.'],0,
2061945853,CLIENT_00964,AREQUIPA,Arequipa,Arequipa,BAJO,BAJO,-11.0,-11.0,False,True,OK,[],0,Mantener ciclo de facturación estándar; sin acción de cobranza adicional.
2061989491,CLIENT_00986,LIMA,Lima,Santiago de Surco,SIN_HISTORIAL_DE_FACTURACION,,,,,True,OK,[],0,
2062100732,,,,,SIN_HISTORIAL_DE_FACTURACION,,,,,False,ALERTA — REVISIÓN HUMANA,['Cliente no encontrado en el maestro SUNAT (001_TBL_CLIENTES_B2B) -- no se puede validar SUNAT/Osiptel para este RUC.'],0,
2062114181,,,,,SIN_HISTORIAL_DE_FACTURACION,,,,,False,ALERTA — REVISIÓN HUMANA,['Cliente no encontrado en el maestro SUNAT (001_TBL_CLIENTES_B2B) -- no se puede validar SUNAT/Osiptel para este RUC.'],0,
2062119832,,,,,SIN_HISTORIAL_DE_FACTURACION,,,,,False,ALERTA — REVISIÓN HUMANA,['Cliente no encontrado en el maestro SUNAT (001_TBL_CLIENTES_B2B) -- no se puede validar SUNAT/Osiptel para este RUC.'],0,
2062171269,,,,,SIN_HISTORIAL_DE_FACTURACION,,,,,False,ALERTA — REVISIÓN HUMANA,['Cliente no encontrado en el maestro SUNAT (001_TBL_CLIENTES_B2B) -- no se puede validar SUNAT/Osiptel para este RUC.'],0,
2062176867,,,,,SIN_HISTORIAL_DE_FACTURACION,,,,,False,ALERTA — REVISIÓN HUMANA,['Cliente no encontrado en el maestro SUNAT (001_TBL_CLIENTES_B2B) -- no se puede validar SUNAT/Osiptel para este RUC.'],0,
2062185872,CLIENT_00774,LIMA,Lima,Los Olivos,ALTO,BAJO,1.0,6.0,False,True,ALERTA — REVISIÓN HUMANA,['SUNAT_ESTADO_CONTRIBUYENTE=SUSPENSION TEMPORAL (no ACTIVO)'],0,Mantener ciclo de facturación estándar; sin acción de cobranza adicional.
2062194150,,,,,SIN_HISTORIAL_DE_FACTURACION,,,,,False,ALERTA — REVISIÓN HUMANA,['Cliente no encontrado en el maestro SUNAT (001_TBL_CLIENTES_B2B) -- no se puede validar SUNAT/Osiptel para este RUC.'],0,
2062201122,CLIENT_00210,LIMA,Lima,San Juan de Miraflores,BAJO,BAJO,-9.5,-8.0,True,True,OK,[],0,Mantener ciclo de facturación estándar; sin acción de cobranza adicional.
2062204675,,,,,SIN_HISTORIAL_DE_FACTURACION,,,,,False,ALERTA — REVISIÓN HUMANA,['Cliente no encontrado en el maestro SUNAT (001_TBL_CLIENTES_B2B) -- no se puede validar SUNAT/Osiptel para este RUC.'],0,
2062205828,,,,,BAJO,BAJO,1.5,4.0,False,False,ALERTA — REVISIÓN HUMANA,['Cliente no encontrado en el maestro SUNAT (001_TBL_CLIENTES_B2B) -- no se puede validar SUNAT/Osiptel para este RUC.'],0,Mantener ciclo de facturación estándar; sin acción de cobranza adicional.
2062294158,,,,,SIN_HISTORIAL_DE_FACTURACION,,,,,False,ALERTA — REVISIÓN HUMANA,['Cliente no encontrado en el maestro SUNAT (001_TBL_CLIENTES_B2B) -- no se puede validar SUNAT/Osiptel para este RUC.'],0,
2062335900,,,,,SIN_HISTORIAL_DE_FACTURACION,,,,,False,ALERTA — REVISIÓN HUMANA,['Cliente no encontrado en el maestro SUNAT (001_TBL_CLIENTES_B2B) -- no se puede validar SUNAT/Osiptel para este RUC.'],0,
2062344705,,,,,SIN_HISTORIAL_DE_FACTURACION,,,,,False,ALERTA — REVISIÓN HUMANA,['Cliente no encontrado en el maestro SUNAT (001_TBL_CLIENTES_B2B) -- no se puede validar SUNAT/Osiptel para este RUC.'],0,
2062397864,CLIENT_00410,LIMA,Lima,Miraflores,SIN_HISTORIAL_DE_FACTURACION,,,,,True,OK,[],0,
2062411125,,,,,SIN_HISTORIAL_DE_FACTURACION,,,,,False,ALERTA — REVISIÓN HUMANA,['Cliente no encontrado en el maestro SUNAT (001_TBL_CLIENTES_B2B) -- no se puede validar SUNAT/Osiptel para este RUC.'],0,
2062451997,,,,,SIN_HISTORIAL_DE_FACTURACION,,,,,False,ALERTA — REVISIÓN HUMANA,['Cliente no encontrado en el maestro SUNAT (001_TBL_CLIENTES_B2B) -- no se puede validar SUNAT/Osiptel para este RUC.'],0,
2062557489,CLIENT_00942,LIMA,Lima,Lima,SIN_HISTORIAL_DE_FACTURACION,,,,,True,OK,[],0,
2062560891,,,,,SIN_HISTORIAL_DE_FACTURACION,,,,,False,ALERTA — REVISIÓN HUMANA,['Cliente no encontrado en el maestro SUNAT (001_TBL_CLIENTES_B2B) -- no se puede validar SUNAT/Osiptel para este RUC.'],0,
2062587468,,,,,SIN_HISTORIAL_DE_FACTURACION,,,,,False,ALERTA — REVISIÓN HUMANA,['Cliente no encontrado en el maestro SUNAT (001_TBL_CLIENTES_B2B) -- no se puede validar SUNAT/Osiptel para este RUC.'],0,
2062644804,CLIENT_00156,CAJAMARCA,Jaén,Jaén,SIN_HISTORIAL_DE_FACTURACION,,,,,True,OK,[],0,
2062666590,CLIENT_00169,LIMA,Lima,San Martín de Porres,BAJO,BAJO,2.0,3.0,False,True,OK,[],0,Mantener ciclo de facturación estándar; sin acción de cobranza adicional.
2062681011,,,,,SIN_HISTORIAL_DE_FACTURACION,,,,,False,ALERTA — REVISIÓN HUMANA,['Cliente no encontrado en el maestro SUNAT (001_TBL_CLIENTES_B2B) -- no se puede validar SUNAT/Osiptel para este RUC.'],0,
2062726840,,,,,SIN_HISTORIAL_DE_FACTURACION,,,,,False,ALERTA — REVISIÓN HUMANA,['Cliente no encontrado en el maestro SUNAT (001_TBL_CLIENTES_B2B) -- no se puede validar SUNAT/Osiptel para este RUC.'],0,
2062740957,,,,,BAJO,BAJO,-5.5,0.0,False,False,ALERTA — REVISIÓN HUMANA,['Cliente no encontrado en el maestro SUNAT (001_TBL_CLIENTES_B2B) -- no se puede validar SUNAT/Osiptel para este RUC.'],0,Mantener ciclo de facturación estándar; sin acción de cobranza adicional.
2062751591,,,,,SIN_HISTORIAL_DE_FACTURACION,,,,,False,ALERTA — REVISIÓN HUMANA,['Cliente no encontrado en el maestro SUNAT (001_TBL_CLIENTES_B2B) -- no se puede validar SUNAT/Osiptel para este RUC.'],0,
2062752059,,,,,SIN_HISTORIAL_DE_FACTURACION,,,,,False,ALERTA — REVISIÓN HUMANA,['Cliente no encontrado en el maestro SUNAT (001_TBL_CLIENTES_B2B) -- no se puede validar SUNAT/Osiptel para este RUC.'],0,
2062806803,,,,,BAJO,BAJO,-0.5,1.0,True,False,ALERTA — REVISIÓN HUMANA,['Cliente no encontrado en el maestro SUNAT (001_TBL_CLIENTES_B2B) -- no se puede validar SUNAT/Osiptel para este RUC.'],0,Mantener ciclo de facturación estándar; sin acción de cobranza adicional.
2062828754,,,,,SIN_HISTORIAL_DE_FACTURACION,,,,,False,ALERTA — REVISIÓN HUMANA,['Cliente no encontrado en el maestro SUNAT (001_TBL_CLIENTES_B2B) -- no se puede validar SUNAT/Osiptel para este RUC.'],0,
2062849152,,,,,SIN_HISTORIAL_DE_FACTURACION,,,,,False,ALERTA — REVISIÓN HUMANA,['Cliente no encontrado en el maestro SUNAT (001_TBL_CLIENTES_B2B) -- no se puede validar SUNAT/Osiptel para este RUC.'],0,
2062849793,CLIENT_00574,LIMA,Lima,El Agustino,BAJO,BAJO,-7.0,-7.0,False,True,OK,[],0,Mantener ciclo de facturación estándar; sin acción de cobranza adicional.
2062851893,,,,,SIN_HISTORIAL_DE_FACTURACION,,,,,False,ALERTA — REVISIÓN HUMANA,['Cliente no encontrado en el maestro SUNAT (001_TBL_CLIENTES_B2B) -- no se puede validar SUNAT/Osiptel para este RUC.'],0,
2062873732,,,,,SIN_HISTORIAL_DE_FACTURACION,,,,,False,ALERTA — REVISIÓN HUMANA,['Cliente no encontrado en el maestro SUNAT (001_TBL_CLIENTES_B2B) -- no se puede validar SUNAT/Osiptel para este RUC.'],0,
2062876920,CLIENT_00061,LIMA,Lima,Surquillo,BAJO,BAJO,-6.7,4.0,False,True,OK,[],0,Mantener ciclo de facturación estándar; sin acción de cobranza adicional.
2062894104,CLIENT_00158,LIMA,Lima,El Agustino,BAJO,BAJO,-5.0,-3.0,True,True,OK,[],0,Mantener ciclo de facturación estándar; sin acción de cobranza adicional.
2062908470,,,,,SIN_HISTORIAL_DE_FACTURACION,,,,,False,ALERTA — REVISIÓN HUMANA,['Cliente no encontrado en el maestro SUNAT (001_TBL_CLIENTES_B2B) -- no se puede validar SUNAT/Osiptel para este RUC.'],0,
2062918925,,,,,SIN_HISTORIAL_DE_FACTURACION,,,,,False,ALERTA — REVISIÓN HUMANA,['Cliente no encontrado en el maestro SUNAT (001_TBL_CLIENTES_B2B) -- no se puede validar SUNAT/Osiptel para este RUC.'],0,
2062922977,,,,,BAJO,BAJO,-11.0,12.0,False,False,ALERTA — REVISIÓN HUMANA,['Cliente no encontrado en el maestro SUNAT (001_TBL_CLIENTES_B2B) -- no se puede validar SUNAT/Osiptel para este RUC.'],2,Mantener ciclo de facturación estándar; sin acción de cobranza adicional.
2063003333,,,,,SIN_HISTORIAL_DE_FACTURACION,,,,,False,ALERTA — REVISIÓN HUMANA,['Cliente no encontrado en el maestro SUNAT (001_TBL_CLIENTES_B2B) -- no se puede validar SUNAT/Osiptel para este RUC.'],0,
2063005127,CLIENT_00354,SAN MARTIN,San Martín,Tarapoto,BAJO,BAJO,-1.0,8.0,False,True,OK,[],0,Mantener ciclo de facturación estándar; sin acción de cobranza adicional.
2063015584,CLIENT_00588,UCAYALI,Atalaya,Raymondi,ALTO,,,,,True,ALERTA — REVISIÓN HUMANA,"['SUNAT_ESTADO_RUC=NO HABIDO (no HABIDO)', 'SUNAT_ESTADO_CONTRIBUYENTE=BAJA DE OFICIO (no ACTIVO)']",0,
2063036368,CLIENT_00951,CALLAO,Prov. Const. del Callao,La Perla,BAJO,BAJO,1.0,1.0,False,True,OK,[],0,Mantener ciclo de facturación estándar; sin acción de cobranza adicional.
2063051543,CLIENT_00629,LIMA,Lima,La Molina,MEDIO,MEDIO,8.0,8.0,False,True,OK,[],0,Recordatorio automático 5 días antes del vencimiento por correo/WhatsApp; sin escalamiento humano todavía.
2063059506,,,,,SIN_HISTORIAL_DE_FACTURACION,,,,,False,ALERTA — REVISIÓN HUMANA,['Cliente no encontrado en el maestro SUNAT (001_TBL_CLIENTES_B2B) -- no se puede validar SUNAT/Osiptel para este RUC.'],0,
2063081113,,,,,SIN_HISTORIAL_DE_FACTURACION,,,,,False,ALERTA — REVISIÓN HUMANA,['Cliente no encontrado en el maestro SUNAT (001_TBL_CLIENTES_B2B) -- no se puede validar SUNAT/Osiptel para este RUC.'],0,
2063121146,CLIENT_00778,LIMA,Lima,San Juan de Miraflores,SIN_HISTORIAL_DE_FACTURACION,,,,,True,OK,[],0,
2063150925,,,,,SIN_HISTORIAL_DE_FACTURACION,,,,,False,ALERTA — REVISIÓN HUMANA,['Cliente no encontrado en el maestro SUNAT (001_TBL_CLIENTES_B2B) -- no se puede validar SUNAT/Osiptel para este RUC.'],0,
2063153403,,,,,SIN_HISTORIAL_DE_FACTURACION,,,,,False,ALERTA — REVISIÓN HUMANA,['Cliente no encontrado en el maestro SUNAT (001_TBL_CLIENTES_B2B) -- no se puede validar SUNAT/Osiptel para este RUC.'],0,
2063168958,,,,,SIN_HISTORIAL_DE_FACTURACION,,,,,False,ALERTA — REVISIÓN HUMANA,['Cliente no encontrado en el maestro SUNAT (001_TBL_CLIENTES_B2B) -- no se puede validar SUNAT/Osiptel para este RUC.'],0,
2063192927,,,,,SIN_HISTORIAL_DE_FACTURACION,,,,,False,ALERTA — REVISIÓN HUMANA,['Cliente no encontrado en el maestro SUNAT (001_TBL_CLIENTES_B2B) -- no se puede validar SUNAT/Osiptel para este RUC.'],0,
2063339709,CLIENT_00486,PIURA,Talara,Pariñas,BAJO,BAJO,-4.0,4.0,False,True,OK,[],5,Mantener ciclo de facturación estándar; sin acción de cobranza adicional.
2063540669,CLIENT_00684,LIMA,Lima,Comas,SIN_HISTORIAL_DE_FACTURACION,,,,,True,OK,[],0,
2063572374,,,,,SIN_HISTORIAL_DE_FACTURACION,,,,,False,ALERTA — REVISIÓN HUMANA,['Cliente no encontrado en el maestro SUNAT (001_TBL_CLIENTES_B2B) -- no se puede validar SUNAT/Osiptel para este RUC.'],0,
2063630155,,,,,SIN_HISTORIAL_DE_FACTURACION,,,,,False,ALERTA — REVISIÓN HUMANA,['Cliente no encontrado en el maestro SUNAT (001_TBL_CLIENTES_B2B) -- no se puede validar SUNAT/Osiptel para este RUC.'],0,
2063647943,,,,,SIN_HISTORIAL_DE_FACTURACION,,,,,False,ALERTA — REVISIÓN HUMANA,['Cliente no encontrado en el maestro SUNAT (001_TBL_CLIENTES_B2B) -- no se puede validar SUNAT/Osiptel para este RUC.'],0,
2063656328,,,,,SIN_HISTORIAL_DE_FACTURACION,,,,,False,ALERTA — REVISIÓN HUMANA,['Cliente no encontrado en el maestro SUNAT (001_TBL_CLIENTES_B2B) -- no se puede validar SUNAT/Osiptel para este RUC.'],0,
2063658080,,,,,SIN_HISTORIAL_DE_FACTURACION,,,,,False,ALERTA — REVISIÓN HUMANA,['Cliente no encontrado en el maestro SUNAT (001_TBL_CLIENTES_B2B) -- no se puede validar SUNAT/Osiptel para este RUC.'],0,
2063665041,,,,,SIN_HISTORIAL_DE_FACTURACION,,,,,False,ALERTA — REVISIÓN HUMANA,['Cliente no encontrado en el maestro SUNAT (001_TBL_CLIENTES_B2B) -- no se puede validar SUNAT/Osiptel para este RUC.'],0,
2063670829,,,,,SIN_HISTORIAL_DE_FACTURACION,,,,,False,ALERTA — REVISIÓN HUMANA,['Cliente no encontrado en el maestro SUNAT (001_TBL_CLIENTES_B2B) -- no se puede validar SUNAT/Osiptel para este RUC.'],0,
2063701019,CLIENT_00709,ICA,Chincha,Chincha Alta,BAJO,BAJO,-5.5,-4.0,True,True,OK,[],0,Mantener ciclo de facturación estándar; sin acción de cobranza adicional.
2063704445,,,,,SIN_HISTORIAL_DE_FACTURACION,,,,,False,ALERTA — REVISIÓN HUMANA,['Cliente no encontrado en el maestro SUNAT (001_TBL_CLIENTES_B2B) -- no se puede validar SUNAT/Osiptel para este RUC.'],0,
2063748052,,,,,SIN_HISTORIAL_DE_FACTURACION,,,,,False,ALERTA — REVISIÓN HUMANA,['Cliente no encontrado en el maestro SUNAT (001_TBL_CLIENTES_B2B) -- no se puede validar SUNAT/Osiptel para este RUC.'],0,
2063755498,CLIENT_00835,LIMA,Lima,La Victoria,BAJO,BAJO,-3.5,-2.0,True,True,OK,[],0,Mantener ciclo de facturación estándar; sin acción de cobranza adicional.
2063773311,CLIENT_00701,LIMA,Lima,Lima,BAJO,BAJO,-7.0,-3.0,False,True,OK,[],0,Mantener ciclo de facturación estándar; sin acción de cobranza adicional.
2063823142,,,,,SIN_HISTORIAL_DE_FACTURACION,,,,,False,ALERTA — REVISIÓN HUMANA,['Cliente no encontrado en el maestro SUNAT (001_TBL_CLIENTES_B2B) -- no se puede validar SUNAT/Osiptel para este RUC.'],0,
2063862131,CLIENT_00721,LIMA,Lima,Villa María del Triunfo,SIN_HISTORIAL_DE_FACTURACION,,,,,True,OK,[],0,
2063868713,,,,,SIN_HISTORIAL_DE_FACTURACION,,,,,False,ALERTA — REVISIÓN HUMANA,['Cliente no encontrado en el maestro SUNAT (001_TBL_CLIENTES_B2B) -- no se puede validar SUNAT/Osiptel para este RUC.'],0,
2063869275,,,,,BAJO,BAJO,0.5,2.0,False,False,ALERTA — REVISIÓN HUMANA,['Cliente no encontrado en el maestro SUNAT (001_TBL_CLIENTES_B2B) -- no se puede validar SUNAT/Osiptel para este RUC.'],0,Mantener ciclo de facturación estándar; sin acción de cobranza adicional.
2063906604,,,,,SIN_HISTORIAL_DE_FACTURACION,,,,,False,ALERTA — REVISIÓN HUMANA,['Cliente no encontrado en el maestro SUNAT (001_TBL_CLIENTES_B2B) -- no se puede validar SUNAT/Osiptel para este RUC.'],0,
2063923880,,,,,SIN_HISTORIAL_DE_FACTURACION,,,,,False,ALERTA — REVISIÓN HUMANA,['Cliente no encontrado en el maestro SUNAT (001_TBL_CLIENTES_B2B) -- no se puede validar SUNAT/Osiptel para este RUC.'],0,
2063947811,,,,,SIN_HISTORIAL_DE_FACTURACION,,,,,False,ALERTA — REVISIÓN HUMANA,['Cliente no encontrado en el maestro SUNAT (001_TBL_CLIENTES_B2B) -- no se puede validar SUNAT/Osiptel para este RUC.'],0,
2063960356,CLIENT_00283,AREQUIPA,Arequipa,Arequipa,BAJO,BAJO,-11.3,-8.0,False,True,OK,[],0,Mantener ciclo de facturación estándar; sin acción de cobranza adicional.
2063970218,,,,,SIN_HISTORIAL_DE_FACTURACION,,,,,False,ALERTA — REVISIÓN HUMANA,['Cliente no encontrado en el maestro SUNAT (001_TBL_CLIENTES_B2B) -- no se puede validar SUNAT/Osiptel para este RUC.'],0,
2064019811,CLIENT_00806,LIMA,Lima,San Borja,BAJO,BAJO,-1.5,4.0,True,True,OK,[],0,Mantener ciclo de facturación estándar; sin acción de cobranza adicional.
2064043539,CLIENT_00599,LIMA,Lima,Miraflores,BAJO,BAJO,-11.0,-9.0,True,True,OK,[],0,Mantener ciclo de facturación estándar; sin acción de cobranza adicional.
2064193979,,,,,SIN_HISTORIAL_DE_FACTURACION,,,,,False,ALERTA — REVISIÓN HUMANA,['Cliente no encontrado en el maestro SUNAT (001_TBL_CLIENTES_B2B) -- no se puede validar SUNAT/Osiptel para este RUC.'],0,
2064253109,,,,,SIN_HISTORIAL_DE_FACTURACION,,,,,False,ALERTA — REVISIÓN HUMANA,['Cliente no encontrado en el maestro SUNAT (001_TBL_CLIENTES_B2B) -- no se puede validar SUNAT/Osiptel para este RUC.'],0,
2064266045,CLIENT_00606,LAMBAYEQUE,Chiclayo,Chiclayo,SIN_HISTORIAL_DE_FACTURACION,,,,,True,OK,[],0,
2064277467,CLIENT_00871,AREQUIPA,Arequipa,Arequipa,BAJO,BAJO,-8.5,-5.0,False,True,OK,[],0,Mantener ciclo de facturación estándar; sin acción de cobranza adicional.
2064330333,,,,,SIN_HISTORIAL_DE_FACTURACION,,,,,False,ALERTA — REVISIÓN HUMANA,['Cliente no encontrado en el maestro SUNAT (001_TBL_CLIENTES_B2B) -- no se puede validar SUNAT/Osiptel para este RUC.'],0,
2064353372,,,,,SIN_HISTORIAL_DE_FACTURACION,,,,,False,ALERTA — REVISIÓN HUMANA,['Cliente no encontrado en el maestro SUNAT (001_TBL_CLIENTES_B2B) -- no se puede validar SUNAT/Osiptel para este RUC.'],0,
2064422879,,,,,SIN_HISTORIAL_DE_FACTURACION,,,,,False,ALERTA — REVISIÓN HUMANA,['Cliente no encontrado en el maestro SUNAT (001_TBL_CLIENTES_B2B) -- no se puede validar SUNAT/Osiptel para este RUC.'],0,
2064447144,CLIENT_00541,LIMA,Lima,La Victoria,SIN_HISTORIAL_DE_FACTURACION,,,,,True,OK,[],0,
2064475821,,,,,BAJO,BAJO,-5.5,2.0,False,False,ALERTA — REVISIÓN HUMANA,['Cliente no encontrado en el maestro SUNAT (001_TBL_CLIENTES_B2B) -- no se puede validar SUNAT/Osiptel para este RUC.'],0,Mantener ciclo de facturación estándar; sin acción de cobranza adicional.
2064484778,,,,,SIN_HISTORIAL_DE_FACTURACION,,,,,False,ALERTA — REVISIÓN HUMANA,['Cliente no encontrado en el maestro SUNAT (001_TBL_CLIENTES_B2B) -- no se puede validar SUNAT/Osiptel para este RUC.'],0,
2064492291,,,,,SIN_HISTORIAL_DE_FACTURACION,,,,,False,ALERTA — REVISIÓN HUMANA,['Cliente no encontrado en el maestro SUNAT (001_TBL_CLIENTES_B2B) -- no se puede validar SUNAT/Osiptel para este RUC.'],0,
2064524697,,,,,BAJO,BAJO,-6.0,5.0,False,False,ALERTA — REVISIÓN HUMANA,['Cliente no encontrado en el maestro SUNAT (001_TBL_CLIENTES_B2B) -- no se puede validar SUNAT/Osiptel para este RUC.'],2,Mantener ciclo de facturación estándar; sin acción de cobranza adicional.
2064536829,,,,,BAJO,BAJO,-2.7,0.0,False,False,ALERTA — REVISIÓN HUMANA,['Cliente no encontrado en el maestro SUNAT (001_TBL_CLIENTES_B2B) -- no se puede validar SUNAT/Osiptel para este RUC.'],0,Mantener ciclo de facturación estándar; sin acción de cobranza adicional.
2064561415,,,,,SIN_HISTORIAL_DE_FACTURACION,,,,,False,ALERTA — REVISIÓN HUMANA,['Cliente no encontrado en el maestro SUNAT (001_TBL_CLIENTES_B2B) -- no se puede validar SUNAT/Osiptel para este RUC.'],0,
2064574452,,,,,BAJO,BAJO,3.5,5.0,True,False,ALERTA — REVISIÓN HUMANA,['Cliente no encontrado en el maestro SUNAT (001_TBL_CLIENTES_B2B) -- no se puede validar SUNAT/Osiptel para este RUC.'],0,Mantener ciclo de facturación estándar; sin acción de cobranza adicional.
2064584942,,,,,SIN_HISTORIAL_DE_FACTURACION,,,,,False,ALERTA — REVISIÓN HUMANA,['Cliente no encontrado en el maestro SUNAT (001_TBL_CLIENTES_B2B) -- no se puede validar SUNAT/Osiptel para este RUC.'],0,
2064617159,CLIENT_00426,LA LIBERTAD,Trujillo,Trujillo,ALTO,BAJO,-5.0,-5.0,False,True,ALERTA — REVISIÓN HUMANA,['SUNAT_ESTADO_CONTRIBUYENTE=BAJA DE OFICIO (no ACTIVO)'],0,Mantener ciclo de facturación estándar; sin acción de cobranza adicional.
2064658684,CLIENT_00353,LIMA,Lima,Lurigancho,BAJO,BAJO,-4.0,-4.0,False,True,OK,[],0,Mantener ciclo de facturación estándar; sin acción de cobranza adicional.
2064659206,,,,,SIN_HISTORIAL_DE_FACTURACION,,,,,False,ALERTA — REVISIÓN HUMANA,['Cliente no encontrado en el maestro SUNAT (001_TBL_CLIENTES_B2B) -- no se puede validar SUNAT/Osiptel para este RUC.'],0,
2064668113,,,,,SIN_HISTORIAL_DE_FACTURACION,,,,,False,ALERTA — REVISIÓN HUMANA,['Cliente no encontrado en el maestro SUNAT (001_TBL_CLIENTES_B2B) -- no se puede validar SUNAT/Osiptel para este RUC.'],0,
2064786199,CLIENT_00357,CUSCO,Cusco,Santiago,BAJO,BAJO,2.5,3.0,False,True,OK,[],0,Mantener ciclo de facturación estándar; sin acción de cobranza adicional.
2064808256,,,,,BAJO,BAJO,-0.5,3.0,False,False,ALERTA — REVISIÓN HUMANA,['Cliente no encontrado en el maestro SUNAT (001_TBL_CLIENTES_B2B) -- no se puede validar SUNAT/Osiptel para este RUC.'],0,Mantener ciclo de facturación estándar; sin acción de cobranza adicional.
2064819637,CLIENT_00608,PUNO,San Román,Juliaca,MEDIO,MEDIO,8.5,9.0,False,True,OK,[],0,Recordatorio automático 5 días antes del vencimiento por correo/WhatsApp; sin escalamiento humano todavía.
2064854539,,,,,SIN_HISTORIAL_DE_FACTURACION,,,,,False,ALERTA — REVISIÓN HUMANA,['Cliente no encontrado en el maestro SUNAT (001_TBL_CLIENTES_B2B) -- no se puede validar SUNAT/Osiptel para este RUC.'],0,
2064871860,,,,,SIN_HISTORIAL_DE_FACTURACION,,,,,False,ALERTA — REVISIÓN HUMANA,['Cliente no encontrado en el maestro SUNAT (001_TBL_CLIENTES_B2B) -- no se puede validar SUNAT/Osiptel para este RUC.'],0,
2064887435,CLIENT_00142,LIMA,Lima,Santiago de Surco,MEDIO,MEDIO,7.0,22.0,False,True,OK,[],2,Recordatorio automático 5 días antes del vencimiento por correo/WhatsApp; sin escalamiento humano todavía.
2064916349,,,,,SIN_HISTORIAL_DE_FACTURACION,,,,,False,ALERTA — REVISIÓN HUMANA,['Cliente no encontrado en el maestro SUNAT (001_TBL_CLIENTES_B2B) -- no se puede validar SUNAT/Osiptel para este RUC.'],0,
2064978878,,,,,SIN_HISTORIAL_DE_FACTURACION,,,,,False,ALERTA — REVISIÓN HUMANA,['Cliente no encontrado en el maestro SUNAT (001_TBL_CLIENTES_B2B) -- no se puede validar SUNAT/Osiptel para este RUC.'],0,
2064993907,CLIENT_00925,ICA,Ica,Ica,BAJO,BAJO,2.0,2.0,False,True,OK,[],0,Mantener ciclo de facturación estándar; sin acción de cobranza adicional.
2064994430,,,,,SIN_HISTORIAL_DE_FACTURACION,,,,,False,ALERTA — REVISIÓN HUMANA,['Cliente no encontrado en el maestro SUNAT (001_TBL_CLIENTES_B2B) -- no se puede validar SUNAT/Osiptel para este RUC.'],0,
2065010802,CLIENT_00191,APURIMAC,Abancay,Abancay,SIN_HISTORIAL_DE_FACTURACION,,,,,True,OK,[],0,
2065026469,CLIENT_00218,LIMA,Lima,San Isidro,BAJO,BAJO,-4.0,11.0,False,True,OK,[],2,Mantener ciclo de facturación estándar; sin acción de cobranza adicional.
2065059290,,,,,MEDIO,MEDIO,7.3,11.0,False,False,ALERTA — REVISIÓN HUMANA,['Cliente no encontrado en el maestro SUNAT (001_TBL_CLIENTES_B2B) -- no se puede validar SUNAT/Osiptel para este RUC.'],1,Recordatorio automático 5 días antes del vencimiento por correo/WhatsApp; sin escalamiento humano todavía.
2065094859,,,,,SIN_HISTORIAL_DE_FACTURACION,,,,,False,ALERTA — REVISIÓN HUMANA,['Cliente no encontrado en el maestro SUNAT (001_TBL_CLIENTES_B2B) -- no se puede validar SUNAT/Osiptel para este RUC.'],0,
2065158243,,,,,SIN_HISTORIAL_DE_FACTURACION,,,,,False,ALERTA — REVISIÓN HUMANA,['Cliente no encontrado en el maestro SUNAT (001_TBL_CLIENTES_B2B) -- no se puede validar SUNAT/Osiptel para este RUC.'],0,
2065171858,,,,,SIN_HISTORIAL_DE_FACTURACION,,,,,False,ALERTA — REVISIÓN HUMANA,['Cliente no encontrado en el maestro SUNAT (001_TBL_CLIENTES_B2B) -- no se puede validar SUNAT/Osiptel para este RUC.'],0,
2065235262,,,,,SIN_HISTORIAL_DE_FACTURACION,,,,,False,ALERTA — REVISIÓN HUMANA,['Cliente no encontrado en el maestro SUNAT (001_TBL_CLIENTES_B2B) -- no se puede validar SUNAT/Osiptel para este RUC.'],0,
2065240167,,,,,SIN_HISTORIAL_DE_FACTURACION,,,,,False,ALERTA — REVISIÓN HUMANA,['Cliente no encontrado en el maestro SUNAT (001_TBL_CLIENTES_B2B) -- no se puede validar SUNAT/Osiptel para este RUC.'],0,
2065298423,,,,,BAJO,BAJO,2.5,3.0,True,False,ALERTA — REVISIÓN HUMANA,['Cliente no encontrado en el maestro SUNAT (001_TBL_CLIENTES_B2B) -- no se puede validar SUNAT/Osiptel para este RUC.'],0,Mantener ciclo de facturación estándar; sin acción de cobranza adicional.
2065299671,CLIENT_00567,CUSCO,Cusco,Wanchaq,ALTO,BAJO,2.5,4.0,False,True,ALERTA — REVISIÓN HUMANA,['SUNAT_ESTADO_CONTRIBUYENTE=BAJA DE OFICIO (no ACTIVO)'],2,Mantener ciclo de facturación estándar; sin acción de cobranza adicional.
2065302766,,,,,BAJO,BAJO,-12.0,3.0,False,False,ALERTA — REVISIÓN HUMANA,['Cliente no encontrado en el maestro SUNAT (001_TBL_CLIENTES_B2B) -- no se puede validar SUNAT/Osiptel para este RUC.'],1,Mantener ciclo de facturación estándar; sin acción de cobranza adicional.
2065371644,,,,,SIN_HISTORIAL_DE_FACTURACION,,,,,False,ALERTA — REVISIÓN HUMANA,['Cliente no encontrado en el maestro SUNAT (001_TBL_CLIENTES_B2B) -- no se puede validar SUNAT/Osiptel para este RUC.'],0,
2065404784,,,,,SIN_HISTORIAL_DE_FACTURACION,,,,,False,ALERTA — REVISIÓN HUMANA,['Cliente no encontrado en el maestro SUNAT (001_TBL_CLIENTES_B2B) -- no se puede validar SUNAT/Osiptel para este RUC.'],0,
2065416602,,,,,SIN_HISTORIAL_DE_FACTURACION,,,,,False,ALERTA — REVISIÓN HUMANA,['Cliente no encontrado en el maestro SUNAT (001_TBL_CLIENTES_B2B) -- no se puede validar SUNAT/Osiptel para este RUC.'],0,
2065446938,,,,,SIN_HISTORIAL_DE_FACTURACION,,,,,False,ALERTA — REVISIÓN HUMANA,['Cliente no encontrado en el maestro SUNAT (001_TBL_CLIENTES_B2B) -- no se puede validar SUNAT/Osiptel para este RUC.'],0,
2065481852,,,,,SIN_HISTORIAL_DE_FACTURACION,,,,,False,ALERTA — REVISIÓN HUMANA,['Cliente no encontrado en el maestro SUNAT (001_TBL_CLIENTES_B2B) -- no se puede validar SUNAT/Osiptel para este RUC.'],0,
2065495159,,,,,SIN_HISTORIAL_DE_FACTURACION,,,,,False,ALERTA — REVISIÓN HUMANA,['Cliente no encontrado en el maestro SUNAT (001_TBL_CLIENTES_B2B) -- no se puede validar SUNAT/Osiptel para este RUC.'],0,
2065565343,,,,,SIN_HISTORIAL_DE_FACTURACION,,,,,False,ALERTA — REVISIÓN HUMANA,['Cliente no encontrado en el maestro SUNAT (001_TBL_CLIENTES_B2B) -- no se puede validar SUNAT/Osiptel para este RUC.'],0,
2065581182,CLIENT_00019,LIMA,Lima,Carabayllo,SIN_HISTORIAL_DE_FACTURACION,,,,,True,OK,[],0,
2065635379,CLIENT_00149,LIMA,Lima,San Borja,BAJO,BAJO,-5.0,1.0,False,True,OK,[],0,Mantener ciclo de facturación estándar; sin acción de cobranza adicional.
2065640290,,,,,SIN_HISTORIAL_DE_FACTURACION,,,,,False,ALERTA — REVISIÓN HUMANA,['Cliente no encontrado en el maestro SUNAT (001_TBL_CLIENTES_B2B) -- no se puede validar SUNAT/Osiptel para este RUC.'],0,
2065720994,,,,,SIN_HISTORIAL_DE_FACTURACION,,,,,False,ALERTA — REVISIÓN HUMANA,['Cliente no encontrado en el maestro SUNAT (001_TBL_CLIENTES_B2B) -- no se puede validar SUNAT/Osiptel para este RUC.'],0,
2065722978,,,,,BAJO,BAJO,0.0,6.0,True,False,ALERTA — REVISIÓN HUMANA,['Cliente no encontrado en el maestro SUNAT (001_TBL_CLIENTES_B2B) -- no se puede validar SUNAT/Osiptel para este RUC.'],0,Mantener ciclo de facturación estándar; sin acción de cobranza adicional.
2065741511,,,,,SIN_HISTORIAL_DE_FACTURACION,,,,,False,ALERTA — REVISIÓN HUMANA,['Cliente no encontrado en el maestro SUNAT (001_TBL_CLIENTES_B2B) -- no se puede validar SUNAT/Osiptel para este RUC.'],0,
2065817304,,,,,SIN_HISTORIAL_DE_FACTURACION,,,,,False,ALERTA — REVISIÓN HUMANA,['Cliente no encontrado en el maestro SUNAT (001_TBL_CLIENTES_B2B) -- no se puede validar SUNAT/Osiptel para este RUC.'],0,
2065832543,,,,,SIN_HISTORIAL_DE_FACTURACION,,,,,False,ALERTA — REVISIÓN HUMANA,['Cliente no encontrado en el maestro SUNAT (001_TBL_CLIENTES_B2B) -- no se puede validar SUNAT/Osiptel para este RUC.'],0,
2065844931,,,,,SIN_HISTORIAL_DE_FACTURACION,,,,,False,ALERTA — REVISIÓN HUMANA,['Cliente no encontrado en el maestro SUNAT (001_TBL_CLIENTES_B2B) -- no se puede validar SUNAT/Osiptel para este RUC.'],0,
2065910252,,,,,SIN_HISTORIAL_DE_FACTURACION,,,,,False,ALERTA — REVISIÓN HUMANA,['Cliente no encontrado en el maestro SUNAT (001_TBL_CLIENTES_B2B) -- no se puede validar SUNAT/Osiptel para este RUC.'],0,
2065971015,,,,,BAJO,BAJO,-4.7,1.0,False,False,ALERTA — REVISIÓN HUMANA,['Cliente no encontrado en el maestro SUNAT (001_TBL_CLIENTES_B2B) -- no se puede validar SUNAT/Osiptel para este RUC.'],0,Mantener ciclo de facturación estándar; sin acción de cobranza adicional.
2065992014,,,,,SIN_HISTORIAL_DE_FACTURACION,,,,,False,ALERTA — REVISIÓN HUMANA,['Cliente no encontrado en el maestro SUNAT (001_TBL_CLIENTES_B2B) -- no se puede validar SUNAT/Osiptel para este RUC.'],0,
2066046585,,,,,SIN_HISTORIAL_DE_FACTURACION,,,,,False,ALERTA — REVISIÓN HUMANA,['Cliente no encontrado en el maestro SUNAT (001_TBL_CLIENTES_B2B) -- no se puede validar SUNAT/Osiptel para este RUC.'],0,
2066085589,,,,,SIN_HISTORIAL_DE_FACTURACION,,,,,False,ALERTA — REVISIÓN HUMANA,['Cliente no encontrado en el maestro SUNAT (001_TBL_CLIENTES_B2B) -- no se puede validar SUNAT/Osiptel para este RUC.'],0,
2066104589,CLIENT_00649,LIMA,Lima,Lima,ALTO,ALTO,18.0,18.0,False,True,OK,[],1,Contacto proactivo antes del vencimiento + oferta de plan de pago fraccionado; escalar a gestor de cuenta senior.
2066121135,,,,,SIN_HISTORIAL_DE_FACTURACION,,,,,False,ALERTA — REVISIÓN HUMANA,['Cliente no encontrado en el maestro SUNAT (001_TBL_CLIENTES_B2B) -- no se puede validar SUNAT/Osiptel para este RUC.'],0,
2066202065,,,,,SIN_HISTORIAL_DE_FACTURACION,,,,,False,ALERTA — REVISIÓN HUMANA,['Cliente no encontrado en el maestro SUNAT (001_TBL_CLIENTES_B2B) -- no se puede validar SUNAT/Osiptel para este RUC.'],0,
2066260318,,,,,MEDIO,MEDIO,14.5,27.0,False,False,ALERTA — REVISIÓN HUMANA,['Cliente no encontrado en el maestro SUNAT (001_TBL_CLIENTES_B2B) -- no se puede validar SUNAT/Osiptel para este RUC.'],2,Recordatorio automático 5 días antes del vencimiento por correo/WhatsApp; sin escalamiento humano todavía.
2066275923,,,,,SIN_HISTORIAL_DE_FACTURACION,,,,,False,ALERTA — REVISIÓN HUMANA,['Cliente no encontrado en el maestro SUNAT (001_TBL_CLIENTES_B2B) -- no se puede validar SUNAT/Osiptel para este RUC.'],0,
2066317893,,,,,SIN_HISTORIAL_DE_FACTURACION,,,,,False,ALERTA — REVISIÓN HUMANA,['Cliente no encontrado en el maestro SUNAT (001_TBL_CLIENTES_B2B) -- no se puede validar SUNAT/Osiptel para este RUC.'],0,
2066331018,,,,,BAJO,BAJO,-1.0,0.0,True,False,ALERTA — REVISIÓN HUMANA,['Cliente no encontrado en el maestro SUNAT (001_TBL_CLIENTES_B2B) -- no se puede validar SUNAT/Osiptel para este RUC.'],0,Mantener ciclo de facturación estándar; sin acción de cobranza adicional.
2066355988,,,,,SIN_HISTORIAL_DE_FACTURACION,,,,,False,ALERTA — REVISIÓN HUMANA,['Cliente no encontrado en el maestro SUNAT (001_TBL_CLIENTES_B2B) -- no se puede validar SUNAT/Osiptel para este RUC.'],0,
2066367236,,,,,SIN_HISTORIAL_DE_FACTURACION,,,,,False,ALERTA — REVISIÓN HUMANA,['Cliente no encontrado en el maestro SUNAT (001_TBL_CLIENTES_B2B) -- no se puede validar SUNAT/Osiptel para este RUC.'],0,
2066367927,CLIENT_00527,LIMA,Lima,Magdalena del Mar,BAJO,BAJO,2.7,11.0,False,True,OK,[],1,Mantener ciclo de facturación estándar; sin acción de cobranza adicional.
2066387109,,,,,SIN_HISTORIAL_DE_FACTURACION,,,,,False,ALERTA — REVISIÓN HUMANA,['Cliente no encontrado en el maestro SUNAT (001_TBL_CLIENTES_B2B) -- no se puede validar SUNAT/Osiptel para este RUC.'],0,
2066463578,,,,,SIN_HISTORIAL_DE_FACTURACION,,,,,False,ALERTA — REVISIÓN HUMANA,['Cliente no encontrado en el maestro SUNAT (001_TBL_CLIENTES_B2B) -- no se puede validar SUNAT/Osiptel para este RUC.'],0,
2066464531,CLIENT_00087,LIMA,Lima,San Martín de Porres,ALTO,BAJO,4.0,4.0,False,True,ALERTA — REVISIÓN HUMANA,"['SUNAT_ESTADO_RUC=NO HABIDO (no HABIDO)', 'SUNAT_ESTADO_CONTRIBUYENTE=SUSPENSION TEMPORAL (no ACTIVO)']",0,Mantener ciclo de facturación estándar; sin acción de cobranza adicional.
2066496152,,,,,SIN_HISTORIAL_DE_FACTURACION,,,,,False,ALERTA — REVISIÓN HUMANA,['Cliente no encontrado en el maestro SUNAT (001_TBL_CLIENTES_B2B) -- no se puede validar SUNAT/Osiptel para este RUC.'],0,
2066544689,,,,,SIN_HISTORIAL_DE_FACTURACION,,,,,False,ALERTA — REVISIÓN HUMANA,['Cliente no encontrado en el maestro SUNAT (001_TBL_CLIENTES_B2B) -- no se puede validar SUNAT/Osiptel para este RUC.'],0,
2066606978,,,,,SIN_HISTORIAL_DE_FACTURACION,,,,,False,ALERTA — REVISIÓN HUMANA,['Cliente no encontrado en el maestro SUNAT (001_TBL_CLIENTES_B2B) -- no se puede validar SUNAT/Osiptel para este RUC.'],0,
2066627197,,,,,SIN_HISTORIAL_DE_FACTURACION,,,,,False,ALERTA — REVISIÓN HUMANA,['Cliente no encontrado en el maestro SUNAT (001_TBL_CLIENTES_B2B) -- no se puede validar SUNAT/Osiptel para este RUC.'],0,
2066627763,,,,,SIN_HISTORIAL_DE_FACTURACION,,,,,False,ALERTA — REVISIÓN HUMANA,['Cliente no encontrado en el maestro SUNAT (001_TBL_CLIENTES_B2B) -- no se puede validar SUNAT/Osiptel para este RUC.'],0,
2066644162,,,,,SIN_HISTORIAL_DE_FACTURACION,,,,,False,ALERTA — REVISIÓN HUMANA,['Cliente no encontrado en el maestro SUNAT (001_TBL_CLIENTES_B2B) -- no se puede validar SUNAT/Osiptel para este RUC.'],0,
2066657742,,,,,SIN_HISTORIAL_DE_FACTURACION,,,,,False,ALERTA — REVISIÓN HUMANA,['Cliente no encontrado en el maestro SUNAT (001_TBL_CLIENTES_B2B) -- no se puede validar SUNAT/Osiptel para este RUC.'],0,
2066685881,CLIENT_00643,CUSCO,Cusco,Cusco,BAJO,BAJO,4.0,19.0,False,True,OK,[],0,Mantener ciclo de facturación estándar; sin acción de cobranza adicional.
2066690205,CLIENT_00259,LIMA,Lima,Lurin,SIN_HISTORIAL_DE_FACTURACION,,,,,True,OK,[],0,
2066708502,,,,,BAJO,BAJO,-2.3,4.0,False,False,ALERTA — REVISIÓN HUMANA,['Cliente no encontrado en el maestro SUNAT (001_TBL_CLIENTES_B2B) -- no se puede validar SUNAT/Osiptel para este RUC.'],0,Mantener ciclo de facturación estándar; sin acción de cobranza adicional.
2066717944,CLIENT_00082,CALLAO,Prov. Const. del Callao,Carmen de la Legua Reynoso,SIN_HISTORIAL_DE_FACTURACION,,,,,True,OK,[],0,
2066819656,,,,,SIN_HISTORIAL_DE_FACTURACION,,,,,False,ALERTA — REVISIÓN HUMANA,['Cliente no encontrado en el maestro SUNAT (001_TBL_CLIENTES_B2B) -- no se puede validar SUNAT/Osiptel para este RUC.'],0,
2066834685,,,,,SIN_HISTORIAL_DE_FACTURACION,,,,,False,ALERTA — REVISIÓN HUMANA,['Cliente no encontrado en el maestro SUNAT (001_TBL_CLIENTES_B2B) -- no se puede validar SUNAT/Osiptel para este RUC.'],0,
2066839079,,,,,SIN_HISTORIAL_DE_FACTURACION,,,,,False,ALERTA — REVISIÓN HUMANA,['Cliente no encontrado en el maestro SUNAT (001_TBL_CLIENTES_B2B) -- no se puede validar SUNAT/Osiptel para este RUC.'],0,
2066842380,CLIENT_00337,TACNA,Tacna,Alto de la Alianza,BAJO,BAJO,-7.0,-7.0,False,True,OK,[],0,Mantener ciclo de facturación estándar; sin acción de cobranza adicional.
2066850166,,,,,SIN_HISTORIAL_DE_FACTURACION,,,,,False,ALERTA — REVISIÓN HUMANA,['Cliente no encontrado en el maestro SUNAT (001_TBL_CLIENTES_B2B) -- no se puede validar SUNAT/Osiptel para este RUC.'],0,
2066854509,CLIENT_00619,LIMA,Lima,Miraflores,SIN_HISTORIAL_DE_FACTURACION,,,,,True,OK,[],0,
2066869475,,,,,SIN_HISTORIAL_DE_FACTURACION,,,,,False,ALERTA — REVISIÓN HUMANA,['Cliente no encontrado en el maestro SUNAT (001_TBL_CLIENTES_B2B) -- no se puede validar SUNAT/Osiptel para este RUC.'],0,
2066968595,,,,,SIN_HISTORIAL_DE_FACTURACION,,,,,False,ALERTA — REVISIÓN HUMANA,['Cliente no encontrado en el maestro SUNAT (001_TBL_CLIENTES_B2B) -- no se puede validar SUNAT/Osiptel para este RUC.'],0,
2067001579,,,,,SIN_HISTORIAL_DE_FACTURACION,,,,,False,ALERTA — REVISIÓN HUMANA,['Cliente no encontrado en el maestro SUNAT (001_TBL_CLIENTES_B2B) -- no se puede validar SUNAT/Osiptel para este RUC.'],0,
2067006652,CLIENT_00878,LIMA,Lima,Jesús María,BAJO,BAJO,-1.6,0.0,False,True,OK,[],0,Mantener ciclo de facturación estándar; sin acción de cobranza adicional.
2067016446,CLIENT_00306,LIMA,Lima,Lima,BAJO,BAJO,-7.5,-2.0,True,True,OK,[],0,Mantener ciclo de facturación estándar; sin acción de cobranza adicional.
2067033955,,,,,SIN_HISTORIAL_DE_FACTURACION,,,,,False,ALERTA — REVISIÓN HUMANA,['Cliente no encontrado en el maestro SUNAT (001_TBL_CLIENTES_B2B) -- no se puede validar SUNAT/Osiptel para este RUC.'],0,
2067048159,,,,,SIN_HISTORIAL_DE_FACTURACION,,,,,False,ALERTA — REVISIÓN HUMANA,['Cliente no encontrado en el maestro SUNAT (001_TBL_CLIENTES_B2B) -- no se puede validar SUNAT/Osiptel para este RUC.'],0,
2067095729,CLIENT_00388,LA LIBERTAD,Trujillo,Trujillo,SIN_HISTORIAL_DE_FACTURACION,,,,,True,OK,[],0,
2067192688,,,,,SIN_HISTORIAL_DE_FACTURACION,,,,,False,ALERTA — REVISIÓN HUMANA,['Cliente no encontrado en el maestro SUNAT (001_TBL_CLIENTES_B2B) -- no se puede validar SUNAT/Osiptel para este RUC.'],0,
2067284827,,,,,SIN_HISTORIAL_DE_FACTURACION,,,,,False,ALERTA — REVISIÓN HUMANA,['Cliente no encontrado en el maestro SUNAT (001_TBL_CLIENTES_B2B) -- no se puede validar SUNAT/Osiptel para este RUC.'],0,
2067346691,CLIENT_00086,LIMA,Lima,Barranco,BAJO,BAJO,-6.0,1.0,True,True,OK,[],0,Mantener ciclo de facturación estándar; sin acción de cobranza adicional.
2067382285,CLIENT_00906,LIMA,Lima,Los Olivos,BAJO,BAJO,-6.5,-2.0,False,True,OK,[],1,Mantener ciclo de facturación estándar; sin acción de cobranza adicional.
2067392845,CLIENT_00917,LIMA,Lima,Ate,BAJO,BAJO,-8.8,-2.0,True,True,OK,[],0,Mantener ciclo de facturación estándar; sin acción de cobranza adicional.
2067431205,,,,,SIN_HISTORIAL_DE_FACTURACION,,,,,False,ALERTA — REVISIÓN HUMANA,['Cliente no encontrado en el maestro SUNAT (001_TBL_CLIENTES_B2B) -- no se puede validar SUNAT/Osiptel para este RUC.'],0,
2067472025,CLIENT_00049,LIMA,Lima,Lima,MEDIO,MEDIO,11.0,11.0,False,True,OK,[],0,Recordatorio automático 5 días antes del vencimiento por correo/WhatsApp; sin escalamiento humano todavía.
2067480851,,,,,SIN_HISTORIAL_DE_FACTURACION,,,,,False,ALERTA — REVISIÓN HUMANA,['Cliente no encontrado en el maestro SUNAT (001_TBL_CLIENTES_B2B) -- no se puede validar SUNAT/Osiptel para este RUC.'],0,
2067484096,,,,,SIN_HISTORIAL_DE_FACTURACION,,,,,False,ALERTA — REVISIÓN HUMANA,['Cliente no encontrado en el maestro SUNAT (001_TBL_CLIENTES_B2B) -- no se puede validar SUNAT/Osiptel para este RUC.'],0,
2067610928,,,,,SIN_HISTORIAL_DE_FACTURACION,,,,,False,ALERTA — REVISIÓN HUMANA,['Cliente no encontrado en el maestro SUNAT (001_TBL_CLIENTES_B2B) -- no se puede validar SUNAT/Osiptel para este RUC.'],0,
2067612773,,,,,SIN_HISTORIAL_DE_FACTURACION,,,,,False,ALERTA — REVISIÓN HUMANA,['Cliente no encontrado en el maestro SUNAT (001_TBL_CLIENTES_B2B) -- no se puede validar SUNAT/Osiptel para este RUC.'],0,
2067617220,CLIENT_00473,ANCASH,Santa,Nuevo Chimbote,SIN_HISTORIAL_DE_FACTURACION,,,,,True,OK,[],0,
2067621835,,,,,SIN_HISTORIAL_DE_FACTURACION,,,,,False,ALERTA — REVISIÓN HUMANA,['Cliente no encontrado en el maestro SUNAT (001_TBL_CLIENTES_B2B) -- no se puede validar SUNAT/Osiptel para este RUC.'],0,
2067641062,CLIENT_00563,LIMA,Huaral,Chancay,SIN_HISTORIAL_DE_FACTURACION,,,,,True,OK,[],0,
2067647278,,,,,BAJO,BAJO,0.4,20.0,False,False,ALERTA — REVISIÓN HUMANA,['Cliente no encontrado en el maestro SUNAT (001_TBL_CLIENTES_B2B) -- no se puede validar SUNAT/Osiptel para este RUC.'],0,Mantener ciclo de facturación estándar; sin acción de cobranza adicional.
2067738871,,,,,SIN_HISTORIAL_DE_FACTURACION,,,,,False,ALERTA — REVISIÓN HUMANA,['Cliente no encontrado en el maestro SUNAT (001_TBL_CLIENTES_B2B) -- no se puede validar SUNAT/Osiptel para este RUC.'],0,
2067790069,,,,,SIN_HISTORIAL_DE_FACTURACION,,,,,False,ALERTA — REVISIÓN HUMANA,['Cliente no encontrado en el maestro SUNAT (001_TBL_CLIENTES_B2B) -- no se puede validar SUNAT/Osiptel para este RUC.'],0,
2067912703,CLIENT_00808,LIMA,Lima,La Victoria,ALTO,,,,,True,ALERTA — REVISIÓN HUMANA,['Todas sus líneas (fija/móvil) están inactivas o suspendidas'],0,
2067918276,,,,,SIN_HISTORIAL_DE_FACTURACION,,,,,False,ALERTA — REVISIÓN HUMANA,['Cliente no encontrado en el maestro SUNAT (001_TBL_CLIENTES_B2B) -- no se puede validar SUNAT/Osiptel para este RUC.'],0,
2067931553,,,,,SIN_HISTORIAL_DE_FACTURACION,,,,,False,ALERTA — REVISIÓN HUMANA,['Cliente no encontrado en el maestro SUNAT (001_TBL_CLIENTES_B2B) -- no se puede validar SUNAT/Osiptel para este RUC.'],0,
2067946507,,,,,SIN_HISTORIAL_DE_FACTURACION,,,,,False,ALERTA — REVISIÓN HUMANA,['Cliente no encontrado en el maestro SUNAT (001_TBL_CLIENTES_B2B) -- no se puede validar SUNAT/Osiptel para este RUC.'],0,
2068003607,,,,,SIN_HISTORIAL_DE_FACTURACION,,,,,False,ALERTA — REVISIÓN HUMANA,['Cliente no encontrado en el maestro SUNAT (001_TBL_CLIENTES_B2B) -- no se puede validar SUNAT/Osiptel para este RUC.'],0,
2068100781,CLIENT_00901,LIMA,Lima,Villa El Salvador,BAJO,BAJO,-2.4,26.0,False,True,OK,[],3,Mantener ciclo de facturación estándar; sin acción de cobranza adicional.
2068120686,,,,,SIN_HISTORIAL_DE_FACTURACION,,,,,False,ALERTA — REVISIÓN HUMANA,['Cliente no encontrado en el maestro SUNAT (001_TBL_CLIENTES_B2B) -- no se puede validar SUNAT/Osiptel para este RUC.'],0,
2068144577,,,,,SIN_HISTORIAL_DE_FACTURACION,,,,,False,ALERTA — REVISIÓN HUMANA,['Cliente no encontrado en el maestro SUNAT (001_TBL_CLIENTES_B2B) -- no se puede validar SUNAT/Osiptel para este RUC.'],0,
2068154038,,,,,SIN_HISTORIAL_DE_FACTURACION,,,,,False,ALERTA — REVISIÓN HUMANA,['Cliente no encontrado en el maestro SUNAT (001_TBL_CLIENTES_B2B) -- no se puede validar SUNAT/Osiptel para este RUC.'],0,
2068178034,CLIENT_00379,LIMA,Lima,Villa El Salvador,ALTO,BAJO,-7.7,23.0,False,True,ALERTA — REVISIÓN HUMANA,['SUNAT_ESTADO_CONTRIBUYENTE=BAJA DE OFICIO (no ACTIVO)'],3,Mantener ciclo de facturación estándar; sin acción de cobranza adicional.
2068213151,,,,,SIN_HISTORIAL_DE_FACTURACION,,,,,False,ALERTA — REVISIÓN HUMANA,['Cliente no encontrado en el maestro SUNAT (001_TBL_CLIENTES_B2B) -- no se puede validar SUNAT/Osiptel para este RUC.'],0,
2068227546,,,,,SIN_HISTORIAL_DE_FACTURACION,,,,,False,ALERTA — REVISIÓN HUMANA,['Cliente no encontrado en el maestro SUNAT (001_TBL_CLIENTES_B2B) -- no se puede validar SUNAT/Osiptel para este RUC.'],0,
2068228602,,,,,SIN_HISTORIAL_DE_FACTURACION,,,,,False,ALERTA — REVISIÓN HUMANA,['Cliente no encontrado en el maestro SUNAT (001_TBL_CLIENTES_B2B) -- no se puede validar SUNAT/Osiptel para este RUC.'],0,
2068228646,,,,,SIN_HISTORIAL_DE_FACTURACION,,,,,False,ALERTA — REVISIÓN HUMANA,['Cliente no encontrado en el maestro SUNAT (001_TBL_CLIENTES_B2B) -- no se puede validar SUNAT/Osiptel para este RUC.'],0,
2068242198,CLIENT_00515,LIMA,Lima,Lima,SIN_HISTORIAL_DE_FACTURACION,,,,,True,OK,[],0,
2068263724,CLIENT_00962,LIMA,Lima,San Isidro,ALTO,ALTO,336.3,413.0,False,True,OK,[],3,Contacto proactivo antes del vencimiento + oferta de plan de pago fraccionado; escalar a gestor de cuenta senior.
2068272028,,,,,BAJO,BAJO,5.0,10.0,False,False,ALERTA — REVISIÓN HUMANA,['Cliente no encontrado en el maestro SUNAT (001_TBL_CLIENTES_B2B) -- no se puede validar SUNAT/Osiptel para este RUC.'],1,Mantener ciclo de facturación estándar; sin acción de cobranza adicional.
2068274598,,,,,SIN_HISTORIAL_DE_FACTURACION,,,,,False,ALERTA — REVISIÓN HUMANA,['Cliente no encontrado en el maestro SUNAT (001_TBL_CLIENTES_B2B) -- no se puede validar SUNAT/Osiptel para este RUC.'],0,
2068288805,,,,,SIN_HISTORIAL_DE_FACTURACION,,,,,False,ALERTA — REVISIÓN HUMANA,['Cliente no encontrado en el maestro SUNAT (001_TBL_CLIENTES_B2B) -- no se puede validar SUNAT/Osiptel para este RUC.'],0,
2068306876,CLIENT_00220,LA LIBERTAD,Trujillo,La Esperanza,SIN_HISTORIAL_DE_FACTURACION,,,,,True,OK,[],0,
2068323251,,,,,SIN_HISTORIAL_DE_FACTURACION,,,,,False,ALERTA — REVISIÓN HUMANA,['Cliente no encontrado en el maestro SUNAT (001_TBL_CLIENTES_B2B) -- no se puede validar SUNAT/Osiptel para este RUC.'],0,
2068334049,,,,,SIN_HISTORIAL_DE_FACTURACION,,,,,False,ALERTA — REVISIÓN HUMANA,['Cliente no encontrado en el maestro SUNAT (001_TBL_CLIENTES_B2B) -- no se puede validar SUNAT/Osiptel para este RUC.'],0,
2068423196,CLIENT_00030,ANCASH,Santa,Chimbote,BAJO,BAJO,-4.0,5.0,True,True,OK,[],0,Mantener ciclo de facturación estándar; sin acción de cobranza adicional.
2068445567,CLIENT_00718,LA LIBERTAD,Trujillo,Trujillo,BAJO,BAJO,-12.0,15.0,False,True,OK,[],4,Mantener ciclo de facturación estándar; sin acción de cobranza adicional.
2068519226,,,,,SIN_HISTORIAL_DE_FACTURACION,,,,,False,ALERTA — REVISIÓN HUMANA,['Cliente no encontrado en el maestro SUNAT (001_TBL_CLIENTES_B2B) -- no se puede validar SUNAT/Osiptel para este RUC.'],0,
2068618852,,,,,SIN_HISTORIAL_DE_FACTURACION,,,,,False,ALERTA — REVISIÓN HUMANA,['Cliente no encontrado en el maestro SUNAT (001_TBL_CLIENTES_B2B) -- no se puede validar SUNAT/Osiptel para este RUC.'],0,
2068624950,,,,,MEDIO,MEDIO,8.4,29.0,False,False,ALERTA — REVISIÓN HUMANA,['Cliente no encontrado en el maestro SUNAT (001_TBL_CLIENTES_B2B) -- no se puede validar SUNAT/Osiptel para este RUC.'],0,Recordatorio automático 5 días antes del vencimiento por correo/WhatsApp; sin escalamiento humano todavía.
2068641471,CLIENT_00978,LIMA,Lima,Ate,ALTO,BAJO,-9.0,-7.0,False,True,ALERTA — REVISIÓN HUMANA,['SUNAT_ESTADO_CONTRIBUYENTE=BAJA PROV. POR OFICI (no ACTIVO)'],0,Mantener ciclo de facturación estándar; sin acción de cobranza adicional.
2068643068,CLIENT_00119,LA LIBERTAD,Trujillo,Trujillo,BAJO,BAJO,2.0,2.0,False,True,OK,[],0,Mantener ciclo de facturación estándar; sin acción de cobranza adicional.
2068676525,,,,,SIN_HISTORIAL_DE_FACTURACION,,,,,False,ALERTA — REVISIÓN HUMANA,['Cliente no encontrado en el maestro SUNAT (001_TBL_CLIENTES_B2B) -- no se puede validar SUNAT/Osiptel para este RUC.'],0,
2068705208,,,,,SIN_HISTORIAL_DE_FACTURACION,,,,,False,ALERTA — REVISIÓN HUMANA,['Cliente no encontrado en el maestro SUNAT (001_TBL_CLIENTES_B2B) -- no se puede validar SUNAT/Osiptel para este RUC.'],0,
2068710937,,,,,SIN_HISTORIAL_DE_FACTURACION,,,,,False,ALERTA — REVISIÓN HUMANA,['Cliente no encontrado en el maestro SUNAT (001_TBL_CLIENTES_B2B) -- no se puede validar SUNAT/Osiptel para este RUC.'],0,
2068741039,CLIENT_00328,LIMA,Lima,La Molina,SIN_HISTORIAL_DE_FACTURACION,,,,,True,OK,[],0,
2068760918,CLIENT_00496,LIMA,Lima,Miraflores,SIN_HISTORIAL_DE_FACTURACION,,,,,True,OK,[],0,
2068789568,CLIENT_00153,LIMA,Lima,San Martín de Porres,MEDIO,MEDIO,8.5,19.0,False,True,OK,[],1,Recordatorio automático 5 días antes del vencimiento por correo/WhatsApp; sin escalamiento humano todavía.
2068848408,,,,,BAJO,BAJO,1.0,2.0,False,False,ALERTA — REVISIÓN HUMANA,['Cliente no encontrado en el maestro SUNAT (001_TBL_CLIENTES_B2B) -- no se puede validar SUNAT/Osiptel para este RUC.'],0,Mantener ciclo de facturación estándar; sin acción de cobranza adicional.
2068878174,,,,,BAJO,BAJO,-5.0,-3.0,True,False,ALERTA — REVISIÓN HUMANA,['Cliente no encontrado en el maestro SUNAT (001_TBL_CLIENTES_B2B) -- no se puede validar SUNAT/Osiptel para este RUC.'],0,Mantener ciclo de facturación estándar; sin acción de cobranza adicional.
2068926847,CLIENT_00666,LIMA,Lima,Surquillo,SIN_HISTORIAL_DE_FACTURACION,,,,,True,OK,[],0,
2068981425,,,,,SIN_HISTORIAL_DE_FACTURACION,,,,,False,ALERTA — REVISIÓN HUMANA,['Cliente no encontrado en el maestro SUNAT (001_TBL_CLIENTES_B2B) -- no se puede validar SUNAT/Osiptel para este RUC.'],0,
2069001127,,,,,SIN_HISTORIAL_DE_FACTURACION,,,,,False,ALERTA — REVISIÓN HUMANA,['Cliente no encontrado en el maestro SUNAT (001_TBL_CLIENTES_B2B) -- no se puede validar SUNAT/Osiptel para este RUC.'],0,
2069010208,,,,,SIN_HISTORIAL_DE_FACTURACION,,,,,False,ALERTA — REVISIÓN HUMANA,['Cliente no encontrado en el maestro SUNAT (001_TBL_CLIENTES_B2B) -- no se puede validar SUNAT/Osiptel para este RUC.'],0,
2069061373,,,,,SIN_HISTORIAL_DE_FACTURACION,,,,,False,ALERTA — REVISIÓN HUMANA,['Cliente no encontrado en el maestro SUNAT (001_TBL_CLIENTES_B2B) -- no se puede validar SUNAT/Osiptel para este RUC.'],0,
2069073026,CLIENT_00147,SAN MARTIN,San Martín,Tarapoto,SIN_HISTORIAL_DE_FACTURACION,,,,,True,OK,[],0,
2069114417,CLIENT_00617,LIMA,Lima,San Isidro,BAJO,BAJO,-6.0,-4.0,False,True,OK,[],0,Mantener ciclo de facturación estándar; sin acción de cobranza adicional.
2069121500,CLIENT_00717,LIMA,Lima,Magdalena del Mar,BAJO,BAJO,-5.7,-2.0,False,True,OK,[],0,Mantener ciclo de facturación estándar; sin acción de cobranza adicional.
2069123981,,,,,BAJO,BAJO,0.5,2.0,False,False,ALERTA — REVISIÓN HUMANA,['Cliente no encontrado en el maestro SUNAT (001_TBL_CLIENTES_B2B) -- no se puede validar SUNAT/Osiptel para este RUC.'],0,Mantener ciclo de facturación estándar; sin acción de cobranza adicional.
2069128399,,,,,SIN_HISTORIAL_DE_FACTURACION,,,,,False,ALERTA — REVISIÓN HUMANA,['Cliente no encontrado en el maestro SUNAT (001_TBL_CLIENTES_B2B) -- no se puede validar SUNAT/Osiptel para este RUC.'],0,
2069148589,,,,,SIN_HISTORIAL_DE_FACTURACION,,,,,False,ALERTA — REVISIÓN HUMANA,['Cliente no encontrado en el maestro SUNAT (001_TBL_CLIENTES_B2B) -- no se puede validar SUNAT/Osiptel para este RUC.'],0,
2069165375,,,,,SIN_HISTORIAL_DE_FACTURACION,,,,,False,ALERTA — REVISIÓN HUMANA,['Cliente no encontrado en el maestro SUNAT (001_TBL_CLIENTES_B2B) -- no se puede validar SUNAT/Osiptel para este RUC.'],0,
2069240757,,,,,SIN_HISTORIAL_DE_FACTURACION,,,,,False,ALERTA — REVISIÓN HUMANA,['Cliente no encontrado en el maestro SUNAT (001_TBL_CLIENTES_B2B) -- no se puede validar SUNAT/Osiptel para este RUC.'],0,
2069247617,,,,,SIN_HISTORIAL_DE_FACTURACION,,,,,False,ALERTA — REVISIÓN HUMANA,['Cliente no encontrado en el maestro SUNAT (001_TBL_CLIENTES_B2B) -- no se puede validar SUNAT/Osiptel para este RUC.'],0,
2069275365,,,,,BAJO,BAJO,2.5,4.0,False,False,ALERTA — REVISIÓN HUMANA,['Cliente no encontrado en el maestro SUNAT (001_TBL_CLIENTES_B2B) -- no se puede validar SUNAT/Osiptel para este RUC.'],0,Mantener ciclo de facturación estándar; sin acción de cobranza adicional.
2069318000,,,,,SIN_HISTORIAL_DE_FACTURACION,,,,,False,ALERTA — REVISIÓN HUMANA,['Cliente no encontrado en el maestro SUNAT (001_TBL_CLIENTES_B2B) -- no se puede validar SUNAT/Osiptel para este RUC.'],0,
2069333193,,,,,SIN_HISTORIAL_DE_FACTURACION,,,,,False,ALERTA — REVISIÓN HUMANA,['Cliente no encontrado en el maestro SUNAT (001_TBL_CLIENTES_B2B) -- no se puede validar SUNAT/Osiptel para este RUC.'],0,
2069376951,CLIENT_00700,LIMA,Lima,La Molina,ALTO,ALTO,18.0,19.0,False,True,ALERTA — REVISIÓN HUMANA,"['SUNAT_ESTADO_RUC=NO HABIDO (no HABIDO)', 'SUNAT_ESTADO_CONTRIBUYENTE=BAJA DE OFICIO (no ACTIVO)']",0,Contacto proactivo antes del vencimiento + oferta de plan de pago fraccionado; escalar a gestor de cuenta senior.
2069426660,,,,,SIN_HISTORIAL_DE_FACTURACION,,,,,False,ALERTA — REVISIÓN HUMANA,['Cliente no encontrado en el maestro SUNAT (001_TBL_CLIENTES_B2B) -- no se puede validar SUNAT/Osiptel para este RUC.'],0,
2069451715,,,,,BAJO,BAJO,-0.5,0.0,False,False,ALERTA — REVISIÓN HUMANA,['Cliente no encontrado en el maestro SUNAT (001_TBL_CLIENTES_B2B) -- no se puede validar SUNAT/Osiptel para este RUC.'],0,Mantener ciclo de facturación estándar; sin acción de cobranza adicional.
2069458837,CLIENT_00566,CUSCO,Cusco,Wanchaq,SIN_HISTORIAL_DE_FACTURACION,,,,,True,OK,[],0,
2069482990,,,,,SIN_HISTORIAL_DE_FACTURACION,,,,,False,ALERTA — REVISIÓN HUMANA,['Cliente no encontrado en el maestro SUNAT (001_TBL_CLIENTES_B2B) -- no se puede validar SUNAT/Osiptel para este RUC.'],0,
2069496201,,,,,SIN_HISTORIAL_DE_FACTURACION,,,,,False,ALERTA — REVISIÓN HUMANA,['Cliente no encontrado en el maestro SUNAT (001_TBL_CLIENTES_B2B) -- no se puede validar SUNAT/Osiptel para este RUC.'],0,
2069501836,CLIENT_00263,LIMA,Lima,San Martín de Porres,ALTO,BAJO,-1.0,0.0,True,True,ALERTA — REVISIÓN HUMANA,['SUNAT_ESTADO_CONTRIBUYENTE=BAJA DE OFICIO (no ACTIVO)'],0,Mantener ciclo de facturación estándar; sin acción de cobranza adicional.
2069507116,CLIENT_00675,SAN MARTIN,Rioja,Rioja,BAJO,BAJO,-0.5,0.0,False,True,OK,[],1,Mantener ciclo de facturación estándar; sin acción de cobranza adicional.
2069534308,CLIENT_00423,LIMA,Lima,Rímac,SIN_HISTORIAL_DE_FACTURACION,,,,,True,OK,[],0,
2069541043,CLIENT_00362,LIMA,Lima,Miraflores,SIN_HISTORIAL_DE_FACTURACION,,,,,True,OK,[],0,
2069544043,,,,,SIN_HISTORIAL_DE_FACTURACION,,,,,False,ALERTA — REVISIÓN HUMANA,['Cliente no encontrado en el maestro SUNAT (001_TBL_CLIENTES_B2B) -- no se puede validar SUNAT/Osiptel para este RUC.'],0,
2069567013,,,,,SIN_HISTORIAL_DE_FACTURACION,,,,,False,ALERTA — REVISIÓN HUMANA,['Cliente no encontrado en el maestro SUNAT (001_TBL_CLIENTES_B2B) -- no se puede validar SUNAT/Osiptel para este RUC.'],0,
2069574012,,,,,SIN_HISTORIAL_DE_FACTURACION,,,,,False,ALERTA — REVISIÓN HUMANA,['Cliente no encontrado en el maestro SUNAT (001_TBL_CLIENTES_B2B) -- no se puede validar SUNAT/Osiptel para este RUC.'],0,
2069603721,,,,,SIN_HISTORIAL_DE_FACTURACION,,,,,False,ALERTA — REVISIÓN HUMANA,['Cliente no encontrado en el maestro SUNAT (001_TBL_CLIENTES_B2B) -- no se puede validar SUNAT/Osiptel para este RUC.'],0,
2069655698,CLIENT_00548,AREQUIPA,Arequipa,Yanahuara,BAJO,BAJO,-7.0,-5.0,False,True,OK,[],0,Mantener ciclo de facturación estándar; sin acción de cobranza adicional.
2069670596,CLIENT_00647,LIMA,Lima,Santiago de Surco,BAJO,BAJO,2.0,5.0,False,True,OK,[],0,Mantener ciclo de facturación estándar; sin acción de cobranza adicional.
2069729032,,,,,SIN_HISTORIAL_DE_FACTURACION,,,,,False,ALERTA — REVISIÓN HUMANA,['Cliente no encontrado en el maestro SUNAT (001_TBL_CLIENTES_B2B) -- no se puede validar SUNAT/Osiptel para este RUC.'],0,
2069774720,,,,,SIN_HISTORIAL_DE_FACTURACION,,,,,False,ALERTA — REVISIÓN HUMANA,['Cliente no encontrado en el maestro SUNAT (001_TBL_CLIENTES_B2B) -- no se puede validar SUNAT/Osiptel para este RUC.'],0,
2069871010,,,,,SIN_HISTORIAL_DE_FACTURACION,,,,,False,ALERTA — REVISIÓN HUMANA,['Cliente no encontrado en el maestro SUNAT (001_TBL_CLIENTES_B2B) -- no se puede validar SUNAT/Osiptel para este RUC.'],0,
2069910455,CLIENT_00192,LIMA,Lima,Santiago de Surco,SIN_HISTORIAL_DE_FACTURACION,,,,,True,OK,[],0,
2069943096,,,,,SIN_HISTORIAL_DE_FACTURACION,,,,,False,ALERTA — REVISIÓN HUMANA,['Cliente no encontrado en el maestro SUNAT (001_TBL_CLIENTES_B2B) -- no se puede validar SUNAT/Osiptel para este RUC.'],0,
2069954105,,,,,SIN_HISTORIAL_DE_FACTURACION,,,,,False,ALERTA — REVISIÓN HUMANA,['Cliente no encontrado en el maestro SUNAT (001_TBL_CLIENTES_B2B) -- no se puede validar SUNAT/Osiptel para este RUC.'],0,
2070011235,,,,,SIN_HISTORIAL_DE_FACTURACION,,,,,False,ALERTA — REVISIÓN HUMANA,['Cliente no encontrado en el maestro SUNAT (001_TBL_CLIENTES_B2B) -- no se puede validar SUNAT/Osiptel para este RUC.'],0,
2070054625,CLIENT_00725,MOQUEGUA,Ilo,Ilo,ALTO,ALTO,16.0,19.0,True,True,OK,[],1,Contacto proactivo antes del vencimiento + oferta de plan de pago fraccionado; escalar a gestor de cuenta senior.
2070061501,CLIENT_00344,LIMA,Lima,Ate,BAJO,BAJO,0.5,1.0,True,True,OK,[],0,Mantener ciclo de facturación estándar; sin acción de cobranza adicional.
2070071208,,,,,SIN_HISTORIAL_DE_FACTURACION,,,,,False,ALERTA — REVISIÓN HUMANA,['Cliente no encontrado en el maestro SUNAT (001_TBL_CLIENTES_B2B) -- no se puede validar SUNAT/Osiptel para este RUC.'],0,
2070083854,CLIENT_00585,LIMA,Lima,Miraflores,BAJO,BAJO,4.5,5.0,False,True,OK,[],0,Mantener ciclo de facturación estándar; sin acción de cobranza adicional.
2070129626,CLIENT_00728,LIMA,Lima,San Luis,SIN_HISTORIAL_DE_FACTURACION,,,,,True,OK,[],0,
2070139201,,,,,SIN_HISTORIAL_DE_FACTURACION,,,,,False,ALERTA — REVISIÓN HUMANA,['Cliente no encontrado en el maestro SUNAT (001_TBL_CLIENTES_B2B) -- no se puede validar SUNAT/Osiptel para este RUC.'],0,
2070148979,CLIENT_00202,LIMA,Lima,La Molina,BAJO,BAJO,3.0,3.0,False,True,OK,[],0,Mantener ciclo de facturación estándar; sin acción de cobranza adicional.
2070197441,,,,,SIN_HISTORIAL_DE_FACTURACION,,,,,False,ALERTA — REVISIÓN HUMANA,['Cliente no encontrado en el maestro SUNAT (001_TBL_CLIENTES_B2B) -- no se puede validar SUNAT/Osiptel para este RUC.'],0,
2070214710,CLIENT_00242,LIMA,Lima,Villa María del Triunfo,ALTO,ALTO,23.0,23.0,False,True,OK,[],1,Contacto proactivo antes del vencimiento + oferta de plan de pago fraccionado; escalar a gestor de cuenta senior.
2070232761,,,,,SIN_HISTORIAL_DE_FACTURACION,,,,,False,ALERTA — REVISIÓN HUMANA,['Cliente no encontrado en el maestro SUNAT (001_TBL_CLIENTES_B2B) -- no se puede validar SUNAT/Osiptel para este RUC.'],0,
2070236567,CLIENT_00464,LIMA,Huaura,Huacho,BAJO,BAJO,-1.0,0.0,True,True,OK,[],0,Mantener ciclo de facturación estándar; sin acción de cobranza adicional.
2070262664,CLIENT_00155,CUSCO,Cusco,Cusco,BAJO,BAJO,-2.5,-2.0,False,True,OK,[],0,Mantener ciclo de facturación estándar; sin acción de cobranza adicional.
2070274235,,,,,SIN_HISTORIAL_DE_FACTURACION,,,,,False,ALERTA — REVISIÓN HUMANA,['Cliente no encontrado en el maestro SUNAT (001_TBL_CLIENTES_B2B) -- no se puede validar SUNAT/Osiptel para este RUC.'],0,
2070280442,,,,,SIN_HISTORIAL_DE_FACTURACION,,,,,False,ALERTA — REVISIÓN HUMANA,['Cliente no encontrado en el maestro SUNAT (001_TBL_CLIENTES_B2B) -- no se puede validar SUNAT/Osiptel para este RUC.'],0,
2070293430,,,,,ALTO,ALTO,28.7,59.0,False,False,ALERTA — REVISIÓN HUMANA,['Cliente no encontrado en el maestro SUNAT (001_TBL_CLIENTES_B2B) -- no se puede validar SUNAT/Osiptel para este RUC.'],2,Contacto proactivo antes del vencimiento + oferta de plan de pago fraccionado; escalar a gestor de cuenta senior.
2070345089,,,,,SIN_HISTORIAL_DE_FACTURACION,,,,,False,ALERTA — REVISIÓN HUMANA,['Cliente no encontrado en el maestro SUNAT (001_TBL_CLIENTES_B2B) -- no se puede validar SUNAT/Osiptel para este RUC.'],0,
2070360798,,,,,SIN_HISTORIAL_DE_FACTURACION,,,,,False,ALERTA — REVISIÓN HUMANA,['Cliente no encontrado en el maestro SUNAT (001_TBL_CLIENTES_B2B) -- no se puede validar SUNAT/Osiptel para este RUC.'],0,
2070361408,,,,,SIN_HISTORIAL_DE_FACTURACION,,,,,False,ALERTA — REVISIÓN HUMANA,['Cliente no encontrado en el maestro SUNAT (001_TBL_CLIENTES_B2B) -- no se puede validar SUNAT/Osiptel para este RUC.'],0,
2070382241,,,,,SIN_HISTORIAL_DE_FACTURACION,,,,,False,ALERTA — REVISIÓN HUMANA,['Cliente no encontrado en el maestro SUNAT (001_TBL_CLIENTES_B2B) -- no se puede validar SUNAT/Osiptel para este RUC.'],0,
2070385582,,,,,SIN_HISTORIAL_DE_FACTURACION,,,,,False,ALERTA — REVISIÓN HUMANA,['Cliente no encontrado en el maestro SUNAT (001_TBL_CLIENTES_B2B) -- no se puede validar SUNAT/Osiptel para este RUC.'],0,
2070397154,,,,,BAJO,BAJO,3.0,4.0,False,False,ALERTA — REVISIÓN HUMANA,['Cliente no encontrado en el maestro SUNAT (001_TBL_CLIENTES_B2B) -- no se puede validar SUNAT/Osiptel para este RUC.'],2,Mantener ciclo de facturación estándar; sin acción de cobranza adicional.
2070410790,CLIENT_00505,TACNA,Tacna,Tacna,BAJO,BAJO,-6.0,-6.0,False,True,OK,[],0,Mantener ciclo de facturación estándar; sin acción de cobranza adicional.
2070455123,,,,,SIN_HISTORIAL_DE_FACTURACION,,,,,False,ALERTA — REVISIÓN HUMANA,['Cliente no encontrado en el maestro SUNAT (001_TBL_CLIENTES_B2B) -- no se puede validar SUNAT/Osiptel para este RUC.'],0,
2070463215,,,,,SIN_HISTORIAL_DE_FACTURACION,,,,,False,ALERTA — REVISIÓN HUMANA,['Cliente no encontrado en el maestro SUNAT (001_TBL_CLIENTES_B2B) -- no se puede validar SUNAT/Osiptel para este RUC.'],0,
2070484656,,,,,SIN_HISTORIAL_DE_FACTURACION,,,,,False,ALERTA — REVISIÓN HUMANA,['Cliente no encontrado en el maestro SUNAT (001_TBL_CLIENTES_B2B) -- no se puede validar SUNAT/Osiptel para este RUC.'],0,
2070550429,,,,,SIN_HISTORIAL_DE_FACTURACION,,,,,False,ALERTA — REVISIÓN HUMANA,['Cliente no encontrado en el maestro SUNAT (001_TBL_CLIENTES_B2B) -- no se puede validar SUNAT/Osiptel para este RUC.'],0,
2070570413,,,,,SIN_HISTORIAL_DE_FACTURACION,,,,,False,ALERTA — REVISIÓN HUMANA,['Cliente no encontrado en el maestro SUNAT (001_TBL_CLIENTES_B2B) -- no se puede validar SUNAT/Osiptel para este RUC.'],0,
2070698896,CLIENT_00456,LIMA,Lima,Lince,SIN_HISTORIAL_DE_FACTURACION,,,,,True,OK,[],0,
2070767627,,,,,SIN_HISTORIAL_DE_FACTURACION,,,,,False,ALERTA — REVISIÓN HUMANA,['Cliente no encontrado en el maestro SUNAT (001_TBL_CLIENTES_B2B) -- no se puede validar SUNAT/Osiptel para este RUC.'],0,
2070792163,,,,,SIN_HISTORIAL_DE_FACTURACION,,,,,False,ALERTA — REVISIÓN HUMANA,['Cliente no encontrado en el maestro SUNAT (001_TBL_CLIENTES_B2B) -- no se puede validar SUNAT/Osiptel para este RUC.'],0,
2070826704,,,,,SIN_HISTORIAL_DE_FACTURACION,,,,,False,ALERTA — REVISIÓN HUMANA,['Cliente no encontrado en el maestro SUNAT (001_TBL_CLIENTES_B2B) -- no se puede validar SUNAT/Osiptel para este RUC.'],0,
2070850811,,,,,SIN_HISTORIAL_DE_FACTURACION,,,,,False,ALERTA — REVISIÓN HUMANA,['Cliente no encontrado en el maestro SUNAT (001_TBL_CLIENTES_B2B) -- no se puede validar SUNAT/Osiptel para este RUC.'],0,
2070863024,CLIENT_00753,LIMA,Lima,La Molina,SIN_HISTORIAL_DE_FACTURACION,,,,,True,OK,[],0,
2070863914,,,,,SIN_HISTORIAL_DE_FACTURACION,,,,,False,ALERTA — REVISIÓN HUMANA,['Cliente no encontrado en el maestro SUNAT (001_TBL_CLIENTES_B2B) -- no se puede validar SUNAT/Osiptel para este RUC.'],0,
2070874147,CLIENT_00128,PIURA,Talara,Pariñas,SIN_HISTORIAL_DE_FACTURACION,,,,,True,OK,[],0,
2070882981,,,,,SIN_HISTORIAL_DE_FACTURACION,,,,,False,ALERTA — REVISIÓN HUMANA,['Cliente no encontrado en el maestro SUNAT (001_TBL_CLIENTES_B2B) -- no se puede validar SUNAT/Osiptel para este RUC.'],0,
2070942382,CLIENT_00382,LA LIBERTAD,Trujillo,Trujillo,SIN_HISTORIAL_DE_FACTURACION,,,,,True,OK,[],0,
2070947882,CLIENT_00260,LIMA,Lima,La Victoria,BAJO,BAJO,3.0,3.0,False,True,OK,[],1,Mantener ciclo de facturación estándar; sin acción de cobranza adicional.
2070952060,CLIENT_00669,CALLAO,Prov. Const. del Callao,Callao,BAJO,BAJO,-10.5,-10.0,False,True,OK,[],0,Mantener ciclo de facturación estándar; sin acción de cobranza adicional.
2070960858,,,,,MEDIO,MEDIO,11.6,93.0,False,False,ALERTA — REVISIÓN HUMANA,['Cliente no encontrado en el maestro SUNAT (001_TBL_CLIENTES_B2B) -- no se puede validar SUNAT/Osiptel para este RUC.'],9,Recordatorio automático 5 días antes del vencimiento por correo/WhatsApp; sin escalamiento humano todavía.
2071025820,,,,,SIN_HISTORIAL_DE_FACTURACION,,,,,False,ALERTA — REVISIÓN HUMANA,['Cliente no encontrado en el maestro SUNAT (001_TBL_CLIENTES_B2B) -- no se puede validar SUNAT/Osiptel para este RUC.'],0,
2071042073,,,,,BAJO,BAJO,2.5,3.0,True,False,ALERTA — REVISIÓN HUMANA,['Cliente no encontrado en el maestro SUNAT (001_TBL_CLIENTES_B2B) -- no se puede validar SUNAT/Osiptel para este RUC.'],1,Mantener ciclo de facturación estándar; sin acción de cobranza adicional.
2071082447,,,,,BAJO,BAJO,3.0,3.0,False,False,ALERTA — REVISIÓN HUMANA,['Cliente no encontrado en el maestro SUNAT (001_TBL_CLIENTES_B2B) -- no se puede validar SUNAT/Osiptel para este RUC.'],0,Mantener ciclo de facturación estándar; sin acción de cobranza adicional.
2071137690,,,,,SIN_HISTORIAL_DE_FACTURACION,,,,,False,ALERTA — REVISIÓN HUMANA,['Cliente no encontrado en el maestro SUNAT (001_TBL_CLIENTES_B2B) -- no se puede validar SUNAT/Osiptel para este RUC.'],0,
2071140335,,,,,SIN_HISTORIAL_DE_FACTURACION,,,,,False,ALERTA — REVISIÓN HUMANA,['Cliente no encontrado en el maestro SUNAT (001_TBL_CLIENTES_B2B) -- no se puede validar SUNAT/Osiptel para este RUC.'],0,
2071170607,,,,,MEDIO,MEDIO,6.0,14.0,False,False,ALERTA — REVISIÓN HUMANA,['Cliente no encontrado en el maestro SUNAT (001_TBL_CLIENTES_B2B) -- no se puede validar SUNAT/Osiptel para este RUC.'],1,Recordatorio automático 5 días antes del vencimiento por correo/WhatsApp; sin escalamiento humano todavía.
2071284875,,,,,SIN_HISTORIAL_DE_FACTURACION,,,,,False,ALERTA — REVISIÓN HUMANA,['Cliente no encontrado en el maestro SUNAT (001_TBL_CLIENTES_B2B) -- no se puede validar SUNAT/Osiptel para este RUC.'],0,
2071316506,,,,,BAJO,BAJO,0.0,4.0,False,False,ALERTA — REVISIÓN HUMANA,['Cliente no encontrado en el maestro SUNAT (001_TBL_CLIENTES_B2B) -- no se puede validar SUNAT/Osiptel para este RUC.'],0,Mantener ciclo de facturación estándar; sin acción de cobranza adicional.
2071377105,,,,,BAJO,BAJO,-2.8,0.0,False,False,ALERTA — REVISIÓN HUMANA,['Cliente no encontrado en el maestro SUNAT (001_TBL_CLIENTES_B2B) -- no se puede validar SUNAT/Osiptel para este RUC.'],1,Mantener ciclo de facturación estándar; sin acción de cobranza adicional.
2071378241,,,,,SIN_HISTORIAL_DE_FACTURACION,,,,,False,ALERTA — REVISIÓN HUMANA,['Cliente no encontrado en el maestro SUNAT (001_TBL_CLIENTES_B2B) -- no se puede validar SUNAT/Osiptel para este RUC.'],0,
2071395567,CLIENT_00118,AREQUIPA,Arequipa,Arequipa,BAJO,BAJO,-0.5,1.0,False,True,OK,[],0,Mantener ciclo de facturación estándar; sin acción de cobranza adicional.
2071396520,,,,,SIN_HISTORIAL_DE_FACTURACION,,,,,False,ALERTA — REVISIÓN HUMANA,['Cliente no encontrado en el maestro SUNAT (001_TBL_CLIENTES_B2B) -- no se puede validar SUNAT/Osiptel para este RUC.'],0,
2071409668,,,,,SIN_HISTORIAL_DE_FACTURACION,,,,,False,ALERTA — REVISIÓN HUMANA,['Cliente no encontrado en el maestro SUNAT (001_TBL_CLIENTES_B2B) -- no se puede validar SUNAT/Osiptel para este RUC.'],0,
2071502889,CLIENT_00952,LIMA,Lima,San Borja,MEDIO,MEDIO,9.0,9.0,False,True,OK,[],0,Recordatorio automático 5 días antes del vencimiento por correo/WhatsApp; sin escalamiento humano todavía.
2071586209,CLIENT_00004,LIMA,Lima,Santiago de Surco,SIN_HISTORIAL_DE_FACTURACION,,,,,True,OK,[],0,
2071631844,,,,,SIN_HISTORIAL_DE_FACTURACION,,,,,False,ALERTA — REVISIÓN HUMANA,['Cliente no encontrado en el maestro SUNAT (001_TBL_CLIENTES_B2B) -- no se puede validar SUNAT/Osiptel para este RUC.'],0,
2071656712,,,,,BAJO,BAJO,-4.5,1.0,True,False,ALERTA — REVISIÓN HUMANA,['Cliente no encontrado en el maestro SUNAT (001_TBL_CLIENTES_B2B) -- no se puede validar SUNAT/Osiptel para este RUC.'],0,Mantener ciclo de facturación estándar; sin acción de cobranza adicional.
2071671933,CLIENT_00690,CALLAO,Prov. Const. del Callao,Ventanilla,SIN_HISTORIAL_DE_FACTURACION,,,,,True,OK,[],0,
2071679522,,,,,SIN_HISTORIAL_DE_FACTURACION,,,,,False,ALERTA — REVISIÓN HUMANA,['Cliente no encontrado en el maestro SUNAT (001_TBL_CLIENTES_B2B) -- no se puede validar SUNAT/Osiptel para este RUC.'],0,
2071716055,,,,,SIN_HISTORIAL_DE_FACTURACION,,,,,False,ALERTA — REVISIÓN HUMANA,['Cliente no encontrado en el maestro SUNAT (001_TBL_CLIENTES_B2B) -- no se puede validar SUNAT/Osiptel para este RUC.'],0,
2071743172,CLIENT_00958,AREQUIPA,Arequipa,Jacobo Hunter,BAJO,BAJO,-6.0,-6.0,False,True,OK,[],0,Mantener ciclo de facturación estándar; sin acción de cobranza adicional.
2071804326,,,,,SIN_HISTORIAL_DE_FACTURACION,,,,,False,ALERTA — REVISIÓN HUMANA,['Cliente no encontrado en el maestro SUNAT (001_TBL_CLIENTES_B2B) -- no se puede validar SUNAT/Osiptel para este RUC.'],0,
2071834507,CLIENT_00042,LIMA,Lima,San Martín de Porres,SIN_HISTORIAL_DE_FACTURACION,,,,,True,OK,[],0,
2071854449,CLIENT_00591,LIMA,Lima,San Juan de Lurigancho,ALTO,BAJO,1.5,2.0,False,True,ALERTA — REVISIÓN HUMANA,['SUNAT_ESTADO_CONTRIBUYENTE=BAJA DE OFICIO (no ACTIVO)'],0,Mantener ciclo de facturación estándar; sin acción de cobranza adicional.
2071872293,,,,,SIN_HISTORIAL_DE_FACTURACION,,,,,False,ALERTA — REVISIÓN HUMANA,['Cliente no encontrado en el maestro SUNAT (001_TBL_CLIENTES_B2B) -- no se puede validar SUNAT/Osiptel para este RUC.'],0,
2071949883,,,,,SIN_HISTORIAL_DE_FACTURACION,,,,,False,ALERTA — REVISIÓN HUMANA,['Cliente no encontrado en el maestro SUNAT (001_TBL_CLIENTES_B2B) -- no se puede validar SUNAT/Osiptel para este RUC.'],0,
2072065894,,,,,SIN_HISTORIAL_DE_FACTURACION,,,,,False,ALERTA — REVISIÓN HUMANA,['Cliente no encontrado en el maestro SUNAT (001_TBL_CLIENTES_B2B) -- no se puede validar SUNAT/Osiptel para este RUC.'],0,
2072074299,,,,,SIN_HISTORIAL_DE_FACTURACION,,,,,False,ALERTA — REVISIÓN HUMANA,['Cliente no encontrado en el maestro SUNAT (001_TBL_CLIENTES_B2B) -- no se puede validar SUNAT/Osiptel para este RUC.'],0,
2072116766,CLIENT_00888,LA LIBERTAD,Virú,Viru,ALTO,,,,,True,ALERTA — REVISIÓN HUMANA,['SUNAT_ESTADO_CONTRIBUYENTE=SUSPENSION TEMPORAL (no ACTIVO)'],0,
2072160389,,,,,SIN_HISTORIAL_DE_FACTURACION,,,,,False,ALERTA — REVISIÓN HUMANA,['Cliente no encontrado en el maestro SUNAT (001_TBL_CLIENTES_B2B) -- no se puede validar SUNAT/Osiptel para este RUC.'],0,
2072175636,CLIENT_00148,LIMA,Lima,San Isidro,SIN_HISTORIAL_DE_FACTURACION,,,,,True,OK,[],0,
2072200035,CLIENT_00550,LIMA,Lima,Breña,SIN_HISTORIAL_DE_FACTURACION,,,,,True,OK,[],0,
2072209233,,,,,SIN_HISTORIAL_DE_FACTURACION,,,,,False,ALERTA — REVISIÓN HUMANA,['Cliente no encontrado en el maestro SUNAT (001_TBL_CLIENTES_B2B) -- no se puede validar SUNAT/Osiptel para este RUC.'],0,
2072252949,,,,,BAJO,BAJO,-2.5,-2.0,False,False,ALERTA — REVISIÓN HUMANA,['Cliente no encontrado en el maestro SUNAT (001_TBL_CLIENTES_B2B) -- no se puede validar SUNAT/Osiptel para este RUC.'],1,Mantener ciclo de facturación estándar; sin acción de cobranza adicional.
2072255562,,,,,SIN_HISTORIAL_DE_FACTURACION,,,,,False,ALERTA — REVISIÓN HUMANA,['Cliente no encontrado en el maestro SUNAT (001_TBL_CLIENTES_B2B) -- no se puede validar SUNAT/Osiptel para este RUC.'],0,
2072282953,,,,,BAJO,BAJO,-1.0,1.0,False,False,ALERTA — REVISIÓN HUMANA,['Cliente no encontrado en el maestro SUNAT (001_TBL_CLIENTES_B2B) -- no se puede validar SUNAT/Osiptel para este RUC.'],0,Mantener ciclo de facturación estándar; sin acción de cobranza adicional.
2072297311,,,,,SIN_HISTORIAL_DE_FACTURACION,,,,,False,ALERTA — REVISIÓN HUMANA,['Cliente no encontrado en el maestro SUNAT (001_TBL_CLIENTES_B2B) -- no se puede validar SUNAT/Osiptel para este RUC.'],0,
2072427775,,,,,SIN_HISTORIAL_DE_FACTURACION,,,,,False,ALERTA — REVISIÓN HUMANA,['Cliente no encontrado en el maestro SUNAT (001_TBL_CLIENTES_B2B) -- no se puede validar SUNAT/Osiptel para este RUC.'],0,
2072434987,,,,,SIN_HISTORIAL_DE_FACTURACION,,,,,False,ALERTA — REVISIÓN HUMANA,['Cliente no encontrado en el maestro SUNAT (001_TBL_CLIENTES_B2B) -- no se puede validar SUNAT/Osiptel para este RUC.'],0,
2072484196,,,,,SIN_HISTORIAL_DE_FACTURACION,,,,,False,ALERTA — REVISIÓN HUMANA,['Cliente no encontrado en el maestro SUNAT (001_TBL_CLIENTES_B2B) -- no se puede validar SUNAT/Osiptel para este RUC.'],0,
2072514770,,,,,SIN_HISTORIAL_DE_FACTURACION,,,,,False,ALERTA — REVISIÓN HUMANA,['Cliente no encontrado en el maestro SUNAT (001_TBL_CLIENTES_B2B) -- no se puede validar SUNAT/Osiptel para este RUC.'],0,
2072574314,,,,,SIN_HISTORIAL_DE_FACTURACION,,,,,False,ALERTA — REVISIÓN HUMANA,['Cliente no encontrado en el maestro SUNAT (001_TBL_CLIENTES_B2B) -- no se puede validar SUNAT/Osiptel para este RUC.'],0,
2072600470,,,,,SIN_HISTORIAL_DE_FACTURACION,,,,,False,ALERTA — REVISIÓN HUMANA,['Cliente no encontrado en el maestro SUNAT (001_TBL_CLIENTES_B2B) -- no se puede validar SUNAT/Osiptel para este RUC.'],0,
2072611215,,,,,SIN_HISTORIAL_DE_FACTURACION,,,,,False,ALERTA — REVISIÓN HUMANA,['Cliente no encontrado en el maestro SUNAT (001_TBL_CLIENTES_B2B) -- no se puede validar SUNAT/Osiptel para este RUC.'],0,
2072615472,,,,,SIN_HISTORIAL_DE_FACTURACION,,,,,False,ALERTA — REVISIÓN HUMANA,['Cliente no encontrado en el maestro SUNAT (001_TBL_CLIENTES_B2B) -- no se puede validar SUNAT/Osiptel para este RUC.'],0,
2072637379,,,,,SIN_HISTORIAL_DE_FACTURACION,,,,,False,ALERTA — REVISIÓN HUMANA,['Cliente no encontrado en el maestro SUNAT (001_TBL_CLIENTES_B2B) -- no se puede validar SUNAT/Osiptel para este RUC.'],0,
2072637617,CLIENT_00752,AREQUIPA,Arequipa,Paucarpata,SIN_HISTORIAL_DE_FACTURACION,,,,,True,OK,[],0,
2072645380,,,,,SIN_HISTORIAL_DE_FACTURACION,,,,,False,ALERTA — REVISIÓN HUMANA,['Cliente no encontrado en el maestro SUNAT (001_TBL_CLIENTES_B2B) -- no se puede validar SUNAT/Osiptel para este RUC.'],0,
2072690831,CLIENT_00802,LIMA,Lima,Santiago de Surco,ALTO,BAJO,5.0,20.0,False,True,ALERTA — REVISIÓN HUMANA,['Todas sus líneas (fija/móvil) están inactivas o suspendidas'],0,Mantener ciclo de facturación estándar; sin acción de cobranza adicional.
2072696513,,,,,SIN_HISTORIAL_DE_FACTURACION,,,,,False,ALERTA — REVISIÓN HUMANA,['Cliente no encontrado en el maestro SUNAT (001_TBL_CLIENTES_B2B) -- no se puede validar SUNAT/Osiptel para este RUC.'],0,
2072719850,CLIENT_00681,UCAYALI,Coronel Portillo,Calleria,BAJO,BAJO,-2.0,3.0,False,True,OK,[],1,Mantener ciclo de facturación estándar; sin acción de cobranza adicional.
2072727583,,,,,BAJO,BAJO,0.2,3.0,False,False,ALERTA — REVISIÓN HUMANA,['Cliente no encontrado en el maestro SUNAT (001_TBL_CLIENTES_B2B) -- no se puede validar SUNAT/Osiptel para este RUC.'],0,Mantener ciclo de facturación estándar; sin acción de cobranza adicional.
2072757645,,,,,SIN_HISTORIAL_DE_FACTURACION,,,,,False,ALERTA — REVISIÓN HUMANA,['Cliente no encontrado en el maestro SUNAT (001_TBL_CLIENTES_B2B) -- no se puede validar SUNAT/Osiptel para este RUC.'],0,
2072791809,,,,,SIN_HISTORIAL_DE_FACTURACION,,,,,False,ALERTA — REVISIÓN HUMANA,['Cliente no encontrado en el maestro SUNAT (001_TBL_CLIENTES_B2B) -- no se puede validar SUNAT/Osiptel para este RUC.'],0,
2072827495,,,,,SIN_HISTORIAL_DE_FACTURACION,,,,,False,ALERTA — REVISIÓN HUMANA,['Cliente no encontrado en el maestro SUNAT (001_TBL_CLIENTES_B2B) -- no se puede validar SUNAT/Osiptel para este RUC.'],0,
2072848023,CLIENT_00945,LIMA,Lima,Carabayllo,SIN_HISTORIAL_DE_FACTURACION,,,,,True,OK,[],0,
2072848608,CLIENT_00545,TUMBES,Tumbes,Tumbes,BAJO,BAJO,-5.0,-5.0,False,True,OK,[],0,Mantener ciclo de facturación estándar; sin acción de cobranza adicional.
2072853719,,,,,SIN_HISTORIAL_DE_FACTURACION,,,,,False,ALERTA — REVISIÓN HUMANA,['Cliente no encontrado en el maestro SUNAT (001_TBL_CLIENTES_B2B) -- no se puede validar SUNAT/Osiptel para este RUC.'],0,
2072860230,,,,,SIN_HISTORIAL_DE_FACTURACION,,,,,False,ALERTA — REVISIÓN HUMANA,['Cliente no encontrado en el maestro SUNAT (001_TBL_CLIENTES_B2B) -- no se puede validar SUNAT/Osiptel para este RUC.'],0,
2072882399,,,,,BAJO,BAJO,1.8,8.0,False,False,ALERTA — REVISIÓN HUMANA,['Cliente no encontrado en el maestro SUNAT (001_TBL_CLIENTES_B2B) -- no se puede validar SUNAT/Osiptel para este RUC.'],0,Mantener ciclo de facturación estándar; sin acción de cobranza adicional.
2072941080,,,,,SIN_HISTORIAL_DE_FACTURACION,,,,,False,ALERTA — REVISIÓN HUMANA,['Cliente no encontrado en el maestro SUNAT (001_TBL_CLIENTES_B2B) -- no se puede validar SUNAT/Osiptel para este RUC.'],0,
2072946039,CLIENT_00824,CUSCO,Cusco,San Sebastian,SIN_HISTORIAL_DE_FACTURACION,,,,,True,OK,[],0,
2073015704,,,,,SIN_HISTORIAL_DE_FACTURACION,,,,,False,ALERTA — REVISIÓN HUMANA,['Cliente no encontrado en el maestro SUNAT (001_TBL_CLIENTES_B2B) -- no se puede validar SUNAT/Osiptel para este RUC.'],0,
2073030272,CLIENT_00502,LIMA,Lima,Santiago de Surco,ALTO,ALTO,18.0,18.0,False,True,OK,[],0,Contacto proactivo antes del vencimiento + oferta de plan de pago fraccionado; escalar a gestor de cuenta senior.
2073093583,CLIENT_00184,LIMA,Lima,Santiago de Surco,BAJO,BAJO,-12.0,-12.0,False,True,OK,[],0,Mantener ciclo de facturación estándar; sin acción de cobranza adicional.
2073105592,CLIENT_00280,LIMA,Lima,Surquillo,ALTO,ALTO,19.7,41.0,False,True,OK,[],2,Contacto proactivo antes del vencimiento + oferta de plan de pago fraccionado; escalar a gestor de cuenta senior.
2073133607,,,,,BAJO,BAJO,3.0,5.0,True,False,ALERTA — REVISIÓN HUMANA,['Cliente no encontrado en el maestro SUNAT (001_TBL_CLIENTES_B2B) -- no se puede validar SUNAT/Osiptel para este RUC.'],0,Mantener ciclo de facturación estándar; sin acción de cobranza adicional.
2073133965,,,,,SIN_HISTORIAL_DE_FACTURACION,,,,,False,ALERTA — REVISIÓN HUMANA,['Cliente no encontrado en el maestro SUNAT (001_TBL_CLIENTES_B2B) -- no se puede validar SUNAT/Osiptel para este RUC.'],0,
2073158456,,,,,SIN_HISTORIAL_DE_FACTURACION,,,,,False,ALERTA — REVISIÓN HUMANA,['Cliente no encontrado en el maestro SUNAT (001_TBL_CLIENTES_B2B) -- no se puede validar SUNAT/Osiptel para este RUC.'],0,
2073188024,,,,,SIN_HISTORIAL_DE_FACTURACION,,,,,False,ALERTA — REVISIÓN HUMANA,['Cliente no encontrado en el maestro SUNAT (001_TBL_CLIENTES_B2B) -- no se puede validar SUNAT/Osiptel para este RUC.'],0,
2073203512,,,,,SIN_HISTORIAL_DE_FACTURACION,,,,,False,ALERTA — REVISIÓN HUMANA,['Cliente no encontrado en el maestro SUNAT (001_TBL_CLIENTES_B2B) -- no se puede validar SUNAT/Osiptel para este RUC.'],0,
2073217406,,,,,SIN_HISTORIAL_DE_FACTURACION,,,,,False,ALERTA — REVISIÓN HUMANA,['Cliente no encontrado en el maestro SUNAT (001_TBL_CLIENTES_B2B) -- no se puede validar SUNAT/Osiptel para este RUC.'],0,
2073231877,,,,,MEDIO,MEDIO,13.3,24.0,False,False,ALERTA — REVISIÓN HUMANA,['Cliente no encontrado en el maestro SUNAT (001_TBL_CLIENTES_B2B) -- no se puede validar SUNAT/Osiptel para este RUC.'],3,Recordatorio automático 5 días antes del vencimiento por correo/WhatsApp; sin escalamiento humano todavía.
2073232539,,,,,SIN_HISTORIAL_DE_FACTURACION,,,,,False,ALERTA — REVISIÓN HUMANA,['Cliente no encontrado en el maestro SUNAT (001_TBL_CLIENTES_B2B) -- no se puede validar SUNAT/Osiptel para este RUC.'],0,
2073280868,,,,,SIN_HISTORIAL_DE_FACTURACION,,,,,False,ALERTA — REVISIÓN HUMANA,['Cliente no encontrado en el maestro SUNAT (001_TBL_CLIENTES_B2B) -- no se puede validar SUNAT/Osiptel para este RUC.'],0,
2073341729,,,,,SIN_HISTORIAL_DE_FACTURACION,,,,,False,ALERTA — REVISIÓN HUMANA,['Cliente no encontrado en el maestro SUNAT (001_TBL_CLIENTES_B2B) -- no se puede validar SUNAT/Osiptel para este RUC.'],0,
2073392407,,,,,SIN_HISTORIAL_DE_FACTURACION,,,,,False,ALERTA — REVISIÓN HUMANA,['Cliente no encontrado en el maestro SUNAT (001_TBL_CLIENTES_B2B) -- no se puede validar SUNAT/Osiptel para este RUC.'],0,
2073480651,,,,,SIN_HISTORIAL_DE_FACTURACION,,,,,False,ALERTA — REVISIÓN HUMANA,['Cliente no encontrado en el maestro SUNAT (001_TBL_CLIENTES_B2B) -- no se puede validar SUNAT/Osiptel para este RUC.'],0,
2073516424,,,,,SIN_HISTORIAL_DE_FACTURACION,,,,,False,ALERTA — REVISIÓN HUMANA,['Cliente no encontrado en el maestro SUNAT (001_TBL_CLIENTES_B2B) -- no se puede validar SUNAT/Osiptel para este RUC.'],0,
2073533879,,,,,BAJO,BAJO,-1.5,-1.0,True,False,ALERTA — REVISIÓN HUMANA,['Cliente no encontrado en el maestro SUNAT (001_TBL_CLIENTES_B2B) -- no se puede validar SUNAT/Osiptel para este RUC.'],0,Mantener ciclo de facturación estándar; sin acción de cobranza adicional.
2073539293,,,,,SIN_HISTORIAL_DE_FACTURACION,,,,,False,ALERTA — REVISIÓN HUMANA,['Cliente no encontrado en el maestro SUNAT (001_TBL_CLIENTES_B2B) -- no se puede validar SUNAT/Osiptel para este RUC.'],0,
2073554752,,,,,BAJO,BAJO,-7.0,-5.0,True,False,ALERTA — REVISIÓN HUMANA,['Cliente no encontrado en el maestro SUNAT (001_TBL_CLIENTES_B2B) -- no se puede validar SUNAT/Osiptel para este RUC.'],0,Mantener ciclo de facturación estándar; sin acción de cobranza adicional.
2073561881,,,,,SIN_HISTORIAL_DE_FACTURACION,,,,,False,ALERTA — REVISIÓN HUMANA,['Cliente no encontrado en el maestro SUNAT (001_TBL_CLIENTES_B2B) -- no se puede validar SUNAT/Osiptel para este RUC.'],0,
2073578104,,,,,BAJO,BAJO,-0.5,0.0,False,False,ALERTA — REVISIÓN HUMANA,['Cliente no encontrado en el maestro SUNAT (001_TBL_CLIENTES_B2B) -- no se puede validar SUNAT/Osiptel para este RUC.'],0,Mantener ciclo de facturación estándar; sin acción de cobranza adicional.
2073586679,,,,,SIN_HISTORIAL_DE_FACTURACION,,,,,False,ALERTA — REVISIÓN HUMANA,['Cliente no encontrado en el maestro SUNAT (001_TBL_CLIENTES_B2B) -- no se puede validar SUNAT/Osiptel para este RUC.'],0,
2073587550,,,,,SIN_HISTORIAL_DE_FACTURACION,,,,,False,ALERTA — REVISIÓN HUMANA,['Cliente no encontrado en el maestro SUNAT (001_TBL_CLIENTES_B2B) -- no se puede validar SUNAT/Osiptel para este RUC.'],0,
2073592711,,,,,SIN_HISTORIAL_DE_FACTURACION,,,,,False,ALERTA — REVISIÓN HUMANA,['Cliente no encontrado en el maestro SUNAT (001_TBL_CLIENTES_B2B) -- no se puede validar SUNAT/Osiptel para este RUC.'],0,
2073650405,,,,,SIN_HISTORIAL_DE_FACTURACION,,,,,False,ALERTA — REVISIÓN HUMANA,['Cliente no encontrado en el maestro SUNAT (001_TBL_CLIENTES_B2B) -- no se puede validar SUNAT/Osiptel para este RUC.'],0,
2073666914,,,,,SIN_HISTORIAL_DE_FACTURACION,,,,,False,ALERTA — REVISIÓN HUMANA,['Cliente no encontrado en el maestro SUNAT (001_TBL_CLIENTES_B2B) -- no se puede validar SUNAT/Osiptel para este RUC.'],0,
2073740377,,,,,SIN_HISTORIAL_DE_FACTURACION,,,,,False,ALERTA — REVISIÓN HUMANA,['Cliente no encontrado en el maestro SUNAT (001_TBL_CLIENTES_B2B) -- no se puede validar SUNAT/Osiptel para este RUC.'],0,
2073748011,,,,,SIN_HISTORIAL_DE_FACTURACION,,,,,False,ALERTA — REVISIÓN HUMANA,['Cliente no encontrado en el maestro SUNAT (001_TBL_CLIENTES_B2B) -- no se puede validar SUNAT/Osiptel para este RUC.'],0,
2073770482,,,,,SIN_HISTORIAL_DE_FACTURACION,,,,,False,ALERTA — REVISIÓN HUMANA,['Cliente no encontrado en el maestro SUNAT (001_TBL_CLIENTES_B2B) -- no se puede validar SUNAT/Osiptel para este RUC.'],0,
2073777784,,,,,SIN_HISTORIAL_DE_FACTURACION,,,,,False,ALERTA — REVISIÓN HUMANA,['Cliente no encontrado en el maestro SUNAT (001_TBL_CLIENTES_B2B) -- no se puede validar SUNAT/Osiptel para este RUC.'],0,
2073797693,CLIENT_00207,CAJAMARCA,Cajamarca,Cajamarca,SIN_HISTORIAL_DE_FACTURACION,,,,,True,OK,[],0,
2073860151,,,,,BAJO,BAJO,2.5,3.0,False,False,ALERTA — REVISIÓN HUMANA,['Cliente no encontrado en el maestro SUNAT (001_TBL_CLIENTES_B2B) -- no se puede validar SUNAT/Osiptel para este RUC.'],1,Mantener ciclo de facturación estándar; sin acción de cobranza adicional.
2073927130,,,,,SIN_HISTORIAL_DE_FACTURACION,,,,,False,ALERTA — REVISIÓN HUMANA,['Cliente no encontrado en el maestro SUNAT (001_TBL_CLIENTES_B2B) -- no se puede validar SUNAT/Osiptel para este RUC.'],0,
2073971985,,,,,SIN_HISTORIAL_DE_FACTURACION,,,,,False,ALERTA — REVISIÓN HUMANA,['Cliente no encontrado en el maestro SUNAT (001_TBL_CLIENTES_B2B) -- no se puede validar SUNAT/Osiptel para este RUC.'],0,
2074037343,CLIENT_00670,LIMA,Lima,Jesús María,ALTO,ALTO,22.5,23.0,True,True,OK,[],2,Contacto proactivo antes del vencimiento + oferta de plan de pago fraccionado; escalar a gestor de cuenta senior.
2074066059,,,,,SIN_HISTORIAL_DE_FACTURACION,,,,,False,ALERTA — REVISIÓN HUMANA,['Cliente no encontrado en el maestro SUNAT (001_TBL_CLIENTES_B2B) -- no se puede validar SUNAT/Osiptel para este RUC.'],0,
2074109467,,,,,SIN_HISTORIAL_DE_FACTURACION,,,,,False,ALERTA — REVISIÓN HUMANA,['Cliente no encontrado en el maestro SUNAT (001_TBL_CLIENTES_B2B) -- no se puede validar SUNAT/Osiptel para este RUC.'],0,
2074129386,,,,,BAJO,BAJO,-0.5,0.0,True,False,ALERTA — REVISIÓN HUMANA,['Cliente no encontrado en el maestro SUNAT (001_TBL_CLIENTES_B2B) -- no se puede validar SUNAT/Osiptel para este RUC.'],0,Mantener ciclo de facturación estándar; sin acción de cobranza adicional.
2074141005,,,,,SIN_HISTORIAL_DE_FACTURACION,,,,,False,ALERTA — REVISIÓN HUMANA,['Cliente no encontrado en el maestro SUNAT (001_TBL_CLIENTES_B2B) -- no se puede validar SUNAT/Osiptel para este RUC.'],0,
2074167428,CLIENT_00982,LIMA,Lima,Santiago de Surco,SIN_HISTORIAL_DE_FACTURACION,,,,,True,OK,[],0,
2074242971,CLIENT_00479,LIMA,Lima,San Isidro,BAJO,BAJO,1.5,2.0,False,True,OK,[],0,Mantener ciclo de facturación estándar; sin acción de cobranza adicional.
2074271284,CLIENT_00038,UCAYALI,Coronel Portillo,Calleria,MEDIO,MEDIO,9.0,9.0,False,True,OK,[],1,Recordatorio automático 5 días antes del vencimiento por correo/WhatsApp; sin escalamiento humano todavía.
2074312323,,,,,SIN_HISTORIAL_DE_FACTURACION,,,,,False,ALERTA — REVISIÓN HUMANA,['Cliente no encontrado en el maestro SUNAT (001_TBL_CLIENTES_B2B) -- no se puede validar SUNAT/Osiptel para este RUC.'],0,
2074315436,CLIENT_00865,LIMA,Lima,La Molina,ALTO,ALTO,22.5,23.0,True,True,OK,[],2,Contacto proactivo antes del vencimiento + oferta de plan de pago fraccionado; escalar a gestor de cuenta senior.
2074327800,CLIENT_00822,CAJAMARCA,Jaén,Jaén,BAJO,BAJO,-5.0,5.0,False,True,OK,[],4,Mantener ciclo de facturación estándar; sin acción de cobranza adicional.
2074347576,,,,,MEDIO,MEDIO,8.0,11.0,False,False,ALERTA — REVISIÓN HUMANA,['Cliente no encontrado en el maestro SUNAT (001_TBL_CLIENTES_B2B) -- no se puede validar SUNAT/Osiptel para este RUC.'],2,Recordatorio automático 5 días antes del vencimiento por correo/WhatsApp; sin escalamiento humano todavía.
2074355904,CLIENT_00935,LIMA,Lima,Jesús María,MEDIO,MEDIO,6.0,19.0,False,True,OK,[],1,Recordatorio automático 5 días antes del vencimiento por correo/WhatsApp; sin escalamiento humano todavía.
2074362231,,,,,SIN_HISTORIAL_DE_FACTURACION,,,,,False,ALERTA — REVISIÓN HUMANA,['Cliente no encontrado en el maestro SUNAT (001_TBL_CLIENTES_B2B) -- no se puede validar SUNAT/Osiptel para este RUC.'],0,
2074368404,,,,,SIN_HISTORIAL_DE_FACTURACION,,,,,False,ALERTA — REVISIÓN HUMANA,['Cliente no encontrado en el maestro SUNAT (001_TBL_CLIENTES_B2B) -- no se puede validar SUNAT/Osiptel para este RUC.'],0,
2074399112,,,,,SIN_HISTORIAL_DE_FACTURACION,,,,,False,ALERTA — REVISIÓN HUMANA,['Cliente no encontrado en el maestro SUNAT (001_TBL_CLIENTES_B2B) -- no se puede validar SUNAT/Osiptel para este RUC.'],0,
2074406544,,,,,MEDIO,MEDIO,7.7,13.0,False,False,ALERTA — REVISIÓN HUMANA,['Cliente no encontrado en el maestro SUNAT (001_TBL_CLIENTES_B2B) -- no se puede validar SUNAT/Osiptel para este RUC.'],0,Recordatorio automático 5 días antes del vencimiento por correo/WhatsApp; sin escalamiento humano todavía.
2074419825,,,,,SIN_HISTORIAL_DE_FACTURACION,,,,,False,ALERTA — REVISIÓN HUMANA,['Cliente no encontrado en el maestro SUNAT (001_TBL_CLIENTES_B2B) -- no se puede validar SUNAT/Osiptel para este RUC.'],0,
2074423060,,,,,BAJO,BAJO,1.0,1.0,False,False,ALERTA — REVISIÓN HUMANA,['Cliente no encontrado en el maestro SUNAT (001_TBL_CLIENTES_B2B) -- no se puede validar SUNAT/Osiptel para este RUC.'],0,Mantener ciclo de facturación estándar; sin acción de cobranza adicional.
2074429660,,,,,SIN_HISTORIAL_DE_FACTURACION,,,,,False,ALERTA — REVISIÓN HUMANA,['Cliente no encontrado en el maestro SUNAT (001_TBL_CLIENTES_B2B) -- no se puede validar SUNAT/Osiptel para este RUC.'],0,
2074438410,,,,,SIN_HISTORIAL_DE_FACTURACION,,,,,False,ALERTA — REVISIÓN HUMANA,['Cliente no encontrado en el maestro SUNAT (001_TBL_CLIENTES_B2B) -- no se puede validar SUNAT/Osiptel para este RUC.'],0,
2074488114,,,,,SIN_HISTORIAL_DE_FACTURACION,,,,,False,ALERTA — REVISIÓN HUMANA,['Cliente no encontrado en el maestro SUNAT (001_TBL_CLIENTES_B2B) -- no se puede validar SUNAT/Osiptel para este RUC.'],0,
2074489080,,,,,SIN_HISTORIAL_DE_FACTURACION,,,,,False,ALERTA — REVISIÓN HUMANA,['Cliente no encontrado en el maestro SUNAT (001_TBL_CLIENTES_B2B) -- no se puede validar SUNAT/Osiptel para este RUC.'],0,
2074525786,CLIENT_00733,PUNO,San Román,Juliaca,BAJO,BAJO,4.0,5.0,False,True,OK,[],2,Mantener ciclo de facturación estándar; sin acción de cobranza adicional.
2074581354,,,,,BAJO,BAJO,2.0,6.0,False,False,ALERTA — REVISIÓN HUMANA,['Cliente no encontrado en el maestro SUNAT (001_TBL_CLIENTES_B2B) -- no se puede validar SUNAT/Osiptel para este RUC.'],3,Mantener ciclo de facturación estándar; sin acción de cobranza adicional.
2074628342,,,,,BAJO,BAJO,4.6,23.0,False,False,ALERTA — REVISIÓN HUMANA,['Cliente no encontrado en el maestro SUNAT (001_TBL_CLIENTES_B2B) -- no se puede validar SUNAT/Osiptel para este RUC.'],3,Mantener ciclo de facturación estándar; sin acción de cobranza adicional.
2074640301,,,,,SIN_HISTORIAL_DE_FACTURACION,,,,,False,ALERTA — REVISIÓN HUMANA,['Cliente no encontrado en el maestro SUNAT (001_TBL_CLIENTES_B2B) -- no se puede validar SUNAT/Osiptel para este RUC.'],0,
2074657038,,,,,ALTO,ALTO,19.2,94.0,False,False,ALERTA — REVISIÓN HUMANA,['Cliente no encontrado en el maestro SUNAT (001_TBL_CLIENTES_B2B) -- no se puede validar SUNAT/Osiptel para este RUC.'],1,Contacto proactivo antes del vencimiento + oferta de plan de pago fraccionado; escalar a gestor de cuenta senior.
2074789528,CLIENT_00143,JUNIN,Huancayo,Huancayo,MEDIO,MEDIO,11.0,21.0,False,True,OK,[],1,Recordatorio automático 5 días antes del vencimiento por correo/WhatsApp; sin escalamiento humano todavía.
2074811055,,,,,SIN_HISTORIAL_DE_FACTURACION,,,,,False,ALERTA — REVISIÓN HUMANA,['Cliente no encontrado en el maestro SUNAT (001_TBL_CLIENTES_B2B) -- no se puede validar SUNAT/Osiptel para este RUC.'],0,
2074819724,CLIENT_00638,LIMA,Lima,Puente Piedra,SIN_HISTORIAL_DE_FACTURACION,,,,,True,OK,[],0,
2074830026,,,,,SIN_HISTORIAL_DE_FACTURACION,,,,,False,ALERTA — REVISIÓN HUMANA,['Cliente no encontrado en el maestro SUNAT (001_TBL_CLIENTES_B2B) -- no se puede validar SUNAT/Osiptel para este RUC.'],0,
2074885080,CLIENT_00308,PASCO,Pasco,Yanacancha,SIN_HISTORIAL_DE_FACTURACION,,,,,True,OK,[],0,
2074915485,,,,,BAJO,BAJO,-11.0,-9.0,False,False,ALERTA — REVISIÓN HUMANA,['Cliente no encontrado en el maestro SUNAT (001_TBL_CLIENTES_B2B) -- no se puede validar SUNAT/Osiptel para este RUC.'],0,Mantener ciclo de facturación estándar; sin acción de cobranza adicional.
2074930904,,,,,SIN_HISTORIAL_DE_FACTURACION,,,,,False,ALERTA — REVISIÓN HUMANA,['Cliente no encontrado en el maestro SUNAT (001_TBL_CLIENTES_B2B) -- no se puede validar SUNAT/Osiptel para este RUC.'],0,
2074987251,CLIENT_00276,LIMA,Lima,Pueblo Libre,MEDIO,MEDIO,9.0,9.0,False,True,OK,[],1,Recordatorio automático 5 días antes del vencimiento por correo/WhatsApp; sin escalamiento humano todavía.
2075013058,,,,,SIN_HISTORIAL_DE_FACTURACION,,,,,False,ALERTA — REVISIÓN HUMANA,['Cliente no encontrado en el maestro SUNAT (001_TBL_CLIENTES_B2B) -- no se puede validar SUNAT/Osiptel para este RUC.'],0,
2075074187,,,,,SIN_HISTORIAL_DE_FACTURACION,,,,,False,ALERTA — REVISIÓN HUMANA,['Cliente no encontrado en el maestro SUNAT (001_TBL_CLIENTES_B2B) -- no se puede validar SUNAT/Osiptel para este RUC.'],0,
2075075409,,,,,SIN_HISTORIAL_DE_FACTURACION,,,,,False,ALERTA — REVISIÓN HUMANA,['Cliente no encontrado en el maestro SUNAT (001_TBL_CLIENTES_B2B) -- no se puede validar SUNAT/Osiptel para este RUC.'],0,
2075133986,,,,,SIN_HISTORIAL_DE_FACTURACION,,,,,False,ALERTA — REVISIÓN HUMANA,['Cliente no encontrado en el maestro SUNAT (001_TBL_CLIENTES_B2B) -- no se puede validar SUNAT/Osiptel para este RUC.'],0,
2075153392,,,,,SIN_HISTORIAL_DE_FACTURACION,,,,,False,ALERTA — REVISIÓN HUMANA,['Cliente no encontrado en el maestro SUNAT (001_TBL_CLIENTES_B2B) -- no se puede validar SUNAT/Osiptel para este RUC.'],0,
2075171298,,,,,SIN_HISTORIAL_DE_FACTURACION,,,,,False,ALERTA — REVISIÓN HUMANA,['Cliente no encontrado en el maestro SUNAT (001_TBL_CLIENTES_B2B) -- no se puede validar SUNAT/Osiptel para este RUC.'],0,
2075223983,CLIENT_00843,AREQUIPA,Arequipa,Cerro Colorado,SIN_HISTORIAL_DE_FACTURACION,,,,,True,OK,[],0,
2075231678,,,,,SIN_HISTORIAL_DE_FACTURACION,,,,,False,ALERTA — REVISIÓN HUMANA,['Cliente no encontrado en el maestro SUNAT (001_TBL_CLIENTES_B2B) -- no se puede validar SUNAT/Osiptel para este RUC.'],0,
2075287873,,,,,SIN_HISTORIAL_DE_FACTURACION,,,,,False,ALERTA — REVISIÓN HUMANA,['Cliente no encontrado en el maestro SUNAT (001_TBL_CLIENTES_B2B) -- no se puede validar SUNAT/Osiptel para este RUC.'],0,
2075370034,CLIENT_00145,LIMA,Lima,Comas,SIN_HISTORIAL_DE_FACTURACION,,,,,True,OK,[],0,
2075404256,,,,,SIN_HISTORIAL_DE_FACTURACION,,,,,False,ALERTA — REVISIÓN HUMANA,['Cliente no encontrado en el maestro SUNAT (001_TBL_CLIENTES_B2B) -- no se puede validar SUNAT/Osiptel para este RUC.'],0,
2075420312,,,,,SIN_HISTORIAL_DE_FACTURACION,,,,,False,ALERTA — REVISIÓN HUMANA,['Cliente no encontrado en el maestro SUNAT (001_TBL_CLIENTES_B2B) -- no se puede validar SUNAT/Osiptel para este RUC.'],0,
2075446137,,,,,SIN_HISTORIAL_DE_FACTURACION,,,,,False,ALERTA — REVISIÓN HUMANA,['Cliente no encontrado en el maestro SUNAT (001_TBL_CLIENTES_B2B) -- no se puede validar SUNAT/Osiptel para este RUC.'],0,
2075453385,,,,,BAJO,BAJO,-3.5,3.0,True,False,ALERTA — REVISIÓN HUMANA,['Cliente no encontrado en el maestro SUNAT (001_TBL_CLIENTES_B2B) -- no se puede validar SUNAT/Osiptel para este RUC.'],0,Mantener ciclo de facturación estándar; sin acción de cobranza adicional.
2075533541,CLIENT_00465,JUNIN,Huancayo,Huancayo,ALTO,ALTO,19.7,65.0,False,True,OK,[],4,Contacto proactivo antes del vencimiento + oferta de plan de pago fraccionado; escalar a gestor de cuenta senior.
2075590140,,,,,SIN_HISTORIAL_DE_FACTURACION,,,,,False,ALERTA — REVISIÓN HUMANA,['Cliente no encontrado en el maestro SUNAT (001_TBL_CLIENTES_B2B) -- no se puede validar SUNAT/Osiptel para este RUC.'],0,
2075649292,CLIENT_00761,PIURA,Piura,Piura,SIN_HISTORIAL_DE_FACTURACION,,,,,True,OK,[],0,
2075680458,,,,,SIN_HISTORIAL_DE_FACTURACION,,,,,False,ALERTA — REVISIÓN HUMANA,['Cliente no encontrado en el maestro SUNAT (001_TBL_CLIENTES_B2B) -- no se puede validar SUNAT/Osiptel para este RUC.'],0,
2075689007,CLIENT_00194,HUANUCO,Huánuco,Huanuco,SIN_HISTORIAL_DE_FACTURACION,,,,,True,OK,[],0,
2075726195,CLIENT_00525,AREQUIPA,Arequipa,José Luis Bustamante Y Rivero,SIN_HISTORIAL_DE_FACTURACION,,,,,True,OK,[],0,
2075773401,,,,,ALTO,ALTO,18.0,33.0,False,False,ALERTA — REVISIÓN HUMANA,['Cliente no encontrado en el maestro SUNAT (001_TBL_CLIENTES_B2B) -- no se puede validar SUNAT/Osiptel para este RUC.'],2,Contacto proactivo antes del vencimiento + oferta de plan de pago fraccionado; escalar a gestor de cuenta senior.
2075863671,CLIENT_00860,LIMA,Lima,La Victoria,MEDIO,MEDIO,8.0,23.0,False,True,OK,[],2,Recordatorio automático 5 días antes del vencimiento por correo/WhatsApp; sin escalamiento humano todavía.
2075869143,,,,,SIN_HISTORIAL_DE_FACTURACION,,,,,False,ALERTA — REVISIÓN HUMANA,['Cliente no encontrado en el maestro SUNAT (001_TBL_CLIENTES_B2B) -- no se puede validar SUNAT/Osiptel para este RUC.'],0,
2075900120,,,,,SIN_HISTORIAL_DE_FACTURACION,,,,,False,ALERTA — REVISIÓN HUMANA,['Cliente no encontrado en el maestro SUNAT (001_TBL_CLIENTES_B2B) -- no se puede validar SUNAT/Osiptel para este RUC.'],0,
2075957069,CLIENT_00305,AREQUIPA,Arequipa,Sachaca,BAJO,BAJO,0.5,2.0,False,True,OK,[],0,Mantener ciclo de facturación estándar; sin acción de cobranza adicional.
2075982270,CLIENT_00094,CUSCO,Cusco,Cusco,SIN_HISTORIAL_DE_FACTURACION,,,,,True,OK,[],0,
2075988423,,,,,SIN_HISTORIAL_DE_FACTURACION,,,,,False,ALERTA — REVISIÓN HUMANA,['Cliente no encontrado en el maestro SUNAT (001_TBL_CLIENTES_B2B) -- no se puede validar SUNAT/Osiptel para este RUC.'],0,
2075996388,,,,,SIN_HISTORIAL_DE_FACTURACION,,,,,False,ALERTA — REVISIÓN HUMANA,['Cliente no encontrado en el maestro SUNAT (001_TBL_CLIENTES_B2B) -- no se puede validar SUNAT/Osiptel para este RUC.'],0,
2076012157,,,,,SIN_HISTORIAL_DE_FACTURACION,,,,,False,ALERTA — REVISIÓN HUMANA,['Cliente no encontrado en el maestro SUNAT (001_TBL_CLIENTES_B2B) -- no se puede validar SUNAT/Osiptel para este RUC.'],0,
2076023400,,,,,SIN_HISTORIAL_DE_FACTURACION,,,,,False,ALERTA — REVISIÓN HUMANA,['Cliente no encontrado en el maestro SUNAT (001_TBL_CLIENTES_B2B) -- no se puede validar SUNAT/Osiptel para este RUC.'],0,
2076050582,,,,,SIN_HISTORIAL_DE_FACTURACION,,,,,False,ALERTA — REVISIÓN HUMANA,['Cliente no encontrado en el maestro SUNAT (001_TBL_CLIENTES_B2B) -- no se puede validar SUNAT/Osiptel para este RUC.'],0,
2076058637,,,,,SIN_HISTORIAL_DE_FACTURACION,,,,,False,ALERTA — REVISIÓN HUMANA,['Cliente no encontrado en el maestro SUNAT (001_TBL_CLIENTES_B2B) -- no se puede validar SUNAT/Osiptel para este RUC.'],0,
2076127263,,,,,SIN_HISTORIAL_DE_FACTURACION,,,,,False,ALERTA — REVISIÓN HUMANA,['Cliente no encontrado en el maestro SUNAT (001_TBL_CLIENTES_B2B) -- no se puede validar SUNAT/Osiptel para este RUC.'],0,
2076142431,CLIENT_00318,LIMA,Lima,Santiago de Surco,BAJO,BAJO,-7.3,-4.0,False,True,OK,[],0,Mantener ciclo de facturación estándar; sin acción de cobranza adicional.
2076161475,,,,,SIN_HISTORIAL_DE_FACTURACION,,,,,False,ALERTA — REVISIÓN HUMANA,['Cliente no encontrado en el maestro SUNAT (001_TBL_CLIENTES_B2B) -- no se puede validar SUNAT/Osiptel para este RUC.'],0,
2076326253,,,,,SIN_HISTORIAL_DE_FACTURACION,,,,,False,ALERTA — REVISIÓN HUMANA,['Cliente no encontrado en el maestro SUNAT (001_TBL_CLIENTES_B2B) -- no se puede validar SUNAT/Osiptel para este RUC.'],0,
2076370545,,,,,SIN_HISTORIAL_DE_FACTURACION,,,,,False,ALERTA — REVISIÓN HUMANA,['Cliente no encontrado en el maestro SUNAT (001_TBL_CLIENTES_B2B) -- no se puede validar SUNAT/Osiptel para este RUC.'],0,
2076391207,,,,,SIN_HISTORIAL_DE_FACTURACION,,,,,False,ALERTA — REVISIÓN HUMANA,['Cliente no encontrado en el maestro SUNAT (001_TBL_CLIENTES_B2B) -- no se puede validar SUNAT/Osiptel para este RUC.'],0,
2076412738,,,,,BAJO,BAJO,-2.0,2.0,False,False,ALERTA — REVISIÓN HUMANA,['Cliente no encontrado en el maestro SUNAT (001_TBL_CLIENTES_B2B) -- no se puede validar SUNAT/Osiptel para este RUC.'],0,Mantener ciclo de facturación estándar; sin acción de cobranza adicional.
2076420704,,,,,SIN_HISTORIAL_DE_FACTURACION,,,,,False,ALERTA — REVISIÓN HUMANA,['Cliente no encontrado en el maestro SUNAT (001_TBL_CLIENTES_B2B) -- no se puede validar SUNAT/Osiptel para este RUC.'],0,
2076429162,,,,,SIN_HISTORIAL_DE_FACTURACION,,,,,False,ALERTA — REVISIÓN HUMANA,['Cliente no encontrado en el maestro SUNAT (001_TBL_CLIENTES_B2B) -- no se puede validar SUNAT/Osiptel para este RUC.'],0,
2076439409,CLIENT_00154,CALLAO,Prov. Const. del Callao,Callao,BAJO,BAJO,2.0,2.0,False,True,OK,[],0,Mantener ciclo de facturación estándar; sin acción de cobranza adicional.
2076613247,CLIENT_00440,ANCASH,Santa,Chimbote,SIN_HISTORIAL_DE_FACTURACION,,,,,True,OK,[],0,
2076627493,CLIENT_00738,LIMA,Lima,La Victoria,SIN_HISTORIAL_DE_FACTURACION,,,,,True,OK,[],0,
2076630547,CLIENT_00041,ICA,Ica,San Juan Bautista,BAJO,BAJO,-3.0,0.0,True,True,OK,[],0,Mantener ciclo de facturación estándar; sin acción de cobranza adicional.
2076636069,,,,,SIN_HISTORIAL_DE_FACTURACION,,,,,False,ALERTA — REVISIÓN HUMANA,['Cliente no encontrado en el maestro SUNAT (001_TBL_CLIENTES_B2B) -- no se puede validar SUNAT/Osiptel para este RUC.'],0,
2076692873,,,,,SIN_HISTORIAL_DE_FACTURACION,,,,,False,ALERTA — REVISIÓN HUMANA,['Cliente no encontrado en el maestro SUNAT (001_TBL_CLIENTES_B2B) -- no se puede validar SUNAT/Osiptel para este RUC.'],0,
2076697193,,,,,SIN_HISTORIAL_DE_FACTURACION,,,,,False,ALERTA — REVISIÓN HUMANA,['Cliente no encontrado en el maestro SUNAT (001_TBL_CLIENTES_B2B) -- no se puede validar SUNAT/Osiptel para este RUC.'],0,
2076736664,,,,,SIN_HISTORIAL_DE_FACTURACION,,,,,False,ALERTA — REVISIÓN HUMANA,['Cliente no encontrado en el maestro SUNAT (001_TBL_CLIENTES_B2B) -- no se puede validar SUNAT/Osiptel para este RUC.'],0,
2076795078,,,,,SIN_HISTORIAL_DE_FACTURACION,,,,,False,ALERTA — REVISIÓN HUMANA,['Cliente no encontrado en el maestro SUNAT (001_TBL_CLIENTES_B2B) -- no se puede validar SUNAT/Osiptel para este RUC.'],0,
2076795630,,,,,SIN_HISTORIAL_DE_FACTURACION,,,,,False,ALERTA — REVISIÓN HUMANA,['Cliente no encontrado en el maestro SUNAT (001_TBL_CLIENTES_B2B) -- no se puede validar SUNAT/Osiptel para este RUC.'],0,
2076813949,,,,,SIN_HISTORIAL_DE_FACTURACION,,,,,False,ALERTA — REVISIÓN HUMANA,['Cliente no encontrado en el maestro SUNAT (001_TBL_CLIENTES_B2B) -- no se puede validar SUNAT/Osiptel para este RUC.'],0,
2076815007,CLIENT_00152,JUNIN,Huancayo,Huancayo,SIN_HISTORIAL_DE_FACTURACION,,,,,True,OK,[],0,
2076895727,,,,,SIN_HISTORIAL_DE_FACTURACION,,,,,False,ALERTA — REVISIÓN HUMANA,['Cliente no encontrado en el maestro SUNAT (001_TBL_CLIENTES_B2B) -- no se puede validar SUNAT/Osiptel para este RUC.'],0,
2076902654,,,,,BAJO,BAJO,-3.0,-1.0,True,False,ALERTA — REVISIÓN HUMANA,['Cliente no encontrado en el maestro SUNAT (001_TBL_CLIENTES_B2B) -- no se puede validar SUNAT/Osiptel para este RUC.'],0,Mantener ciclo de facturación estándar; sin acción de cobranza adicional.
2076908848,,,,,SIN_HISTORIAL_DE_FACTURACION,,,,,False,ALERTA — REVISIÓN HUMANA,['Cliente no encontrado en el maestro SUNAT (001_TBL_CLIENTES_B2B) -- no se puede validar SUNAT/Osiptel para este RUC.'],0,
2076936019,,,,,SIN_HISTORIAL_DE_FACTURACION,,,,,False,ALERTA — REVISIÓN HUMANA,['Cliente no encontrado en el maestro SUNAT (001_TBL_CLIENTES_B2B) -- no se puede validar SUNAT/Osiptel para este RUC.'],0,
2076939161,,,,,BAJO,BAJO,-1.7,10.0,False,False,ALERTA — REVISIÓN HUMANA,['Cliente no encontrado en el maestro SUNAT (001_TBL_CLIENTES_B2B) -- no se puede validar SUNAT/Osiptel para este RUC.'],2,Mantener ciclo de facturación estándar; sin acción de cobranza adicional.
2077030697,,,,,SIN_HISTORIAL_DE_FACTURACION,,,,,False,ALERTA — REVISIÓN HUMANA,['Cliente no encontrado en el maestro SUNAT (001_TBL_CLIENTES_B2B) -- no se puede validar SUNAT/Osiptel para este RUC.'],0,
2077039355,,,,,SIN_HISTORIAL_DE_FACTURACION,,,,,False,ALERTA — REVISIÓN HUMANA,['Cliente no encontrado en el maestro SUNAT (001_TBL_CLIENTES_B2B) -- no se puede validar SUNAT/Osiptel para este RUC.'],0,
2077048357,CLIENT_00123,ANCASH,Santa,Chimbote,BAJO,BAJO,1.0,3.0,True,True,OK,[],0,Mantener ciclo de facturación estándar; sin acción de cobranza adicional.
2077092789,,,,,SIN_HISTORIAL_DE_FACTURACION,,,,,False,ALERTA — REVISIÓN HUMANA,['Cliente no encontrado en el maestro SUNAT (001_TBL_CLIENTES_B2B) -- no se puede validar SUNAT/Osiptel para este RUC.'],0,
2077137087,,,,,SIN_HISTORIAL_DE_FACTURACION,,,,,False,ALERTA — REVISIÓN HUMANA,['Cliente no encontrado en el maestro SUNAT (001_TBL_CLIENTES_B2B) -- no se puede validar SUNAT/Osiptel para este RUC.'],0,
2077186469,,,,,SIN_HISTORIAL_DE_FACTURACION,,,,,False,ALERTA — REVISIÓN HUMANA,['Cliente no encontrado en el maestro SUNAT (001_TBL_CLIENTES_B2B) -- no se puede validar SUNAT/Osiptel para este RUC.'],0,
2077196496,,,,,SIN_HISTORIAL_DE_FACTURACION,,,,,False,ALERTA — REVISIÓN HUMANA,['Cliente no encontrado en el maestro SUNAT (001_TBL_CLIENTES_B2B) -- no se puede validar SUNAT/Osiptel para este RUC.'],0,
2077224129,,,,,SIN_HISTORIAL_DE_FACTURACION,,,,,False,ALERTA — REVISIÓN HUMANA,['Cliente no encontrado en el maestro SUNAT (001_TBL_CLIENTES_B2B) -- no se puede validar SUNAT/Osiptel para este RUC.'],0,
2077227442,,,,,SIN_HISTORIAL_DE_FACTURACION,,,,,False,ALERTA — REVISIÓN HUMANA,['Cliente no encontrado en el maestro SUNAT (001_TBL_CLIENTES_B2B) -- no se puede validar SUNAT/Osiptel para este RUC.'],0,
2077242525,,,,,SIN_HISTORIAL_DE_FACTURACION,,,,,False,ALERTA — REVISIÓN HUMANA,['Cliente no encontrado en el maestro SUNAT (001_TBL_CLIENTES_B2B) -- no se puede validar SUNAT/Osiptel para este RUC.'],0,
2077292308,,,,,MEDIO,MEDIO,10.5,12.0,False,False,ALERTA — REVISIÓN HUMANA,['Cliente no encontrado en el maestro SUNAT (001_TBL_CLIENTES_B2B) -- no se puede validar SUNAT/Osiptel para este RUC.'],0,Recordatorio automático 5 días antes del vencimiento por correo/WhatsApp; sin escalamiento humano todavía.
2077301564,,,,,SIN_HISTORIAL_DE_FACTURACION,,,,,False,ALERTA — REVISIÓN HUMANA,['Cliente no encontrado en el maestro SUNAT (001_TBL_CLIENTES_B2B) -- no se puede validar SUNAT/Osiptel para este RUC.'],0,
2077333854,,,,,SIN_HISTORIAL_DE_FACTURACION,,,,,False,ALERTA — REVISIÓN HUMANA,['Cliente no encontrado en el maestro SUNAT (001_TBL_CLIENTES_B2B) -- no se puede validar SUNAT/Osiptel para este RUC.'],0,
2077391259,,,,,SIN_HISTORIAL_DE_FACTURACION,,,,,False,ALERTA — REVISIÓN HUMANA,['Cliente no encontrado en el maestro SUNAT (001_TBL_CLIENTES_B2B) -- no se puede validar SUNAT/Osiptel para este RUC.'],0,
2077401428,,,,,SIN_HISTORIAL_DE_FACTURACION,,,,,False,ALERTA — REVISIÓN HUMANA,['Cliente no encontrado en el maestro SUNAT (001_TBL_CLIENTES_B2B) -- no se puede validar SUNAT/Osiptel para este RUC.'],0,
2077435033,CLIENT_00650,SAN MARTIN,San Martín,Tarapoto,BAJO,BAJO,-3.0,-2.0,False,True,OK,[],0,Mantener ciclo de facturación estándar; sin acción de cobranza adicional.
2077511265,CLIENT_00056,LIMA,Lima,Lima,BAJO,BAJO,3.0,4.0,True,True,OK,[],1,Mantener ciclo de facturación estándar; sin acción de cobranza adicional.
2077532641,,,,,SIN_HISTORIAL_DE_FACTURACION,,,,,False,ALERTA — REVISIÓN HUMANA,['Cliente no encontrado en el maestro SUNAT (001_TBL_CLIENTES_B2B) -- no se puede validar SUNAT/Osiptel para este RUC.'],0,
2077571216,,,,,SIN_HISTORIAL_DE_FACTURACION,,,,,False,ALERTA — REVISIÓN HUMANA,['Cliente no encontrado en el maestro SUNAT (001_TBL_CLIENTES_B2B) -- no se puede validar SUNAT/Osiptel para este RUC.'],0,
2077586327,,,,,SIN_HISTORIAL_DE_FACTURACION,,,,,False,ALERTA — REVISIÓN HUMANA,['Cliente no encontrado en el maestro SUNAT (001_TBL_CLIENTES_B2B) -- no se puede validar SUNAT/Osiptel para este RUC.'],0,
2077608678,CLIENT_00105,PASCO,Oxapampa,Villa Rica,BAJO,BAJO,-3.0,3.0,True,True,OK,[],0,Mantener ciclo de facturación estándar; sin acción de cobranza adicional.
2077611740,,,,,SIN_HISTORIAL_DE_FACTURACION,,,,,False,ALERTA — REVISIÓN HUMANA,['Cliente no encontrado en el maestro SUNAT (001_TBL_CLIENTES_B2B) -- no se puede validar SUNAT/Osiptel para este RUC.'],0,
2077617839,CLIENT_00036,LIMA,Lima,Lince,BAJO,BAJO,-8.5,-8.0,True,True,OK,[],0,Mantener ciclo de facturación estándar; sin acción de cobranza adicional.
2077626325,,,,,SIN_HISTORIAL_DE_FACTURACION,,,,,False,ALERTA — REVISIÓN HUMANA,['Cliente no encontrado en el maestro SUNAT (001_TBL_CLIENTES_B2B) -- no se puede validar SUNAT/Osiptel para este RUC.'],0,
2077664976,CLIENT_00134,SAN MARTIN,San Martín,Tarapoto,SIN_HISTORIAL_DE_FACTURACION,,,,,True,OK,[],0,
2077669628,CLIENT_00032,LIMA,Lima,Ate,SIN_HISTORIAL_DE_FACTURACION,,,,,True,OK,[],0,
2077671119,,,,,SIN_HISTORIAL_DE_FACTURACION,,,,,False,ALERTA — REVISIÓN HUMANA,['Cliente no encontrado en el maestro SUNAT (001_TBL_CLIENTES_B2B) -- no se puede validar SUNAT/Osiptel para este RUC.'],0,
2077677778,,,,,SIN_HISTORIAL_DE_FACTURACION,,,,,False,ALERTA — REVISIÓN HUMANA,['Cliente no encontrado en el maestro SUNAT (001_TBL_CLIENTES_B2B) -- no se puede validar SUNAT/Osiptel para este RUC.'],0,
2077759664,,,,,SIN_HISTORIAL_DE_FACTURACION,,,,,False,ALERTA — REVISIÓN HUMANA,['Cliente no encontrado en el maestro SUNAT (001_TBL_CLIENTES_B2B) -- no se puede validar SUNAT/Osiptel para este RUC.'],0,
2077792360,,,,,SIN_HISTORIAL_DE_FACTURACION,,,,,False,ALERTA — REVISIÓN HUMANA,['Cliente no encontrado en el maestro SUNAT (001_TBL_CLIENTES_B2B) -- no se puede validar SUNAT/Osiptel para este RUC.'],0,
2077828321,,,,,SIN_HISTORIAL_DE_FACTURACION,,,,,False,ALERTA — REVISIÓN HUMANA,['Cliente no encontrado en el maestro SUNAT (001_TBL_CLIENTES_B2B) -- no se puede validar SUNAT/Osiptel para este RUC.'],0,
2077838553,,,,,SIN_HISTORIAL_DE_FACTURACION,,,,,False,ALERTA — REVISIÓN HUMANA,['Cliente no encontrado en el maestro SUNAT (001_TBL_CLIENTES_B2B) -- no se puede validar SUNAT/Osiptel para este RUC.'],0,
2077874234,,,,,SIN_HISTORIAL_DE_FACTURACION,,,,,False,ALERTA — REVISIÓN HUMANA,['Cliente no encontrado en el maestro SUNAT (001_TBL_CLIENTES_B2B) -- no se puede validar SUNAT/Osiptel para este RUC.'],0,
2077901447,,,,,SIN_HISTORIAL_DE_FACTURACION,,,,,False,ALERTA — REVISIÓN HUMANA,['Cliente no encontrado en el maestro SUNAT (001_TBL_CLIENTES_B2B) -- no se puede validar SUNAT/Osiptel para este RUC.'],0,
2077903772,,,,,SIN_HISTORIAL_DE_FACTURACION,,,,,False,ALERTA — REVISIÓN HUMANA,['Cliente no encontrado en el maestro SUNAT (001_TBL_CLIENTES_B2B) -- no se puede validar SUNAT/Osiptel para este RUC.'],0,
2077915409,CLIENT_00992,PIURA,Talara,Pariñas,MEDIO,MEDIO,12.0,12.0,False,True,OK,[],0,Recordatorio automático 5 días antes del vencimiento por correo/WhatsApp; sin escalamiento humano todavía.
2077915427,,,,,BAJO,BAJO,-12.8,-3.0,False,False,ALERTA — REVISIÓN HUMANA,['Cliente no encontrado en el maestro SUNAT (001_TBL_CLIENTES_B2B) -- no se puede validar SUNAT/Osiptel para este RUC.'],5,Mantener ciclo de facturación estándar; sin acción de cobranza adicional.
2077987960,CLIENT_00607,LIMA,Lima,San Luis,ALTO,,,,,True,ALERTA — REVISIÓN HUMANA,['SUNAT_ESTADO_CONTRIBUYENTE=BAJA DE OFICIO (no ACTIVO)'],0,
2078052965,,,,,SIN_HISTORIAL_DE_FACTURACION,,,,,False,ALERTA — REVISIÓN HUMANA,['Cliente no encontrado en el maestro SUNAT (001_TBL_CLIENTES_B2B) -- no se puede validar SUNAT/Osiptel para este RUC.'],0,
2078066090,CLIENT_00801,LIMA,Lima,Miraflores,MEDIO,MEDIO,13.5,19.0,False,True,OK,[],2,Recordatorio automático 5 días antes del vencimiento por correo/WhatsApp; sin escalamiento humano todavía.
2078091809,,,,,SIN_HISTORIAL_DE_FACTURACION,,,,,False,ALERTA — REVISIÓN HUMANA,['Cliente no encontrado en el maestro SUNAT (001_TBL_CLIENTES_B2B) -- no se puede validar SUNAT/Osiptel para este RUC.'],0,
2078164501,,,,,SIN_HISTORIAL_DE_FACTURACION,,,,,False,ALERTA — REVISIÓN HUMANA,['Cliente no encontrado en el maestro SUNAT (001_TBL_CLIENTES_B2B) -- no se puede validar SUNAT/Osiptel para este RUC.'],0,
2078168696,,,,,SIN_HISTORIAL_DE_FACTURACION,,,,,False,ALERTA — REVISIÓN HUMANA,['Cliente no encontrado en el maestro SUNAT (001_TBL_CLIENTES_B2B) -- no se puede validar SUNAT/Osiptel para este RUC.'],0,
2078183391,,,,,BAJO,BAJO,-5.7,7.0,False,False,ALERTA — REVISIÓN HUMANA,['Cliente no encontrado en el maestro SUNAT (001_TBL_CLIENTES_B2B) -- no se puede validar SUNAT/Osiptel para este RUC.'],4,Mantener ciclo de facturación estándar; sin acción de cobranza adicional.
2078256370,,,,,SIN_HISTORIAL_DE_FACTURACION,,,,,False,ALERTA — REVISIÓN HUMANA,['Cliente no encontrado en el maestro SUNAT (001_TBL_CLIENTES_B2B) -- no se puede validar SUNAT/Osiptel para este RUC.'],0,
2078272562,CLIENT_00198,LIMA,Lima,Lince,BAJO,BAJO,1.0,8.0,False,True,OK,[],0,Mantener ciclo de facturación estándar; sin acción de cobranza adicional.
2078282578,,,,,SIN_HISTORIAL_DE_FACTURACION,,,,,False,ALERTA — REVISIÓN HUMANA,['Cliente no encontrado en el maestro SUNAT (001_TBL_CLIENTES_B2B) -- no se puede validar SUNAT/Osiptel para este RUC.'],0,
2078299854,CLIENT_00460,LIMA,Lima,Carabayllo,BAJO,BAJO,-11.5,-10.0,True,True,OK,[],0,Mantener ciclo de facturación estándar; sin acción de cobranza adicional.
2078301959,,,,,SIN_HISTORIAL_DE_FACTURACION,,,,,False,ALERTA — REVISIÓN HUMANA,['Cliente no encontrado en el maestro SUNAT (001_TBL_CLIENTES_B2B) -- no se puede validar SUNAT/Osiptel para este RUC.'],0,
2078309796,,,,,SIN_HISTORIAL_DE_FACTURACION,,,,,False,ALERTA — REVISIÓN HUMANA,['Cliente no encontrado en el maestro SUNAT (001_TBL_CLIENTES_B2B) -- no se puede validar SUNAT/Osiptel para este RUC.'],0,
2078310260,,,,,BAJO,BAJO,-1.0,0.0,False,False,ALERTA — REVISIÓN HUMANA,['Cliente no encontrado en el maestro SUNAT (001_TBL_CLIENTES_B2B) -- no se puede validar SUNAT/Osiptel para este RUC.'],0,Mantener ciclo de facturación estándar; sin acción de cobranza adicional.
2078386304,,,,,BAJO,BAJO,-8.0,-3.0,True,False,ALERTA — REVISIÓN HUMANA,['Cliente no encontrado en el maestro SUNAT (001_TBL_CLIENTES_B2B) -- no se puede validar SUNAT/Osiptel para este RUC.'],0,Mantener ciclo de facturación estándar; sin acción de cobranza adicional.
2078390419,,,,,SIN_HISTORIAL_DE_FACTURACION,,,,,False,ALERTA — REVISIÓN HUMANA,['Cliente no encontrado en el maestro SUNAT (001_TBL_CLIENTES_B2B) -- no se puede validar SUNAT/Osiptel para este RUC.'],0,
2078414316,,,,,BAJO,BAJO,-8.5,-4.0,True,False,ALERTA — REVISIÓN HUMANA,['Cliente no encontrado en el maestro SUNAT (001_TBL_CLIENTES_B2B) -- no se puede validar SUNAT/Osiptel para este RUC.'],0,Mantener ciclo de facturación estándar; sin acción de cobranza adicional.
2078443893,,,,,SIN_HISTORIAL_DE_FACTURACION,,,,,False,ALERTA — REVISIÓN HUMANA,['Cliente no encontrado en el maestro SUNAT (001_TBL_CLIENTES_B2B) -- no se puede validar SUNAT/Osiptel para este RUC.'],0,
2078483220,,,,,SIN_HISTORIAL_DE_FACTURACION,,,,,False,ALERTA — REVISIÓN HUMANA,['Cliente no encontrado en el maestro SUNAT (001_TBL_CLIENTES_B2B) -- no se puede validar SUNAT/Osiptel para este RUC.'],0,
2078554375,,,,,SIN_HISTORIAL_DE_FACTURACION,,,,,False,ALERTA — REVISIÓN HUMANA,['Cliente no encontrado en el maestro SUNAT (001_TBL_CLIENTES_B2B) -- no se puede validar SUNAT/Osiptel para este RUC.'],0,
2078592081,CLIENT_00864,LIMA,Lima,San Miguel,SIN_HISTORIAL_DE_FACTURACION,,,,,True,OK,[],0,
2078606158,,,,,MEDIO,MEDIO,8.5,16.0,False,False,ALERTA — REVISIÓN HUMANA,['Cliente no encontrado en el maestro SUNAT (001_TBL_CLIENTES_B2B) -- no se puede validar SUNAT/Osiptel para este RUC.'],2,Recordatorio automático 5 días antes del vencimiento por correo/WhatsApp; sin escalamiento humano todavía.
2078662307,,,,,SIN_HISTORIAL_DE_FACTURACION,,,,,False,ALERTA — REVISIÓN HUMANA,['Cliente no encontrado en el maestro SUNAT (001_TBL_CLIENTES_B2B) -- no se puede validar SUNAT/Osiptel para este RUC.'],0,
2078666012,,,,,SIN_HISTORIAL_DE_FACTURACION,,,,,False,ALERTA — REVISIÓN HUMANA,['Cliente no encontrado en el maestro SUNAT (001_TBL_CLIENTES_B2B) -- no se puede validar SUNAT/Osiptel para este RUC.'],0,
2078675402,,,,,BAJO,BAJO,-14.0,6.0,False,False,ALERTA — REVISIÓN HUMANA,['Cliente no encontrado en el maestro SUNAT (001_TBL_CLIENTES_B2B) -- no se puede validar SUNAT/Osiptel para este RUC.'],3,Mantener ciclo de facturación estándar; sin acción de cobranza adicional.
2078692933,,,,,MEDIO,MEDIO,8.0,37.0,False,False,ALERTA — REVISIÓN HUMANA,['Cliente no encontrado en el maestro SUNAT (001_TBL_CLIENTES_B2B) -- no se puede validar SUNAT/Osiptel para este RUC.'],4,Recordatorio automático 5 días antes del vencimiento por correo/WhatsApp; sin escalamiento humano todavía.
2078694927,CLIENT_00385,LIMA,Lima,Lima,SIN_HISTORIAL_DE_FACTURACION,,,,,True,OK,[],0,
2078721881,CLIENT_00115,LIMA,Lima,Surquillo,BAJO,BAJO,1.0,2.0,True,True,OK,[],0,Mantener ciclo de facturación estándar; sin acción de cobranza adicional.
2078726535,CLIENT_00097,LIMA,Lima,Ate,ALTO,,,,,True,ALERTA — REVISIÓN HUMANA,['SUNAT_ESTADO_CONTRIBUYENTE=BAJA DE OFICIO (no ACTIVO)'],0,
2078757032,,,,,SIN_HISTORIAL_DE_FACTURACION,,,,,False,ALERTA — REVISIÓN HUMANA,['Cliente no encontrado en el maestro SUNAT (001_TBL_CLIENTES_B2B) -- no se puede validar SUNAT/Osiptel para este RUC.'],0,
2078802407,,,,,SIN_HISTORIAL_DE_FACTURACION,,,,,False,ALERTA — REVISIÓN HUMANA,['Cliente no encontrado en el maestro SUNAT (001_TBL_CLIENTES_B2B) -- no se puede validar SUNAT/Osiptel para este RUC.'],0,
2078802807,CLIENT_00099,LIMA,Lima,San Martín de Porres,SIN_HISTORIAL_DE_FACTURACION,,,,,True,OK,[],0,
2078828821,,,,,SIN_HISTORIAL_DE_FACTURACION,,,,,False,ALERTA — REVISIÓN HUMANA,['Cliente no encontrado en el maestro SUNAT (001_TBL_CLIENTES_B2B) -- no se puede validar SUNAT/Osiptel para este RUC.'],0,
2078847538,,,,,BAJO,BAJO,-11.0,-8.0,False,False,ALERTA — REVISIÓN HUMANA,['Cliente no encontrado en el maestro SUNAT (001_TBL_CLIENTES_B2B) -- no se puede validar SUNAT/Osiptel para este RUC.'],0,Mantener ciclo de facturación estándar; sin acción de cobranza adicional.
2078921519,,,,,BAJO,BAJO,1.0,2.0,True,False,ALERTA — REVISIÓN HUMANA,['Cliente no encontrado en el maestro SUNAT (001_TBL_CLIENTES_B2B) -- no se puede validar SUNAT/Osiptel para este RUC.'],0,Mantener ciclo de facturación estándar; sin acción de cobranza adicional.
2078922170,CLIENT_00227,AMAZONAS,Utcubamba,Bagua Grande,BAJO,BAJO,2.5,3.0,False,True,OK,[],0,Mantener ciclo de facturación estándar; sin acción de cobranza adicional.
2078929230,CLIENT_00522,LIMA,Lima,Villa El Salvador,SIN_HISTORIAL_DE_FACTURACION,,,,,True,OK,[],0,
2078938243,CLIENT_00676,LIMA,Lima,Lince,BAJO,BAJO,-5.5,-5.0,False,True,OK,[],0,Mantener ciclo de facturación estándar; sin acción de cobranza adicional.
2078944293,CLIENT_00812,TACNA,Tacna,Tacna,SIN_HISTORIAL_DE_FACTURACION,,,,,True,OK,[],0,
2078953582,CLIENT_00546,LA LIBERTAD,Trujillo,Trujillo,SIN_HISTORIAL_DE_FACTURACION,,,,,True,OK,[],0,
2078965242,CLIENT_00922,AYACUCHO,Huamanga,Ayacucho,SIN_HISTORIAL_DE_FACTURACION,,,,,True,OK,[],0,
2078998333,CLIENT_00893,CAJAMARCA,Cajamarca,Cajamarca,ALTO,MEDIO,6.0,6.0,False,True,ALERTA — REVISIÓN HUMANA,['SUNAT_ESTADO_CONTRIBUYENTE=SUSPENSION TEMPORAL (no ACTIVO)'],1,Recordatorio automático 5 días antes del vencimiento por correo/WhatsApp; sin escalamiento humano todavía.
2079002997,,,,,SIN_HISTORIAL_DE_FACTURACION,,,,,False,ALERTA — REVISIÓN HUMANA,['Cliente no encontrado en el maestro SUNAT (001_TBL_CLIENTES_B2B) -- no se puede validar SUNAT/Osiptel para este RUC.'],0,
2079015167,,,,,MEDIO,MEDIO,6.0,14.0,False,False,ALERTA — REVISIÓN HUMANA,['Cliente no encontrado en el maestro SUNAT (001_TBL_CLIENTES_B2B) -- no se puede validar SUNAT/Osiptel para este RUC.'],2,Recordatorio automático 5 días antes del vencimiento por correo/WhatsApp; sin escalamiento humano todavía.
2079015638,,,,,ALTO,ALTO,42.0,128.0,False,False,ALERTA — REVISIÓN HUMANA,['Cliente no encontrado en el maestro SUNAT (001_TBL_CLIENTES_B2B) -- no se puede validar SUNAT/Osiptel para este RUC.'],5,Contacto proactivo antes del vencimiento + oferta de plan de pago fraccionado; escalar a gestor de cuenta senior.
2079044208,,,,,ALTO,ALTO,26.5,29.0,True,False,ALERTA — REVISIÓN HUMANA,['Cliente no encontrado en el maestro SUNAT (001_TBL_CLIENTES_B2B) -- no se puede validar SUNAT/Osiptel para este RUC.'],1,Contacto proactivo antes del vencimiento + oferta de plan de pago fraccionado; escalar a gestor de cuenta senior.
2079138145,,,,,ALTO,ALTO,23.5,25.0,False,False,ALERTA — REVISIÓN HUMANA,['Cliente no encontrado en el maestro SUNAT (001_TBL_CLIENTES_B2B) -- no se puede validar SUNAT/Osiptel para este RUC.'],0,Contacto proactivo antes del vencimiento + oferta de plan de pago fraccionado; escalar a gestor de cuenta senior.
2079150546,,,,,SIN_HISTORIAL_DE_FACTURACION,,,,,False,ALERTA — REVISIÓN HUMANA,['Cliente no encontrado en el maestro SUNAT (001_TBL_CLIENTES_B2B) -- no se puede validar SUNAT/Osiptel para este RUC.'],0,
2079154346,,,,,SIN_HISTORIAL_DE_FACTURACION,,,,,False,ALERTA — REVISIÓN HUMANA,['Cliente no encontrado en el maestro SUNAT (001_TBL_CLIENTES_B2B) -- no se puede validar SUNAT/Osiptel para este RUC.'],0,
2079188614,,,,,SIN_HISTORIAL_DE_FACTURACION,,,,,False,ALERTA — REVISIÓN HUMANA,['Cliente no encontrado en el maestro SUNAT (001_TBL_CLIENTES_B2B) -- no se puede validar SUNAT/Osiptel para este RUC.'],0,
2079260594,,,,,SIN_HISTORIAL_DE_FACTURACION,,,,,False,ALERTA — REVISIÓN HUMANA,['Cliente no encontrado en el maestro SUNAT (001_TBL_CLIENTES_B2B) -- no se puede validar SUNAT/Osiptel para este RUC.'],0,
2079262721,,,,,SIN_HISTORIAL_DE_FACTURACION,,,,,False,ALERTA — REVISIÓN HUMANA,['Cliente no encontrado en el maestro SUNAT (001_TBL_CLIENTES_B2B) -- no se puede validar SUNAT/Osiptel para este RUC.'],0,
2079267257,,,,,SIN_HISTORIAL_DE_FACTURACION,,,,,False,ALERTA — REVISIÓN HUMANA,['Cliente no encontrado en el maestro SUNAT (001_TBL_CLIENTES_B2B) -- no se puede validar SUNAT/Osiptel para este RUC.'],0,
2079287596,,,,,BAJO,BAJO,-2.3,0.0,False,False,ALERTA — REVISIÓN HUMANA,['Cliente no encontrado en el maestro SUNAT (001_TBL_CLIENTES_B2B) -- no se puede validar SUNAT/Osiptel para este RUC.'],0,Mantener ciclo de facturación estándar; sin acción de cobranza adicional.
2079337413,,,,,SIN_HISTORIAL_DE_FACTURACION,,,,,False,ALERTA — REVISIÓN HUMANA,['Cliente no encontrado en el maestro SUNAT (001_TBL_CLIENTES_B2B) -- no se puede validar SUNAT/Osiptel para este RUC.'],0,
2079362481,CLIENT_00175,LIMA,Lima,Ate,SIN_HISTORIAL_DE_FACTURACION,,,,,True,OK,[],0,
2079431606,CLIENT_00125,LIMA,Lima,Surquillo,SIN_HISTORIAL_DE_FACTURACION,,,,,True,OK,[],0,
2079446949,,,,,SIN_HISTORIAL_DE_FACTURACION,,,,,False,ALERTA — REVISIÓN HUMANA,['Cliente no encontrado en el maestro SUNAT (001_TBL_CLIENTES_B2B) -- no se puede validar SUNAT/Osiptel para este RUC.'],0,
2079453728,,,,,SIN_HISTORIAL_DE_FACTURACION,,,,,False,ALERTA — REVISIÓN HUMANA,['Cliente no encontrado en el maestro SUNAT (001_TBL_CLIENTES_B2B) -- no se puede validar SUNAT/Osiptel para este RUC.'],0,
2079459148,CLIENT_00345,LA LIBERTAD,Trujillo,Trujillo,ALTO,ALTO,12.0,16.0,True,True,OK,[],0,Contacto proactivo antes del vencimiento + oferta de plan de pago fraccionado; escalar a gestor de cuenta senior.
2079491823,,,,,SIN_HISTORIAL_DE_FACTURACION,,,,,False,ALERTA — REVISIÓN HUMANA,['Cliente no encontrado en el maestro SUNAT (001_TBL_CLIENTES_B2B) -- no se puede validar SUNAT/Osiptel para este RUC.'],0,
2079494682,CLIENT_00959,LIMA,Lima,Lima,SIN_HISTORIAL_DE_FACTURACION,,,,,True,OK,[],0,
2079513695,CLIENT_00366,ANCASH,Santa,Chimbote,SIN_HISTORIAL_DE_FACTURACION,,,,,True,OK,[],0,
2079583404,,,,,BAJO,BAJO,-7.0,-6.0,True,False,ALERTA — REVISIÓN HUMANA,['Cliente no encontrado en el maestro SUNAT (001_TBL_CLIENTES_B2B) -- no se puede validar SUNAT/Osiptel para este RUC.'],0,Mantener ciclo de facturación estándar; sin acción de cobranza adicional.
2079585159,CLIENT_00559,LIMA,Cañete,Asia,BAJO,BAJO,2.5,3.0,False,True,OK,[],0,Mantener ciclo de facturación estándar; sin acción de cobranza adicional.
2079641879,,,,,BAJO,BAJO,-6.3,-1.0,False,False,ALERTA — REVISIÓN HUMANA,['Cliente no encontrado en el maestro SUNAT (001_TBL_CLIENTES_B2B) -- no se puede validar SUNAT/Osiptel para este RUC.'],0,Mantener ciclo de facturación estándar; sin acción de cobranza adicional.
2079649915,,,,,SIN_HISTORIAL_DE_FACTURACION,,,,,False,ALERTA — REVISIÓN HUMANA,['Cliente no encontrado en el maestro SUNAT (001_TBL_CLIENTES_B2B) -- no se puede validar SUNAT/Osiptel para este RUC.'],0,
2079665047,,,,,SIN_HISTORIAL_DE_FACTURACION,,,,,False,ALERTA — REVISIÓN HUMANA,['Cliente no encontrado en el maestro SUNAT (001_TBL_CLIENTES_B2B) -- no se puede validar SUNAT/Osiptel para este RUC.'],0,
2079684847,CLIENT_00889,LA LIBERTAD,Trujillo,Victor Larco Herrera,BAJO,BAJO,1.0,3.0,False,True,OK,[],0,Mantener ciclo de facturación estándar; sin acción de cobranza adicional.
2079709405,,,,,SIN_HISTORIAL_DE_FACTURACION,,,,,False,ALERTA — REVISIÓN HUMANA,['Cliente no encontrado en el maestro SUNAT (001_TBL_CLIENTES_B2B) -- no se puede validar SUNAT/Osiptel para este RUC.'],0,
2079774432,,,,,BAJO,BAJO,-1.0,-1.0,False,False,ALERTA — REVISIÓN HUMANA,['Cliente no encontrado en el maestro SUNAT (001_TBL_CLIENTES_B2B) -- no se puede validar SUNAT/Osiptel para este RUC.'],0,Mantener ciclo de facturación estándar; sin acción de cobranza adicional.
2079795130,CLIENT_00710,LIMA,Lima,La Victoria,SIN_HISTORIAL_DE_FACTURACION,,,,,True,OK,[],0,
2079875023,,,,,SIN_HISTORIAL_DE_FACTURACION,,,,,False,ALERTA — REVISIÓN HUMANA,['Cliente no encontrado en el maestro SUNAT (001_TBL_CLIENTES_B2B) -- no se puede validar SUNAT/Osiptel para este RUC.'],0,
2079897130,,,,,SIN_HISTORIAL_DE_FACTURACION,,,,,False,ALERTA — REVISIÓN HUMANA,['Cliente no encontrado en el maestro SUNAT (001_TBL_CLIENTES_B2B) -- no se puede validar SUNAT/Osiptel para este RUC.'],0,
2079899808,,,,,BAJO,BAJO,1.2,3.0,True,False,ALERTA — REVISIÓN HUMANA,['Cliente no encontrado en el maestro SUNAT (001_TBL_CLIENTES_B2B) -- no se puede validar SUNAT/Osiptel para este RUC.'],0,Mantener ciclo de facturación estándar; sin acción de cobranza adicional.
2079928492,CLIENT_00284,ICA,Ica,Ica,SIN_HISTORIAL_DE_FACTURACION,,,,,True,OK,[],0,
2079947829,,,,,SIN_HISTORIAL_DE_FACTURACION,,,,,False,ALERTA — REVISIÓN HUMANA,['Cliente no encontrado en el maestro SUNAT (001_TBL_CLIENTES_B2B) -- no se puede validar SUNAT/Osiptel para este RUC.'],0,
2079967938,CLIENT_00325,LIMA,Lima,San Isidro,SIN_HISTORIAL_DE_FACTURACION,,,,,True,OK,[],0,
2079968373,,,,,SIN_HISTORIAL_DE_FACTURACION,,,,,False,ALERTA — REVISIÓN HUMANA,['Cliente no encontrado en el maestro SUNAT (001_TBL_CLIENTES_B2B) -- no se puede validar SUNAT/Osiptel para este RUC.'],0,
2079986984,,,,,SIN_HISTORIAL_DE_FACTURACION,,,,,False,ALERTA — REVISIÓN HUMANA,['Cliente no encontrado en el maestro SUNAT (001_TBL_CLIENTES_B2B) -- no se puede validar SUNAT/Osiptel para este RUC.'],0,
2080037559,CLIENT_00735,LA LIBERTAD,Chepén,Chepen,SIN_HISTORIAL_DE_FACTURACION,,,,,True,OK,[],0,
2080054700,,,,,SIN_HISTORIAL_DE_FACTURACION,,,,,False,ALERTA — REVISIÓN HUMANA,['Cliente no encontrado en el maestro SUNAT (001_TBL_CLIENTES_B2B) -- no se puede validar SUNAT/Osiptel para este RUC.'],0,
2080121177,,,,,SIN_HISTORIAL_DE_FACTURACION,,,,,False,ALERTA — REVISIÓN HUMANA,['Cliente no encontrado en el maestro SUNAT (001_TBL_CLIENTES_B2B) -- no se puede validar SUNAT/Osiptel para este RUC.'],0,
2080122729,CLIENT_00270,ANCASH,Santa,Chimbote,BAJO,BAJO,3.0,3.0,False,True,OK,[],0,Mantener ciclo de facturación estándar; sin acción de cobranza adicional.
2080123968,CLIENT_00281,LIMA,Lima,San Borja,BAJO,BAJO,-8.0,-8.0,False,True,OK,[],0,Mantener ciclo de facturación estándar; sin acción de cobranza adicional.
2080131663,,,,,SIN_HISTORIAL_DE_FACTURACION,,,,,False,ALERTA — REVISIÓN HUMANA,['Cliente no encontrado en el maestro SUNAT (001_TBL_CLIENTES_B2B) -- no se puede validar SUNAT/Osiptel para este RUC.'],0,
2080192980,,,,,SIN_HISTORIAL_DE_FACTURACION,,,,,False,ALERTA — REVISIÓN HUMANA,['Cliente no encontrado en el maestro SUNAT (001_TBL_CLIENTES_B2B) -- no se puede validar SUNAT/Osiptel para este RUC.'],0,
2080201420,,,,,SIN_HISTORIAL_DE_FACTURACION,,,,,False,ALERTA — REVISIÓN HUMANA,['Cliente no encontrado en el maestro SUNAT (001_TBL_CLIENTES_B2B) -- no se puede validar SUNAT/Osiptel para este RUC.'],0,
2080221488,CLIENT_00213,LIMA,Lima,Pueblo Libre,SIN_HISTORIAL_DE_FACTURACION,,,,,True,OK,[],0,
2080221882,,,,,SIN_HISTORIAL_DE_FACTURACION,,,,,False,ALERTA — REVISIÓN HUMANA,['Cliente no encontrado en el maestro SUNAT (001_TBL_CLIENTES_B2B) -- no se puede validar SUNAT/Osiptel para este RUC.'],0,
2080244968,,,,,SIN_HISTORIAL_DE_FACTURACION,,,,,False,ALERTA — REVISIÓN HUMANA,['Cliente no encontrado en el maestro SUNAT (001_TBL_CLIENTES_B2B) -- no se puede validar SUNAT/Osiptel para este RUC.'],0,
2080284452,CLIENT_00739,LIMA,Barranca,Barranca,ALTO,BAJO,-1.5,5.0,True,True,ALERTA — REVISIÓN HUMANA,['SUNAT_ESTADO_CONTRIBUYENTE=BAJA DE OFICIO (no ACTIVO)'],0,Mantener ciclo de facturación estándar; sin acción de cobranza adicional.
2080289526,,,,,BAJO,BAJO,-3.3,8.0,False,False,ALERTA — REVISIÓN HUMANA,['Cliente no encontrado en el maestro SUNAT (001_TBL_CLIENTES_B2B) -- no se puede validar SUNAT/Osiptel para este RUC.'],2,Mantener ciclo de facturación estándar; sin acción de cobranza adicional.
2080300027,CLIENT_00295,MADRE DE DIOS,Tambopata,Tambopata,BAJO,BAJO,-8.0,-5.0,False,True,OK,[],0,Mantener ciclo de facturación estándar; sin acción de cobranza adicional.
2080338247,CLIENT_00934,LIMA,Lima,Lurigancho,BAJO,BAJO,-5.0,-5.0,False,True,OK,[],0,Mantener ciclo de facturación estándar; sin acción de cobranza adicional.
2080371937,,,,,SIN_HISTORIAL_DE_FACTURACION,,,,,False,ALERTA — REVISIÓN HUMANA,['Cliente no encontrado en el maestro SUNAT (001_TBL_CLIENTES_B2B) -- no se puede validar SUNAT/Osiptel para este RUC.'],0,
2080420835,CLIENT_00720,LIMA,Lima,Comas,ALTO,BAJO,1.5,2.0,True,True,ALERTA — REVISIÓN HUMANA,['SUNAT_ESTADO_CONTRIBUYENTE=SUSPENSION TEMPORAL (no ACTIVO)'],1,Mantener ciclo de facturación estándar; sin acción de cobranza adicional.
2080444231,CLIENT_00903,LIMA,Lima,San Juan de Lurigancho,SIN_HISTORIAL_DE_FACTURACION,,,,,True,OK,[],0,
2080448535,,,,,BAJO,BAJO,-5.5,2.0,False,False,ALERTA — REVISIÓN HUMANA,['Cliente no encontrado en el maestro SUNAT (001_TBL_CLIENTES_B2B) -- no se puede validar SUNAT/Osiptel para este RUC.'],0,Mantener ciclo de facturación estándar; sin acción de cobranza adicional.
2080461271,,,,,SIN_HISTORIAL_DE_FACTURACION,,,,,False,ALERTA — REVISIÓN HUMANA,['Cliente no encontrado en el maestro SUNAT (001_TBL_CLIENTES_B2B) -- no se puede validar SUNAT/Osiptel para este RUC.'],0,
2080474018,,,,,BAJO,BAJO,1.0,1.0,False,False,ALERTA — REVISIÓN HUMANA,['Cliente no encontrado en el maestro SUNAT (001_TBL_CLIENTES_B2B) -- no se puede validar SUNAT/Osiptel para este RUC.'],0,Mantener ciclo de facturación estándar; sin acción de cobranza adicional.
2080580035,CLIENT_00442,LIMA,Lima,Santa Anita,SIN_HISTORIAL_DE_FACTURACION,,,,,True,OK,[],0,
2080608107,CLIENT_00240,LIMA,Lima,San Juan de Lurigancho,BAJO,BAJO,-3.5,-1.0,False,True,OK,[],0,Mantener ciclo de facturación estándar; sin acción de cobranza adicional.
2080713308,,,,,BAJO,BAJO,-8.0,-7.0,True,False,ALERTA — REVISIÓN HUMANA,['Cliente no encontrado en el maestro SUNAT (001_TBL_CLIENTES_B2B) -- no se puede validar SUNAT/Osiptel para este RUC.'],0,Mantener ciclo de facturación estándar; sin acción de cobranza adicional.
2080745216,,,,,SIN_HISTORIAL_DE_FACTURACION,,,,,False,ALERTA — REVISIÓN HUMANA,['Cliente no encontrado en el maestro SUNAT (001_TBL_CLIENTES_B2B) -- no se puede validar SUNAT/Osiptel para este RUC.'],0,
2080767438,,,,,SIN_HISTORIAL_DE_FACTURACION,,,,,False,ALERTA — REVISIÓN HUMANA,['Cliente no encontrado en el maestro SUNAT (001_TBL_CLIENTES_B2B) -- no se puede validar SUNAT/Osiptel para este RUC.'],0,
2080783088,,,,,SIN_HISTORIAL_DE_FACTURACION,,,,,False,ALERTA — REVISIÓN HUMANA,['Cliente no encontrado en el maestro SUNAT (001_TBL_CLIENTES_B2B) -- no se puede validar SUNAT/Osiptel para este RUC.'],0,
2080795747,CLIENT_00687,LIMA,Lima,Chorrillos,SIN_HISTORIAL_DE_FACTURACION,,,,,True,OK,[],0,
2080820342,,,,,SIN_HISTORIAL_DE_FACTURACION,,,,,False,ALERTA — REVISIÓN HUMANA,['Cliente no encontrado en el maestro SUNAT (001_TBL_CLIENTES_B2B) -- no se puede validar SUNAT/Osiptel para este RUC.'],0,
2080859744,,,,,SIN_HISTORIAL_DE_FACTURACION,,,,,False,ALERTA — REVISIÓN HUMANA,['Cliente no encontrado en el maestro SUNAT (001_TBL_CLIENTES_B2B) -- no se puede validar SUNAT/Osiptel para este RUC.'],0,
2080890125,,,,,SIN_HISTORIAL_DE_FACTURACION,,,,,False,ALERTA — REVISIÓN HUMANA,['Cliente no encontrado en el maestro SUNAT (001_TBL_CLIENTES_B2B) -- no se puede validar SUNAT/Osiptel para este RUC.'],0,
2080903280,,,,,SIN_HISTORIAL_DE_FACTURACION,,,,,False,ALERTA — REVISIÓN HUMANA,['Cliente no encontrado en el maestro SUNAT (001_TBL_CLIENTES_B2B) -- no se puede validar SUNAT/Osiptel para este RUC.'],0,
2080907196,,,,,SIN_HISTORIAL_DE_FACTURACION,,,,,False,ALERTA — REVISIÓN HUMANA,['Cliente no encontrado en el maestro SUNAT (001_TBL_CLIENTES_B2B) -- no se puede validar SUNAT/Osiptel para este RUC.'],0,
2080922598,CLIENT_00881,LIMA,Lima,Barranco,SIN_HISTORIAL_DE_FACTURACION,,,,,True,OK,[],0,
2080971084,CLIENT_00348,ICA,Chincha,Chincha Alta,BAJO,BAJO,-6.0,-1.0,False,True,OK,[],0,Mantener ciclo de facturación estándar; sin acción de cobranza adicional.
2081002248,,,,,SIN_HISTORIAL_DE_FACTURACION,,,,,False,ALERTA — REVISIÓN HUMANA,['Cliente no encontrado en el maestro SUNAT (001_TBL_CLIENTES_B2B) -- no se puede validar SUNAT/Osiptel para este RUC.'],0,
2081002593,,,,,SIN_HISTORIAL_DE_FACTURACION,,,,,False,ALERTA — REVISIÓN HUMANA,['Cliente no encontrado en el maestro SUNAT (001_TBL_CLIENTES_B2B) -- no se puede validar SUNAT/Osiptel para este RUC.'],0,
2081042486,,,,,BAJO,BAJO,2.6,21.0,False,False,ALERTA — REVISIÓN HUMANA,['Cliente no encontrado en el maestro SUNAT (001_TBL_CLIENTES_B2B) -- no se puede validar SUNAT/Osiptel para este RUC.'],1,Mantener ciclo de facturación estándar; sin acción de cobranza adicional.
2081043283,,,,,SIN_HISTORIAL_DE_FACTURACION,,,,,False,ALERTA — REVISIÓN HUMANA,['Cliente no encontrado en el maestro SUNAT (001_TBL_CLIENTES_B2B) -- no se puede validar SUNAT/Osiptel para este RUC.'],0,
2081081601,CLIENT_00009,APURIMAC,Andahuaylas,San Jerónimo,SIN_HISTORIAL_DE_FACTURACION,,,,,True,OK,[],0,
2081094311,,,,,SIN_HISTORIAL_DE_FACTURACION,,,,,False,ALERTA — REVISIÓN HUMANA,['Cliente no encontrado en el maestro SUNAT (001_TBL_CLIENTES_B2B) -- no se puede validar SUNAT/Osiptel para este RUC.'],0,
2081101271,CLIENT_00815,LIMA,Lima,San Isidro,SIN_HISTORIAL_DE_FACTURACION,,,,,True,OK,[],0,
2081101283,,,,,SIN_HISTORIAL_DE_FACTURACION,,,,,False,ALERTA — REVISIÓN HUMANA,['Cliente no encontrado en el maestro SUNAT (001_TBL_CLIENTES_B2B) -- no se puede validar SUNAT/Osiptel para este RUC.'],0,
2081107430,,,,,SIN_HISTORIAL_DE_FACTURACION,,,,,False,ALERTA — REVISIÓN HUMANA,['Cliente no encontrado en el maestro SUNAT (001_TBL_CLIENTES_B2B) -- no se puede validar SUNAT/Osiptel para este RUC.'],0,
2081136919,,,,,BAJO,BAJO,-8.0,-7.0,False,False,ALERTA — REVISIÓN HUMANA,['Cliente no encontrado en el maestro SUNAT (001_TBL_CLIENTES_B2B) -- no se puede validar SUNAT/Osiptel para este RUC.'],0,Mantener ciclo de facturación estándar; sin acción de cobranza adicional.
2081142855,CLIENT_00560,CUSCO,Cusco,Wanchaq,SIN_HISTORIAL_DE_FACTURACION,,,,,True,OK,[],0,
2081181548,,,,,SIN_HISTORIAL_DE_FACTURACION,,,,,False,ALERTA — REVISIÓN HUMANA,['Cliente no encontrado en el maestro SUNAT (001_TBL_CLIENTES_B2B) -- no se puede validar SUNAT/Osiptel para este RUC.'],0,
2081245613,CLIENT_00129,CUSCO,Cusco,Cusco,BAJO,BAJO,-1.3,1.0,False,True,OK,[],0,Mantener ciclo de facturación estándar; sin acción de cobranza adicional.
2081251090,CLIENT_00501,LIMA,Lima,Santiago de Surco,BAJO,BAJO,5.0,5.0,False,True,OK,[],1,Mantener ciclo de facturación estándar; sin acción de cobranza adicional.
2081272040,,,,,SIN_HISTORIAL_DE_FACTURACION,,,,,False,ALERTA — REVISIÓN HUMANA,['Cliente no encontrado en el maestro SUNAT (001_TBL_CLIENTES_B2B) -- no se puede validar SUNAT/Osiptel para este RUC.'],0,
2081309251,CLIENT_00433,ICA,Ica,Ica,BAJO,BAJO,-5.8,8.0,False,True,OK,[],1,Mantener ciclo de facturación estándar; sin acción de cobranza adicional.
2081433309,,,,,SIN_HISTORIAL_DE_FACTURACION,,,,,False,ALERTA — REVISIÓN HUMANA,['Cliente no encontrado en el maestro SUNAT (001_TBL_CLIENTES_B2B) -- no se puede validar SUNAT/Osiptel para este RUC.'],0,
2081439712,,,,,SIN_HISTORIAL_DE_FACTURACION,,,,,False,ALERTA — REVISIÓN HUMANA,['Cliente no encontrado en el maestro SUNAT (001_TBL_CLIENTES_B2B) -- no se puede validar SUNAT/Osiptel para este RUC.'],0,
2081449108,,,,,SIN_HISTORIAL_DE_FACTURACION,,,,,False,ALERTA — REVISIÓN HUMANA,['Cliente no encontrado en el maestro SUNAT (001_TBL_CLIENTES_B2B) -- no se puede validar SUNAT/Osiptel para este RUC.'],0,
2081453035,,,,,SIN_HISTORIAL_DE_FACTURACION,,,,,False,ALERTA — REVISIÓN HUMANA,['Cliente no encontrado en el maestro SUNAT (001_TBL_CLIENTES_B2B) -- no se puede validar SUNAT/Osiptel para este RUC.'],0,
2081477856,,,,,SIN_HISTORIAL_DE_FACTURACION,,,,,False,ALERTA — REVISIÓN HUMANA,['Cliente no encontrado en el maestro SUNAT (001_TBL_CLIENTES_B2B) -- no se puede validar SUNAT/Osiptel para este RUC.'],0,
2081482008,,,,,SIN_HISTORIAL_DE_FACTURACION,,,,,False,ALERTA — REVISIÓN HUMANA,['Cliente no encontrado en el maestro SUNAT (001_TBL_CLIENTES_B2B) -- no se puede validar SUNAT/Osiptel para este RUC.'],0,
2081485489,CLIENT_00747,PIURA,Piura,Piura,SIN_HISTORIAL_DE_FACTURACION,,,,,True,OK,[],0,
2081556170,,,,,SIN_HISTORIAL_DE_FACTURACION,,,,,False,ALERTA — REVISIÓN HUMANA,['Cliente no encontrado en el maestro SUNAT (001_TBL_CLIENTES_B2B) -- no se puede validar SUNAT/Osiptel para este RUC.'],0,
2081557271,,,,,SIN_HISTORIAL_DE_FACTURACION,,,,,False,ALERTA — REVISIÓN HUMANA,['Cliente no encontrado en el maestro SUNAT (001_TBL_CLIENTES_B2B) -- no se puede validar SUNAT/Osiptel para este RUC.'],0,
2081561372,CLIENT_00949,LIMA,Lima,Chorrillos,SIN_HISTORIAL_DE_FACTURACION,,,,,True,OK,[],0,
2081571842,,,,,ALTO,ALTO,15.4,57.0,False,False,ALERTA — REVISIÓN HUMANA,['Cliente no encontrado en el maestro SUNAT (001_TBL_CLIENTES_B2B) -- no se puede validar SUNAT/Osiptel para este RUC.'],2,Contacto proactivo antes del vencimiento + oferta de plan de pago fraccionado; escalar a gestor de cuenta senior.
2081657376,,,,,SIN_HISTORIAL_DE_FACTURACION,,,,,False,ALERTA — REVISIÓN HUMANA,['Cliente no encontrado en el maestro SUNAT (001_TBL_CLIENTES_B2B) -- no se puede validar SUNAT/Osiptel para este RUC.'],0,
2081729466,,,,,SIN_HISTORIAL_DE_FACTURACION,,,,,False,ALERTA — REVISIÓN HUMANA,['Cliente no encontrado en el maestro SUNAT (001_TBL_CLIENTES_B2B) -- no se puede validar SUNAT/Osiptel para este RUC.'],0,
2081733189,CLIENT_00101,LIMA,Lima,La Victoria,SIN_HISTORIAL_DE_FACTURACION,,,,,True,OK,[],0,
2081744801,CLIENT_00542,LIMA,Lima,Miraflores,BAJO,BAJO,-3.0,-3.0,False,True,OK,[],0,Mantener ciclo de facturación estándar; sin acción de cobranza adicional.
2081753655,,,,,SIN_HISTORIAL_DE_FACTURACION,,,,,False,ALERTA — REVISIÓN HUMANA,['Cliente no encontrado en el maestro SUNAT (001_TBL_CLIENTES_B2B) -- no se puede validar SUNAT/Osiptel para este RUC.'],0,
2081851294,,,,,SIN_HISTORIAL_DE_FACTURACION,,,,,False,ALERTA — REVISIÓN HUMANA,['Cliente no encontrado en el maestro SUNAT (001_TBL_CLIENTES_B2B) -- no se puede validar SUNAT/Osiptel para este RUC.'],0,
2081896131,,,,,SIN_HISTORIAL_DE_FACTURACION,,,,,False,ALERTA — REVISIÓN HUMANA,['Cliente no encontrado en el maestro SUNAT (001_TBL_CLIENTES_B2B) -- no se puede validar SUNAT/Osiptel para este RUC.'],0,
2082005953,,,,,SIN_HISTORIAL_DE_FACTURACION,,,,,False,ALERTA — REVISIÓN HUMANA,['Cliente no encontrado en el maestro SUNAT (001_TBL_CLIENTES_B2B) -- no se puede validar SUNAT/Osiptel para este RUC.'],0,
2082043891,CLIENT_00584,AREQUIPA,Arequipa,Arequipa,BAJO,BAJO,-2.2,-1.0,False,True,OK,[],0,Mantener ciclo de facturación estándar; sin acción de cobranza adicional.
2082057839,CLIENT_00554,LIMA,Lima,Lima,ALTO,,,,,True,ALERTA — REVISIÓN HUMANA,['Todas sus líneas (fija/móvil) están inactivas o suspendidas'],0,
2082067439,,,,,SIN_HISTORIAL_DE_FACTURACION,,,,,False,ALERTA — REVISIÓN HUMANA,['Cliente no encontrado en el maestro SUNAT (001_TBL_CLIENTES_B2B) -- no se puede validar SUNAT/Osiptel para este RUC.'],0,
2082130032,CLIENT_00923,LA LIBERTAD,Trujillo,Trujillo,BAJO,BAJO,-4.5,-4.0,True,True,OK,[],0,Mantener ciclo de facturación estándar; sin acción de cobranza adicional.
2082132796,,,,,ALTO,ALTO,4.0,16.0,True,False,ALERTA — REVISIÓN HUMANA,['Cliente no encontrado en el maestro SUNAT (001_TBL_CLIENTES_B2B) -- no se puede validar SUNAT/Osiptel para este RUC.'],0,Contacto proactivo antes del vencimiento + oferta de plan de pago fraccionado; escalar a gestor de cuenta senior.
2082156443,CLIENT_00237,LA LIBERTAD,Trujillo,Trujillo,MEDIO,MEDIO,12.5,39.0,False,True,OK,[],2,Recordatorio automático 5 días antes del vencimiento por correo/WhatsApp; sin escalamiento humano todavía.
2082202511,CLIENT_00338,LIMA,Lima,San Juan de Lurigancho,BAJO,BAJO,-2.2,7.0,False,True,OK,[],0,Mantener ciclo de facturación estándar; sin acción de cobranza adicional.
2082216787,,,,,SIN_HISTORIAL_DE_FACTURACION,,,,,False,ALERTA — REVISIÓN HUMANA,['Cliente no encontrado en el maestro SUNAT (001_TBL_CLIENTES_B2B) -- no se puede validar SUNAT/Osiptel para este RUC.'],0,
2082219164,CLIENT_00707,LA LIBERTAD,Virú,Viru,SIN_HISTORIAL_DE_FACTURACION,,,,,True,OK,[],0,
2082221937,CLIENT_00364,AREQUIPA,Arequipa,Arequipa,SIN_HISTORIAL_DE_FACTURACION,,,,,True,OK,[],0,
2082231687,CLIENT_00914,AREQUIPA,Arequipa,Arequipa,SIN_HISTORIAL_DE_FACTURACION,,,,,True,OK,[],0,
2082252873,,,,,SIN_HISTORIAL_DE_FACTURACION,,,,,False,ALERTA — REVISIÓN HUMANA,['Cliente no encontrado en el maestro SUNAT (001_TBL_CLIENTES_B2B) -- no se puede validar SUNAT/Osiptel para este RUC.'],0,
2082291437,,,,,SIN_HISTORIAL_DE_FACTURACION,,,,,False,ALERTA — REVISIÓN HUMANA,['Cliente no encontrado en el maestro SUNAT (001_TBL_CLIENTES_B2B) -- no se puede validar SUNAT/Osiptel para este RUC.'],0,
2082291564,,,,,ALTO,ALTO,21.0,22.0,False,False,ALERTA — REVISIÓN HUMANA,['Cliente no encontrado en el maestro SUNAT (001_TBL_CLIENTES_B2B) -- no se puede validar SUNAT/Osiptel para este RUC.'],2,Contacto proactivo antes del vencimiento + oferta de plan de pago fraccionado; escalar a gestor de cuenta senior.
2082300048,,,,,SIN_HISTORIAL_DE_FACTURACION,,,,,False,ALERTA — REVISIÓN HUMANA,['Cliente no encontrado en el maestro SUNAT (001_TBL_CLIENTES_B2B) -- no se puede validar SUNAT/Osiptel para este RUC.'],0,
2082309425,,,,,SIN_HISTORIAL_DE_FACTURACION,,,,,False,ALERTA — REVISIÓN HUMANA,['Cliente no encontrado en el maestro SUNAT (001_TBL_CLIENTES_B2B) -- no se puede validar SUNAT/Osiptel para este RUC.'],0,
2082318567,CLIENT_00377,LIMA,Lima,San Borja,SIN_HISTORIAL_DE_FACTURACION,,,,,True,OK,[],0,
2082336420,,,,,SIN_HISTORIAL_DE_FACTURACION,,,,,False,ALERTA — REVISIÓN HUMANA,['Cliente no encontrado en el maestro SUNAT (001_TBL_CLIENTES_B2B) -- no se puede validar SUNAT/Osiptel para este RUC.'],0,
2082378549,CLIENT_00977,PIURA,Piura,Piura,ALTO,BAJO,-7.3,23.0,False,True,ALERTA — REVISIÓN HUMANA,['Todas sus líneas (fija/móvil) están inactivas o suspendidas'],2,Mantener ciclo de facturación estándar; sin acción de cobranza adicional.
2082422571,,,,,BAJO,BAJO,-1.8,4.0,False,False,ALERTA — REVISIÓN HUMANA,['Cliente no encontrado en el maestro SUNAT (001_TBL_CLIENTES_B2B) -- no se puede validar SUNAT/Osiptel para este RUC.'],0,Mantener ciclo de facturación estándar; sin acción de cobranza adicional.
2082431659,,,,,SIN_HISTORIAL_DE_FACTURACION,,,,,False,ALERTA — REVISIÓN HUMANA,['Cliente no encontrado en el maestro SUNAT (001_TBL_CLIENTES_B2B) -- no se puede validar SUNAT/Osiptel para este RUC.'],0,
2082477466,,,,,SIN_HISTORIAL_DE_FACTURACION,,,,,False,ALERTA — REVISIÓN HUMANA,['Cliente no encontrado en el maestro SUNAT (001_TBL_CLIENTES_B2B) -- no se puede validar SUNAT/Osiptel para este RUC.'],0,
2082499320,CLIENT_00489,PASCO,Pasco,Chaupimarca,SIN_HISTORIAL_DE_FACTURACION,,,,,True,OK,[],0,
2082499938,,,,,SIN_HISTORIAL_DE_FACTURACION,,,,,False,ALERTA — REVISIÓN HUMANA,['Cliente no encontrado en el maestro SUNAT (001_TBL_CLIENTES_B2B) -- no se puede validar SUNAT/Osiptel para este RUC.'],0,
2082618416,CLIENT_00083,AREQUIPA,Arequipa,La Joya,ALTO,,,,,True,ALERTA — REVISIÓN HUMANA,['SUNAT_ESTADO_CONTRIBUYENTE=BAJA DE OFICIO (no ACTIVO)'],0,
2082639572,,,,,ALTO,ALTO,24.7,48.0,False,False,ALERTA — REVISIÓN HUMANA,['Cliente no encontrado en el maestro SUNAT (001_TBL_CLIENTES_B2B) -- no se puede validar SUNAT/Osiptel para este RUC.'],5,Contacto proactivo antes del vencimiento + oferta de plan de pago fraccionado; escalar a gestor de cuenta senior.
2082647868,CLIENT_00292,LIMA,Lima,San Borja,BAJO,BAJO,0.0,4.0,True,True,OK,[],0,Mantener ciclo de facturación estándar; sin acción de cobranza adicional.
2082724368,,,,,SIN_HISTORIAL_DE_FACTURACION,,,,,False,ALERTA — REVISIÓN HUMANA,['Cliente no encontrado en el maestro SUNAT (001_TBL_CLIENTES_B2B) -- no se puede validar SUNAT/Osiptel para este RUC.'],0,
2082735250,CLIENT_00885,LA LIBERTAD,Trujillo,Trujillo,SIN_HISTORIAL_DE_FACTURACION,,,,,True,OK,[],0,
2082754557,,,,,SIN_HISTORIAL_DE_FACTURACION,,,,,False,ALERTA — REVISIÓN HUMANA,['Cliente no encontrado en el maestro SUNAT (001_TBL_CLIENTES_B2B) -- no se puede validar SUNAT/Osiptel para este RUC.'],0,
2082815216,,,,,SIN_HISTORIAL_DE_FACTURACION,,,,,False,ALERTA — REVISIÓN HUMANA,['Cliente no encontrado en el maestro SUNAT (001_TBL_CLIENTES_B2B) -- no se puede validar SUNAT/Osiptel para este RUC.'],0,
2082824645,,,,,BAJO,BAJO,-5.2,1.0,False,False,ALERTA — REVISIÓN HUMANA,['Cliente no encontrado en el maestro SUNAT (001_TBL_CLIENTES_B2B) -- no se puede validar SUNAT/Osiptel para este RUC.'],0,Mantener ciclo de facturación estándar; sin acción de cobranza adicional.
2082857714,,,,,SIN_HISTORIAL_DE_FACTURACION,,,,,False,ALERTA — REVISIÓN HUMANA,['Cliente no encontrado en el maestro SUNAT (001_TBL_CLIENTES_B2B) -- no se puede validar SUNAT/Osiptel para este RUC.'],0,
2082900579,,,,,BAJO,BAJO,-1.5,0.0,True,False,ALERTA — REVISIÓN HUMANA,['Cliente no encontrado en el maestro SUNAT (001_TBL_CLIENTES_B2B) -- no se puede validar SUNAT/Osiptel para este RUC.'],1,Mantener ciclo de facturación estándar; sin acción de cobranza adicional.
2082946463,,,,,SIN_HISTORIAL_DE_FACTURACION,,,,,False,ALERTA — REVISIÓN HUMANA,['Cliente no encontrado en el maestro SUNAT (001_TBL_CLIENTES_B2B) -- no se puede validar SUNAT/Osiptel para este RUC.'],0,
2082955570,,,,,SIN_HISTORIAL_DE_FACTURACION,,,,,False,ALERTA — REVISIÓN HUMANA,['Cliente no encontrado en el maestro SUNAT (001_TBL_CLIENTES_B2B) -- no se puede validar SUNAT/Osiptel para este RUC.'],0,
2082989772,,,,,SIN_HISTORIAL_DE_FACTURACION,,,,,False,ALERTA — REVISIÓN HUMANA,['Cliente no encontrado en el maestro SUNAT (001_TBL_CLIENTES_B2B) -- no se puede validar SUNAT/Osiptel para este RUC.'],0,
2083037709,CLIENT_00861,LIMA,Lima,Lince,SIN_HISTORIAL_DE_FACTURACION,,,,,True,OK,[],0,
2083038689,,,,,SIN_HISTORIAL_DE_FACTURACION,,,,,False,ALERTA — REVISIÓN HUMANA,['Cliente no encontrado en el maestro SUNAT (001_TBL_CLIENTES_B2B) -- no se puede validar SUNAT/Osiptel para este RUC.'],0,
2083049624,,,,,SIN_HISTORIAL_DE_FACTURACION,,,,,False,ALERTA — REVISIÓN HUMANA,['Cliente no encontrado en el maestro SUNAT (001_TBL_CLIENTES_B2B) -- no se puede validar SUNAT/Osiptel para este RUC.'],0,
2083070874,CLIENT_00459,PIURA,Piura,Castilla,SIN_HISTORIAL_DE_FACTURACION,,,,,True,OK,[],0,
2083087437,CLIENT_00371,LIMA,Lima,San Martín de Porres,BAJO,BAJO,-13.0,-12.0,False,True,OK,[],0,Mantener ciclo de facturación estándar; sin acción de cobranza adicional.
2083097547,,,,,BAJO,BAJO,2.5,3.0,False,False,ALERTA — REVISIÓN HUMANA,['Cliente no encontrado en el maestro SUNAT (001_TBL_CLIENTES_B2B) -- no se puede validar SUNAT/Osiptel para este RUC.'],1,Mantener ciclo de facturación estándar; sin acción de cobranza adicional.
2083104989,,,,,BAJO,BAJO,-1.0,1.0,False,False,ALERTA — REVISIÓN HUMANA,['Cliente no encontrado en el maestro SUNAT (001_TBL_CLIENTES_B2B) -- no se puede validar SUNAT/Osiptel para este RUC.'],0,Mantener ciclo de facturación estándar; sin acción de cobranza adicional.
2083128680,,,,,SIN_HISTORIAL_DE_FACTURACION,,,,,False,ALERTA — REVISIÓN HUMANA,['Cliente no encontrado en el maestro SUNAT (001_TBL_CLIENTES_B2B) -- no se puede validar SUNAT/Osiptel para este RUC.'],0,
2083145478,,,,,SIN_HISTORIAL_DE_FACTURACION,,,,,False,ALERTA — REVISIÓN HUMANA,['Cliente no encontrado en el maestro SUNAT (001_TBL_CLIENTES_B2B) -- no se puede validar SUNAT/Osiptel para este RUC.'],0,
2083182156,,,,,SIN_HISTORIAL_DE_FACTURACION,,,,,False,ALERTA — REVISIÓN HUMANA,['Cliente no encontrado en el maestro SUNAT (001_TBL_CLIENTES_B2B) -- no se puede validar SUNAT/Osiptel para este RUC.'],0,
2083207615,,,,,SIN_HISTORIAL_DE_FACTURACION,,,,,False,ALERTA — REVISIÓN HUMANA,['Cliente no encontrado en el maestro SUNAT (001_TBL_CLIENTES_B2B) -- no se puede validar SUNAT/Osiptel para este RUC.'],0,
2083208524,,,,,SIN_HISTORIAL_DE_FACTURACION,,,,,False,ALERTA — REVISIÓN HUMANA,['Cliente no encontrado en el maestro SUNAT (001_TBL_CLIENTES_B2B) -- no se puede validar SUNAT/Osiptel para este RUC.'],0,
2083211636,,,,,SIN_HISTORIAL_DE_FACTURACION,,,,,False,ALERTA — REVISIÓN HUMANA,['Cliente no encontrado en el maestro SUNAT (001_TBL_CLIENTES_B2B) -- no se puede validar SUNAT/Osiptel para este RUC.'],0,
2083215398,CLIENT_00564,CAJAMARCA,Cajamarca,Cajamarca,BAJO,BAJO,-6.0,-6.0,False,True,OK,[],0,Mantener ciclo de facturación estándar; sin acción de cobranza adicional.
2083236096,CLIENT_00044,LIMA,Lima,Chorrillos,SIN_HISTORIAL_DE_FACTURACION,,,,,True,OK,[],0,
2083295497,CLIENT_00376,LIMA,Lima,Pueblo Libre,ALTO,ALTO,30.0,30.0,False,True,OK,[],1,Contacto proactivo antes del vencimiento + oferta de plan de pago fraccionado; escalar a gestor de cuenta senior.
2083300829,,,,,SIN_HISTORIAL_DE_FACTURACION,,,,,False,ALERTA — REVISIÓN HUMANA,['Cliente no encontrado en el maestro SUNAT (001_TBL_CLIENTES_B2B) -- no se puede validar SUNAT/Osiptel para este RUC.'],0,
2083307919,,,,,SIN_HISTORIAL_DE_FACTURACION,,,,,False,ALERTA — REVISIÓN HUMANA,['Cliente no encontrado en el maestro SUNAT (001_TBL_CLIENTES_B2B) -- no se puede validar SUNAT/Osiptel para este RUC.'],0,
2083350224,,,,,SIN_HISTORIAL_DE_FACTURACION,,,,,False,ALERTA — REVISIÓN HUMANA,['Cliente no encontrado en el maestro SUNAT (001_TBL_CLIENTES_B2B) -- no se puede validar SUNAT/Osiptel para este RUC.'],0,
2083355665,,,,,SIN_HISTORIAL_DE_FACTURACION,,,,,False,ALERTA — REVISIÓN HUMANA,['Cliente no encontrado en el maestro SUNAT (001_TBL_CLIENTES_B2B) -- no se puede validar SUNAT/Osiptel para este RUC.'],0,
2083393986,,,,,BAJO,BAJO,-10.5,-10.0,True,False,ALERTA — REVISIÓN HUMANA,['Cliente no encontrado en el maestro SUNAT (001_TBL_CLIENTES_B2B) -- no se puede validar SUNAT/Osiptel para este RUC.'],1,Mantener ciclo de facturación estándar; sin acción de cobranza adicional.
2083394317,,,,,SIN_HISTORIAL_DE_FACTURACION,,,,,False,ALERTA — REVISIÓN HUMANA,['Cliente no encontrado en el maestro SUNAT (001_TBL_CLIENTES_B2B) -- no se puede validar SUNAT/Osiptel para este RUC.'],0,
2083401881,CLIENT_00445,CAJAMARCA,Jaén,Pucara,SIN_HISTORIAL_DE_FACTURACION,,,,,True,OK,[],0,
2083425528,,,,,SIN_HISTORIAL_DE_FACTURACION,,,,,False,ALERTA — REVISIÓN HUMANA,['Cliente no encontrado en el maestro SUNAT (001_TBL_CLIENTES_B2B) -- no se puede validar SUNAT/Osiptel para este RUC.'],0,
2083482879,,,,,SIN_HISTORIAL_DE_FACTURACION,,,,,False,ALERTA — REVISIÓN HUMANA,['Cliente no encontrado en el maestro SUNAT (001_TBL_CLIENTES_B2B) -- no se puede validar SUNAT/Osiptel para este RUC.'],0,
2083487599,CLIENT_00850,PIURA,Piura,Piura,ALTO,BAJO,-4.2,4.0,False,True,ALERTA — REVISIÓN HUMANA,['SUNAT_ESTADO_CONTRIBUYENTE=BAJA DE OFICIO (no ACTIVO)'],0,Mantener ciclo de facturación estándar; sin acción de cobranza adicional.
2083488968,CLIENT_00506,LIMA,Lima,Lima,SIN_HISTORIAL_DE_FACTURACION,,,,,True,OK,[],0,
2083492961,,,,,SIN_HISTORIAL_DE_FACTURACION,,,,,False,ALERTA — REVISIÓN HUMANA,['Cliente no encontrado en el maestro SUNAT (001_TBL_CLIENTES_B2B) -- no se puede validar SUNAT/Osiptel para este RUC.'],0,
2083494282,,,,,SIN_HISTORIAL_DE_FACTURACION,,,,,False,ALERTA — REVISIÓN HUMANA,['Cliente no encontrado en el maestro SUNAT (001_TBL_CLIENTES_B2B) -- no se puede validar SUNAT/Osiptel para este RUC.'],0,
2083500117,,,,,SIN_HISTORIAL_DE_FACTURACION,,,,,False,ALERTA — REVISIÓN HUMANA,['Cliente no encontrado en el maestro SUNAT (001_TBL_CLIENTES_B2B) -- no se puede validar SUNAT/Osiptel para este RUC.'],0,
2083511593,,,,,SIN_HISTORIAL_DE_FACTURACION,,,,,False,ALERTA — REVISIÓN HUMANA,['Cliente no encontrado en el maestro SUNAT (001_TBL_CLIENTES_B2B) -- no se puede validar SUNAT/Osiptel para este RUC.'],0,
2083512319,,,,,SIN_HISTORIAL_DE_FACTURACION,,,,,False,ALERTA — REVISIÓN HUMANA,['Cliente no encontrado en el maestro SUNAT (001_TBL_CLIENTES_B2B) -- no se puede validar SUNAT/Osiptel para este RUC.'],0,
2083625607,CLIENT_00352,LIMA,Lima,Miraflores,SIN_HISTORIAL_DE_FACTURACION,,,,,True,OK,[],0,
2083627939,CLIENT_00277,LA LIBERTAD,Trujillo,Trujillo,SIN_HISTORIAL_DE_FACTURACION,,,,,True,OK,[],0,
2083655957,,,,,SIN_HISTORIAL_DE_FACTURACION,,,,,False,ALERTA — REVISIÓN HUMANA,['Cliente no encontrado en el maestro SUNAT (001_TBL_CLIENTES_B2B) -- no se puede validar SUNAT/Osiptel para este RUC.'],0,
2083660133,,,,,SIN_HISTORIAL_DE_FACTURACION,,,,,False,ALERTA — REVISIÓN HUMANA,['Cliente no encontrado en el maestro SUNAT (001_TBL_CLIENTES_B2B) -- no se puede validar SUNAT/Osiptel para este RUC.'],0,
2083673976,,,,,SIN_HISTORIAL_DE_FACTURACION,,,,,False,ALERTA — REVISIÓN HUMANA,['Cliente no encontrado en el maestro SUNAT (001_TBL_CLIENTES_B2B) -- no se puede validar SUNAT/Osiptel para este RUC.'],0,
2083697675,,,,,BAJO,BAJO,-2.0,2.0,False,False,ALERTA — REVISIÓN HUMANA,['Cliente no encontrado en el maestro SUNAT (001_TBL_CLIENTES_B2B) -- no se puede validar SUNAT/Osiptel para este RUC.'],0,Mantener ciclo de facturación estándar; sin acción de cobranza adicional.
2083730888,,,,,SIN_HISTORIAL_DE_FACTURACION,,,,,False,ALERTA — REVISIÓN HUMANA,['Cliente no encontrado en el maestro SUNAT (001_TBL_CLIENTES_B2B) -- no se puede validar SUNAT/Osiptel para este RUC.'],0,
2083735517,,,,,SIN_HISTORIAL_DE_FACTURACION,,,,,False,ALERTA — REVISIÓN HUMANA,['Cliente no encontrado en el maestro SUNAT (001_TBL_CLIENTES_B2B) -- no se puede validar SUNAT/Osiptel para este RUC.'],0,
2083750866,,,,,BAJO,BAJO,-12.5,-12.0,True,False,ALERTA — REVISIÓN HUMANA,['Cliente no encontrado en el maestro SUNAT (001_TBL_CLIENTES_B2B) -- no se puede validar SUNAT/Osiptel para este RUC.'],0,Mantener ciclo de facturación estándar; sin acción de cobranza adicional.
2083762878,,,,,SIN_HISTORIAL_DE_FACTURACION,,,,,False,ALERTA — REVISIÓN HUMANA,['Cliente no encontrado en el maestro SUNAT (001_TBL_CLIENTES_B2B) -- no se puede validar SUNAT/Osiptel para este RUC.'],0,
2083888988,,,,,SIN_HISTORIAL_DE_FACTURACION,,,,,False,ALERTA — REVISIÓN HUMANA,['Cliente no encontrado en el maestro SUNAT (001_TBL_CLIENTES_B2B) -- no se puede validar SUNAT/Osiptel para este RUC.'],0,
2083889630,,,,,SIN_HISTORIAL_DE_FACTURACION,,,,,False,ALERTA — REVISIÓN HUMANA,['Cliente no encontrado en el maestro SUNAT (001_TBL_CLIENTES_B2B) -- no se puede validar SUNAT/Osiptel para este RUC.'],0,
2083952379,CLIENT_00646,LA LIBERTAD,Trujillo,Trujillo,ALTO,ALTO,15.5,27.0,False,True,OK,[],1,Contacto proactivo antes del vencimiento + oferta de plan de pago fraccionado; escalar a gestor de cuenta senior.
2083954617,,,,,SIN_HISTORIAL_DE_FACTURACION,,,,,False,ALERTA — REVISIÓN HUMANA,['Cliente no encontrado en el maestro SUNAT (001_TBL_CLIENTES_B2B) -- no se puede validar SUNAT/Osiptel para este RUC.'],0,
2084072582,,,,,SIN_HISTORIAL_DE_FACTURACION,,,,,False,ALERTA — REVISIÓN HUMANA,['Cliente no encontrado en el maestro SUNAT (001_TBL_CLIENTES_B2B) -- no se puede validar SUNAT/Osiptel para este RUC.'],0,
2084074807,CLIENT_00310,JUNIN,Huancayo,Chilca,ALTO,BAJO,-2.0,3.0,False,True,ALERTA — REVISIÓN HUMANA,['SUNAT_ESTADO_CONTRIBUYENTE=BAJA DE OFICIO (no ACTIVO)'],0,Mantener ciclo de facturación estándar; sin acción de cobranza adicional.
2084221474,,,,,SIN_HISTORIAL_DE_FACTURACION,,,,,False,ALERTA — REVISIÓN HUMANA,['Cliente no encontrado en el maestro SUNAT (001_TBL_CLIENTES_B2B) -- no se puede validar SUNAT/Osiptel para este RUC.'],0,
2084267597,,,,,SIN_HISTORIAL_DE_FACTURACION,,,,,False,ALERTA — REVISIÓN HUMANA,['Cliente no encontrado en el maestro SUNAT (001_TBL_CLIENTES_B2B) -- no se puede validar SUNAT/Osiptel para este RUC.'],0,
2084276545,,,,,SIN_HISTORIAL_DE_FACTURACION,,,,,False,ALERTA — REVISIÓN HUMANA,['Cliente no encontrado en el maestro SUNAT (001_TBL_CLIENTES_B2B) -- no se puede validar SUNAT/Osiptel para este RUC.'],0,
2084279674,CLIENT_00091,LIMA,Lima,La Victoria,BAJO,BAJO,-11.5,-9.0,False,True,OK,[],0,Mantener ciclo de facturación estándar; sin acción de cobranza adicional.
2084282369,CLIENT_00074,PIURA,Piura,Piura,ALTO,,,,,True,ALERTA — REVISIÓN HUMANA,['Todas sus líneas (fija/móvil) están inactivas o suspendidas'],0,
2084339331,CLIENT_00536,SAN MARTIN,San Martín,La Banda de Shilcayo,ALTO,,,,,True,ALERTA — REVISIÓN HUMANA,['Todas sus líneas (fija/móvil) están inactivas o suspendidas'],0,
2084345994,,,,,SIN_HISTORIAL_DE_FACTURACION,,,,,False,ALERTA — REVISIÓN HUMANA,['Cliente no encontrado en el maestro SUNAT (001_TBL_CLIENTES_B2B) -- no se puede validar SUNAT/Osiptel para este RUC.'],0,
2084347031,,,,,BAJO,BAJO,-6.8,-3.0,False,False,ALERTA — REVISIÓN HUMANA,['Cliente no encontrado en el maestro SUNAT (001_TBL_CLIENTES_B2B) -- no se puede validar SUNAT/Osiptel para este RUC.'],0,Mantener ciclo de facturación estándar; sin acción de cobranza adicional.
2084384500,,,,,BAJO,BAJO,-4.0,3.0,False,False,ALERTA — REVISIÓN HUMANA,['Cliente no encontrado en el maestro SUNAT (001_TBL_CLIENTES_B2B) -- no se puede validar SUNAT/Osiptel para este RUC.'],0,Mantener ciclo de facturación estándar; sin acción de cobranza adicional.
2084435395,,,,,SIN_HISTORIAL_DE_FACTURACION,,,,,False,ALERTA — REVISIÓN HUMANA,['Cliente no encontrado en el maestro SUNAT (001_TBL_CLIENTES_B2B) -- no se puede validar SUNAT/Osiptel para este RUC.'],0,
2084457504,,,,,BAJO,BAJO,3.3,18.0,False,False,ALERTA — REVISIÓN HUMANA,['Cliente no encontrado en el maestro SUNAT (001_TBL_CLIENTES_B2B) -- no se puede validar SUNAT/Osiptel para este RUC.'],3,Mantener ciclo de facturación estándar; sin acción de cobranza adicional.
2084499858,,,,,BAJO,BAJO,-2.7,3.0,False,False,ALERTA — REVISIÓN HUMANA,['Cliente no encontrado en el maestro SUNAT (001_TBL_CLIENTES_B2B) -- no se puede validar SUNAT/Osiptel para este RUC.'],0,Mantener ciclo de facturación estándar; sin acción de cobranza adicional.
2084525225,,,,,SIN_HISTORIAL_DE_FACTURACION,,,,,False,ALERTA — REVISIÓN HUMANA,['Cliente no encontrado en el maestro SUNAT (001_TBL_CLIENTES_B2B) -- no se puede validar SUNAT/Osiptel para este RUC.'],0,
2084570901,,,,,SIN_HISTORIAL_DE_FACTURACION,,,,,False,ALERTA — REVISIÓN HUMANA,['Cliente no encontrado en el maestro SUNAT (001_TBL_CLIENTES_B2B) -- no se puede validar SUNAT/Osiptel para este RUC.'],0,
2084595191,CLIENT_00613,LIMA,Lima,Carabayllo,BAJO,BAJO,-7.3,3.0,False,True,OK,[],3,Mantener ciclo de facturación estándar; sin acción de cobranza adicional.
2084632629,,,,,SIN_HISTORIAL_DE_FACTURACION,,,,,False,ALERTA — REVISIÓN HUMANA,['Cliente no encontrado en el maestro SUNAT (001_TBL_CLIENTES_B2B) -- no se puede validar SUNAT/Osiptel para este RUC.'],0,
2084651658,,,,,SIN_HISTORIAL_DE_FACTURACION,,,,,False,ALERTA — REVISIÓN HUMANA,['Cliente no encontrado en el maestro SUNAT (001_TBL_CLIENTES_B2B) -- no se puede validar SUNAT/Osiptel para este RUC.'],0,
2084667720,,,,,SIN_HISTORIAL_DE_FACTURACION,,,,,False,ALERTA — REVISIÓN HUMANA,['Cliente no encontrado en el maestro SUNAT (001_TBL_CLIENTES_B2B) -- no se puede validar SUNAT/Osiptel para este RUC.'],0,
2084680790,,,,,BAJO,BAJO,1.0,1.0,False,False,ALERTA — REVISIÓN HUMANA,['Cliente no encontrado en el maestro SUNAT (001_TBL_CLIENTES_B2B) -- no se puede validar SUNAT/Osiptel para este RUC.'],0,Mantener ciclo de facturación estándar; sin acción de cobranza adicional.
2084701120,,,,,SIN_HISTORIAL_DE_FACTURACION,,,,,False,ALERTA — REVISIÓN HUMANA,['Cliente no encontrado en el maestro SUNAT (001_TBL_CLIENTES_B2B) -- no se puede validar SUNAT/Osiptel para este RUC.'],0,
2084796342,,,,,SIN_HISTORIAL_DE_FACTURACION,,,,,False,ALERTA — REVISIÓN HUMANA,['Cliente no encontrado en el maestro SUNAT (001_TBL_CLIENTES_B2B) -- no se puede validar SUNAT/Osiptel para este RUC.'],0,
2084840269,,,,,SIN_HISTORIAL_DE_FACTURACION,,,,,False,ALERTA — REVISIÓN HUMANA,['Cliente no encontrado en el maestro SUNAT (001_TBL_CLIENTES_B2B) -- no se puede validar SUNAT/Osiptel para este RUC.'],0,
2084915354,CLIENT_00997,AREQUIPA,Arequipa,Paucarpata,BAJO,BAJO,3.0,7.0,True,True,OK,[],0,Mantener ciclo de facturación estándar; sin acción de cobranza adicional.
2084940243,,,,,SIN_HISTORIAL_DE_FACTURACION,,,,,False,ALERTA — REVISIÓN HUMANA,['Cliente no encontrado en el maestro SUNAT (001_TBL_CLIENTES_B2B) -- no se puede validar SUNAT/Osiptel para este RUC.'],0,
2084940263,,,,,SIN_HISTORIAL_DE_FACTURACION,,,,,False,ALERTA — REVISIÓN HUMANA,['Cliente no encontrado en el maestro SUNAT (001_TBL_CLIENTES_B2B) -- no se puede validar SUNAT/Osiptel para este RUC.'],0,
2085048217,CLIENT_00031,LIMA,Lima,Lince,ALTO,BAJO,-4.0,-4.0,False,True,ALERTA — REVISIÓN HUMANA,['SUNAT_ESTADO_CONTRIBUYENTE=SUSPENSION TEMPORAL (no ACTIVO)'],0,Mantener ciclo de facturación estándar; sin acción de cobranza adicional.
2085158571,,,,,SIN_HISTORIAL_DE_FACTURACION,,,,,False,ALERTA — REVISIÓN HUMANA,['Cliente no encontrado en el maestro SUNAT (001_TBL_CLIENTES_B2B) -- no se puede validar SUNAT/Osiptel para este RUC.'],0,
2085221146,,,,,SIN_HISTORIAL_DE_FACTURACION,,,,,False,ALERTA — REVISIÓN HUMANA,['Cliente no encontrado en el maestro SUNAT (001_TBL_CLIENTES_B2B) -- no se puede validar SUNAT/Osiptel para este RUC.'],0,
2085272252,,,,,SIN_HISTORIAL_DE_FACTURACION,,,,,False,ALERTA — REVISIÓN HUMANA,['Cliente no encontrado en el maestro SUNAT (001_TBL_CLIENTES_B2B) -- no se puede validar SUNAT/Osiptel para este RUC.'],0,
2085300720,CLIENT_00565,LIMA,Lima,San Isidro,SIN_HISTORIAL_DE_FACTURACION,,,,,True,OK,[],0,
2085352948,CLIENT_00630,LAMBAYEQUE,Chiclayo,José Leonardo Ortiz,ALTO,ALTO,22.5,23.0,True,True,OK,[],2,Contacto proactivo antes del vencimiento + oferta de plan de pago fraccionado; escalar a gestor de cuenta senior.
2085385975,,,,,SIN_HISTORIAL_DE_FACTURACION,,,,,False,ALERTA — REVISIÓN HUMANA,['Cliente no encontrado en el maestro SUNAT (001_TBL_CLIENTES_B2B) -- no se puede validar SUNAT/Osiptel para este RUC.'],0,
2085396305,,,,,SIN_HISTORIAL_DE_FACTURACION,,,,,False,ALERTA — REVISIÓN HUMANA,['Cliente no encontrado en el maestro SUNAT (001_TBL_CLIENTES_B2B) -- no se puede validar SUNAT/Osiptel para este RUC.'],0,
2085402983,,,,,SIN_HISTORIAL_DE_FACTURACION,,,,,False,ALERTA — REVISIÓN HUMANA,['Cliente no encontrado en el maestro SUNAT (001_TBL_CLIENTES_B2B) -- no se puede validar SUNAT/Osiptel para este RUC.'],0,
2085420441,,,,,BAJO,BAJO,1.2,3.0,False,False,ALERTA — REVISIÓN HUMANA,['Cliente no encontrado en el maestro SUNAT (001_TBL_CLIENTES_B2B) -- no se puede validar SUNAT/Osiptel para este RUC.'],0,Mantener ciclo de facturación estándar; sin acción de cobranza adicional.
2085491936,,,,,SIN_HISTORIAL_DE_FACTURACION,,,,,False,ALERTA — REVISIÓN HUMANA,['Cliente no encontrado en el maestro SUNAT (001_TBL_CLIENTES_B2B) -- no se puede validar SUNAT/Osiptel para este RUC.'],0,
2085501613,,,,,SIN_HISTORIAL_DE_FACTURACION,,,,,False,ALERTA — REVISIÓN HUMANA,['Cliente no encontrado en el maestro SUNAT (001_TBL_CLIENTES_B2B) -- no se puede validar SUNAT/Osiptel para este RUC.'],0,
2085588833,CLIENT_00578,LIMA,Lima,San Borja,BAJO,BAJO,-14.5,-13.0,False,True,OK,[],0,Mantener ciclo de facturación estándar; sin acción de cobranza adicional.
2085620853,,,,,SIN_HISTORIAL_DE_FACTURACION,,,,,False,ALERTA — REVISIÓN HUMANA,['Cliente no encontrado en el maestro SUNAT (001_TBL_CLIENTES_B2B) -- no se puede validar SUNAT/Osiptel para este RUC.'],0,
2085642206,,,,,SIN_HISTORIAL_DE_FACTURACION,,,,,False,ALERTA — REVISIÓN HUMANA,['Cliente no encontrado en el maestro SUNAT (001_TBL_CLIENTES_B2B) -- no se puede validar SUNAT/Osiptel para este RUC.'],0,
2085674560,,,,,SIN_HISTORIAL_DE_FACTURACION,,,,,False,ALERTA — REVISIÓN HUMANA,['Cliente no encontrado en el maestro SUNAT (001_TBL_CLIENTES_B2B) -- no se puede validar SUNAT/Osiptel para este RUC.'],0,
2085725997,,,,,SIN_HISTORIAL_DE_FACTURACION,,,,,False,ALERTA — REVISIÓN HUMANA,['Cliente no encontrado en el maestro SUNAT (001_TBL_CLIENTES_B2B) -- no se puede validar SUNAT/Osiptel para este RUC.'],0,
2085792850,,,,,SIN_HISTORIAL_DE_FACTURACION,,,,,False,ALERTA — REVISIÓN HUMANA,['Cliente no encontrado en el maestro SUNAT (001_TBL_CLIENTES_B2B) -- no se puede validar SUNAT/Osiptel para este RUC.'],0,
2085837314,,,,,SIN_HISTORIAL_DE_FACTURACION,,,,,False,ALERTA — REVISIÓN HUMANA,['Cliente no encontrado en el maestro SUNAT (001_TBL_CLIENTES_B2B) -- no se puede validar SUNAT/Osiptel para este RUC.'],0,
2085852773,,,,,SIN_HISTORIAL_DE_FACTURACION,,,,,False,ALERTA — REVISIÓN HUMANA,['Cliente no encontrado en el maestro SUNAT (001_TBL_CLIENTES_B2B) -- no se puede validar SUNAT/Osiptel para este RUC.'],0,
2085866987,,,,,SIN_HISTORIAL_DE_FACTURACION,,,,,False,ALERTA — REVISIÓN HUMANA,['Cliente no encontrado en el maestro SUNAT (001_TBL_CLIENTES_B2B) -- no se puede validar SUNAT/Osiptel para este RUC.'],0,
2085867642,,,,,SIN_HISTORIAL_DE_FACTURACION,,,,,False,ALERTA — REVISIÓN HUMANA,['Cliente no encontrado en el maestro SUNAT (001_TBL_CLIENTES_B2B) -- no se puede validar SUNAT/Osiptel para este RUC.'],0,
2085882667,,,,,SIN_HISTORIAL_DE_FACTURACION,,,,,False,ALERTA — REVISIÓN HUMANA,['Cliente no encontrado en el maestro SUNAT (001_TBL_CLIENTES_B2B) -- no se puede validar SUNAT/Osiptel para este RUC.'],0,
2085898304,,,,,SIN_HISTORIAL_DE_FACTURACION,,,,,False,ALERTA — REVISIÓN HUMANA,['Cliente no encontrado en el maestro SUNAT (001_TBL_CLIENTES_B2B) -- no se puede validar SUNAT/Osiptel para este RUC.'],0,
2085903598,,,,,BAJO,BAJO,1.3,39.0,False,False,ALERTA — REVISIÓN HUMANA,['Cliente no encontrado en el maestro SUNAT (001_TBL_CLIENTES_B2B) -- no se puede validar SUNAT/Osiptel para este RUC.'],3,Mantener ciclo de facturación estándar; sin acción de cobranza adicional.
2085948228,,,,,SIN_HISTORIAL_DE_FACTURACION,,,,,False,ALERTA — REVISIÓN HUMANA,['Cliente no encontrado en el maestro SUNAT (001_TBL_CLIENTES_B2B) -- no se puede validar SUNAT/Osiptel para este RUC.'],0,
2085977967,,,,,SIN_HISTORIAL_DE_FACTURACION,,,,,False,ALERTA — REVISIÓN HUMANA,['Cliente no encontrado en el maestro SUNAT (001_TBL_CLIENTES_B2B) -- no se puede validar SUNAT/Osiptel para este RUC.'],0,
2085992497,,,,,BAJO,BAJO,-11.5,-11.0,True,False,ALERTA — REVISIÓN HUMANA,['Cliente no encontrado en el maestro SUNAT (001_TBL_CLIENTES_B2B) -- no se puede validar SUNAT/Osiptel para este RUC.'],0,Mantener ciclo de facturación estándar; sin acción de cobranza adicional.
2086005229,,,,,SIN_HISTORIAL_DE_FACTURACION,,,,,False,ALERTA — REVISIÓN HUMANA,['Cliente no encontrado en el maestro SUNAT (001_TBL_CLIENTES_B2B) -- no se puede validar SUNAT/Osiptel para este RUC.'],0,
2086007246,CLIENT_00809,LIMA,Lima,Miraflores,BAJO,BAJO,0.0,2.0,False,True,OK,[],0,Mantener ciclo de facturación estándar; sin acción de cobranza adicional.
2086021462,CLIENT_00730,CUSCO,Cusco,Cusco,ALTO,BAJO,0.0,0.0,False,True,ALERTA — REVISIÓN HUMANA,['SUNAT_ESTADO_CONTRIBUYENTE=BAJA DE OFICIO (no ACTIVO)'],0,Mantener ciclo de facturación estándar; sin acción de cobranza adicional.
2086157366,,,,,SIN_HISTORIAL_DE_FACTURACION,,,,,False,ALERTA — REVISIÓN HUMANA,['Cliente no encontrado en el maestro SUNAT (001_TBL_CLIENTES_B2B) -- no se puede validar SUNAT/Osiptel para este RUC.'],0,
2086192507,,,,,SIN_HISTORIAL_DE_FACTURACION,,,,,False,ALERTA — REVISIÓN HUMANA,['Cliente no encontrado en el maestro SUNAT (001_TBL_CLIENTES_B2B) -- no se puede validar SUNAT/Osiptel para este RUC.'],0,
2086276931,,,,,SIN_HISTORIAL_DE_FACTURACION,,,,,False,ALERTA — REVISIÓN HUMANA,['Cliente no encontrado en el maestro SUNAT (001_TBL_CLIENTES_B2B) -- no se puede validar SUNAT/Osiptel para este RUC.'],0,
2086288094,,,,,SIN_HISTORIAL_DE_FACTURACION,,,,,False,ALERTA — REVISIÓN HUMANA,['Cliente no encontrado en el maestro SUNAT (001_TBL_CLIENTES_B2B) -- no se puede validar SUNAT/Osiptel para este RUC.'],0,
2086306604,CLIENT_00634,LIMA,Lima,La Molina,BAJO,BAJO,2.0,2.0,False,True,OK,[],0,Mantener ciclo de facturación estándar; sin acción de cobranza adicional.
2086357909,,,,,SIN_HISTORIAL_DE_FACTURACION,,,,,False,ALERTA — REVISIÓN HUMANA,['Cliente no encontrado en el maestro SUNAT (001_TBL_CLIENTES_B2B) -- no se puede validar SUNAT/Osiptel para este RUC.'],0,
2086372778,,,,,SIN_HISTORIAL_DE_FACTURACION,,,,,False,ALERTA — REVISIÓN HUMANA,['Cliente no encontrado en el maestro SUNAT (001_TBL_CLIENTES_B2B) -- no se puede validar SUNAT/Osiptel para este RUC.'],0,
2086383004,,,,,SIN_HISTORIAL_DE_FACTURACION,,,,,False,ALERTA — REVISIÓN HUMANA,['Cliente no encontrado en el maestro SUNAT (001_TBL_CLIENTES_B2B) -- no se puede validar SUNAT/Osiptel para este RUC.'],0,
2086407288,,,,,SIN_HISTORIAL_DE_FACTURACION,,,,,False,ALERTA — REVISIÓN HUMANA,['Cliente no encontrado en el maestro SUNAT (001_TBL_CLIENTES_B2B) -- no se puede validar SUNAT/Osiptel para este RUC.'],0,
2086418221,,,,,SIN_HISTORIAL_DE_FACTURACION,,,,,False,ALERTA — REVISIÓN HUMANA,['Cliente no encontrado en el maestro SUNAT (001_TBL_CLIENTES_B2B) -- no se puede validar SUNAT/Osiptel para este RUC.'],0,
2086433692,,,,,SIN_HISTORIAL_DE_FACTURACION,,,,,False,ALERTA — REVISIÓN HUMANA,['Cliente no encontrado en el maestro SUNAT (001_TBL_CLIENTES_B2B) -- no se puede validar SUNAT/Osiptel para este RUC.'],0,
2086451533,CLIENT_00402,CAJAMARCA,Cajamarca,San Juan,BAJO,BAJO,-10.5,-9.0,False,True,OK,[],0,Mantener ciclo de facturación estándar; sin acción de cobranza adicional.
2086459162,,,,,SIN_HISTORIAL_DE_FACTURACION,,,,,False,ALERTA — REVISIÓN HUMANA,['Cliente no encontrado en el maestro SUNAT (001_TBL_CLIENTES_B2B) -- no se puede validar SUNAT/Osiptel para este RUC.'],0,
2086511522,,,,,SIN_HISTORIAL_DE_FACTURACION,,,,,False,ALERTA — REVISIÓN HUMANA,['Cliente no encontrado en el maestro SUNAT (001_TBL_CLIENTES_B2B) -- no se puede validar SUNAT/Osiptel para este RUC.'],0,
2086524379,,,,,SIN_HISTORIAL_DE_FACTURACION,,,,,False,ALERTA — REVISIÓN HUMANA,['Cliente no encontrado en el maestro SUNAT (001_TBL_CLIENTES_B2B) -- no se puede validar SUNAT/Osiptel para este RUC.'],0,
2086527216,,,,,SIN_HISTORIAL_DE_FACTURACION,,,,,False,ALERTA — REVISIÓN HUMANA,['Cliente no encontrado en el maestro SUNAT (001_TBL_CLIENTES_B2B) -- no se puede validar SUNAT/Osiptel para este RUC.'],0,
2086553315,,,,,SIN_HISTORIAL_DE_FACTURACION,,,,,False,ALERTA — REVISIÓN HUMANA,['Cliente no encontrado en el maestro SUNAT (001_TBL_CLIENTES_B2B) -- no se puede validar SUNAT/Osiptel para este RUC.'],0,
2086601259,,,,,SIN_HISTORIAL_DE_FACTURACION,,,,,False,ALERTA — REVISIÓN HUMANA,['Cliente no encontrado en el maestro SUNAT (001_TBL_CLIENTES_B2B) -- no se puede validar SUNAT/Osiptel para este RUC.'],0,
2086602695,,,,,BAJO,BAJO,1.9,22.0,False,False,ALERTA — REVISIÓN HUMANA,['Cliente no encontrado en el maestro SUNAT (001_TBL_CLIENTES_B2B) -- no se puede validar SUNAT/Osiptel para este RUC.'],2,Mantener ciclo de facturación estándar; sin acción de cobranza adicional.
2086639401,,,,,SIN_HISTORIAL_DE_FACTURACION,,,,,False,ALERTA — REVISIÓN HUMANA,['Cliente no encontrado en el maestro SUNAT (001_TBL_CLIENTES_B2B) -- no se puede validar SUNAT/Osiptel para este RUC.'],0,
2086658236,,,,,SIN_HISTORIAL_DE_FACTURACION,,,,,False,ALERTA — REVISIÓN HUMANA,['Cliente no encontrado en el maestro SUNAT (001_TBL_CLIENTES_B2B) -- no se puede validar SUNAT/Osiptel para este RUC.'],0,
2086709322,,,,,SIN_HISTORIAL_DE_FACTURACION,,,,,False,ALERTA — REVISIÓN HUMANA,['Cliente no encontrado en el maestro SUNAT (001_TBL_CLIENTES_B2B) -- no se puede validar SUNAT/Osiptel para este RUC.'],0,
2086709498,,,,,SIN_HISTORIAL_DE_FACTURACION,,,,,False,ALERTA — REVISIÓN HUMANA,['Cliente no encontrado en el maestro SUNAT (001_TBL_CLIENTES_B2B) -- no se puede validar SUNAT/Osiptel para este RUC.'],0,
2086712633,,,,,SIN_HISTORIAL_DE_FACTURACION,,,,,False,ALERTA — REVISIÓN HUMANA,['Cliente no encontrado en el maestro SUNAT (001_TBL_CLIENTES_B2B) -- no se puede validar SUNAT/Osiptel para este RUC.'],0,
2086719142,,,,,SIN_HISTORIAL_DE_FACTURACION,,,,,False,ALERTA — REVISIÓN HUMANA,['Cliente no encontrado en el maestro SUNAT (001_TBL_CLIENTES_B2B) -- no se puede validar SUNAT/Osiptel para este RUC.'],0,
2086726498,CLIENT_00956,AREQUIPA,Arequipa,Cerro Colorado,SIN_HISTORIAL_DE_FACTURACION,,,,,True,OK,[],0,
2086798985,,,,,SIN_HISTORIAL_DE_FACTURACION,,,,,False,ALERTA — REVISIÓN HUMANA,['Cliente no encontrado en el maestro SUNAT (001_TBL_CLIENTES_B2B) -- no se puede validar SUNAT/Osiptel para este RUC.'],0,
2086851615,,,,,BAJO,BAJO,-4.0,1.0,False,False,ALERTA — REVISIÓN HUMANA,['Cliente no encontrado en el maestro SUNAT (001_TBL_CLIENTES_B2B) -- no se puede validar SUNAT/Osiptel para este RUC.'],0,Mantener ciclo de facturación estándar; sin acción de cobranza adicional.
2086870606,CLIENT_00742,LIMA,Lima,San Juan de Lurigancho,SIN_HISTORIAL_DE_FACTURACION,,,,,True,OK,[],0,
2086876191,,,,,SIN_HISTORIAL_DE_FACTURACION,,,,,False,ALERTA — REVISIÓN HUMANA,['Cliente no encontrado en el maestro SUNAT (001_TBL_CLIENTES_B2B) -- no se puede validar SUNAT/Osiptel para este RUC.'],0,
2086892693,,,,,SIN_HISTORIAL_DE_FACTURACION,,,,,False,ALERTA — REVISIÓN HUMANA,['Cliente no encontrado en el maestro SUNAT (001_TBL_CLIENTES_B2B) -- no se puede validar SUNAT/Osiptel para este RUC.'],0,
2086906355,CLIENT_00933,LIMA,Lima,Miraflores,BAJO,BAJO,-6.0,-4.0,False,True,OK,[],0,Mantener ciclo de facturación estándar; sin acción de cobranza adicional.
2086965398,,,,,SIN_HISTORIAL_DE_FACTURACION,,,,,False,ALERTA — REVISIÓN HUMANA,['Cliente no encontrado en el maestro SUNAT (001_TBL_CLIENTES_B2B) -- no se puede validar SUNAT/Osiptel para este RUC.'],0,
2086977341,,,,,BAJO,BAJO,-3.0,-3.0,False,False,ALERTA — REVISIÓN HUMANA,['Cliente no encontrado en el maestro SUNAT (001_TBL_CLIENTES_B2B) -- no se puede validar SUNAT/Osiptel para este RUC.'],1,Mantener ciclo de facturación estándar; sin acción de cobranza adicional.
2087002564,,,,,SIN_HISTORIAL_DE_FACTURACION,,,,,False,ALERTA — REVISIÓN HUMANA,['Cliente no encontrado en el maestro SUNAT (001_TBL_CLIENTES_B2B) -- no se puede validar SUNAT/Osiptel para este RUC.'],0,
2087019723,,,,,BAJO,BAJO,-0.5,0.0,False,False,ALERTA — REVISIÓN HUMANA,['Cliente no encontrado en el maestro SUNAT (001_TBL_CLIENTES_B2B) -- no se puede validar SUNAT/Osiptel para este RUC.'],0,Mantener ciclo de facturación estándar; sin acción de cobranza adicional.
2087028740,CLIENT_00487,LIMA,Lima,Lima,MEDIO,MEDIO,8.0,23.0,False,True,OK,[],0,Recordatorio automático 5 días antes del vencimiento por correo/WhatsApp; sin escalamiento humano todavía.
2087036280,,,,,SIN_HISTORIAL_DE_FACTURACION,,,,,False,ALERTA — REVISIÓN HUMANA,['Cliente no encontrado en el maestro SUNAT (001_TBL_CLIENTES_B2B) -- no se puede validar SUNAT/Osiptel para este RUC.'],0,
2087093311,,,,,SIN_HISTORIAL_DE_FACTURACION,,,,,False,ALERTA — REVISIÓN HUMANA,['Cliente no encontrado en el maestro SUNAT (001_TBL_CLIENTES_B2B) -- no se puede validar SUNAT/Osiptel para este RUC.'],0,
2087103833,,,,,SIN_HISTORIAL_DE_FACTURACION,,,,,False,ALERTA — REVISIÓN HUMANA,['Cliente no encontrado en el maestro SUNAT (001_TBL_CLIENTES_B2B) -- no se puede validar SUNAT/Osiptel para este RUC.'],0,
2087207608,,,,,SIN_HISTORIAL_DE_FACTURACION,,,,,False,ALERTA — REVISIÓN HUMANA,['Cliente no encontrado en el maestro SUNAT (001_TBL_CLIENTES_B2B) -- no se puede validar SUNAT/Osiptel para este RUC.'],0,
2087214722,CLIENT_00048,LIMA,Lima,El Agustino,SIN_HISTORIAL_DE_FACTURACION,,,,,True,OK,[],0,
2087299864,,,,,SIN_HISTORIAL_DE_FACTURACION,,,,,False,ALERTA — REVISIÓN HUMANA,['Cliente no encontrado en el maestro SUNAT (001_TBL_CLIENTES_B2B) -- no se puede validar SUNAT/Osiptel para este RUC.'],0,
2087310649,CLIENT_00784,LIMA,Lima,Jesús María,SIN_HISTORIAL_DE_FACTURACION,,,,,True,OK,[],0,
2087352121,,,,,BAJO,BAJO,-10.0,-8.0,True,False,ALERTA — REVISIÓN HUMANA,['Cliente no encontrado en el maestro SUNAT (001_TBL_CLIENTES_B2B) -- no se puede validar SUNAT/Osiptel para este RUC.'],1,Mantener ciclo de facturación estándar; sin acción de cobranza adicional.
2087410427,,,,,BAJO,BAJO,3.0,4.0,True,False,ALERTA — REVISIÓN HUMANA,['Cliente no encontrado en el maestro SUNAT (001_TBL_CLIENTES_B2B) -- no se puede validar SUNAT/Osiptel para este RUC.'],0,Mantener ciclo de facturación estándar; sin acción de cobranza adicional.
2087414110,,,,,SIN_HISTORIAL_DE_FACTURACION,,,,,False,ALERTA — REVISIÓN HUMANA,['Cliente no encontrado en el maestro SUNAT (001_TBL_CLIENTES_B2B) -- no se puede validar SUNAT/Osiptel para este RUC.'],0,
2087460452,,,,,SIN_HISTORIAL_DE_FACTURACION,,,,,False,ALERTA — REVISIÓN HUMANA,['Cliente no encontrado en el maestro SUNAT (001_TBL_CLIENTES_B2B) -- no se puede validar SUNAT/Osiptel para este RUC.'],0,
2087465692,,,,,SIN_HISTORIAL_DE_FACTURACION,,,,,False,ALERTA — REVISIÓN HUMANA,['Cliente no encontrado en el maestro SUNAT (001_TBL_CLIENTES_B2B) -- no se puede validar SUNAT/Osiptel para este RUC.'],0,
2087681453,CLIENT_00859,LIMA,Lima,Miraflores,ALTO,ALTO,7.5,15.0,True,True,OK,[],0,Contacto proactivo antes del vencimiento + oferta de plan de pago fraccionado; escalar a gestor de cuenta senior.
2087690717,,,,,SIN_HISTORIAL_DE_FACTURACION,,,,,False,ALERTA — REVISIÓN HUMANA,['Cliente no encontrado en el maestro SUNAT (001_TBL_CLIENTES_B2B) -- no se puede validar SUNAT/Osiptel para este RUC.'],0,
2087723848,,,,,SIN_HISTORIAL_DE_FACTURACION,,,,,False,ALERTA — REVISIÓN HUMANA,['Cliente no encontrado en el maestro SUNAT (001_TBL_CLIENTES_B2B) -- no se puede validar SUNAT/Osiptel para este RUC.'],0,
2087771636,,,,,SIN_HISTORIAL_DE_FACTURACION,,,,,False,ALERTA — REVISIÓN HUMANA,['Cliente no encontrado en el maestro SUNAT (001_TBL_CLIENTES_B2B) -- no se puede validar SUNAT/Osiptel para este RUC.'],0,
2087799939,CLIENT_00195,LAMBAYEQUE,Chiclayo,Chiclayo,SIN_HISTORIAL_DE_FACTURACION,,,,,True,OK,[],0,
2087841208,CLIENT_00474,PIURA,Piura,Piura,SIN_HISTORIAL_DE_FACTURACION,,,,,True,OK,[],0,
2087848319,,,,,SIN_HISTORIAL_DE_FACTURACION,,,,,False,ALERTA — REVISIÓN HUMANA,['Cliente no encontrado en el maestro SUNAT (001_TBL_CLIENTES_B2B) -- no se puede validar SUNAT/Osiptel para este RUC.'],0,
2087856323,CLIENT_00453,LIMA,Lima,La Victoria,BAJO,BAJO,-3.0,-2.0,False,True,OK,[],0,Mantener ciclo de facturación estándar; sin acción de cobranza adicional.
2087866233,,,,,SIN_HISTORIAL_DE_FACTURACION,,,,,False,ALERTA — REVISIÓN HUMANA,['Cliente no encontrado en el maestro SUNAT (001_TBL_CLIENTES_B2B) -- no se puede validar SUNAT/Osiptel para este RUC.'],0,
2087905445,CLIENT_00039,CALLAO,Prov. Const. del Callao,Callao,BAJO,BAJO,-10.0,-8.0,True,True,OK,[],0,Mantener ciclo de facturación estándar; sin acción de cobranza adicional.
2087931136,CLIENT_00555,LIMA,Lima,La Victoria,BAJO,BAJO,-6.0,-6.0,False,True,OK,[],0,Mantener ciclo de facturación estándar; sin acción de cobranza adicional.
2087942739,,,,,MEDIO,MEDIO,6.0,26.0,False,False,ALERTA — REVISIÓN HUMANA,['Cliente no encontrado en el maestro SUNAT (001_TBL_CLIENTES_B2B) -- no se puede validar SUNAT/Osiptel para este RUC.'],3,Recordatorio automático 5 días antes del vencimiento por correo/WhatsApp; sin escalamiento humano todavía.
2087951015,,,,,SIN_HISTORIAL_DE_FACTURACION,,,,,False,ALERTA — REVISIÓN HUMANA,['Cliente no encontrado en el maestro SUNAT (001_TBL_CLIENTES_B2B) -- no se puede validar SUNAT/Osiptel para este RUC.'],0,
2087955899,,,,,MEDIO,MEDIO,10.0,13.0,False,False,ALERTA — REVISIÓN HUMANA,['Cliente no encontrado en el maestro SUNAT (001_TBL_CLIENTES_B2B) -- no se puede validar SUNAT/Osiptel para este RUC.'],0,Recordatorio automático 5 días antes del vencimiento por correo/WhatsApp; sin escalamiento humano todavía.
2088077505,CLIENT_00777,LIMA,Huaura,Huacho,SIN_HISTORIAL_DE_FACTURACION,,,,,True,OK,[],0,
2088087005,CLIENT_00689,LA LIBERTAD,Trujillo,Trujillo,SIN_HISTORIAL_DE_FACTURACION,,,,,True,OK,[],0,
2088087892,CLIENT_00301,LIMA,Lima,Miraflores,SIN_HISTORIAL_DE_FACTURACION,,,,,True,OK,[],0,
2088089421,CLIENT_00726,LIMA,Lima,Chorrillos,ALTO,ALTO,20.0,20.0,False,True,OK,[],1,Contacto proactivo antes del vencimiento + oferta de plan de pago fraccionado; escalar a gestor de cuenta senior.
2088121602,CLIENT_00904,LIMA,Lima,San Luis,MEDIO,MEDIO,6.0,7.0,False,True,OK,[],2,Recordatorio automático 5 días antes del vencimiento por correo/WhatsApp; sin escalamiento humano todavía.
2088135573,,,,,SIN_HISTORIAL_DE_FACTURACION,,,,,False,ALERTA — REVISIÓN HUMANA,['Cliente no encontrado en el maestro SUNAT (001_TBL_CLIENTES_B2B) -- no se puede validar SUNAT/Osiptel para este RUC.'],0,
2088171360,CLIENT_00941,LIMA,Lima,San Isidro,SIN_HISTORIAL_DE_FACTURACION,,,,,True,OK,[],0,
2088175496,,,,,SIN_HISTORIAL_DE_FACTURACION,,,,,False,ALERTA — REVISIÓN HUMANA,['Cliente no encontrado en el maestro SUNAT (001_TBL_CLIENTES_B2B) -- no se puede validar SUNAT/Osiptel para este RUC.'],0,
2088193400,,,,,SIN_HISTORIAL_DE_FACTURACION,,,,,False,ALERTA — REVISIÓN HUMANA,['Cliente no encontrado en el maestro SUNAT (001_TBL_CLIENTES_B2B) -- no se puede validar SUNAT/Osiptel para este RUC.'],0,
2088325879,,,,,BAJO,BAJO,2.5,3.0,False,False,ALERTA — REVISIÓN HUMANA,['Cliente no encontrado en el maestro SUNAT (001_TBL_CLIENTES_B2B) -- no se puede validar SUNAT/Osiptel para este RUC.'],0,Mantener ciclo de facturación estándar; sin acción de cobranza adicional.
2088342501,,,,,BAJO,BAJO,-4.0,-4.0,False,False,ALERTA — REVISIÓN HUMANA,['Cliente no encontrado en el maestro SUNAT (001_TBL_CLIENTES_B2B) -- no se puede validar SUNAT/Osiptel para este RUC.'],0,Mantener ciclo de facturación estándar; sin acción de cobranza adicional.
2088352056,CLIENT_00309,LAMBAYEQUE,Chiclayo,José Leonardo Ortiz,BAJO,BAJO,3.0,3.0,False,True,OK,[],0,Mantener ciclo de facturación estándar; sin acción de cobranza adicional.
2088412995,,,,,BAJO,BAJO,-10.5,-9.0,False,False,ALERTA — REVISIÓN HUMANA,['Cliente no encontrado en el maestro SUNAT (001_TBL_CLIENTES_B2B) -- no se puede validar SUNAT/Osiptel para este RUC.'],0,Mantener ciclo de facturación estándar; sin acción de cobranza adicional.
2088420576,,,,,SIN_HISTORIAL_DE_FACTURACION,,,,,False,ALERTA — REVISIÓN HUMANA,['Cliente no encontrado en el maestro SUNAT (001_TBL_CLIENTES_B2B) -- no se puede validar SUNAT/Osiptel para este RUC.'],0,
2088424166,,,,,BAJO,BAJO,-1.0,1.0,False,False,ALERTA — REVISIÓN HUMANA,['Cliente no encontrado en el maestro SUNAT (001_TBL_CLIENTES_B2B) -- no se puede validar SUNAT/Osiptel para este RUC.'],0,Mantener ciclo de facturación estándar; sin acción de cobranza adicional.
2088426754,,,,,SIN_HISTORIAL_DE_FACTURACION,,,,,False,ALERTA — REVISIÓN HUMANA,['Cliente no encontrado en el maestro SUNAT (001_TBL_CLIENTES_B2B) -- no se puede validar SUNAT/Osiptel para este RUC.'],0,
2088485339,,,,,BAJO,BAJO,-2.5,-2.0,True,False,ALERTA — REVISIÓN HUMANA,['Cliente no encontrado en el maestro SUNAT (001_TBL_CLIENTES_B2B) -- no se puede validar SUNAT/Osiptel para este RUC.'],0,Mantener ciclo de facturación estándar; sin acción de cobranza adicional.
2088496065,,,,,SIN_HISTORIAL_DE_FACTURACION,,,,,False,ALERTA — REVISIÓN HUMANA,['Cliente no encontrado en el maestro SUNAT (001_TBL_CLIENTES_B2B) -- no se puede validar SUNAT/Osiptel para este RUC.'],0,
2088510466,CLIENT_00021,LIMA,Lima,San Isidro,SIN_HISTORIAL_DE_FACTURACION,,,,,True,OK,[],0,
2088537697,CLIENT_00972,ANCASH,Huaraz,Huaraz,ALTO,,,,,True,ALERTA — REVISIÓN HUMANA,['Todas sus líneas (fija/móvil) están inactivas o suspendidas'],0,
2088594219,CLIENT_00472,CALLAO,Prov. Const. del Callao,Callao,ALTO,ALTO,130.5,146.0,False,True,OK,[],4,Contacto proactivo antes del vencimiento + oferta de plan de pago fraccionado; escalar a gestor de cuenta senior.
2088602559,,,,,SIN_HISTORIAL_DE_FACTURACION,,,,,False,ALERTA — REVISIÓN HUMANA,['Cliente no encontrado en el maestro SUNAT (001_TBL_CLIENTES_B2B) -- no se puede validar SUNAT/Osiptel para este RUC.'],0,
2088634271,CLIENT_00692,AREQUIPA,Arequipa,Sachaca,ALTO,ALTO,18.3,75.0,False,True,OK,[],3,Contacto proactivo antes del vencimiento + oferta de plan de pago fraccionado; escalar a gestor de cuenta senior.
2088657378,,,,,SIN_HISTORIAL_DE_FACTURACION,,,,,False,ALERTA — REVISIÓN HUMANA,['Cliente no encontrado en el maestro SUNAT (001_TBL_CLIENTES_B2B) -- no se puede validar SUNAT/Osiptel para este RUC.'],0,
2088688350,,,,,BAJO,BAJO,3.0,4.0,False,False,ALERTA — REVISIÓN HUMANA,['Cliente no encontrado en el maestro SUNAT (001_TBL_CLIENTES_B2B) -- no se puede validar SUNAT/Osiptel para este RUC.'],0,Mantener ciclo de facturación estándar; sin acción de cobranza adicional.
2088706641,,,,,MEDIO,MEDIO,7.4,29.0,False,False,ALERTA — REVISIÓN HUMANA,['Cliente no encontrado en el maestro SUNAT (001_TBL_CLIENTES_B2B) -- no se puede validar SUNAT/Osiptel para este RUC.'],2,Recordatorio automático 5 días antes del vencimiento por correo/WhatsApp; sin escalamiento humano todavía.
2088717616,CLIENT_00246,LIMA,Lima,La Victoria,BAJO,BAJO,-10.5,5.0,False,True,OK,[],2,Mantener ciclo de facturación estándar; sin acción de cobranza adicional.
2088776603,,,,,SIN_HISTORIAL_DE_FACTURACION,,,,,False,ALERTA — REVISIÓN HUMANA,['Cliente no encontrado en el maestro SUNAT (001_TBL_CLIENTES_B2B) -- no se puede validar SUNAT/Osiptel para este RUC.'],0,
2088784000,,,,,SIN_HISTORIAL_DE_FACTURACION,,,,,False,ALERTA — REVISIÓN HUMANA,['Cliente no encontrado en el maestro SUNAT (001_TBL_CLIENTES_B2B) -- no se puede validar SUNAT/Osiptel para este RUC.'],0,
2088835937,CLIENT_00645,LIMA,Lima,Santa Anita,SIN_HISTORIAL_DE_FACTURACION,,,,,True,OK,[],0,
2088837644,,,,,SIN_HISTORIAL_DE_FACTURACION,,,,,False,ALERTA — REVISIÓN HUMANA,['Cliente no encontrado en el maestro SUNAT (001_TBL_CLIENTES_B2B) -- no se puede validar SUNAT/Osiptel para este RUC.'],0,
2088840937,,,,,SIN_HISTORIAL_DE_FACTURACION,,,,,False,ALERTA — REVISIÓN HUMANA,['Cliente no encontrado en el maestro SUNAT (001_TBL_CLIENTES_B2B) -- no se puede validar SUNAT/Osiptel para este RUC.'],0,
2088843323,,,,,SIN_HISTORIAL_DE_FACTURACION,,,,,False,ALERTA — REVISIÓN HUMANA,['Cliente no encontrado en el maestro SUNAT (001_TBL_CLIENTES_B2B) -- no se puede validar SUNAT/Osiptel para este RUC.'],0,
2088855451,CLIENT_00667,LIMA,Lima,Lima,BAJO,BAJO,3.0,4.0,True,True,OK,[],0,Mantener ciclo de facturación estándar; sin acción de cobranza adicional.
2088859624,CLIENT_00594,LIMA,Lima,La Victoria,SIN_HISTORIAL_DE_FACTURACION,,,,,True,OK,[],0,
2088871438,,,,,SIN_HISTORIAL_DE_FACTURACION,,,,,False,ALERTA — REVISIÓN HUMANA,['Cliente no encontrado en el maestro SUNAT (001_TBL_CLIENTES_B2B) -- no se puede validar SUNAT/Osiptel para este RUC.'],0,
2088901543,CLIENT_00185,UCAYALI,Coronel Portillo,Yarinacocha,BAJO,BAJO,-8.3,-4.0,False,True,OK,[],0,Mantener ciclo de facturación estándar; sin acción de cobranza adicional.
2088902674,,,,,SIN_HISTORIAL_DE_FACTURACION,,,,,False,ALERTA — REVISIÓN HUMANA,['Cliente no encontrado en el maestro SUNAT (001_TBL_CLIENTES_B2B) -- no se puede validar SUNAT/Osiptel para este RUC.'],0,
2088927583,,,,,SIN_HISTORIAL_DE_FACTURACION,,,,,False,ALERTA — REVISIÓN HUMANA,['Cliente no encontrado en el maestro SUNAT (001_TBL_CLIENTES_B2B) -- no se puede validar SUNAT/Osiptel para este RUC.'],0,
2088958700,CLIENT_00840,LIMA,Lima,Chorrillos,BAJO,BAJO,3.0,4.0,True,True,OK,[],0,Mantener ciclo de facturación estándar; sin acción de cobranza adicional.
2088971140,,,,,SIN_HISTORIAL_DE_FACTURACION,,,,,False,ALERTA — REVISIÓN HUMANA,['Cliente no encontrado en el maestro SUNAT (001_TBL_CLIENTES_B2B) -- no se puede validar SUNAT/Osiptel para este RUC.'],0,
2088975463,,,,,SIN_HISTORIAL_DE_FACTURACION,,,,,False,ALERTA — REVISIÓN HUMANA,['Cliente no encontrado en el maestro SUNAT (001_TBL_CLIENTES_B2B) -- no se puede validar SUNAT/Osiptel para este RUC.'],0,
2088982083,,,,,SIN_HISTORIAL_DE_FACTURACION,,,,,False,ALERTA — REVISIÓN HUMANA,['Cliente no encontrado en el maestro SUNAT (001_TBL_CLIENTES_B2B) -- no se puede validar SUNAT/Osiptel para este RUC.'],0,
2089000675,,,,,SIN_HISTORIAL_DE_FACTURACION,,,,,False,ALERTA — REVISIÓN HUMANA,['Cliente no encontrado en el maestro SUNAT (001_TBL_CLIENTES_B2B) -- no se puede validar SUNAT/Osiptel para este RUC.'],0,
2089003491,,,,,SIN_HISTORIAL_DE_FACTURACION,,,,,False,ALERTA — REVISIÓN HUMANA,['Cliente no encontrado en el maestro SUNAT (001_TBL_CLIENTES_B2B) -- no se puede validar SUNAT/Osiptel para este RUC.'],0,
2089056121,,,,,SIN_HISTORIAL_DE_FACTURACION,,,,,False,ALERTA — REVISIÓN HUMANA,['Cliente no encontrado en el maestro SUNAT (001_TBL_CLIENTES_B2B) -- no se puede validar SUNAT/Osiptel para este RUC.'],0,
2089094497,CLIENT_00230,LIMA,Lima,Lima,BAJO,BAJO,0.0,0.0,False,True,OK,[],1,Mantener ciclo de facturación estándar; sin acción de cobranza adicional.
2089103917,,,,,SIN_HISTORIAL_DE_FACTURACION,,,,,False,ALERTA — REVISIÓN HUMANA,['Cliente no encontrado en el maestro SUNAT (001_TBL_CLIENTES_B2B) -- no se puede validar SUNAT/Osiptel para este RUC.'],0,
2089127811,,,,,SIN_HISTORIAL_DE_FACTURACION,,,,,False,ALERTA — REVISIÓN HUMANA,['Cliente no encontrado en el maestro SUNAT (001_TBL_CLIENTES_B2B) -- no se puede validar SUNAT/Osiptel para este RUC.'],0,
2089172204,,,,,SIN_HISTORIAL_DE_FACTURACION,,,,,False,ALERTA — REVISIÓN HUMANA,['Cliente no encontrado en el maestro SUNAT (001_TBL_CLIENTES_B2B) -- no se puede validar SUNAT/Osiptel para este RUC.'],0,
2089177863,,,,,SIN_HISTORIAL_DE_FACTURACION,,,,,False,ALERTA — REVISIÓN HUMANA,['Cliente no encontrado en el maestro SUNAT (001_TBL_CLIENTES_B2B) -- no se puede validar SUNAT/Osiptel para este RUC.'],0,
2089204866,,,,,SIN_HISTORIAL_DE_FACTURACION,,,,,False,ALERTA — REVISIÓN HUMANA,['Cliente no encontrado en el maestro SUNAT (001_TBL_CLIENTES_B2B) -- no se puede validar SUNAT/Osiptel para este RUC.'],0,
2089216910,,,,,MEDIO,MEDIO,5.5,9.0,False,False,ALERTA — REVISIÓN HUMANA,['Cliente no encontrado en el maestro SUNAT (001_TBL_CLIENTES_B2B) -- no se puede validar SUNAT/Osiptel para este RUC.'],1,Recordatorio automático 5 días antes del vencimiento por correo/WhatsApp; sin escalamiento humano todavía.
2089222416,,,,,SIN_HISTORIAL_DE_FACTURACION,,,,,False,ALERTA — REVISIÓN HUMANA,['Cliente no encontrado en el maestro SUNAT (001_TBL_CLIENTES_B2B) -- no se puede validar SUNAT/Osiptel para este RUC.'],0,
2089223048,,,,,SIN_HISTORIAL_DE_FACTURACION,,,,,False,ALERTA — REVISIÓN HUMANA,['Cliente no encontrado en el maestro SUNAT (001_TBL_CLIENTES_B2B) -- no se puede validar SUNAT/Osiptel para este RUC.'],0,
2089275916,,,,,BAJO,BAJO,3.3,19.0,False,False,ALERTA — REVISIÓN HUMANA,['Cliente no encontrado en el maestro SUNAT (001_TBL_CLIENTES_B2B) -- no se puede validar SUNAT/Osiptel para este RUC.'],3,Mantener ciclo de facturación estándar; sin acción de cobranza adicional.
2089393813,,,,,SIN_HISTORIAL_DE_FACTURACION,,,,,False,ALERTA — REVISIÓN HUMANA,['Cliente no encontrado en el maestro SUNAT (001_TBL_CLIENTES_B2B) -- no se puede validar SUNAT/Osiptel para este RUC.'],0,
2089435929,,,,,SIN_HISTORIAL_DE_FACTURACION,,,,,False,ALERTA — REVISIÓN HUMANA,['Cliente no encontrado en el maestro SUNAT (001_TBL_CLIENTES_B2B) -- no se puede validar SUNAT/Osiptel para este RUC.'],0,
2089490419,,,,,SIN_HISTORIAL_DE_FACTURACION,,,,,False,ALERTA — REVISIÓN HUMANA,['Cliente no encontrado en el maestro SUNAT (001_TBL_CLIENTES_B2B) -- no se puede validar SUNAT/Osiptel para este RUC.'],0,
2089500839,,,,,SIN_HISTORIAL_DE_FACTURACION,,,,,False,ALERTA — REVISIÓN HUMANA,['Cliente no encontrado en el maestro SUNAT (001_TBL_CLIENTES_B2B) -- no se puede validar SUNAT/Osiptel para este RUC.'],0,
2089508889,CLIENT_00786,LIMA,Lima,Miraflores,BAJO,BAJO,-10.0,-9.0,False,True,OK,[],0,Mantener ciclo de facturación estándar; sin acción de cobranza adicional.
2089518379,,,,,SIN_HISTORIAL_DE_FACTURACION,,,,,False,ALERTA — REVISIÓN HUMANA,['Cliente no encontrado en el maestro SUNAT (001_TBL_CLIENTES_B2B) -- no se puede validar SUNAT/Osiptel para este RUC.'],0,
2089525123,,,,,SIN_HISTORIAL_DE_FACTURACION,,,,,False,ALERTA — REVISIÓN HUMANA,['Cliente no encontrado en el maestro SUNAT (001_TBL_CLIENTES_B2B) -- no se puede validar SUNAT/Osiptel para este RUC.'],0,
2089535250,,,,,SIN_HISTORIAL_DE_FACTURACION,,,,,False,ALERTA — REVISIÓN HUMANA,['Cliente no encontrado en el maestro SUNAT (001_TBL_CLIENTES_B2B) -- no se puede validar SUNAT/Osiptel para este RUC.'],0,
2089575150,,,,,SIN_HISTORIAL_DE_FACTURACION,,,,,False,ALERTA — REVISIÓN HUMANA,['Cliente no encontrado en el maestro SUNAT (001_TBL_CLIENTES_B2B) -- no se puede validar SUNAT/Osiptel para este RUC.'],0,
2089635105,,,,,SIN_HISTORIAL_DE_FACTURACION,,,,,False,ALERTA — REVISIÓN HUMANA,['Cliente no encontrado en el maestro SUNAT (001_TBL_CLIENTES_B2B) -- no se puede validar SUNAT/Osiptel para este RUC.'],0,
2089657456,CLIENT_00807,LIMA,Lima,Chorrillos,BAJO,BAJO,1.0,2.0,False,True,OK,[],0,Mantener ciclo de facturación estándar; sin acción de cobranza adicional.
2089712129,,,,,SIN_HISTORIAL_DE_FACTURACION,,,,,False,ALERTA — REVISIÓN HUMANA,['Cliente no encontrado en el maestro SUNAT (001_TBL_CLIENTES_B2B) -- no se puede validar SUNAT/Osiptel para este RUC.'],0,
2089887205,,,,,SIN_HISTORIAL_DE_FACTURACION,,,,,False,ALERTA — REVISIÓN HUMANA,['Cliente no encontrado en el maestro SUNAT (001_TBL_CLIENTES_B2B) -- no se puede validar SUNAT/Osiptel para este RUC.'],0,
2089896350,CLIENT_00217,LIMA,Lima,Los Olivos,BAJO,BAJO,-5.0,-4.0,False,True,OK,[],0,Mantener ciclo de facturación estándar; sin acción de cobranza adicional.
2089935977,,,,,ALTO,ALTO,19.5,25.0,True,False,ALERTA — REVISIÓN HUMANA,['Cliente no encontrado en el maestro SUNAT (001_TBL_CLIENTES_B2B) -- no se puede validar SUNAT/Osiptel para este RUC.'],0,Contacto proactivo antes del vencimiento + oferta de plan de pago fraccionado; escalar a gestor de cuenta senior.
2089940468,,,,,SIN_HISTORIAL_DE_FACTURACION,,,,,False,ALERTA — REVISIÓN HUMANA,['Cliente no encontrado en el maestro SUNAT (001_TBL_CLIENTES_B2B) -- no se puede validar SUNAT/Osiptel para este RUC.'],0,
2089943246,,,,,BAJO,BAJO,2.5,3.0,False,False,ALERTA — REVISIÓN HUMANA,['Cliente no encontrado en el maestro SUNAT (001_TBL_CLIENTES_B2B) -- no se puede validar SUNAT/Osiptel para este RUC.'],0,Mantener ciclo de facturación estándar; sin acción de cobranza adicional.
2089946399,,,,,SIN_HISTORIAL_DE_FACTURACION,,,,,False,ALERTA — REVISIÓN HUMANA,['Cliente no encontrado en el maestro SUNAT (001_TBL_CLIENTES_B2B) -- no se puede validar SUNAT/Osiptel para este RUC.'],0,
2089959009,,,,,SIN_HISTORIAL_DE_FACTURACION,,,,,False,ALERTA — REVISIÓN HUMANA,['Cliente no encontrado en el maestro SUNAT (001_TBL_CLIENTES_B2B) -- no se puede validar SUNAT/Osiptel para este RUC.'],0,
2089998824,CLIENT_00610,LIMA,Lima,Lince,BAJO,BAJO,-3.0,-3.0,False,True,OK,[],1,Mantener ciclo de facturación estándar; sin acción de cobranza adicional.
2090049183,,,,,SIN_HISTORIAL_DE_FACTURACION,,,,,False,ALERTA — REVISIÓN HUMANA,['Cliente no encontrado en el maestro SUNAT (001_TBL_CLIENTES_B2B) -- no se puede validar SUNAT/Osiptel para este RUC.'],0,
2090067728,,,,,ALTO,ALTO,11.0,17.0,True,False,ALERTA — REVISIÓN HUMANA,['Cliente no encontrado en el maestro SUNAT (001_TBL_CLIENTES_B2B) -- no se puede validar SUNAT/Osiptel para este RUC.'],1,Contacto proactivo antes del vencimiento + oferta de plan de pago fraccionado; escalar a gestor de cuenta senior.
2090070978,,,,,SIN_HISTORIAL_DE_FACTURACION,,,,,False,ALERTA — REVISIÓN HUMANA,['Cliente no encontrado en el maestro SUNAT (001_TBL_CLIENTES_B2B) -- no se puede validar SUNAT/Osiptel para este RUC.'],0,
2090077848,CLIENT_00372,TUMBES,Tumbes,Tumbes,SIN_HISTORIAL_DE_FACTURACION,,,,,True,OK,[],0,
2090094032,,,,,SIN_HISTORIAL_DE_FACTURACION,,,,,False,ALERTA — REVISIÓN HUMANA,['Cliente no encontrado en el maestro SUNAT (001_TBL_CLIENTES_B2B) -- no se puede validar SUNAT/Osiptel para este RUC.'],0,
2090103192,,,,,BAJO,BAJO,3.0,3.0,False,False,ALERTA — REVISIÓN HUMANA,['Cliente no encontrado en el maestro SUNAT (001_TBL_CLIENTES_B2B) -- no se puede validar SUNAT/Osiptel para este RUC.'],0,Mantener ciclo de facturación estándar; sin acción de cobranza adicional.
2090121553,,,,,SIN_HISTORIAL_DE_FACTURACION,,,,,False,ALERTA — REVISIÓN HUMANA,['Cliente no encontrado en el maestro SUNAT (001_TBL_CLIENTES_B2B) -- no se puede validar SUNAT/Osiptel para este RUC.'],0,
2090130796,,,,,BAJO,BAJO,-2.0,4.0,False,False,ALERTA — REVISIÓN HUMANA,['Cliente no encontrado en el maestro SUNAT (001_TBL_CLIENTES_B2B) -- no se puede validar SUNAT/Osiptel para este RUC.'],0,Mantener ciclo de facturación estándar; sin acción de cobranza adicional.
2090175159,,,,,SIN_HISTORIAL_DE_FACTURACION,,,,,False,ALERTA — REVISIÓN HUMANA,['Cliente no encontrado en el maestro SUNAT (001_TBL_CLIENTES_B2B) -- no se puede validar SUNAT/Osiptel para este RUC.'],0,
2090196666,,,,,SIN_HISTORIAL_DE_FACTURACION,,,,,False,ALERTA — REVISIÓN HUMANA,['Cliente no encontrado en el maestro SUNAT (001_TBL_CLIENTES_B2B) -- no se puede validar SUNAT/Osiptel para este RUC.'],0,
2090223377,CLIENT_00596,CALLAO,Prov. Const. del Callao,Callao,SIN_HISTORIAL_DE_FACTURACION,,,,,True,OK,[],0,
2090272538,,,,,BAJO,BAJO,0.0,2.0,True,False,ALERTA — REVISIÓN HUMANA,['Cliente no encontrado en el maestro SUNAT (001_TBL_CLIENTES_B2B) -- no se puede validar SUNAT/Osiptel para este RUC.'],0,Mantener ciclo de facturación estándar; sin acción de cobranza adicional.
2090276302,CLIENT_00771,LA LIBERTAD,Trujillo,Trujillo,SIN_HISTORIAL_DE_FACTURACION,,,,,True,OK,[],0,
2090318936,CLIENT_00333,LIMA,Lima,San Borja,BAJO,BAJO,3.0,3.0,False,True,OK,[],0,Mantener ciclo de facturación estándar; sin acción de cobranza adicional.
2090320411,,,,,SIN_HISTORIAL_DE_FACTURACION,,,,,False,ALERTA — REVISIÓN HUMANA,['Cliente no encontrado en el maestro SUNAT (001_TBL_CLIENTES_B2B) -- no se puede validar SUNAT/Osiptel para este RUC.'],0,
2090334510,,,,,BAJO,BAJO,1.0,13.0,False,False,ALERTA — REVISIÓN HUMANA,['Cliente no encontrado en el maestro SUNAT (001_TBL_CLIENTES_B2B) -- no se puede validar SUNAT/Osiptel para este RUC.'],0,Mantener ciclo de facturación estándar; sin acción de cobranza adicional.
2090359358,,,,,SIN_HISTORIAL_DE_FACTURACION,,,,,False,ALERTA — REVISIÓN HUMANA,['Cliente no encontrado en el maestro SUNAT (001_TBL_CLIENTES_B2B) -- no se puede validar SUNAT/Osiptel para este RUC.'],0,
2090382584,,,,,SIN_HISTORIAL_DE_FACTURACION,,,,,False,ALERTA — REVISIÓN HUMANA,['Cliente no encontrado en el maestro SUNAT (001_TBL_CLIENTES_B2B) -- no se puede validar SUNAT/Osiptel para este RUC.'],0,
2090408902,CLIENT_00331,CAJAMARCA,Cajamarca,Cajamarca,BAJO,BAJO,-7.5,-6.0,False,True,OK,[],0,Mantener ciclo de facturación estándar; sin acción de cobranza adicional.
2090454335,CLIENT_00734,TACNA,Tacna,Tacna,SIN_HISTORIAL_DE_FACTURACION,,,,,True,OK,[],0,
2090514425,,,,,SIN_HISTORIAL_DE_FACTURACION,,,,,False,ALERTA — REVISIÓN HUMANA,['Cliente no encontrado en el maestro SUNAT (001_TBL_CLIENTES_B2B) -- no se puede validar SUNAT/Osiptel para este RUC.'],0,
2090518652,,,,,SIN_HISTORIAL_DE_FACTURACION,,,,,False,ALERTA — REVISIÓN HUMANA,['Cliente no encontrado en el maestro SUNAT (001_TBL_CLIENTES_B2B) -- no se puede validar SUNAT/Osiptel para este RUC.'],0,
2090519269,,,,,SIN_HISTORIAL_DE_FACTURACION,,,,,False,ALERTA — REVISIÓN HUMANA,['Cliente no encontrado en el maestro SUNAT (001_TBL_CLIENTES_B2B) -- no se puede validar SUNAT/Osiptel para este RUC.'],0,
2090597659,,,,,BAJO,BAJO,-10.0,-7.0,False,False,ALERTA — REVISIÓN HUMANA,['Cliente no encontrado en el maestro SUNAT (001_TBL_CLIENTES_B2B) -- no se puede validar SUNAT/Osiptel para este RUC.'],1,Mantener ciclo de facturación estándar; sin acción de cobranza adicional.
2090613378,CLIENT_00096,LIMA,Lima,Santiago de Surco,BAJO,BAJO,-3.5,-3.0,False,True,OK,[],0,Mantener ciclo de facturación estándar; sin acción de cobranza adicional.
2090631860,CLIENT_00033,LIMA,Cañete,San Vicente de Cañete,BAJO,BAJO,2.0,2.0,False,True,OK,[],0,Mantener ciclo de facturación estándar; sin acción de cobranza adicional.
2090639529,,,,,SIN_HISTORIAL_DE_FACTURACION,,,,,False,ALERTA — REVISIÓN HUMANA,['Cliente no encontrado en el maestro SUNAT (001_TBL_CLIENTES_B2B) -- no se puede validar SUNAT/Osiptel para este RUC.'],0,
2090664647,,,,,SIN_HISTORIAL_DE_FACTURACION,,,,,False,ALERTA — REVISIÓN HUMANA,['Cliente no encontrado en el maestro SUNAT (001_TBL_CLIENTES_B2B) -- no se puede validar SUNAT/Osiptel para este RUC.'],0,
2090674309,CLIENT_00855,LIMA,Lima,San Juan de Lurigancho,SIN_HISTORIAL_DE_FACTURACION,,,,,True,OK,[],0,
2090698075,,,,,SIN_HISTORIAL_DE_FACTURACION,,,,,False,ALERTA — REVISIÓN HUMANA,['Cliente no encontrado en el maestro SUNAT (001_TBL_CLIENTES_B2B) -- no se puede validar SUNAT/Osiptel para este RUC.'],0,
2090709847,,,,,SIN_HISTORIAL_DE_FACTURACION,,,,,False,ALERTA — REVISIÓN HUMANA,['Cliente no encontrado en el maestro SUNAT (001_TBL_CLIENTES_B2B) -- no se puede validar SUNAT/Osiptel para este RUC.'],0,
2090723596,,,,,SIN_HISTORIAL_DE_FACTURACION,,,,,False,ALERTA — REVISIÓN HUMANA,['Cliente no encontrado en el maestro SUNAT (001_TBL_CLIENTES_B2B) -- no se puede validar SUNAT/Osiptel para este RUC.'],0,
2090794439,,,,,SIN_HISTORIAL_DE_FACTURACION,,,,,False,ALERTA — REVISIÓN HUMANA,['Cliente no encontrado en el maestro SUNAT (001_TBL_CLIENTES_B2B) -- no se puede validar SUNAT/Osiptel para este RUC.'],0,
2090808430,CLIENT_00946,LIMA,Lima,San Miguel,BAJO,BAJO,-0.5,0.0,True,True,OK,[],0,Mantener ciclo de facturación estándar; sin acción de cobranza adicional.
2090822671,,,,,SIN_HISTORIAL_DE_FACTURACION,,,,,False,ALERTA — REVISIÓN HUMANA,['Cliente no encontrado en el maestro SUNAT (001_TBL_CLIENTES_B2B) -- no se puede validar SUNAT/Osiptel para este RUC.'],0,
2090837613,CLIENT_00803,LIMA,Lima,Ate,MEDIO,MEDIO,15.0,18.0,False,True,OK,[],0,Recordatorio automático 5 días antes del vencimiento por correo/WhatsApp; sin escalamiento humano todavía.
2090860139,,,,,SIN_HISTORIAL_DE_FACTURACION,,,,,False,ALERTA — REVISIÓN HUMANA,['Cliente no encontrado en el maestro SUNAT (001_TBL_CLIENTES_B2B) -- no se puede validar SUNAT/Osiptel para este RUC.'],0,
2090896108,CLIENT_00183,LA LIBERTAD,Trujillo,El Porvenir,SIN_HISTORIAL_DE_FACTURACION,,,,,True,OK,[],0,
2090968967,,,,,SIN_HISTORIAL_DE_FACTURACION,,,,,False,ALERTA — REVISIÓN HUMANA,['Cliente no encontrado en el maestro SUNAT (001_TBL_CLIENTES_B2B) -- no se puede validar SUNAT/Osiptel para este RUC.'],0,
2091018640,,,,,SIN_HISTORIAL_DE_FACTURACION,,,,,False,ALERTA — REVISIÓN HUMANA,['Cliente no encontrado en el maestro SUNAT (001_TBL_CLIENTES_B2B) -- no se puede validar SUNAT/Osiptel para este RUC.'],0,
2091024518,,,,,SIN_HISTORIAL_DE_FACTURACION,,,,,False,ALERTA — REVISIÓN HUMANA,['Cliente no encontrado en el maestro SUNAT (001_TBL_CLIENTES_B2B) -- no se puede validar SUNAT/Osiptel para este RUC.'],0,
2091036787,,,,,SIN_HISTORIAL_DE_FACTURACION,,,,,False,ALERTA — REVISIÓN HUMANA,['Cliente no encontrado en el maestro SUNAT (001_TBL_CLIENTES_B2B) -- no se puede validar SUNAT/Osiptel para este RUC.'],0,
2091061273,CLIENT_00653,TACNA,Tacna,Tacna,SIN_HISTORIAL_DE_FACTURACION,,,,,True,OK,[],0,
2091089067,,,,,SIN_HISTORIAL_DE_FACTURACION,,,,,False,ALERTA — REVISIÓN HUMANA,['Cliente no encontrado en el maestro SUNAT (001_TBL_CLIENTES_B2B) -- no se puede validar SUNAT/Osiptel para este RUC.'],0,
2091198935,,,,,MEDIO,MEDIO,5.4,27.0,False,False,ALERTA — REVISIÓN HUMANA,['Cliente no encontrado en el maestro SUNAT (001_TBL_CLIENTES_B2B) -- no se puede validar SUNAT/Osiptel para este RUC.'],0,Recordatorio automático 5 días antes del vencimiento por correo/WhatsApp; sin escalamiento humano todavía.
2091231349,,,,,SIN_HISTORIAL_DE_FACTURACION,,,,,False,ALERTA — REVISIÓN HUMANA,['Cliente no encontrado en el maestro SUNAT (001_TBL_CLIENTES_B2B) -- no se puede validar SUNAT/Osiptel para este RUC.'],0,
2091238265,,,,,SIN_HISTORIAL_DE_FACTURACION,,,,,False,ALERTA — REVISIÓN HUMANA,['Cliente no encontrado en el maestro SUNAT (001_TBL_CLIENTES_B2B) -- no se puede validar SUNAT/Osiptel para este RUC.'],0,
2091247087,,,,,SIN_HISTORIAL_DE_FACTURACION,,,,,False,ALERTA — REVISIÓN HUMANA,['Cliente no encontrado en el maestro SUNAT (001_TBL_CLIENTES_B2B) -- no se puede validar SUNAT/Osiptel para este RUC.'],0,
2091270046,,,,,SIN_HISTORIAL_DE_FACTURACION,,,,,False,ALERTA — REVISIÓN HUMANA,['Cliente no encontrado en el maestro SUNAT (001_TBL_CLIENTES_B2B) -- no se puede validar SUNAT/Osiptel para este RUC.'],0,
2091280680,,,,,BAJO,BAJO,2.5,3.0,False,False,ALERTA — REVISIÓN HUMANA,['Cliente no encontrado en el maestro SUNAT (001_TBL_CLIENTES_B2B) -- no se puede validar SUNAT/Osiptel para este RUC.'],0,Mantener ciclo de facturación estándar; sin acción de cobranza adicional.
2091291597,,,,,SIN_HISTORIAL_DE_FACTURACION,,,,,False,ALERTA — REVISIÓN HUMANA,['Cliente no encontrado en el maestro SUNAT (001_TBL_CLIENTES_B2B) -- no se puede validar SUNAT/Osiptel para este RUC.'],0,
2091314236,,,,,SIN_HISTORIAL_DE_FACTURACION,,,,,False,ALERTA — REVISIÓN HUMANA,['Cliente no encontrado en el maestro SUNAT (001_TBL_CLIENTES_B2B) -- no se puede validar SUNAT/Osiptel para este RUC.'],0,
2091334908,,,,,SIN_HISTORIAL_DE_FACTURACION,,,,,False,ALERTA — REVISIÓN HUMANA,['Cliente no encontrado en el maestro SUNAT (001_TBL_CLIENTES_B2B) -- no se puede validar SUNAT/Osiptel para este RUC.'],0,
2091425158,,,,,SIN_HISTORIAL_DE_FACTURACION,,,,,False,ALERTA — REVISIÓN HUMANA,['Cliente no encontrado en el maestro SUNAT (001_TBL_CLIENTES_B2B) -- no se puede validar SUNAT/Osiptel para este RUC.'],0,
2091452099,CLIENT_00990,LIMA,Lima,Lima,SIN_HISTORIAL_DE_FACTURACION,,,,,True,OK,[],0,
2091514048,,,,,BAJO,BAJO,-1.2,0.0,False,False,ALERTA — REVISIÓN HUMANA,['Cliente no encontrado en el maestro SUNAT (001_TBL_CLIENTES_B2B) -- no se puede validar SUNAT/Osiptel para este RUC.'],0,Mantener ciclo de facturación estándar; sin acción de cobranza adicional.
2091534039,CLIENT_00872,CUSCO,Cusco,Cusco,BAJO,BAJO,1.0,1.0,False,True,OK,[],0,Mantener ciclo de facturación estándar; sin acción de cobranza adicional.
2091546391,,,,,SIN_HISTORIAL_DE_FACTURACION,,,,,False,ALERTA — REVISIÓN HUMANA,['Cliente no encontrado en el maestro SUNAT (001_TBL_CLIENTES_B2B) -- no se puede validar SUNAT/Osiptel para este RUC.'],0,
2091569790,,,,,SIN_HISTORIAL_DE_FACTURACION,,,,,False,ALERTA — REVISIÓN HUMANA,['Cliente no encontrado en el maestro SUNAT (001_TBL_CLIENTES_B2B) -- no se puede validar SUNAT/Osiptel para este RUC.'],0,
2091581783,,,,,SIN_HISTORIAL_DE_FACTURACION,,,,,False,ALERTA — REVISIÓN HUMANA,['Cliente no encontrado en el maestro SUNAT (001_TBL_CLIENTES_B2B) -- no se puede validar SUNAT/Osiptel para este RUC.'],0,
2091599791,,,,,SIN_HISTORIAL_DE_FACTURACION,,,,,False,ALERTA — REVISIÓN HUMANA,['Cliente no encontrado en el maestro SUNAT (001_TBL_CLIENTES_B2B) -- no se puede validar SUNAT/Osiptel para este RUC.'],0,
2091609073,,,,,SIN_HISTORIAL_DE_FACTURACION,,,,,False,ALERTA — REVISIÓN HUMANA,['Cliente no encontrado en el maestro SUNAT (001_TBL_CLIENTES_B2B) -- no se puede validar SUNAT/Osiptel para este RUC.'],0,
2091617136,CLIENT_00837,LIMA,Lima,Lince,SIN_HISTORIAL_DE_FACTURACION,,,,,True,OK,[],0,
2091620246,,,,,SIN_HISTORIAL_DE_FACTURACION,,,,,False,ALERTA — REVISIÓN HUMANA,['Cliente no encontrado en el maestro SUNAT (001_TBL_CLIENTES_B2B) -- no se puede validar SUNAT/Osiptel para este RUC.'],0,
2091636878,,,,,SIN_HISTORIAL_DE_FACTURACION,,,,,False,ALERTA — REVISIÓN HUMANA,['Cliente no encontrado en el maestro SUNAT (001_TBL_CLIENTES_B2B) -- no se puede validar SUNAT/Osiptel para este RUC.'],0,
2091648036,,,,,BAJO,BAJO,-14.0,-12.0,False,False,ALERTA — REVISIÓN HUMANA,['Cliente no encontrado en el maestro SUNAT (001_TBL_CLIENTES_B2B) -- no se puede validar SUNAT/Osiptel para este RUC.'],0,Mantener ciclo de facturación estándar; sin acción de cobranza adicional.
2091691985,,,,,BAJO,BAJO,0.0,29.0,False,False,ALERTA — REVISIÓN HUMANA,['Cliente no encontrado en el maestro SUNAT (001_TBL_CLIENTES_B2B) -- no se puede validar SUNAT/Osiptel para este RUC.'],3,Mantener ciclo de facturación estándar; sin acción de cobranza adicional.
2091696217,CLIENT_00523,LIMA,Lima,Lince,SIN_HISTORIAL_DE_FACTURACION,,,,,True,OK,[],0,
2091733360,,,,,BAJO,BAJO,-4.0,0.0,False,False,ALERTA — REVISIÓN HUMANA,['Cliente no encontrado en el maestro SUNAT (001_TBL_CLIENTES_B2B) -- no se puede validar SUNAT/Osiptel para este RUC.'],0,Mantener ciclo de facturación estándar; sin acción de cobranza adicional.
2091736052,CLIENT_00652,LIMA,Lima,Miraflores,SIN_HISTORIAL_DE_FACTURACION,,,,,True,OK,[],0,
2091741607,,,,,SIN_HISTORIAL_DE_FACTURACION,,,,,False,ALERTA — REVISIÓN HUMANA,['Cliente no encontrado en el maestro SUNAT (001_TBL_CLIENTES_B2B) -- no se puede validar SUNAT/Osiptel para este RUC.'],0,
2091779601,,,,,SIN_HISTORIAL_DE_FACTURACION,,,,,False,ALERTA — REVISIÓN HUMANA,['Cliente no encontrado en el maestro SUNAT (001_TBL_CLIENTES_B2B) -- no se puede validar SUNAT/Osiptel para este RUC.'],0,
2091782843,,,,,SIN_HISTORIAL_DE_FACTURACION,,,,,False,ALERTA — REVISIÓN HUMANA,['Cliente no encontrado en el maestro SUNAT (001_TBL_CLIENTES_B2B) -- no se puede validar SUNAT/Osiptel para este RUC.'],0,
2091789509,CLIENT_00886,CALLAO,Prov. Const. del Callao,Callao,ALTO,ALTO,17.4,80.0,False,True,OK,[],10,Contacto proactivo antes del vencimiento + oferta de plan de pago fraccionado; escalar a gestor de cuenta senior.
2091840603,CLIENT_00602,HUANUCO,Huánuco,Huanuco,BAJO,BAJO,2.0,17.0,False,True,OK,[],2,Mantener ciclo de facturación estándar; sin acción de cobranza adicional.
2091859333,,,,,SIN_HISTORIAL_DE_FACTURACION,,,,,False,ALERTA — REVISIÓN HUMANA,['Cliente no encontrado en el maestro SUNAT (001_TBL_CLIENTES_B2B) -- no se puede validar SUNAT/Osiptel para este RUC.'],0,
2091865038,,,,,SIN_HISTORIAL_DE_FACTURACION,,,,,False,ALERTA — REVISIÓN HUMANA,['Cliente no encontrado en el maestro SUNAT (001_TBL_CLIENTES_B2B) -- no se puede validar SUNAT/Osiptel para este RUC.'],0,
2091900348,,,,,SIN_HISTORIAL_DE_FACTURACION,,,,,False,ALERTA — REVISIÓN HUMANA,['Cliente no encontrado en el maestro SUNAT (001_TBL_CLIENTES_B2B) -- no se puede validar SUNAT/Osiptel para este RUC.'],0,
2091901431,CLIENT_00297,CUSCO,Cusco,Cusco,ALTO,ALTO,28.0,56.0,False,True,OK,[],1,Contacto proactivo antes del vencimiento + oferta de plan de pago fraccionado; escalar a gestor de cuenta senior.
2091907227,CLIENT_00779,LA LIBERTAD,Trujillo,Trujillo,MEDIO,MEDIO,9.8,34.0,False,True,OK,[],3,Recordatorio automático 5 días antes del vencimiento por correo/WhatsApp; sin escalamiento humano todavía.
2091926130,,,,,SIN_HISTORIAL_DE_FACTURACION,,,,,False,ALERTA — REVISIÓN HUMANA,['Cliente no encontrado en el maestro SUNAT (001_TBL_CLIENTES_B2B) -- no se puede validar SUNAT/Osiptel para este RUC.'],0,
2092010368,CLIENT_00983,PUNO,Puno,Puno,SIN_HISTORIAL_DE_FACTURACION,,,,,True,OK,[],0,
2092012328,,,,,SIN_HISTORIAL_DE_FACTURACION,,,,,False,ALERTA — REVISIÓN HUMANA,['Cliente no encontrado en el maestro SUNAT (001_TBL_CLIENTES_B2B) -- no se puede validar SUNAT/Osiptel para este RUC.'],0,
2092036701,CLIENT_00223,LIMA,Lima,Santiago de Surco,SIN_HISTORIAL_DE_FACTURACION,,,,,True,OK,[],0,
2092096147,,,,,SIN_HISTORIAL_DE_FACTURACION,,,,,False,ALERTA — REVISIÓN HUMANA,['Cliente no encontrado en el maestro SUNAT (001_TBL_CLIENTES_B2B) -- no se puede validar SUNAT/Osiptel para este RUC.'],0,
2092184886,,,,,SIN_HISTORIAL_DE_FACTURACION,,,,,False,ALERTA — REVISIÓN HUMANA,['Cliente no encontrado en el maestro SUNAT (001_TBL_CLIENTES_B2B) -- no se puede validar SUNAT/Osiptel para este RUC.'],0,
2092225331,,,,,SIN_HISTORIAL_DE_FACTURACION,,,,,False,ALERTA — REVISIÓN HUMANA,['Cliente no encontrado en el maestro SUNAT (001_TBL_CLIENTES_B2B) -- no se puede validar SUNAT/Osiptel para este RUC.'],0,
2092261710,,,,,SIN_HISTORIAL_DE_FACTURACION,,,,,False,ALERTA — REVISIÓN HUMANA,['Cliente no encontrado en el maestro SUNAT (001_TBL_CLIENTES_B2B) -- no se puede validar SUNAT/Osiptel para este RUC.'],0,
2092314059,,,,,BAJO,BAJO,-7.0,-2.0,True,False,ALERTA — REVISIÓN HUMANA,['Cliente no encontrado en el maestro SUNAT (001_TBL_CLIENTES_B2B) -- no se puede validar SUNAT/Osiptel para este RUC.'],0,Mantener ciclo de facturación estándar; sin acción de cobranza adicional.
2092329999,CLIENT_00015,LIMA,Lima,Miraflores,SIN_HISTORIAL_DE_FACTURACION,,,,,True,OK,[],0,
2092368101,CLIENT_00937,LIMA,Lima,Barranco,SIN_HISTORIAL_DE_FACTURACION,,,,,True,OK,[],0,
2092384395,,,,,SIN_HISTORIAL_DE_FACTURACION,,,,,False,ALERTA — REVISIÓN HUMANA,['Cliente no encontrado en el maestro SUNAT (001_TBL_CLIENTES_B2B) -- no se puede validar SUNAT/Osiptel para este RUC.'],0,
2092445984,,,,,SIN_HISTORIAL_DE_FACTURACION,,,,,False,ALERTA — REVISIÓN HUMANA,['Cliente no encontrado en el maestro SUNAT (001_TBL_CLIENTES_B2B) -- no se puede validar SUNAT/Osiptel para este RUC.'],0,
2092484736,,,,,SIN_HISTORIAL_DE_FACTURACION,,,,,False,ALERTA — REVISIÓN HUMANA,['Cliente no encontrado en el maestro SUNAT (001_TBL_CLIENTES_B2B) -- no se puede validar SUNAT/Osiptel para este RUC.'],0,
2092500350,,,,,SIN_HISTORIAL_DE_FACTURACION,,,,,False,ALERTA — REVISIÓN HUMANA,['Cliente no encontrado en el maestro SUNAT (001_TBL_CLIENTES_B2B) -- no se puede validar SUNAT/Osiptel para este RUC.'],0,
2092536593,CLIENT_00425,LIMA,Lima,La Victoria,BAJO,BAJO,-0.5,0.0,False,True,OK,[],0,Mantener ciclo de facturación estándar; sin acción de cobranza adicional.
2092594405,CLIENT_00877,LIMA,Lima,Barranco,BAJO,BAJO,5.0,5.0,False,True,OK,[],0,Mantener ciclo de facturación estándar; sin acción de cobranza adicional.
2092605112,,,,,SIN_HISTORIAL_DE_FACTURACION,,,,,False,ALERTA — REVISIÓN HUMANA,['Cliente no encontrado en el maestro SUNAT (001_TBL_CLIENTES_B2B) -- no se puede validar SUNAT/Osiptel para este RUC.'],0,
2092648145,,,,,SIN_HISTORIAL_DE_FACTURACION,,,,,False,ALERTA — REVISIÓN HUMANA,['Cliente no encontrado en el maestro SUNAT (001_TBL_CLIENTES_B2B) -- no se puede validar SUNAT/Osiptel para este RUC.'],0,
2092679466,CLIENT_00431,LIMA,Lima,San Martín de Porres,ALTO,ALTO,19.5,22.0,False,True,OK,[],2,Contacto proactivo antes del vencimiento + oferta de plan de pago fraccionado; escalar a gestor de cuenta senior.
2092693113,CLIENT_00172,LIMA,Lima,San Luis,SIN_HISTORIAL_DE_FACTURACION,,,,,True,OK,[],0,
2092751764,,,,,SIN_HISTORIAL_DE_FACTURACION,,,,,False,ALERTA — REVISIÓN HUMANA,['Cliente no encontrado en el maestro SUNAT (001_TBL_CLIENTES_B2B) -- no se puede validar SUNAT/Osiptel para este RUC.'],0,
2092777400,,,,,SIN_HISTORIAL_DE_FACTURACION,,,,,False,ALERTA — REVISIÓN HUMANA,['Cliente no encontrado en el maestro SUNAT (001_TBL_CLIENTES_B2B) -- no se puede validar SUNAT/Osiptel para este RUC.'],0,
2092780966,,,,,SIN_HISTORIAL_DE_FACTURACION,,,,,False,ALERTA — REVISIÓN HUMANA,['Cliente no encontrado en el maestro SUNAT (001_TBL_CLIENTES_B2B) -- no se puede validar SUNAT/Osiptel para este RUC.'],0,
2092787042,CLIENT_00603,LIMA,Lima,Ate,SIN_HISTORIAL_DE_FACTURACION,,,,,True,OK,[],0,
2092799884,,,,,SIN_HISTORIAL_DE_FACTURACION,,,,,False,ALERTA — REVISIÓN HUMANA,['Cliente no encontrado en el maestro SUNAT (001_TBL_CLIENTES_B2B) -- no se puede validar SUNAT/Osiptel para este RUC.'],0,
2092890011,CLIENT_00062,LIMA,Lima,Lima,SIN_HISTORIAL_DE_FACTURACION,,,,,True,OK,[],0,
2092905350,CLIENT_00612,PIURA,Morropón,Chulucanas,SIN_HISTORIAL_DE_FACTURACION,,,,,True,OK,[],0,
2092959571,,,,,SIN_HISTORIAL_DE_FACTURACION,,,,,False,ALERTA — REVISIÓN HUMANA,['Cliente no encontrado en el maestro SUNAT (001_TBL_CLIENTES_B2B) -- no se puede validar SUNAT/Osiptel para este RUC.'],0,
2092980165,,,,,SIN_HISTORIAL_DE_FACTURACION,,,,,False,ALERTA — REVISIÓN HUMANA,['Cliente no encontrado en el maestro SUNAT (001_TBL_CLIENTES_B2B) -- no se puede validar SUNAT/Osiptel para este RUC.'],0,
2093011881,,,,,SIN_HISTORIAL_DE_FACTURACION,,,,,False,ALERTA — REVISIÓN HUMANA,['Cliente no encontrado en el maestro SUNAT (001_TBL_CLIENTES_B2B) -- no se puede validar SUNAT/Osiptel para este RUC.'],0,
2093055927,CLIENT_00174,CALLAO,Prov. Const. del Callao,La Perla,SIN_HISTORIAL_DE_FACTURACION,,,,,True,OK,[],0,
2093064195,,,,,BAJO,BAJO,1.0,1.0,False,False,ALERTA — REVISIÓN HUMANA,['Cliente no encontrado en el maestro SUNAT (001_TBL_CLIENTES_B2B) -- no se puede validar SUNAT/Osiptel para este RUC.'],0,Mantener ciclo de facturación estándar; sin acción de cobranza adicional.
2093124458,,,,,SIN_HISTORIAL_DE_FACTURACION,,,,,False,ALERTA — REVISIÓN HUMANA,['Cliente no encontrado en el maestro SUNAT (001_TBL_CLIENTES_B2B) -- no se puede validar SUNAT/Osiptel para este RUC.'],0,
2093178633,,,,,SIN_HISTORIAL_DE_FACTURACION,,,,,False,ALERTA — REVISIÓN HUMANA,['Cliente no encontrado en el maestro SUNAT (001_TBL_CLIENTES_B2B) -- no se puede validar SUNAT/Osiptel para este RUC.'],0,
2093186988,,,,,SIN_HISTORIAL_DE_FACTURACION,,,,,False,ALERTA — REVISIÓN HUMANA,['Cliente no encontrado en el maestro SUNAT (001_TBL_CLIENTES_B2B) -- no se puede validar SUNAT/Osiptel para este RUC.'],0,
2093193714,,,,,SIN_HISTORIAL_DE_FACTURACION,,,,,False,ALERTA — REVISIÓN HUMANA,['Cliente no encontrado en el maestro SUNAT (001_TBL_CLIENTES_B2B) -- no se puede validar SUNAT/Osiptel para este RUC.'],0,
2093200767,CLIENT_00680,LIMA,Lima,Lurigancho,ALTO,ALTO,564.5,580.0,False,True,OK,[],2,Contacto proactivo antes del vencimiento + oferta de plan de pago fraccionado; escalar a gestor de cuenta senior.
2093220275,,,,,SIN_HISTORIAL_DE_FACTURACION,,,,,False,ALERTA — REVISIÓN HUMANA,['Cliente no encontrado en el maestro SUNAT (001_TBL_CLIENTES_B2B) -- no se puede validar SUNAT/Osiptel para este RUC.'],0,
2093251630,,,,,SIN_HISTORIAL_DE_FACTURACION,,,,,False,ALERTA — REVISIÓN HUMANA,['Cliente no encontrado en el maestro SUNAT (001_TBL_CLIENTES_B2B) -- no se puede validar SUNAT/Osiptel para este RUC.'],0,
2093257625,,,,,SIN_HISTORIAL_DE_FACTURACION,,,,,False,ALERTA — REVISIÓN HUMANA,['Cliente no encontrado en el maestro SUNAT (001_TBL_CLIENTES_B2B) -- no se puede validar SUNAT/Osiptel para este RUC.'],0,
2093258591,CLIENT_00642,HUANUCO,Huánuco,Amarilis,ALTO,BAJO,-11.7,-10.0,False,True,ALERTA — REVISIÓN HUMANA,['SUNAT_ESTADO_CONTRIBUYENTE=SUSPENSION TEMPORAL (no ACTIVO)'],0,Mantener ciclo de facturación estándar; sin acción de cobranza adicional.
2093286159,,,,,SIN_HISTORIAL_DE_FACTURACION,,,,,False,ALERTA — REVISIÓN HUMANA,['Cliente no encontrado en el maestro SUNAT (001_TBL_CLIENTES_B2B) -- no se puede validar SUNAT/Osiptel para este RUC.'],0,
2093305474,CLIENT_00330,TACNA,Tacna,Tacna,MEDIO,MEDIO,9.0,10.0,False,True,OK,[],0,Recordatorio automático 5 días antes del vencimiento por correo/WhatsApp; sin escalamiento humano todavía.
2093306348,,,,,SIN_HISTORIAL_DE_FACTURACION,,,,,False,ALERTA — REVISIÓN HUMANA,['Cliente no encontrado en el maestro SUNAT (001_TBL_CLIENTES_B2B) -- no se puede validar SUNAT/Osiptel para este RUC.'],0,
2093350451,,,,,SIN_HISTORIAL_DE_FACTURACION,,,,,False,ALERTA — REVISIÓN HUMANA,['Cliente no encontrado en el maestro SUNAT (001_TBL_CLIENTES_B2B) -- no se puede validar SUNAT/Osiptel para este RUC.'],0,
2093365484,,,,,BAJO,BAJO,-10.2,-7.0,False,False,ALERTA — REVISIÓN HUMANA,['Cliente no encontrado en el maestro SUNAT (001_TBL_CLIENTES_B2B) -- no se puede validar SUNAT/Osiptel para este RUC.'],0,Mantener ciclo de facturación estándar; sin acción de cobranza adicional.
2093387336,CLIENT_00580,LIMA,Lima,San Juan de Miraflores,BAJO,BAJO,2.0,2.0,False,True,OK,[],0,Mantener ciclo de facturación estándar; sin acción de cobranza adicional.
2093402197,CLIENT_00225,LA LIBERTAD,Ascope,Chicama,SIN_HISTORIAL_DE_FACTURACION,,,,,True,OK,[],0,
2093423627,,,,,SIN_HISTORIAL_DE_FACTURACION,,,,,False,ALERTA — REVISIÓN HUMANA,['Cliente no encontrado en el maestro SUNAT (001_TBL_CLIENTES_B2B) -- no se puede validar SUNAT/Osiptel para este RUC.'],0,
2093437777,CLIENT_00436,UCAYALI,Coronel Portillo,Yarinacocha,ALTO,,,,,True,ALERTA — REVISIÓN HUMANA,['SUNAT_ESTADO_RUC=NO HABIDO (no HABIDO)'],0,
2093458353,,,,,SIN_HISTORIAL_DE_FACTURACION,,,,,False,ALERTA — REVISIÓN HUMANA,['Cliente no encontrado en el maestro SUNAT (001_TBL_CLIENTES_B2B) -- no se puede validar SUNAT/Osiptel para este RUC.'],0,
2093540049,CLIENT_00323,LIMA,Lima,Santiago de Surco,SIN_HISTORIAL_DE_FACTURACION,,,,,True,OK,[],0,
2093660214,CLIENT_00375,LIMA,Lima,Lima,BAJO,BAJO,2.0,2.0,False,True,OK,[],0,Mantener ciclo de facturación estándar; sin acción de cobranza adicional.
2093746302,,,,,BAJO,BAJO,-8.0,-8.0,False,False,ALERTA — REVISIÓN HUMANA,['Cliente no encontrado en el maestro SUNAT (001_TBL_CLIENTES_B2B) -- no se puede validar SUNAT/Osiptel para este RUC.'],0,Mantener ciclo de facturación estándar; sin acción de cobranza adicional.
2093767614,,,,,SIN_HISTORIAL_DE_FACTURACION,,,,,False,ALERTA — REVISIÓN HUMANA,['Cliente no encontrado en el maestro SUNAT (001_TBL_CLIENTES_B2B) -- no se puede validar SUNAT/Osiptel para este RUC.'],0,
2093804116,CLIENT_00577,LIMA,Lima,La Victoria,BAJO,BAJO,-7.0,3.0,False,True,OK,[],2,Mantener ciclo de facturación estándar; sin acción de cobranza adicional.
2093811058,,,,,SIN_HISTORIAL_DE_FACTURACION,,,,,False,ALERTA — REVISIÓN HUMANA,['Cliente no encontrado en el maestro SUNAT (001_TBL_CLIENTES_B2B) -- no se puede validar SUNAT/Osiptel para este RUC.'],0,
2093830022,CLIENT_00544,LIMA,Lima,Lima,BAJO,BAJO,-2.0,0.0,False,True,OK,[],0,Mantener ciclo de facturación estándar; sin acción de cobranza adicional.
2093840379,,,,,SIN_HISTORIAL_DE_FACTURACION,,,,,False,ALERTA — REVISIÓN HUMANA,['Cliente no encontrado en el maestro SUNAT (001_TBL_CLIENTES_B2B) -- no se puede validar SUNAT/Osiptel para este RUC.'],0,
2093872994,,,,,SIN_HISTORIAL_DE_FACTURACION,,,,,False,ALERTA — REVISIÓN HUMANA,['Cliente no encontrado en el maestro SUNAT (001_TBL_CLIENTES_B2B) -- no se puede validar SUNAT/Osiptel para este RUC.'],0,
2093894628,CLIENT_00356,LIMA,Lima,Ate,ALTO,ALTO,38.0,38.0,False,True,OK,[],1,Contacto proactivo antes del vencimiento + oferta de plan de pago fraccionado; escalar a gestor de cuenta senior.
2093917631,,,,,SIN_HISTORIAL_DE_FACTURACION,,,,,False,ALERTA — REVISIÓN HUMANA,['Cliente no encontrado en el maestro SUNAT (001_TBL_CLIENTES_B2B) -- no se puede validar SUNAT/Osiptel para este RUC.'],0,
2093935383,,,,,SIN_HISTORIAL_DE_FACTURACION,,,,,False,ALERTA — REVISIÓN HUMANA,['Cliente no encontrado en el maestro SUNAT (001_TBL_CLIENTES_B2B) -- no se puede validar SUNAT/Osiptel para este RUC.'],0,
2093963249,CLIENT_00250,HUANUCO,Huánuco,Huanuco,BAJO,BAJO,-7.5,0.0,False,True,OK,[],0,Mantener ciclo de facturación estándar; sin acción de cobranza adicional.
2093970708,,,,,SIN_HISTORIAL_DE_FACTURACION,,,,,False,ALERTA — REVISIÓN HUMANA,['Cliente no encontrado en el maestro SUNAT (001_TBL_CLIENTES_B2B) -- no se puede validar SUNAT/Osiptel para este RUC.'],0,
2093972164,,,,,SIN_HISTORIAL_DE_FACTURACION,,,,,False,ALERTA — REVISIÓN HUMANA,['Cliente no encontrado en el maestro SUNAT (001_TBL_CLIENTES_B2B) -- no se puede validar SUNAT/Osiptel para este RUC.'],0,
2093993320,CLIENT_00458,CUSCO,Cusco,Cusco,ALTO,,,,,True,ALERTA — REVISIÓN HUMANA,['SUNAT_ESTADO_CONTRIBUYENTE=BAJA DE OFICIO (no ACTIVO)'],0,
2094037394,CLIENT_00744,ICA,Pisco,San Andrés,BAJO,BAJO,-0.3,2.0,False,True,OK,[],0,Mantener ciclo de facturación estándar; sin acción de cobranza adicional.
2094069953,,,,,ALTO,ALTO,19.5,25.0,False,False,ALERTA — REVISIÓN HUMANA,['Cliente no encontrado en el maestro SUNAT (001_TBL_CLIENTES_B2B) -- no se puede validar SUNAT/Osiptel para este RUC.'],1,Contacto proactivo antes del vencimiento + oferta de plan de pago fraccionado; escalar a gestor de cuenta senior.
2094072699,,,,,SIN_HISTORIAL_DE_FACTURACION,,,,,False,ALERTA — REVISIÓN HUMANA,['Cliente no encontrado en el maestro SUNAT (001_TBL_CLIENTES_B2B) -- no se puede validar SUNAT/Osiptel para este RUC.'],0,
2094077589,,,,,SIN_HISTORIAL_DE_FACTURACION,,,,,False,ALERTA — REVISIÓN HUMANA,['Cliente no encontrado en el maestro SUNAT (001_TBL_CLIENTES_B2B) -- no se puede validar SUNAT/Osiptel para este RUC.'],0,
2094098136,CLIENT_00955,CAJAMARCA,Chota,Chota,SIN_HISTORIAL_DE_FACTURACION,,,,,True,OK,[],0,
2094221976,,,,,SIN_HISTORIAL_DE_FACTURACION,,,,,False,ALERTA — REVISIÓN HUMANA,['Cliente no encontrado en el maestro SUNAT (001_TBL_CLIENTES_B2B) -- no se puede validar SUNAT/Osiptel para este RUC.'],0,
2094257130,,,,,SIN_HISTORIAL_DE_FACTURACION,,,,,False,ALERTA — REVISIÓN HUMANA,['Cliente no encontrado en el maestro SUNAT (001_TBL_CLIENTES_B2B) -- no se puede validar SUNAT/Osiptel para este RUC.'],0,
2094267528,,,,,BAJO,BAJO,-1.0,-1.0,False,False,ALERTA — REVISIÓN HUMANA,['Cliente no encontrado en el maestro SUNAT (001_TBL_CLIENTES_B2B) -- no se puede validar SUNAT/Osiptel para este RUC.'],1,Mantener ciclo de facturación estándar; sin acción de cobranza adicional.
2094271697,,,,,SIN_HISTORIAL_DE_FACTURACION,,,,,False,ALERTA — REVISIÓN HUMANA,['Cliente no encontrado en el maestro SUNAT (001_TBL_CLIENTES_B2B) -- no se puede validar SUNAT/Osiptel para este RUC.'],0,
2094335954,,,,,SIN_HISTORIAL_DE_FACTURACION,,,,,False,ALERTA — REVISIÓN HUMANA,['Cliente no encontrado en el maestro SUNAT (001_TBL_CLIENTES_B2B) -- no se puede validar SUNAT/Osiptel para este RUC.'],0,
2094370630,CLIENT_00139,LIMA,Lima,San Miguel,ALTO,BAJO,-12.5,-12.0,False,True,ALERTA — REVISIÓN HUMANA,['Todas sus líneas (fija/móvil) están inactivas o suspendidas'],0,Mantener ciclo de facturación estándar; sin acción de cobranza adicional.
2094379951,,,,,BAJO,BAJO,3.5,6.0,True,False,ALERTA — REVISIÓN HUMANA,['Cliente no encontrado en el maestro SUNAT (001_TBL_CLIENTES_B2B) -- no se puede validar SUNAT/Osiptel para este RUC.'],0,Mantener ciclo de facturación estándar; sin acción de cobranza adicional.
2094390376,,,,,SIN_HISTORIAL_DE_FACTURACION,,,,,False,ALERTA — REVISIÓN HUMANA,['Cliente no encontrado en el maestro SUNAT (001_TBL_CLIENTES_B2B) -- no se puede validar SUNAT/Osiptel para este RUC.'],0,
2094402346,CLIENT_00137,LIMA,Lima,San Isidro,BAJO,BAJO,-11.5,-10.0,True,True,OK,[],0,Mantener ciclo de facturación estándar; sin acción de cobranza adicional.
2094430823,,,,,SIN_HISTORIAL_DE_FACTURACION,,,,,False,ALERTA — REVISIÓN HUMANA,['Cliente no encontrado en el maestro SUNAT (001_TBL_CLIENTES_B2B) -- no se puede validar SUNAT/Osiptel para este RUC.'],0,
2094456978,CLIENT_00488,PIURA,Talara,Mancora,SIN_HISTORIAL_DE_FACTURACION,,,,,True,OK,[],0,
2094577730,CLIENT_00415,LIMA,Lima,Santiago de Surco,MEDIO,MEDIO,5.8,22.0,False,True,OK,[],0,Recordatorio automático 5 días antes del vencimiento por correo/WhatsApp; sin escalamiento humano todavía.
2094579959,,,,,SIN_HISTORIAL_DE_FACTURACION,,,,,False,ALERTA — REVISIÓN HUMANA,['Cliente no encontrado en el maestro SUNAT (001_TBL_CLIENTES_B2B) -- no se puede validar SUNAT/Osiptel para este RUC.'],0,
2094583557,,,,,SIN_HISTORIAL_DE_FACTURACION,,,,,False,ALERTA — REVISIÓN HUMANA,['Cliente no encontrado en el maestro SUNAT (001_TBL_CLIENTES_B2B) -- no se puede validar SUNAT/Osiptel para este RUC.'],0,
2094607578,CLIENT_00434,LIMA,Lima,Santiago de Surco,SIN_HISTORIAL_DE_FACTURACION,,,,,True,OK,[],0,
2094609387,,,,,SIN_HISTORIAL_DE_FACTURACION,,,,,False,ALERTA — REVISIÓN HUMANA,['Cliente no encontrado en el maestro SUNAT (001_TBL_CLIENTES_B2B) -- no se puede validar SUNAT/Osiptel para este RUC.'],0,
2094619896,,,,,SIN_HISTORIAL_DE_FACTURACION,,,,,False,ALERTA — REVISIÓN HUMANA,['Cliente no encontrado en el maestro SUNAT (001_TBL_CLIENTES_B2B) -- no se puede validar SUNAT/Osiptel para este RUC.'],0,
2094642946,,,,,SIN_HISTORIAL_DE_FACTURACION,,,,,False,ALERTA — REVISIÓN HUMANA,['Cliente no encontrado en el maestro SUNAT (001_TBL_CLIENTES_B2B) -- no se puede validar SUNAT/Osiptel para este RUC.'],0,
2094681223,,,,,SIN_HISTORIAL_DE_FACTURACION,,,,,False,ALERTA — REVISIÓN HUMANA,['Cliente no encontrado en el maestro SUNAT (001_TBL_CLIENTES_B2B) -- no se puede validar SUNAT/Osiptel para este RUC.'],0,
2094696862,,,,,SIN_HISTORIAL_DE_FACTURACION,,,,,False,ALERTA — REVISIÓN HUMANA,['Cliente no encontrado en el maestro SUNAT (001_TBL_CLIENTES_B2B) -- no se puede validar SUNAT/Osiptel para este RUC.'],0,
2094764273,,,,,SIN_HISTORIAL_DE_FACTURACION,,,,,False,ALERTA — REVISIÓN HUMANA,['Cliente no encontrado en el maestro SUNAT (001_TBL_CLIENTES_B2B) -- no se puede validar SUNAT/Osiptel para este RUC.'],0,
2094789451,,,,,SIN_HISTORIAL_DE_FACTURACION,,,,,False,ALERTA — REVISIÓN HUMANA,['Cliente no encontrado en el maestro SUNAT (001_TBL_CLIENTES_B2B) -- no se puede validar SUNAT/Osiptel para este RUC.'],0,
2094850485,,,,,SIN_HISTORIAL_DE_FACTURACION,,,,,False,ALERTA — REVISIÓN HUMANA,['Cliente no encontrado en el maestro SUNAT (001_TBL_CLIENTES_B2B) -- no se puede validar SUNAT/Osiptel para este RUC.'],0,
2094885064,,,,,SIN_HISTORIAL_DE_FACTURACION,,,,,False,ALERTA — REVISIÓN HUMANA,['Cliente no encontrado en el maestro SUNAT (001_TBL_CLIENTES_B2B) -- no se puede validar SUNAT/Osiptel para este RUC.'],0,
2094889427,,,,,SIN_HISTORIAL_DE_FACTURACION,,,,,False,ALERTA — REVISIÓN HUMANA,['Cliente no encontrado en el maestro SUNAT (001_TBL_CLIENTES_B2B) -- no se puede validar SUNAT/Osiptel para este RUC.'],0,
2094902246,CLIENT_00008,CUSCO,Cusco,Wanchaq,BAJO,BAJO,1.0,2.0,True,True,OK,[],0,Mantener ciclo de facturación estándar; sin acción de cobranza adicional.
2094973310,,,,,BAJO,BAJO,1.2,3.0,False,False,ALERTA — REVISIÓN HUMANA,['Cliente no encontrado en el maestro SUNAT (001_TBL_CLIENTES_B2B) -- no se puede validar SUNAT/Osiptel para este RUC.'],0,Mantener ciclo de facturación estándar; sin acción de cobranza adicional.
2095007193,,,,,BAJO,BAJO,-8.8,-6.0,False,False,ALERTA — REVISIÓN HUMANA,['Cliente no encontrado en el maestro SUNAT (001_TBL_CLIENTES_B2B) -- no se puede validar SUNAT/Osiptel para este RUC.'],3,Mantener ciclo de facturación estándar; sin acción de cobranza adicional.
2095018481,,,,,BAJO,BAJO,-7.3,4.0,False,False,ALERTA — REVISIÓN HUMANA,['Cliente no encontrado en el maestro SUNAT (001_TBL_CLIENTES_B2B) -- no se puede validar SUNAT/Osiptel para este RUC.'],2,Mantener ciclo de facturación estándar; sin acción de cobranza adicional.
2095069469,,,,,SIN_HISTORIAL_DE_FACTURACION,,,,,False,ALERTA — REVISIÓN HUMANA,['Cliente no encontrado en el maestro SUNAT (001_TBL_CLIENTES_B2B) -- no se puede validar SUNAT/Osiptel para este RUC.'],0,
2095085624,CLIENT_00622,CUSCO,Cusco,Wanchaq,ALTO,BAJO,2.0,2.0,False,True,ALERTA — REVISIÓN HUMANA,['SUNAT_ESTADO_CONTRIBUYENTE=SUSPENSION TEMPORAL (no ACTIVO)'],1,Mantener ciclo de facturación estándar; sin acción de cobranza adicional.
2095359177,,,,,SIN_HISTORIAL_DE_FACTURACION,,,,,False,ALERTA — REVISIÓN HUMANA,['Cliente no encontrado en el maestro SUNAT (001_TBL_CLIENTES_B2B) -- no se puede validar SUNAT/Osiptel para este RUC.'],0,
2095370945,CLIENT_00679,CALLAO,Prov. Const. del Callao,Bellavista,BAJO,BAJO,-3.5,-3.0,False,True,OK,[],0,Mantener ciclo de facturación estándar; sin acción de cobranza adicional.
2095400018,,,,,SIN_HISTORIAL_DE_FACTURACION,,,,,False,ALERTA — REVISIÓN HUMANA,['Cliente no encontrado en el maestro SUNAT (001_TBL_CLIENTES_B2B) -- no se puede validar SUNAT/Osiptel para este RUC.'],0,
2095429301,CLIENT_00224,ANCASH,Santa,Nuevo Chimbote,SIN_HISTORIAL_DE_FACTURACION,,,,,True,OK,[],0,
2095488337,,,,,BAJO,BAJO,-13.0,-12.0,False,False,ALERTA — REVISIÓN HUMANA,['Cliente no encontrado en el maestro SUNAT (001_TBL_CLIENTES_B2B) -- no se puede validar SUNAT/Osiptel para este RUC.'],0,Mantener ciclo de facturación estándar; sin acción de cobranza adicional.
2095493323,,,,,SIN_HISTORIAL_DE_FACTURACION,,,,,False,ALERTA — REVISIÓN HUMANA,['Cliente no encontrado en el maestro SUNAT (001_TBL_CLIENTES_B2B) -- no se puede validar SUNAT/Osiptel para este RUC.'],0,
2095529221,,,,,SIN_HISTORIAL_DE_FACTURACION,,,,,False,ALERTA — REVISIÓN HUMANA,['Cliente no encontrado en el maestro SUNAT (001_TBL_CLIENTES_B2B) -- no se puede validar SUNAT/Osiptel para este RUC.'],0,
2095555582,,,,,SIN_HISTORIAL_DE_FACTURACION,,,,,False,ALERTA — REVISIÓN HUMANA,['Cliente no encontrado en el maestro SUNAT (001_TBL_CLIENTES_B2B) -- no se puede validar SUNAT/Osiptel para este RUC.'],0,
2095584810,,,,,SIN_HISTORIAL_DE_FACTURACION,,,,,False,ALERTA — REVISIÓN HUMANA,['Cliente no encontrado en el maestro SUNAT (001_TBL_CLIENTES_B2B) -- no se puede validar SUNAT/Osiptel para este RUC.'],0,
2095609618,CLIENT_00060,LIMA,Barranca,Paramonga,MEDIO,MEDIO,14.5,15.0,False,True,OK,[],0,Recordatorio automático 5 días antes del vencimiento por correo/WhatsApp; sin escalamiento humano todavía.
2095631015,,,,,SIN_HISTORIAL_DE_FACTURACION,,,,,False,ALERTA — REVISIÓN HUMANA,['Cliente no encontrado en el maestro SUNAT (001_TBL_CLIENTES_B2B) -- no se puede validar SUNAT/Osiptel para este RUC.'],0,
2095651805,,,,,SIN_HISTORIAL_DE_FACTURACION,,,,,False,ALERTA — REVISIÓN HUMANA,['Cliente no encontrado en el maestro SUNAT (001_TBL_CLIENTES_B2B) -- no se puede validar SUNAT/Osiptel para este RUC.'],0,
2095824297,,,,,BAJO,BAJO,-11.1,-6.0,False,False,ALERTA — REVISIÓN HUMANA,['Cliente no encontrado en el maestro SUNAT (001_TBL_CLIENTES_B2B) -- no se puede validar SUNAT/Osiptel para este RUC.'],2,Mantener ciclo de facturación estándar; sin acción de cobranza adicional.
2095839381,,,,,BAJO,BAJO,0.8,3.0,False,False,ALERTA — REVISIÓN HUMANA,['Cliente no encontrado en el maestro SUNAT (001_TBL_CLIENTES_B2B) -- no se puede validar SUNAT/Osiptel para este RUC.'],0,Mantener ciclo de facturación estándar; sin acción de cobranza adicional.
2095867314,,,,,BAJO,BAJO,3.0,3.0,False,False,ALERTA — REVISIÓN HUMANA,['Cliente no encontrado en el maestro SUNAT (001_TBL_CLIENTES_B2B) -- no se puede validar SUNAT/Osiptel para este RUC.'],1,Mantener ciclo de facturación estándar; sin acción de cobranza adicional.
2095922298,,,,,SIN_HISTORIAL_DE_FACTURACION,,,,,False,ALERTA — REVISIÓN HUMANA,['Cliente no encontrado en el maestro SUNAT (001_TBL_CLIENTES_B2B) -- no se puede validar SUNAT/Osiptel para este RUC.'],0,
2095961233,,,,,SIN_HISTORIAL_DE_FACTURACION,,,,,False,ALERTA — REVISIÓN HUMANA,['Cliente no encontrado en el maestro SUNAT (001_TBL_CLIENTES_B2B) -- no se puede validar SUNAT/Osiptel para este RUC.'],0,
2096010597,CLIENT_00892,PIURA,Piura,Castilla,SIN_HISTORIAL_DE_FACTURACION,,,,,True,OK,[],0,
2096022549,,,,,SIN_HISTORIAL_DE_FACTURACION,,,,,False,ALERTA — REVISIÓN HUMANA,['Cliente no encontrado en el maestro SUNAT (001_TBL_CLIENTES_B2B) -- no se puede validar SUNAT/Osiptel para este RUC.'],0,
2096025489,,,,,SIN_HISTORIAL_DE_FACTURACION,,,,,False,ALERTA — REVISIÓN HUMANA,['Cliente no encontrado en el maestro SUNAT (001_TBL_CLIENTES_B2B) -- no se puede validar SUNAT/Osiptel para este RUC.'],0,
2096030030,CLIENT_00475,SAN MARTIN,San Martín,Tarapoto,ALTO,BAJO,-4.0,-4.0,False,True,ALERTA — REVISIÓN HUMANA,['Todas sus líneas (fija/móvil) están inactivas o suspendidas'],0,Mantener ciclo de facturación estándar; sin acción de cobranza adicional.
2096031193,,,,,BAJO,BAJO,-2.3,10.0,False,False,ALERTA — REVISIÓN HUMANA,['Cliente no encontrado en el maestro SUNAT (001_TBL_CLIENTES_B2B) -- no se puede validar SUNAT/Osiptel para este RUC.'],1,Mantener ciclo de facturación estándar; sin acción de cobranza adicional.
2096049962,CLIENT_01000,SAN MARTIN,Tocache,Tocache,BAJO,BAJO,0.5,3.0,False,True,OK,[],0,Mantener ciclo de facturación estándar; sin acción de cobranza adicional.
2096093742,,,,,SIN_HISTORIAL_DE_FACTURACION,,,,,False,ALERTA — REVISIÓN HUMANA,['Cliente no encontrado en el maestro SUNAT (001_TBL_CLIENTES_B2B) -- no se puede validar SUNAT/Osiptel para este RUC.'],0,
2096100663,CLIENT_00636,LIMA,Lima,Miraflores,BAJO,BAJO,-1.0,-1.0,False,True,OK,[],0,Mantener ciclo de facturación estándar; sin acción de cobranza adicional.
2096140200,,,,,SIN_HISTORIAL_DE_FACTURACION,,,,,False,ALERTA — REVISIÓN HUMANA,['Cliente no encontrado en el maestro SUNAT (001_TBL_CLIENTES_B2B) -- no se puede validar SUNAT/Osiptel para este RUC.'],0,
2096145588,,,,,SIN_HISTORIAL_DE_FACTURACION,,,,,False,ALERTA — REVISIÓN HUMANA,['Cliente no encontrado en el maestro SUNAT (001_TBL_CLIENTES_B2B) -- no se puede validar SUNAT/Osiptel para este RUC.'],0,
2096148900,CLIENT_00810,LIMA,Lima,Comas,BAJO,BAJO,1.0,1.0,False,True,OK,[],0,Mantener ciclo de facturación estándar; sin acción de cobranza adicional.
2096202915,,,,,BAJO,BAJO,2.5,4.0,True,False,ALERTA — REVISIÓN HUMANA,['Cliente no encontrado en el maestro SUNAT (001_TBL_CLIENTES_B2B) -- no se puede validar SUNAT/Osiptel para este RUC.'],0,Mantener ciclo de facturación estándar; sin acción de cobranza adicional.
2096202963,,,,,SIN_HISTORIAL_DE_FACTURACION,,,,,False,ALERTA — REVISIÓN HUMANA,['Cliente no encontrado en el maestro SUNAT (001_TBL_CLIENTES_B2B) -- no se puede validar SUNAT/Osiptel para este RUC.'],0,
2096223281,CLIENT_00078,LA LIBERTAD,Trujillo,Huanchaco,SIN_HISTORIAL_DE_FACTURACION,,,,,True,OK,[],0,
2096228552,,,,,SIN_HISTORIAL_DE_FACTURACION,,,,,False,ALERTA — REVISIÓN HUMANA,['Cliente no encontrado en el maestro SUNAT (001_TBL_CLIENTES_B2B) -- no se puede validar SUNAT/Osiptel para este RUC.'],0,
2096247949,CLIENT_00334,LIMA,Lima,Lima,SIN_HISTORIAL_DE_FACTURACION,,,,,True,OK,[],0,
2096287205,,,,,SIN_HISTORIAL_DE_FACTURACION,,,,,False,ALERTA — REVISIÓN HUMANA,['Cliente no encontrado en el maestro SUNAT (001_TBL_CLIENTES_B2B) -- no se puede validar SUNAT/Osiptel para este RUC.'],0,
2096344575,,,,,SIN_HISTORIAL_DE_FACTURACION,,,,,False,ALERTA — REVISIÓN HUMANA,['Cliente no encontrado en el maestro SUNAT (001_TBL_CLIENTES_B2B) -- no se puede validar SUNAT/Osiptel para este RUC.'],0,
2096378809,,,,,SIN_HISTORIAL_DE_FACTURACION,,,,,False,ALERTA — REVISIÓN HUMANA,['Cliente no encontrado en el maestro SUNAT (001_TBL_CLIENTES_B2B) -- no se puede validar SUNAT/Osiptel para este RUC.'],0,
2096447129,,,,,BAJO,BAJO,-6.7,7.0,False,False,ALERTA — REVISIÓN HUMANA,['Cliente no encontrado en el maestro SUNAT (001_TBL_CLIENTES_B2B) -- no se puede validar SUNAT/Osiptel para este RUC.'],1,Mantener ciclo de facturación estándar; sin acción de cobranza adicional.
2096448602,,,,,SIN_HISTORIAL_DE_FACTURACION,,,,,False,ALERTA — REVISIÓN HUMANA,['Cliente no encontrado en el maestro SUNAT (001_TBL_CLIENTES_B2B) -- no se puede validar SUNAT/Osiptel para este RUC.'],0,
2096452817,CLIENT_00208,PASCO,Pasco,Yanacancha,ALTO,BAJO,-3.0,-2.0,False,True,ALERTA — REVISIÓN HUMANA,['SUNAT_ESTADO_CONTRIBUYENTE=BAJA DE OFICIO (no ACTIVO)'],0,Mantener ciclo de facturación estándar; sin acción de cobranza adicional.
2096523728,CLIENT_00797,AREQUIPA,Arequipa,Arequipa,BAJO,BAJO,-10.5,-10.0,False,True,OK,[],0,Mantener ciclo de facturación estándar; sin acción de cobranza adicional.
2096570347,,,,,SIN_HISTORIAL_DE_FACTURACION,,,,,False,ALERTA — REVISIÓN HUMANA,['Cliente no encontrado en el maestro SUNAT (001_TBL_CLIENTES_B2B) -- no se puede validar SUNAT/Osiptel para este RUC.'],0,
2096585121,,,,,SIN_HISTORIAL_DE_FACTURACION,,,,,False,ALERTA — REVISIÓN HUMANA,['Cliente no encontrado en el maestro SUNAT (001_TBL_CLIENTES_B2B) -- no se puede validar SUNAT/Osiptel para este RUC.'],0,
2096608121,CLIENT_00272,LIMA,Lima,San Juan de Lurigancho,ALTO,BAJO,2.5,3.0,True,True,ALERTA — REVISIÓN HUMANA,['SUNAT_ESTADO_CONTRIBUYENTE=BAJA DE OFICIO (no ACTIVO)'],0,Mantener ciclo de facturación estándar; sin acción de cobranza adicional.
2096612722,,,,,SIN_HISTORIAL_DE_FACTURACION,,,,,False,ALERTA — REVISIÓN HUMANA,['Cliente no encontrado en el maestro SUNAT (001_TBL_CLIENTES_B2B) -- no se puede validar SUNAT/Osiptel para este RUC.'],0,
2096619821,CLIENT_00477,LIMA,Lima,Santiago de Surco,ALTO,,,,,True,ALERTA — REVISIÓN HUMANA,['SUNAT_ESTADO_CONTRIBUYENTE=BAJA DE OFICIO (no ACTIVO)'],0,
2096681107,,,,,SIN_HISTORIAL_DE_FACTURACION,,,,,False,ALERTA — REVISIÓN HUMANA,['Cliente no encontrado en el maestro SUNAT (001_TBL_CLIENTES_B2B) -- no se puede validar SUNAT/Osiptel para este RUC.'],0,
2096711703,,,,,BAJO,BAJO,-1.5,-1.0,True,False,ALERTA — REVISIÓN HUMANA,['Cliente no encontrado en el maestro SUNAT (001_TBL_CLIENTES_B2B) -- no se puede validar SUNAT/Osiptel para este RUC.'],0,Mantener ciclo de facturación estándar; sin acción de cobranza adicional.
2096733170,,,,,SIN_HISTORIAL_DE_FACTURACION,,,,,False,ALERTA — REVISIÓN HUMANA,['Cliente no encontrado en el maestro SUNAT (001_TBL_CLIENTES_B2B) -- no se puede validar SUNAT/Osiptel para este RUC.'],0,
2096761566,,,,,SIN_HISTORIAL_DE_FACTURACION,,,,,False,ALERTA — REVISIÓN HUMANA,['Cliente no encontrado en el maestro SUNAT (001_TBL_CLIENTES_B2B) -- no se puede validar SUNAT/Osiptel para este RUC.'],0,
2096767508,,,,,SIN_HISTORIAL_DE_FACTURACION,,,,,False,ALERTA — REVISIÓN HUMANA,['Cliente no encontrado en el maestro SUNAT (001_TBL_CLIENTES_B2B) -- no se puede validar SUNAT/Osiptel para este RUC.'],0,
2096770204,CLIENT_00203,LIMA,Lima,Chorrillos,BAJO,BAJO,4.0,5.0,False,True,OK,[],2,Mantener ciclo de facturación estándar; sin acción de cobranza adicional.
2096791924,,,,,SIN_HISTORIAL_DE_FACTURACION,,,,,False,ALERTA — REVISIÓN HUMANA,['Cliente no encontrado en el maestro SUNAT (001_TBL_CLIENTES_B2B) -- no se puede validar SUNAT/Osiptel para este RUC.'],0,
2096861768,,,,,SIN_HISTORIAL_DE_FACTURACION,,,,,False,ALERTA — REVISIÓN HUMANA,['Cliente no encontrado en el maestro SUNAT (001_TBL_CLIENTES_B2B) -- no se puede validar SUNAT/Osiptel para este RUC.'],0,
2096905451,,,,,SIN_HISTORIAL_DE_FACTURACION,,,,,False,ALERTA — REVISIÓN HUMANA,['Cliente no encontrado en el maestro SUNAT (001_TBL_CLIENTES_B2B) -- no se puede validar SUNAT/Osiptel para este RUC.'],0,
2096907655,,,,,BAJO,BAJO,2.5,5.0,True,False,ALERTA — REVISIÓN HUMANA,['Cliente no encontrado en el maestro SUNAT (001_TBL_CLIENTES_B2B) -- no se puede validar SUNAT/Osiptel para este RUC.'],0,Mantener ciclo de facturación estándar; sin acción de cobranza adicional.
2096930423,,,,,SIN_HISTORIAL_DE_FACTURACION,,,,,False,ALERTA — REVISIÓN HUMANA,['Cliente no encontrado en el maestro SUNAT (001_TBL_CLIENTES_B2B) -- no se puede validar SUNAT/Osiptel para este RUC.'],0,
2096933668,,,,,BAJO,BAJO,2.0,3.0,True,False,ALERTA — REVISIÓN HUMANA,['Cliente no encontrado en el maestro SUNAT (001_TBL_CLIENTES_B2B) -- no se puede validar SUNAT/Osiptel para este RUC.'],0,Mantener ciclo de facturación estándar; sin acción de cobranza adicional.
2096959477,,,,,BAJO,BAJO,-10.0,4.0,False,False,ALERTA — REVISIÓN HUMANA,['Cliente no encontrado en el maestro SUNAT (001_TBL_CLIENTES_B2B) -- no se puede validar SUNAT/Osiptel para este RUC.'],2,Mantener ciclo de facturación estándar; sin acción de cobranza adicional.
2096974863,,,,,SIN_HISTORIAL_DE_FACTURACION,,,,,False,ALERTA — REVISIÓN HUMANA,['Cliente no encontrado en el maestro SUNAT (001_TBL_CLIENTES_B2B) -- no se puede validar SUNAT/Osiptel para este RUC.'],0,
2096976190,,,,,SIN_HISTORIAL_DE_FACTURACION,,,,,False,ALERTA — REVISIÓN HUMANA,['Cliente no encontrado en el maestro SUNAT (001_TBL_CLIENTES_B2B) -- no se puede validar SUNAT/Osiptel para este RUC.'],0,
2097025095,,,,,SIN_HISTORIAL_DE_FACTURACION,,,,,False,ALERTA — REVISIÓN HUMANA,['Cliente no encontrado en el maestro SUNAT (001_TBL_CLIENTES_B2B) -- no se puede validar SUNAT/Osiptel para este RUC.'],0,
2097027071,CLIENT_00616,AREQUIPA,Arequipa,Arequipa,BAJO,BAJO,-2.0,-2.0,False,True,OK,[],1,Mantener ciclo de facturación estándar; sin acción de cobranza adicional.
2097036312,,,,,SIN_HISTORIAL_DE_FACTURACION,,,,,False,ALERTA — REVISIÓN HUMANA,['Cliente no encontrado en el maestro SUNAT (001_TBL_CLIENTES_B2B) -- no se puede validar SUNAT/Osiptel para este RUC.'],0,
2097038334,,,,,SIN_HISTORIAL_DE_FACTURACION,,,,,False,ALERTA — REVISIÓN HUMANA,['Cliente no encontrado en el maestro SUNAT (001_TBL_CLIENTES_B2B) -- no se puede validar SUNAT/Osiptel para este RUC.'],0,
2097061252,CLIENT_00368,LIMA,Lima,Barranco,SIN_HISTORIAL_DE_FACTURACION,,,,,True,OK,[],0,
2097064625,,,,,SIN_HISTORIAL_DE_FACTURACION,,,,,False,ALERTA — REVISIÓN HUMANA,['Cliente no encontrado en el maestro SUNAT (001_TBL_CLIENTES_B2B) -- no se puede validar SUNAT/Osiptel para este RUC.'],0,
2097068950,,,,,BAJO,BAJO,-11.0,-11.0,False,False,ALERTA — REVISIÓN HUMANA,['Cliente no encontrado en el maestro SUNAT (001_TBL_CLIENTES_B2B) -- no se puede validar SUNAT/Osiptel para este RUC.'],0,Mantener ciclo de facturación estándar; sin acción de cobranza adicional.
2097086011,CLIENT_00624,LIMA,Lima,San Isidro,SIN_HISTORIAL_DE_FACTURACION,,,,,True,OK,[],0,
2097132036,,,,,SIN_HISTORIAL_DE_FACTURACION,,,,,False,ALERTA — REVISIÓN HUMANA,['Cliente no encontrado en el maestro SUNAT (001_TBL_CLIENTES_B2B) -- no se puede validar SUNAT/Osiptel para este RUC.'],0,
2097146400,,,,,SIN_HISTORIAL_DE_FACTURACION,,,,,False,ALERTA — REVISIÓN HUMANA,['Cliente no encontrado en el maestro SUNAT (001_TBL_CLIENTES_B2B) -- no se puede validar SUNAT/Osiptel para este RUC.'],0,
2097163646,,,,,SIN_HISTORIAL_DE_FACTURACION,,,,,False,ALERTA — REVISIÓN HUMANA,['Cliente no encontrado en el maestro SUNAT (001_TBL_CLIENTES_B2B) -- no se puede validar SUNAT/Osiptel para este RUC.'],0,
2097164679,,,,,SIN_HISTORIAL_DE_FACTURACION,,,,,False,ALERTA — REVISIÓN HUMANA,['Cliente no encontrado en el maestro SUNAT (001_TBL_CLIENTES_B2B) -- no se puede validar SUNAT/Osiptel para este RUC.'],0,
2097167838,,,,,SIN_HISTORIAL_DE_FACTURACION,,,,,False,ALERTA — REVISIÓN HUMANA,['Cliente no encontrado en el maestro SUNAT (001_TBL_CLIENTES_B2B) -- no se puede validar SUNAT/Osiptel para este RUC.'],0,
2097185694,,,,,MEDIO,MEDIO,13.3,47.0,False,False,ALERTA — REVISIÓN HUMANA,['Cliente no encontrado en el maestro SUNAT (001_TBL_CLIENTES_B2B) -- no se puede validar SUNAT/Osiptel para este RUC.'],1,Recordatorio automático 5 días antes del vencimiento por correo/WhatsApp; sin escalamiento humano todavía.
2097297745,,,,,SIN_HISTORIAL_DE_FACTURACION,,,,,False,ALERTA — REVISIÓN HUMANA,['Cliente no encontrado en el maestro SUNAT (001_TBL_CLIENTES_B2B) -- no se puede validar SUNAT/Osiptel para este RUC.'],0,
2097309788,,,,,SIN_HISTORIAL_DE_FACTURACION,,,,,False,ALERTA — REVISIÓN HUMANA,['Cliente no encontrado en el maestro SUNAT (001_TBL_CLIENTES_B2B) -- no se puede validar SUNAT/Osiptel para este RUC.'],0,
2097314646,CLIENT_00429,ICA,Ica,Ica,SIN_HISTORIAL_DE_FACTURACION,,,,,True,OK,[],0,
2097350369,,,,,SIN_HISTORIAL_DE_FACTURACION,,,,,False,ALERTA — REVISIÓN HUMANA,['Cliente no encontrado en el maestro SUNAT (001_TBL_CLIENTES_B2B) -- no se puede validar SUNAT/Osiptel para este RUC.'],0,
2097363595,CLIENT_00716,LIMA,Lima,Carabayllo,SIN_HISTORIAL_DE_FACTURACION,,,,,True,OK,[],0,
2097410254,CLIENT_00451,LAMBAYEQUE,Lambayeque,Mochumi,SIN_HISTORIAL_DE_FACTURACION,,,,,True,OK,[],0,
2097455584,,,,,SIN_HISTORIAL_DE_FACTURACION,,,,,False,ALERTA — REVISIÓN HUMANA,['Cliente no encontrado en el maestro SUNAT (001_TBL_CLIENTES_B2B) -- no se puede validar SUNAT/Osiptel para este RUC.'],0,
2097477565,,,,,SIN_HISTORIAL_DE_FACTURACION,,,,,False,ALERTA — REVISIÓN HUMANA,['Cliente no encontrado en el maestro SUNAT (001_TBL_CLIENTES_B2B) -- no se puede validar SUNAT/Osiptel para este RUC.'],0,
2097480168,CLIENT_00884,LIMA,Lima,Rímac,SIN_HISTORIAL_DE_FACTURACION,,,,,True,OK,[],0,
2097496783,CLIENT_00785,LAMBAYEQUE,Chiclayo,La Victoria,ALTO,ALTO,22.7,23.0,False,True,OK,[],1,Contacto proactivo antes del vencimiento + oferta de plan de pago fraccionado; escalar a gestor de cuenta senior.
2097514450,,,,,SIN_HISTORIAL_DE_FACTURACION,,,,,False,ALERTA — REVISIÓN HUMANA,['Cliente no encontrado en el maestro SUNAT (001_TBL_CLIENTES_B2B) -- no se puede validar SUNAT/Osiptel para este RUC.'],0,
2097519862,CLIENT_00745,PIURA,Piura,Veintiseis de Octubre,BAJO,BAJO,-12.3,13.0,False,True,OK,[],0,Mantener ciclo de facturación estándar; sin acción de cobranza adicional.
2097534487,CLIENT_00856,LIMA,Lima,La Victoria,SIN_HISTORIAL_DE_FACTURACION,,,,,True,OK,[],0,
2097550740,,,,,SIN_HISTORIAL_DE_FACTURACION,,,,,False,ALERTA — REVISIÓN HUMANA,['Cliente no encontrado en el maestro SUNAT (001_TBL_CLIENTES_B2B) -- no se puede validar SUNAT/Osiptel para este RUC.'],0,
2097688119,,,,,SIN_HISTORIAL_DE_FACTURACION,,,,,False,ALERTA — REVISIÓN HUMANA,['Cliente no encontrado en el maestro SUNAT (001_TBL_CLIENTES_B2B) -- no se puede validar SUNAT/Osiptel para este RUC.'],0,
2097713662,CLIENT_00685,LIMA,Lima,Pueblo Libre,SIN_HISTORIAL_DE_FACTURACION,,,,,True,OK,[],0,
2097728332,,,,,SIN_HISTORIAL_DE_FACTURACION,,,,,False,ALERTA — REVISIÓN HUMANA,['Cliente no encontrado en el maestro SUNAT (001_TBL_CLIENTES_B2B) -- no se puede validar SUNAT/Osiptel para este RUC.'],0,
2097749056,,,,,SIN_HISTORIAL_DE_FACTURACION,,,,,False,ALERTA — REVISIÓN HUMANA,['Cliente no encontrado en el maestro SUNAT (001_TBL_CLIENTES_B2B) -- no se puede validar SUNAT/Osiptel para este RUC.'],0,
2097776066,,,,,SIN_HISTORIAL_DE_FACTURACION,,,,,False,ALERTA — REVISIÓN HUMANA,['Cliente no encontrado en el maestro SUNAT (001_TBL_CLIENTES_B2B) -- no se puede validar SUNAT/Osiptel para este RUC.'],0,
2097790348,,,,,SIN_HISTORIAL_DE_FACTURACION,,,,,False,ALERTA — REVISIÓN HUMANA,['Cliente no encontrado en el maestro SUNAT (001_TBL_CLIENTES_B2B) -- no se puede validar SUNAT/Osiptel para este RUC.'],0,
2097798027,,,,,SIN_HISTORIAL_DE_FACTURACION,,,,,False,ALERTA — REVISIÓN HUMANA,['Cliente no encontrado en el maestro SUNAT (001_TBL_CLIENTES_B2B) -- no se puede validar SUNAT/Osiptel para este RUC.'],0,
2097870567,,,,,SIN_HISTORIAL_DE_FACTURACION,,,,,False,ALERTA — REVISIÓN HUMANA,['Cliente no encontrado en el maestro SUNAT (001_TBL_CLIENTES_B2B) -- no se puede validar SUNAT/Osiptel para este RUC.'],0,
2097918284,,,,,SIN_HISTORIAL_DE_FACTURACION,,,,,False,ALERTA — REVISIÓN HUMANA,['Cliente no encontrado en el maestro SUNAT (001_TBL_CLIENTES_B2B) -- no se puede validar SUNAT/Osiptel para este RUC.'],0,
2097934449,,,,,SIN_HISTORIAL_DE_FACTURACION,,,,,False,ALERTA — REVISIÓN HUMANA,['Cliente no encontrado en el maestro SUNAT (001_TBL_CLIENTES_B2B) -- no se puede validar SUNAT/Osiptel para este RUC.'],0,
2097985265,,,,,SIN_HISTORIAL_DE_FACTURACION,,,,,False,ALERTA — REVISIÓN HUMANA,['Cliente no encontrado en el maestro SUNAT (001_TBL_CLIENTES_B2B) -- no se puede validar SUNAT/Osiptel para este RUC.'],0,
2097998127,CLIENT_00891,LIMA,Lima,Surquillo,BAJO,BAJO,-1.5,0.0,False,True,OK,[],1,Mantener ciclo de facturación estándar; sin acción de cobranza adicional.
2098010004,,,,,SIN_HISTORIAL_DE_FACTURACION,,,,,False,ALERTA — REVISIÓN HUMANA,['Cliente no encontrado en el maestro SUNAT (001_TBL_CLIENTES_B2B) -- no se puede validar SUNAT/Osiptel para este RUC.'],0,
2098018480,CLIENT_00702,LIMA,Lima,Villa El Salvador,ALTO,,,,,True,ALERTA — REVISIÓN HUMANA,['SUNAT_ESTADO_CONTRIBUYENTE=BAJA DE OFICIO (no ACTIVO)'],0,
2098019473,,,,,SIN_HISTORIAL_DE_FACTURACION,,,,,False,ALERTA — REVISIÓN HUMANA,['Cliente no encontrado en el maestro SUNAT (001_TBL_CLIENTES_B2B) -- no se puede validar SUNAT/Osiptel para este RUC.'],0,
2098069005,,,,,SIN_HISTORIAL_DE_FACTURACION,,,,,False,ALERTA — REVISIÓN HUMANA,['Cliente no encontrado en el maestro SUNAT (001_TBL_CLIENTES_B2B) -- no se puede validar SUNAT/Osiptel para este RUC.'],0,
2098104157,,,,,SIN_HISTORIAL_DE_FACTURACION,,,,,False,ALERTA — REVISIÓN HUMANA,['Cliente no encontrado en el maestro SUNAT (001_TBL_CLIENTES_B2B) -- no se puede validar SUNAT/Osiptel para este RUC.'],0,
2098129302,,,,,SIN_HISTORIAL_DE_FACTURACION,,,,,False,ALERTA — REVISIÓN HUMANA,['Cliente no encontrado en el maestro SUNAT (001_TBL_CLIENTES_B2B) -- no se puede validar SUNAT/Osiptel para este RUC.'],0,
2098134919,,,,,SIN_HISTORIAL_DE_FACTURACION,,,,,False,ALERTA — REVISIÓN HUMANA,['Cliente no encontrado en el maestro SUNAT (001_TBL_CLIENTES_B2B) -- no se puede validar SUNAT/Osiptel para este RUC.'],0,
2098159442,,,,,SIN_HISTORIAL_DE_FACTURACION,,,,,False,ALERTA — REVISIÓN HUMANA,['Cliente no encontrado en el maestro SUNAT (001_TBL_CLIENTES_B2B) -- no se puede validar SUNAT/Osiptel para este RUC.'],0,
2098171066,,,,,ALTO,ALTO,28.0,30.0,True,False,ALERTA — REVISIÓN HUMANA,['Cliente no encontrado en el maestro SUNAT (001_TBL_CLIENTES_B2B) -- no se puede validar SUNAT/Osiptel para este RUC.'],0,Contacto proactivo antes del vencimiento + oferta de plan de pago fraccionado; escalar a gestor de cuenta senior.
2098203821,,,,,SIN_HISTORIAL_DE_FACTURACION,,,,,False,ALERTA — REVISIÓN HUMANA,['Cliente no encontrado en el maestro SUNAT (001_TBL_CLIENTES_B2B) -- no se puede validar SUNAT/Osiptel para este RUC.'],0,
2098217998,CLIENT_00516,CALLAO,Prov. Const. del Callao,Callao,ALTO,ALTO,25.5,26.0,False,True,OK,[],1,Contacto proactivo antes del vencimiento + oferta de plan de pago fraccionado; escalar a gestor de cuenta senior.
2098256262,,,,,SIN_HISTORIAL_DE_FACTURACION,,,,,False,ALERTA — REVISIÓN HUMANA,['Cliente no encontrado en el maestro SUNAT (001_TBL_CLIENTES_B2B) -- no se puede validar SUNAT/Osiptel para este RUC.'],0,
2098256987,,,,,SIN_HISTORIAL_DE_FACTURACION,,,,,False,ALERTA — REVISIÓN HUMANA,['Cliente no encontrado en el maestro SUNAT (001_TBL_CLIENTES_B2B) -- no se puede validar SUNAT/Osiptel para este RUC.'],0,
2098279770,CLIENT_00182,AYACUCHO,Huamanga,Ayacucho,SIN_HISTORIAL_DE_FACTURACION,,,,,True,OK,[],0,
2098283606,CLIENT_00347,LIMA,Lima,Comas,ALTO,ALTO,153.4,214.0,False,True,ALERTA — REVISIÓN HUMANA,['SUNAT_ESTADO_CONTRIBUYENTE=BAJA DE OFICIO (no ACTIVO)'],5,Contacto proactivo antes del vencimiento + oferta de plan de pago fraccionado; escalar a gestor de cuenta senior.
2098293784,CLIENT_00265,SAN MARTIN,Tocache,Tocache,BAJO,BAJO,1.8,26.0,False,True,OK,[],8,Mantener ciclo de facturación estándar; sin acción de cobranza adicional.
2098309864,,,,,BAJO,BAJO,-5.2,32.0,False,False,ALERTA — REVISIÓN HUMANA,['Cliente no encontrado en el maestro SUNAT (001_TBL_CLIENTES_B2B) -- no se puede validar SUNAT/Osiptel para este RUC.'],2,Mantener ciclo de facturación estándar; sin acción de cobranza adicional.
2098324947,,,,,SIN_HISTORIAL_DE_FACTURACION,,,,,False,ALERTA — REVISIÓN HUMANA,['Cliente no encontrado en el maestro SUNAT (001_TBL_CLIENTES_B2B) -- no se puede validar SUNAT/Osiptel para este RUC.'],0,
2098337123,CLIENT_00365,LAMBAYEQUE,Chiclayo,Chiclayo,ALTO,,,,,True,ALERTA — REVISIÓN HUMANA,['Todas sus líneas (fija/móvil) están inactivas o suspendidas'],0,
2098338143,,,,,SIN_HISTORIAL_DE_FACTURACION,,,,,False,ALERTA — REVISIÓN HUMANA,['Cliente no encontrado en el maestro SUNAT (001_TBL_CLIENTES_B2B) -- no se puede validar SUNAT/Osiptel para este RUC.'],0,
2098363854,,,,,ALTO,ALTO,29.9,59.0,False,False,ALERTA — REVISIÓN HUMANA,['Cliente no encontrado en el maestro SUNAT (001_TBL_CLIENTES_B2B) -- no se puede validar SUNAT/Osiptel para este RUC.'],3,Contacto proactivo antes del vencimiento + oferta de plan de pago fraccionado; escalar a gestor de cuenta senior.
2098378939,CLIENT_00598,LIMA,Lima,Santiago de Surco,MEDIO,MEDIO,10.7,24.0,False,True,OK,[],2,Recordatorio automático 5 días antes del vencimiento por correo/WhatsApp; sin escalamiento humano todavía.
2098458547,,,,,SIN_HISTORIAL_DE_FACTURACION,,,,,False,ALERTA — REVISIÓN HUMANA,['Cliente no encontrado en el maestro SUNAT (001_TBL_CLIENTES_B2B) -- no se puede validar SUNAT/Osiptel para este RUC.'],0,
2098466482,,,,,SIN_HISTORIAL_DE_FACTURACION,,,,,False,ALERTA — REVISIÓN HUMANA,['Cliente no encontrado en el maestro SUNAT (001_TBL_CLIENTES_B2B) -- no se puede validar SUNAT/Osiptel para este RUC.'],0,
2098720538,,,,,BAJO,BAJO,-5.0,-5.0,False,False,ALERTA — REVISIÓN HUMANA,['Cliente no encontrado en el maestro SUNAT (001_TBL_CLIENTES_B2B) -- no se puede validar SUNAT/Osiptel para este RUC.'],0,Mantener ciclo de facturación estándar; sin acción de cobranza adicional.
2098818821,,,,,SIN_HISTORIAL_DE_FACTURACION,,,,,False,ALERTA — REVISIÓN HUMANA,['Cliente no encontrado en el maestro SUNAT (001_TBL_CLIENTES_B2B) -- no se puede validar SUNAT/Osiptel para este RUC.'],0,
2098868455,,,,,SIN_HISTORIAL_DE_FACTURACION,,,,,False,ALERTA — REVISIÓN HUMANA,['Cliente no encontrado en el maestro SUNAT (001_TBL_CLIENTES_B2B) -- no se puede validar SUNAT/Osiptel para este RUC.'],0,
2098903730,,,,,SIN_HISTORIAL_DE_FACTURACION,,,,,False,ALERTA — REVISIÓN HUMANA,['Cliente no encontrado en el maestro SUNAT (001_TBL_CLIENTES_B2B) -- no se puede validar SUNAT/Osiptel para este RUC.'],0,
2098926617,,,,,SIN_HISTORIAL_DE_FACTURACION,,,,,False,ALERTA — REVISIÓN HUMANA,['Cliente no encontrado en el maestro SUNAT (001_TBL_CLIENTES_B2B) -- no se puede validar SUNAT/Osiptel para este RUC.'],0,
2098929554,CLIENT_00413,LIMA,Lima,Miraflores,SIN_HISTORIAL_DE_FACTURACION,,,,,True,OK,[],0,
2098965055,CLIENT_00623,CALLAO,Prov. Const. del Callao,Bellavista,ALTO,,,,,True,ALERTA — REVISIÓN HUMANA,['SUNAT_ESTADO_CONTRIBUYENTE=SUSPENSION TEMPORAL (no ACTIVO)'],0,
2098992430,,,,,SIN_HISTORIAL_DE_FACTURACION,,,,,False,ALERTA — REVISIÓN HUMANA,['Cliente no encontrado en el maestro SUNAT (001_TBL_CLIENTES_B2B) -- no se puede validar SUNAT/Osiptel para este RUC.'],0,
2099005182,,,,,SIN_HISTORIAL_DE_FACTURACION,,,,,False,ALERTA — REVISIÓN HUMANA,['Cliente no encontrado en el maestro SUNAT (001_TBL_CLIENTES_B2B) -- no se puede validar SUNAT/Osiptel para este RUC.'],0,
2099090721,CLIENT_00528,CUSCO,Cusco,Wanchaq,BAJO,BAJO,1.0,2.0,True,True,OK,[],1,Mantener ciclo de facturación estándar; sin acción de cobranza adicional.
2099153289,,,,,SIN_HISTORIAL_DE_FACTURACION,,,,,False,ALERTA — REVISIÓN HUMANA,['Cliente no encontrado en el maestro SUNAT (001_TBL_CLIENTES_B2B) -- no se puede validar SUNAT/Osiptel para este RUC.'],0,
2099236601,,,,,SIN_HISTORIAL_DE_FACTURACION,,,,,False,ALERTA — REVISIÓN HUMANA,['Cliente no encontrado en el maestro SUNAT (001_TBL_CLIENTES_B2B) -- no se puede validar SUNAT/Osiptel para este RUC.'],0,
2099276688,,,,,SIN_HISTORIAL_DE_FACTURACION,,,,,False,ALERTA — REVISIÓN HUMANA,['Cliente no encontrado en el maestro SUNAT (001_TBL_CLIENTES_B2B) -- no se puede validar SUNAT/Osiptel para este RUC.'],0,
2099316748,CLIENT_00768,LIMA,Lima,Barranco,BAJO,BAJO,-2.0,-1.0,False,True,OK,[],0,Mantener ciclo de facturación estándar; sin acción de cobranza adicional.
2099351244,,,,,SIN_HISTORIAL_DE_FACTURACION,,,,,False,ALERTA — REVISIÓN HUMANA,['Cliente no encontrado en el maestro SUNAT (001_TBL_CLIENTES_B2B) -- no se puede validar SUNAT/Osiptel para este RUC.'],0,
2099379204,,,,,SIN_HISTORIAL_DE_FACTURACION,,,,,False,ALERTA — REVISIÓN HUMANA,['Cliente no encontrado en el maestro SUNAT (001_TBL_CLIENTES_B2B) -- no se puede validar SUNAT/Osiptel para este RUC.'],0,
2099426885,,,,,SIN_HISTORIAL_DE_FACTURACION,,,,,False,ALERTA — REVISIÓN HUMANA,['Cliente no encontrado en el maestro SUNAT (001_TBL_CLIENTES_B2B) -- no se puede validar SUNAT/Osiptel para este RUC.'],0,
2099428390,,,,,SIN_HISTORIAL_DE_FACTURACION,,,,,False,ALERTA — REVISIÓN HUMANA,['Cliente no encontrado en el maestro SUNAT (001_TBL_CLIENTES_B2B) -- no se puede validar SUNAT/Osiptel para este RUC.'],0,
2099526726,,,,,SIN_HISTORIAL_DE_FACTURACION,,,,,False,ALERTA — REVISIÓN HUMANA,['Cliente no encontrado en el maestro SUNAT (001_TBL_CLIENTES_B2B) -- no se puede validar SUNAT/Osiptel para este RUC.'],0,
2099526768,CLIENT_00947,LA LIBERTAD,Virú,Viru,SIN_HISTORIAL_DE_FACTURACION,,,,,True,OK,[],0,
2099531591,CLIENT_00529,LIMA,Lima,Jesús María,SIN_HISTORIAL_DE_FACTURACION,,,,,True,OK,[],0,
2099609997,CLIENT_00740,LIMA,Lima,San Borja,SIN_HISTORIAL_DE_FACTURACION,,,,,True,OK,[],0,
2099654854,,,,,SIN_HISTORIAL_DE_FACTURACION,,,,,False,ALERTA — REVISIÓN HUMANA,['Cliente no encontrado en el maestro SUNAT (001_TBL_CLIENTES_B2B) -- no se puede validar SUNAT/Osiptel para este RUC.'],0,
2099665368,,,,,SIN_HISTORIAL_DE_FACTURACION,,,,,False,ALERTA — REVISIÓN HUMANA,['Cliente no encontrado en el maestro SUNAT (001_TBL_CLIENTES_B2B) -- no se puede validar SUNAT/Osiptel para este RUC.'],0,
2099709047,,,,,SIN_HISTORIAL_DE_FACTURACION,,,,,False,ALERTA — REVISIÓN HUMANA,['Cliente no encontrado en el maestro SUNAT (001_TBL_CLIENTES_B2B) -- no se puede validar SUNAT/Osiptel para este RUC.'],0,
2099723990,,,,,SIN_HISTORIAL_DE_FACTURACION,,,,,False,ALERTA — REVISIÓN HUMANA,['Cliente no encontrado en el maestro SUNAT (001_TBL_CLIENTES_B2B) -- no se puede validar SUNAT/Osiptel para este RUC.'],0,
2099764050,,,,,SIN_HISTORIAL_DE_FACTURACION,,,,,False,ALERTA — REVISIÓN HUMANA,['Cliente no encontrado en el maestro SUNAT (001_TBL_CLIENTES_B2B) -- no se puede validar SUNAT/Osiptel para este RUC.'],0,
2099767426,,,,,BAJO,BAJO,-2.5,-1.0,False,False,ALERTA — REVISIÓN HUMANA,['Cliente no encontrado en el maestro SUNAT (001_TBL_CLIENTES_B2B) -- no se puede validar SUNAT/Osiptel para este RUC.'],0,Mantener ciclo de facturación estándar; sin acción de cobranza adicional.
2099786996,CLIENT_00380,LIMA,Lima,San Isidro,SIN_HISTORIAL_DE_FACTURACION,,,,,True,OK,[],0,
2099819264,,,,,SIN_HISTORIAL_DE_FACTURACION,,,,,False,ALERTA — REVISIÓN HUMANA,['Cliente no encontrado en el maestro SUNAT (001_TBL_CLIENTES_B2B) -- no se puede validar SUNAT/Osiptel para este RUC.'],0,
2099839122,CLIENT_00022,TACNA,Tacna,Tacna,ALTO,BAJO,3.0,3.0,False,True,ALERTA — REVISIÓN HUMANA,['SUNAT_ESTADO_CONTRIBUYENTE=BAJA DE OFICIO (no ACTIVO)'],0,Mantener ciclo de facturación estándar; sin acción de cobranza adicional.
2099870926,CLIENT_00868,MOQUEGUA,Ilo,Ilo,SIN_HISTORIAL_DE_FACTURACION,,,,,True,OK,[],0,
2099913198,CLIENT_00654,LIMA,Lima,La Molina,SIN_HISTORIAL_DE_FACTURACION,,,,,True,OK,[],0,
2099953676,,,,,SIN_HISTORIAL_DE_FACTURACION,,,,,False,ALERTA — REVISIÓN HUMANA,['Cliente no encontrado en el maestro SUNAT (001_TBL_CLIENTES_B2B) -- no se puede validar SUNAT/Osiptel para este RUC.'],0,
