NRO_DOC_FISCAL,RUC,RAZON_SOCIAL,COD_CLIENTE,COD_CUENTA,FUENTE,SISTEMA,FECHA_EMISION,FECHA_VTO,MONEDA,CHARGE_NET_AMOUNT,CHARGE_IGV_INVOICE,CHARGE_TOTAL_AMOUNT,origen_fecha_vto_mal_formada,total_pagado,cantidad_pagos,requirio_correccion_formato,total_nota_credito,monto_neto_a_pagar,diferencia,esta_vencida,estado_conciliacion,diferencia_es_trivial_redondeo
S8AA-0008076684,2074525786,CLIENT_00733,626387331,741541857,FACTURACION CICLICA,AMDOCS,2026-06-27,2026-07-13,PEN,85.72,15.43,101.15,False,101.13999999999999,2,False,0.0,101.15,-0.010000000000019327,True,PAGO_PARCIAL,True
S8AA-0008006986,2089275916,CLIENT_00133,404276421,621536347,FACTURACION CICLICA,AMDOCS,2026-06-27,2026-07-13,PEN,50.3,9.06,59.36,False,59.36,1,False,8.0,51.36,8.0,True,SOBREPAGO,False
S7AA-0068829129,2002500138,CLIENT_00445,92763575,582891443,FACTURACION CICLICA,AMDOCS,2026-06-23,2026-07-09,PEN,25.21,4.54,29.75,False,29.74,2,False,4.42,25.33,4.41,True,SOBREPAGO,False
S8AA-0008075975,2001156117,CLIENT_00442,622439031,682444357,FACTURACION CICLICA,AMDOCS,2026-06-27,2026-07-13,PEN,44.2,7.95,52.15,False,44.0,2,False,9.79,42.36,1.6400000000000006,True,SOBREPAGO,False
S7AA-0068452314,2034212173,CLIENT_00843,687675321,217543147,FACTURACION CICLICA,AMDOCS,2026-06-23,2026-07-09,PEN,63.78,11.47,75.25,False,75.25,1,False,2.4,72.85,2.4000000000000057,True,SOBREPAGO,False
S8AA-0008077519,2001809758,CLIENT_00443,621170631,96754167,FACTURACION CICLICA,AMDOCS,2026-06-27,2026-07-13,PEN,44.13,7.95,52.08,False,52.08,1,False,1.62,50.46,1.6199999999999974,True,SOBREPAGO,False
S8AA-0008076683,2074525786,CLIENT_00733,626387331,649870857,FACTURACION CICLICA,AMDOCS,2026-06-27,2026-07-13,PEN,67.93,12.22,80.15,False,80.14,2,False,0.0,80.15,-0.010000000000005116,True,PAGO_PARCIAL,True
S8AA-0008080799,2048306935,CLIENT_00452,726703631,730638167,FACTURACION CICLICA,AMDOCS,2026-06-27,2026-07-13,PEN,28.64,5.17,33.81,False,33.81,1,False,9.79,24.020000000000003,9.79,True,SOBREPAGO,False
S8AA-0007918086,2012438665,CLIENT_00737,844055821,106348157,FACTURACION CICLICA,AMDOCS,2026-06-27,2026-07-13,PEN,109.63,19.73,129.36,False,129.36,1,False,7.93,121.43,7.930000000000007,True,SOBREPAGO,False
S8AA-0008004484,2000414951,CLIENT_00221,305626821,438010057,FACTURACION CICLICA,AMDOCS,2026-06-27,2026-07-13,PEN,20.53,3.69,24.22,False,24.22,2,False,5.6,18.619999999999997,5.600000000000001,True,SOBREPAGO,False
S7AA-0068142859,2088717616,CLIENT_00246,155347221,603152937,FACTURACION CICLICA,AMDOCS,2026-06-23,2026-07-09,PEN,56.77,10.22,66.99,False,66.99,1,False,2.23,64.75999999999999,2.230000000000004,True,SOBREPAGO,False
S7AA-0068040833,2064524697,CLIENT_00755,938349331,397562857,FACTURACION CICLICA,AMDOCS,2026-06-23,2026-07-09,PEN,67.93,12.22,80.15,False,80.15,2,False,2.56,77.59,2.5600000000000023,True,SOBREPAGO,False
S9AA-0083067431,2051682890,CLIENT_00374,66011906,394819506,FACTURACION CICLICA,AMDOCS,2026-07-01,2026-07-17,PEN,12.4,2.23,14.63,False,14.62,2,False,0.0,14.63,-0.010000000000001563,True,PAGO_PARCIAL,True
S9AA-0082800489,2031946637,CLIENT_00983,430841331,89539657,FACTURACION CICLICA,AMDOCS,2026-07-01,2026-07-17,PEN,20.47,3.68,24.15,False,24.119999999999997,2,False,0.0,24.15,-0.030000000000001137,True,PAGO_PARCIAL,True
S9AA-0083159839,2091691985,CLIENT_00508,77873195,129741406,FACTURACION CICLICA,AMDOCS,2026-07-01,2026-07-17,PEN,53.92,9.71,63.63,False,63.63,1,False,12.32,51.31,12.32,True,SOBREPAGO,False
S9AA-0082486112,2006121666,CLIENT_00662,154096131,508901557,FACTURACION CICLICA,AMDOCS,2026-06-01,2026-06-17,PEN,53.33,9.6,62.93,False,62.93,1,False,12.59,50.34,12.589999999999996,True,SOBREPAGO,False
S9AA-0082919124,2032219870,CLIENT_00462,846487901,940692657,FACTURACION CICLICA,AMDOCS,2026-07-01,2026-07-17,PEN,100.86,18.14,119.0,False,119.0,1,False,4.07,114.93,4.069999999999993,True,SOBREPAGO,False
S9AA-0083111985,2037220961,CLIENT_00351,176473121,523999537,FACTURACION CICLICA,AMDOCS,2026-07-01,2026-07-17,PEN,42.06,7.57,49.63,False,49.62,2,False,0.0,49.63,-0.010000000000005116,True,PAGO_PARCIAL,True
S9AA-0083236130,2007644775,CLIENT_00890,68757095,857480406,FACTURACION CICLICA,AMDOCS,2026-07-01,2026-07-17,PEN,116.21,20.92,137.13,False,109.69,1,False,3.54,133.59,-23.900000000000006,True,PAGO_PARCIAL,False
S8AA-0007981343,2044662368,CLIENT_00741,866009421,231292067,FACTURACION CICLICA,AMDOCS,2026-06-27,2026-07-13,PEN,53.33,9.6,62.93,False,62.93,1,False,2.1,60.83,2.1000000000000014,True,SOBREPAGO,False
S9AA-0083216228,2058413599,CLIENT_00258,383387231,747803657,FACTURACION CICLICA,AMDOCS,2026-07-01,2026-07-17,PEN,129.91,23.39,153.3,False,153.3,1,False,4.07,149.23000000000002,4.069999999999993,True,SOBREPAGO,False
S9AA-0082696512,2006459799,CLIENT_00837,22696485,744180937,FACTURACION CICLICA,AMDOCS,2026-07-01,2026-07-17,PEN,57.19,10.29,67.48,False,47.22,1,False,0.0,67.48,-20.260000000000005,True,PAGO_PARCIAL,False
S9AA-0082340037,2037757541,CLIENT_00199,43669685,809287957,FACTURACION CICLICA,AMDOCS,2026-06-01,2026-06-17,PEN,85.65,15.43,101.08,False,98.84,1,False,0.0,101.08,-2.239999999999995,True,PAGO_PARCIAL,False
S9AA-0083249406,2074327800,CLIENT_00822,78255606,189922057,FACTURACION CICLICA,AMDOCS,2026-07-01,2026-07-17,PEN,103.52,18.63,122.15,False,122.15,1,False,4.51,117.64,4.510000000000005,True,SOBREPAGO,False
S9AA-0082588997,2075533541,CLIENT_00465,900914431,762299857,FACTURACION CICLICA,AMDOCS,2026-07-01,2026-07-17,PEN,16.08,2.89,18.97,False,9.49,1,False,0.0,18.97,-9.479999999999999,True,PAGO_PARCIAL,False
S9AA-0082704558,2013641602,CLIENT_00728,324491021,351964337,FACTURACION CICLICA,AMDOCS,2026-07-01,2026-07-17,PEN,116.14,20.92,137.06,False,137.06,1,False,4.0,133.06,4.0,True,SOBREPAGO,False
S9AA-0082558170,2075773401,CLIENT_00638,60435406,584654506,FACTURACION CICLICA,AMDOCS,2026-07-01,2026-07-17,PEN,130.15,23.43,153.58,False,153.58,1,False,143.68,9.900000000000006,143.68,True,SOBREPAGO,False
S9AA-0082617503,2074628342,CLIENT_00213,31059006,519090506,FACTURACION CICLICA,AMDOCS,2026-07-01,2026-07-17,PEN,89.94,16.18,106.12,False,106.1,2,False,0.0,106.12,-0.020000000000010232,True,PAGO_PARCIAL,True
S9AA-0083131607,2091907227,CLIENT_00779,37698395,462643757,FACTURACION CICLICA,AMDOCS,2026-07-01,2026-07-17,PEN,109.56,19.73,129.29,False,129.29,1,False,44.7,84.58999999999999,44.7,True,SOBREPAGO,False
S8AA-0007862059,2050562330,CLIENT_00282,398260721,394614747,FACTURACION CICLICA,AMDOCS,2026-06-27,2026-07-13,PEN,52.14,9.39,61.53,False,61.53,1,False,2.05,59.480000000000004,2.049999999999997,True,SOBREPAGO,False
S9AA-0083166797,2023093512,CLIENT_00451,671355911,675360267,FACTURACION CICLICA,AMDOCS,2026-07-01,2026-07-17,PEN,59.26,10.67,69.93,False,69.93,1,False,6.76,63.17000000000001,6.759999999999998,True,SOBREPAGO,False
S9AA-0082893917,2003193070,CLIENT_00024,548985331,842756757,FACTURACION CICLICA,AMDOCS,2026-07-01,2026-07-17,PEN,53.33,9.6,62.93,False,2.1,1,False,0.0,62.93,-60.83,True,PAGO_PARCIAL,False
S9AA-0082948512,2081042486,CLIENT_00385,25590106,915011506,FACTURACION CICLICA,AMDOCS,2026-07-01,2026-07-17,PEN,173.34,31.2,204.54,False,204.05,1,False,0.0,204.54,-0.4899999999999807,True,PAGO_PARCIAL,False
S9AA-0082626397,2071377105,CLIENT_00477,41412616,745806606,FACTURACION CICLICA,AMDOCS,2026-07-01,2026-07-17,PEN,201.64,36.3,237.93,False,237.91,2,False,0.0,237.93,-0.020000000000010232,True,PAGO_PARCIAL,True
S9AA-0083206994,2036631349,CLIENT_00307,289009821,229924057,FACTURACION CICLICA,AMDOCS,2026-07-01,2026-07-17,PEN,64.83,11.68,76.51,False,76.51,1,False,0.44,76.07000000000001,0.4399999999999977,True,SOBREPAGO,False
S9AA-0082945663,2006121666,CLIENT_00662,154096131,102596067,FACTURACION CICLICA,AMDOCS,2026-07-01,2026-07-17,PEN,56.06,10.09,66.15,False,66.14,2,False,0.0,66.15,-0.010000000000005116,True,PAGO_PARCIAL,True
S9AA-0082792552,2030202496,CLIENT_00885,33520195,186240957,FACTURACION CICLICA,AMDOCS,2026-07-01,2026-07-17,PEN,61.99,11.16,73.15,False,1.64,1,False,0.0,73.15,-71.51,True,PAGO_PARCIAL,False
S9AA-0081936104,2026743546,CLIENT_00858,88997885,610098306,FACTURACION CICLICA,AMDOCS,2026-06-01,2026-06-17,PEN,97.41,17.54,114.94,False,80.43,1,False,0.0,114.94,-34.50999999999999,True,PAGO_PARCIAL,False
S9AA-0082775106,2048797474,CLIENT_00043,13548316,92539657,FACTURACION CICLICA,AMDOCS,2026-07-01,2026-07-17,PEN,44.2,7.95,52.15,False,52.129999999999995,2,False,0.0,52.15,-0.020000000000003126,True,PAGO_PARCIAL,True
S9AA-0083080366,2093804116,CLIENT_00577,76921016,561996457,FACTURACION CICLICA,AMDOCS,2026-07-01,2026-07-17,PEN,141.9,25.54,167.44,False,4.43,1,False,0.0,167.44,-163.01,True,PAGO_PARCIAL,False
S9AA-0082843798,2091840603,CLIENT_00602,933282531,533692067,FACTURACION CICLICA,AMDOCS,2026-07-01,2026-07-17,PEN,59.33,10.67,70.0,False,56.0,1,False,0.0,70.0,-14.0,True,PAGO_PARCIAL,False
S9AA-0081814775,2007886461,CLIENT_00778,47558285,767682306,FACTURACION CICLICA,AMDOCS,2026-06-01,2026-06-17,PEN,98.05,17.66,115.71,False,80.99,1,False,2.66,113.05,-32.06,True,PAGO_PARCIAL,False
S9AA-0082571497,2046269782,CLIENT_00179,70424285,316814657,FACTURACION CICLICA,AMDOCS,2026-07-01,2026-07-17,PEN,37.31,6.72,44.03,False,44.03,1,False,1.42,42.61,1.4200000000000017,True,SOBREPAGO,False
S9AA-0082527322,2087942739,CLIENT_00546,40894306,650890247,FACTURACION CICLICA,AMDOCS,2026-07-01,2026-07-17,PEN,19.28,3.47,22.75,False,22.74,2,False,0.0,22.75,-0.010000000000001563,True,PAGO_PARCIAL,True
S9AA-0082743493,2078692933,CLIENT_00993,72356185,353361306,FACTURACION CICLICA,AMDOCS,2026-07-01,2026-07-17,PEN,56.29,10.14,66.43,False,66.43,1,False,25.26,41.17,25.260000000000005,True,SOBREPAGO,False
S9AA-0082778953,2051682890,CLIENT_00374,23831906,584819506,FACTURACION CICLICA,AMDOCS,2026-07-01,2026-07-17,PEN,99.84,17.97,117.81,False,117.77999999999999,2,False,0.0,117.81,-0.030000000000015348,True,PAGO_PARCIAL,True
S9AA-0083193624,2078692933,CLIENT_00993,18160985,752519306,FACTURACION CICLICA,AMDOCS,2026-07-01,2026-07-17,PEN,47.4,8.53,55.93,False,55.93,1,False,25.26,30.669999999999998,25.26,True,SOBREPAGO,False
S9AA-0083174589,2028858667,CLIENT_00821,87664306,966975067,FACTURACION CICLICA,AMDOCS,2026-07-01,2026-07-17,PEN,23.44,4.21,27.65,False,27.659999999999997,2,False,2.36,25.29,2.3699999999999974,True,SOBREPAGO,False
S9AA-0082339360,2031946637,CLIENT_00983,430841331,89539657,FACTURACION CICLICA,AMDOCS,2026-06-01,2026-06-17,PEN,17.74,3.19,20.93,False,20.93,1,False,7.67,13.26,7.67,True,SOBREPAGO,False
S9AA-0083249405,2074327800,CLIENT_00822,78255606,255622057,FACTURACION CICLICA,AMDOCS,2026-07-01,2026-07-17,PEN,91.6,16.49,108.08,False,108.08,1,False,3.05,105.03,3.049999999999997,True,SOBREPAGO,False
S9AA-0082045672,2009855734,CLIENT_00261,994451331,527059657,FACTURACION CICLICA,AMDOCS,2026-06-01,2026-06-17,PEN,109.45,19.71,129.15,False,90.41,1,False,0.0,129.15,-38.74000000000001,True,PAGO_PARCIAL,False
S9AA-0083058642,2075863671,CLIENT_00860,56562795,551637406,FACTURACION CICLICA,AMDOCS,2026-07-01,2026-07-17,PEN,55.35,9.96,65.31,False,52.22,1,False,0.0,65.31,-13.090000000000003,True,PAGO_PARCIAL,False
S9AA-0082821141,2021159453,CLIENT_00381,73724206,715942506,FACTURACION CICLICA,AMDOCS,2026-07-01,2026-07-17,PEN,65.25,11.75,77.0,False,77.0,2,False,9.04,67.96000000000001,9.039999999999992,True,SOBREPAGO,False
S9AA-0083259161,2049666577,CLIENT_00077,88238406,285908857,FACTURACION CICLICA,AMDOCS,2026-07-01,2026-07-17,PEN,53.33,9.6,62.93,False,62.93,1,False,2.03,60.9,2.030000000000001,True,SOBREPAGO,False
S9AA-0083055708,2079015638,CLIENT_00600,46729795,798244957,FACTURACION CICLICA,AMDOCS,2026-07-01,2026-07-17,PEN,59.26,10.67,69.93,False,48.93,1,False,1.58,68.35000000000001,-19.42000000000001,True,PAGO_PARCIAL,False
S9AA-0082744275,2098293784,CLIENT_00265,72959295,179303406,FACTURACION CICLICA,AMDOCS,2026-07-01,2026-07-17,PEN,142.32,25.61,167.93,False,134.33,1,False,13.0,154.93,-20.599999999999994,True,PAGO_PARCIAL,False
S9AA-0083016103,2011701911,CLIENT_00011,6538595,646495406,FACTURACION CICLICA,AMDOCS,2026-07-01,2026-07-17,PEN,181.34,32.65,213.99,False,213.97000000000003,2,False,0.0,213.99,-0.01999999999998181,True,PAGO_PARCIAL,True
S9AA-0082645487,2098293784,CLIENT_00265,81864316,75729637,FACTURACION CICLICA,AMDOCS,2026-07-01,2026-07-17,PEN,144.93,26.08,171.01,False,136.78,1,False,12.45,158.56,-21.78,True,PAGO_PARCIAL,False
S9AA-0082971036,2019605219,CLIENT_00561,45201606,348881067,FACTURACION CICLICA,AMDOCS,2026-07-01,2026-07-17,PEN,141.9,25.54,167.44,False,13.29,1,False,0.0,167.44,-154.15,True,PAGO_PARCIAL,False
S9AA-0083146877,2013129077,CLIENT_00742,57302695,286249447,FACTURACION CICLICA,AMDOCS,2026-07-01,2026-07-17,PEN,103.76,18.67,122.43,False,122.43,1,False,3.61,118.82000000000001,3.6099999999999994,True,SOBREPAGO,False
S9AA-0082565382,2060056891,CLIENT_00140,70859285,861692306,FACTURACION CICLICA,AMDOCS,2026-07-01,2026-07-17,PEN,84.7,15.26,99.96,False,79.94,2,False,0.0,99.96,-20.019999999999996,True,PAGO_PARCIAL,False
S9AA-0083205668,2042647818,CLIENT_00266,28064185,601803837,FACTURACION CICLICA,AMDOCS,2026-07-01,2026-07-17,PEN,29.08,5.22,34.3,False,34.3,1,False,3.39,30.909999999999997,3.3900000000000006,True,SOBREPAGO,False
S9AA-0083342266,2073231877,CLIENT_00316,89282285,907190747,FACTURACION CICLICA,AMDOCS,2026-07-01,2026-07-17,PEN,69.87,12.59,82.46,False,82.43,2,False,0.0,82.46,-0.029999999999986926,True,PAGO_PARCIAL,True
S9AA-0082905957,2021159453,CLIENT_00381,74034206,525942506,FACTURACION CICLICA,AMDOCS,2026-07-01,2026-07-17,PEN,32.39,5.83,38.22,False,38.22,1,False,12.33,25.89,12.329999999999998,True,SOBREPAGO,False
S9AA-0082675774,2091789509,CLIENT_00886,2379285,301892306,FACTURACION CICLICA,AMDOCS,2026-07-01,2026-07-17,PEN,56.88,10.25,67.13,False,2.13,1,False,0.0,67.13,-65.0,True,PAGO_PARCIAL,False
S9AA-0083308989,2019351028,CLIENT_00937,49543006,779417257,FACTURACION CICLICA,AMDOCS,2026-07-01,2026-07-17,PEN,24.85,4.48,29.33,False,20.51,1,False,0.0,29.33,-8.819999999999997,True,PAGO_PARCIAL,False
S9AA-0082985769,2005457279,CLIENT_00183,65071385,486109447,FACTURACION CICLICA,AMDOCS,2026-07-01,2026-07-17,PEN,53.98,9.72,63.7,False,57.61,1,False,5.86,57.84,-0.23000000000000398,True,PAGO_PARCIAL,False
S9AA-0083199341,2057822132,CLIENT_00808,18529606,321431757,FACTURACION CICLICA,AMDOCS,2026-07-01,2026-07-17,PEN,56.06,10.09,66.15,False,66.14,2,False,0.0,66.15,-0.010000000000005116,True,PAGO_PARCIAL,True
S9AA-0083250808,2059396553,CLIENT_00171,789259121,845543957,FACTURACION CICLICA,AMDOCS,2026-07-01,2026-07-17,PEN,154.23,27.77,182.0,False,181.98,2,False,0.0,182.0,-0.020000000000010232,True,PAGO_PARCIAL,True
S9AA-0081918887,2007644775,CLIENT_00890,68757095,857480406,FACTURACION CICLICA,AMDOCS,2026-06-01,2026-06-17,PEN,118.94,21.41,140.35,False,112.28,1,False,0.0,140.35,-28.069999999999993,True,PAGO_PARCIAL,False
S9AA-0082753608,2091789509,CLIENT_00886,92995216,483063606,FACTURACION CICLICA,AMDOCS,2026-07-01,2026-07-17,PEN,19.28,3.47,22.75,False,22.74,2,False,0.0,22.75,-0.010000000000001563,True,PAGO_PARCIAL,True
S9AA-0081646253,2032205889,CLIENT_00480,554573421,247116247,FACTURACION CICLICA,AMDOCS,2026-06-01,2026-06-17,PEN,58.2,10.47,68.67,False,68.67,1,False,12.85,55.82,12.850000000000001,True,SOBREPAGO,False
S9AA-0081867679,2018400793,CLIENT_00541,8389795,252508406,FACTURACION CICLICA,AMDOCS,2026-06-01,2026-06-17,PEN,91.95,16.55,108.5,False,18.41,1,False,77.81,30.689999999999998,-12.279999999999998,True,PAGO_PARCIAL,False
S9AA-0082617671,2068178034,CLIENT_00379,31994606,972666506,FACTURACION CICLICA,AMDOCS,2026-07-01,2026-07-17,PEN,66.98,12.05,79.03,False,1.67,1,False,0.0,79.03,-77.36,True,PAGO_PARCIAL,False
S9AA-0081646602,2074315436,CLIENT_00865,552905521,950958547,FACTURACION CICLICA,AMDOCS,2026-06-01,2026-06-17,PEN,112.36,20.22,132.58,False,106.05,1,False,0.0,132.58,-26.530000000000015,True,PAGO_PARCIAL,False
S9AA-0082400670,2094267528,CLIENT_00973,43518221,363042067,FACTURACION CICLICA,AMDOCS,2026-06-01,2026-06-17,PEN,67.93,12.22,80.15,False,70.21,1,False,0.0,80.15,-9.940000000000012,True,PAGO_PARCIAL,False
S9AA-0081764436,2088706641,CLIENT_00419,86356116,741551606,FACTURACION CICLICA,AMDOCS,2026-06-01,2026-06-17,PEN,41.4,7.46,48.86,False,34.2,1,False,0.0,48.86,-14.659999999999997,True,PAGO_PARCIAL,False
S9AA-0081959793,2055840070,CLIENT_00557,90702531,470491067,FACTURACION CICLICA,AMDOCS,2026-06-01,2026-06-17,PEN,53.33,9.6,62.93,False,62.93,1,False,2.1,60.83,2.1000000000000014,True,SOBREPAGO,False
S9AA-0082331284,2030202496,CLIENT_00885,33520195,186240957,FACTURACION CICLICA,AMDOCS,2026-06-01,2026-06-17,PEN,59.73,10.76,70.49,False,49.34,1,False,1.64,68.85,-19.50999999999999,True,PAGO_PARCIAL,False
S9AA-0081902158,2014407140,CLIENT_00312,48285695,160976406,FACTURACION CICLICA,AMDOCS,2026-06-01,2026-06-17,PEN,69.35,12.48,81.83,False,57.26,1,False,0.0,81.83,-24.57,True,PAGO_PARCIAL,False
S9AA-0082055161,2045546222,CLIENT_00594,573795,638904067,FACTURACION CICLICA,AMDOCS,2026-06-01,2026-06-17,PEN,71.13,12.8,83.93,False,58.73,1,False,0.0,83.93,-25.20000000000001,True,PAGO_PARCIAL,False
S9AA-0081923145,2060838699,CLIENT_00947,680441621,385808547,FACTURACION CICLICA,AMDOCS,2026-06-01,2026-06-17,PEN,41.47,7.46,48.93,False,9.77,1,False,0.0,48.93,-39.16,True,PAGO_PARCIAL,False
S9AA-0082092486,2075773401,CLIENT_00638,60435406,584654506,FACTURACION CICLICA,AMDOCS,2026-06-01,2026-06-17,PEN,188.94,34.01,222.95,False,143.68,1,False,0.0,222.95,-79.26999999999998,True,PAGO_PARCIAL,False
S9AA-0082317371,2051682890,CLIENT_00374,23831906,584819506,FACTURACION CICLICA,AMDOCS,2026-06-01,2026-06-17,PEN,97.11,17.48,114.59,False,114.59,1,False,3.82,110.77000000000001,3.819999999999993,True,SOBREPAGO,False
S9AA-0081924192,2060838699,CLIENT_00947,680441621,145349257,FACTURACION CICLICA,AMDOCS,2026-06-01,2026-06-17,PEN,41.47,7.46,48.93,False,9.77,1,False,0.0,48.93,-39.16,True,PAGO_PARCIAL,False
S9AA-0082078340,2087942739,CLIENT_00546,40894306,650890247,FACTURACION CICLICA,AMDOCS,2026-06-01,2026-06-17,PEN,16.55,2.98,19.53,False,19.53,1,False,2.61,16.92,2.6099999999999994,True,SOBREPAGO,False
S9AA-0081898611,2058413599,CLIENT_00258,383387231,747803657,FACTURACION CICLICA,AMDOCS,2026-06-01,2026-06-17,PEN,30.68,5.51,36.19,False,25.31,1,False,0.0,36.19,-10.879999999999999,True,PAGO_PARCIAL,False
S9AA-0082046129,2045121201,CLIENT_00767,992659121,994882957,FACTURACION CICLICA,AMDOCS,2026-06-01,2026-06-17,PEN,65.2,11.73,76.93,False,76.48,1,False,0.0,76.93,-0.45000000000000284,True,PAGO_PARCIAL,False
S9AA-0082487246,2006121666,CLIENT_00662,154096131,102596067,FACTURACION CICLICA,AMDOCS,2026-06-01,2026-06-17,PEN,53.33,9.6,62.93,False,62.93,1,False,16.79,46.14,16.79,True,SOBREPAGO,False
S9AA-0082460147,2032219870,CLIENT_00462,846487901,940692657,FACTURACION CICLICA,AMDOCS,2026-06-01,2026-06-17,PEN,100.43,18.08,118.51,False,114.42,1,False,0.0,118.51,-4.090000000000003,True,PAGO_PARCIAL,False
S9AA-0082375056,2056365469,CLIENT_00804,730587531,356540167,FACTURACION CICLICA,AMDOCS,2026-06-01,2026-06-17,PEN,310.49,55.89,366.38,False,365.86,1,False,0.0,366.38,-0.5199999999999818,True,PAGO_PARCIAL,False
S9AA-0082001864,2003372653,CLIENT_00854,59662385,127846257,FACTURACION CICLICA,AMDOCS,2026-06-01,2026-06-17,PEN,59.26,10.67,69.93,False,55.93,1,False,0.0,69.93,-14.000000000000007,True,PAGO_PARCIAL,False
S9AA-0082443162,2003193070,CLIENT_00024,548985331,842756757,FACTURACION CICLICA,AMDOCS,2026-06-01,2026-06-17,PEN,87.74,15.79,103.53,False,3.47,1,False,0.0,103.53,-100.06,True,PAGO_PARCIAL,False
S9AA-0081740811,2016641872,CLIENT_00659,56917616,167977537,FACTURACION CICLICA,AMDOCS,2026-06-01,2026-06-17,PEN,53.33,9.6,62.93,False,50.33,1,False,0.0,62.93,-12.600000000000001,True,PAGO_PARCIAL,False
S9AA-0081853237,2053392902,CLIENT_00867,871938221,171224937,FACTURACION CICLICA,AMDOCS,2026-06-01,2026-06-17,PEN,50.06,9.02,59.08,False,59.08,1,False,3.72,55.36,3.719999999999999,True,SOBREPAGO,False
S9AA-0081993127,2019351028,CLIENT_00937,49543006,779417257,FACTURACION CICLICA,AMDOCS,2026-06-01,2026-06-17,PEN,44.2,7.95,52.15,False,36.51,1,False,0.0,52.15,-15.64,True,PAGO_PARCIAL,False
S1AA-0051827134,2060375617,CLIENT_00383,216638511,69594037,FACTURACION CICLICA,AMDOCS,2026-06-05,2026-06-21,PEN,29.96,5.39,35.35,False,35.32,2,False,0.0,35.35,-0.030000000000001137,True,PAGO_PARCIAL,True
S1AA-0052076857,2074271284,CLIENT_00038,25301575,498947501,FACTURACION CICLICA,AMDOCS,2026-06-05,2026-06-21,PEN,42.35,7.63,49.98,False,49.04,1,False,7.81,42.169999999999995,6.8700000000000045,True,SOBREPAGO,False
S9AA-0081923146,2060838699,CLIENT_00947,680441621,260018547,FACTURACION CICLICA,AMDOCS,2026-06-01,2026-06-17,PEN,41.47,7.46,48.93,False,9.77,1,False,0.0,48.93,-39.16,True,PAGO_PARCIAL,False
S1AA-0052044296,2037021331,CLIENT_00121,22275575,379930983,FACTURACION CICLICA,AMDOCS,2026-06-05,2026-06-21,PEN,867.65,156.17,1023.82,False,1023.82,1,False,35.29,988.5300000000001,35.289999999999964,True,SOBREPAGO,False
S1AA-0051834170,2096031193,CLIENT_00429,511658121,361090737,FACTURACION CICLICA,AMDOCS,2026-06-05,2026-06-21,PEN,61.45,3.72,65.17,False,65.18,2,False,0.0,65.17,0.010000000000005116,True,SOBREPAGO,True
S9AA-0082392068,2091840603,CLIENT_00602,933282531,533692067,FACTURACION CICLICA,AMDOCS,2026-06-01,2026-06-17,PEN,61.92,11.16,73.08,False,58.45,1,False,0.0,73.08,-14.629999999999995,True,PAGO_PARCIAL,False
S1AA-0052043407,2046969172,CLIENT_00607,22121575,281342233,FACTURACION CICLICA,AMDOCS,2026-06-05,2026-06-21,PEN,18.98,3.42,22.4,False,22.4,1,False,0.74,21.66,0.7399999999999984,True,SOBREPAGO,False
S1AA-0051790993,2095007193,CLIENT_00907,1754575,35241403,FACTURACION CICLICA,AMDOCS,2026-06-05,2026-06-21,PEN,48.94,8.81,57.75,False,54.22,1,False,0.0,57.75,-3.530000000000001,True,PAGO_PARCIAL,False
S9AA-0081738098,2075863671,CLIENT_00860,56562795,551637406,FACTURACION CICLICA,AMDOCS,2026-06-01,2026-06-17,PEN,55.35,9.96,65.31,False,52.22,1,False,0.0,65.31,-13.090000000000003,True,PAGO_PARCIAL,False
S1AA-0052058837,2078675402,CLIENT_00687,842962221,389931837,FACTURACION CICLICA,AMDOCS,2026-06-05,2026-06-21,PEN,14.47,2.61,17.08,False,17.08,1,False,0.57,16.509999999999998,0.5700000000000003,True,SOBREPAGO,False
S1AA-0052248129,2046058498,CLIENT_00633,67570575,483029873,FACTURACION CICLICA,AMDOCS,2026-06-05,2026-06-21,PEN,64.89,11.69,76.58,False,69.48,1,False,0.0,76.58,-7.099999999999994,True,PAGO_PARCIAL,False
S1AA-0051826372,2098378939,CLIENT_00598,21702575,45722493,FACTURACION CICLICA,AMDOCS,2026-06-05,2026-06-21,PEN,43.13,7.76,50.89,False,35.6,1,False,0.0,50.89,-15.29,True,PAGO_PARCIAL,False
S1AA-0051790994,2095007193,CLIENT_00907,1754575,535241403,FACTURACION CICLICA,AMDOCS,2026-06-05,2026-06-21,PEN,140.24,25.24,165.48,False,140.88,1,False,0.0,165.48,-24.599999999999994,True,PAGO_PARCIAL,False
S9AA-0082198704,2098293784,CLIENT_00265,81864316,75729637,FACTURACION CICLICA,AMDOCS,2026-06-01,2026-06-17,PEN,144.93,26.08,171.01,False,136.78,1,False,0.0,171.01,-34.22999999999999,True,PAGO_PARCIAL,False
S1AA-0052278375,2007125725,CLIENT_00268,979877511,135400357,FACTURACION CICLICA,AMDOCS,2026-06-05,2026-06-21,PEN,44.2,7.95,52.15,False,50.58,1,False,0.0,52.15,-1.5700000000000003,True,PAGO_PARCIAL,False
S1AA-0052230133,2061607083,CLIENT_00007,375143221,891428847,FACTURACION CICLICA,AMDOCS,2026-06-05,2026-06-21,PEN,50.13,9.02,59.15,False,55.51,1,False,0.0,59.15,-3.6400000000000006,True,PAGO_PARCIAL,False
S1AA-0052021871,2022413606,CLIENT_00407,449549531,6503167,FACTURACION CICLICA,AMDOCS,2026-06-05,2026-06-21,PEN,23.67,4.26,27.93,False,27.93,1,False,5.59,22.34,5.59,True,SOBREPAGO,False
S1AA-0051899756,2001156117,CLIENT_00442,72425575,73241401,FACTURACION CICLICA,AMDOCS,2026-06-05,2026-06-21,PEN,60.98,10.98,71.96,False,71.96,1,False,4.8,67.16,4.799999999999997,True,SOBREPAGO,False
S1AA-0051732253,2050766085,CLIENT_00699,994931321,569464047,FACTURACION CICLICA,AMDOCS,2026-06-05,2026-06-21,PEN,21.64,3.91,25.55,False,23.38,1,False,5.23,20.32,3.0599999999999987,True,SOBREPAGO,False
S1AA-0052265558,2045832604,CLIENT_00051,722133331,120922757,FACTURACION CICLICA,AMDOCS,2026-06-05,2026-06-21,PEN,55.99,10.09,66.08,False,52.78,1,False,0.0,66.08,-13.299999999999997,True,PAGO_PARCIAL,False
S1AA-0051942804,2065026469,CLIENT_00218,33435575,927408427,FACTURACION CICLICA,AMDOCS,2026-06-05,2026-06-21,PEN,302.0,54.37,356.37,False,356.37,1,False,93.49,262.88,93.49000000000001,True,SOBREPAGO,False
S1AA-0052147349,2019530122,CLIENT_00047,166794121,681582637,FACTURACION CICLICA,AMDOCS,2026-06-05,2026-06-21,PEN,29.01,5.22,34.23,False,34.23,1,False,5.71,28.519999999999996,5.710000000000001,True,SOBREPAGO,False
S1AA-0051977165,2063339709,CLIENT_00486,838010221,49034837,FACTURACION CICLICA,AMDOCS,2026-06-05,2026-06-21,PEN,154.6,27.83,182.42,False,182.42,1,False,4.59,177.82999999999998,4.590000000000003,True,SOBREPAGO,False
S1AA-0051979746,2063339709,CLIENT_00486,838010221,945824757,FACTURACION CICLICA,AMDOCS,2026-06-05,2026-06-21,PEN,150.74,27.13,177.87,False,177.87,1,False,4.43,173.44,4.430000000000007,True,SOBREPAGO,False
S1AA-0051977522,2063339709,CLIENT_00486,838010221,686858247,FACTURACION CICLICA,AMDOCS,2026-06-05,2026-06-21,PEN,149.55,26.92,176.47,False,176.47,1,False,4.39,172.08,4.389999999999986,True,SOBREPAGO,False
S1AA-0052035602,1048743727,CLIENT_00498,54325575,302964167,FACTURACION CICLICA,AMDOCS,2026-06-05,2026-06-21,PEN,28.6,5.15,33.74,False,33.74,1,False,0.69,33.050000000000004,0.6899999999999977,True,SOBREPAGO,False
S1AA-0052218735,2052186925,CLIENT_00931,177250221,168760067,FACTURACION CICLICA,AMDOCS,2026-06-05,2026-06-21,PEN,55.99,10.09,66.08,False,66.08,1,False,2.1,63.98,2.1000000000000014,True,SOBREPAGO,False
S1AA-0051997260,2057227210,CLIENT_00864,14483575,445755127,FACTURACION CICLICA,AMDOCS,2026-06-05,2026-06-21,PEN,20.53,3.69,24.22,False,23.98,1,False,0.0,24.22,-0.23999999999999844,True,PAGO_PARCIAL,False
S9AA-0082308808,2000734783,CLIENT_00974,13088216,131072606,FACTURACION CICLICA,AMDOCS,2026-06-01,2026-06-17,PEN,62.76,11.3,74.06,False,59.22,1,False,0.0,74.06,-14.840000000000003,True,PAGO_PARCIAL,False
S9AA-0082099827,2060056891,CLIENT_00140,70859285,861692306,FACTURACION CICLICA,AMDOCS,2026-06-01,2026-06-17,PEN,82.11,14.77,96.88,False,77.49,2,False,0.0,96.88,-19.39,True,PAGO_PARCIAL,False
S1AA-0051791032,2095007193,CLIENT_00907,1754575,127596503,FACTURACION CICLICA,AMDOCS,2026-06-05,2026-06-21,PEN,85.65,15.43,101.08,False,94.75,1,False,0.0,101.08,-6.329999999999998,True,PAGO_PARCIAL,False
S9AA-0081655209,2005457279,CLIENT_00183,65071385,486109447,FACTURACION CICLICA,AMDOCS,2026-06-01,2026-06-17,PEN,54.05,9.72,63.77,False,55.93,1,False,6.07,57.7,-1.7700000000000031,True,PAGO_PARCIAL,False
S1AA-0051809684,2064887435,CLIENT_00142,416418121,785016857,FACTURACION CICLICA,AMDOCS,2026-06-05,2026-06-21,PEN,71.13,12.8,83.93,False,51.44,1,False,0.0,83.93,-32.49000000000001,True,PAGO_PARCIAL,False
S1AA-0051746274,2018117869,CLIENT_00044,101568521,944913547,FACTURACION CICLICA,AMDOCS,2026-06-05,2026-06-21,PEN,97.52,17.56,115.08,False,53.45,1,False,44.77,70.31,-16.86,True,PAGO_PARCIAL,False
S1AA-0052197803,2056921911,CLIENT_00644,864899231,403075857,FACTURACION CICLICA,AMDOCS,2026-06-05,2026-06-21,PEN,44.2,7.95,52.15,False,52.15,1,False,1.62,50.53,1.6199999999999974,True,SOBREPAGO,False
S1AA-0052334870,2068445567,CLIENT_00718,789395911,782351167,FACTURACION CICLICA,AMDOCS,2026-06-05,2026-06-21,PEN,26.4,4.75,31.15,False,31.13,2,False,2.79,28.36,2.7699999999999996,True,SOBREPAGO,False
S1AA-0051738053,2028712026,CLIENT_00204,750575,83214193,FACTURACION CICLICA,AMDOCS,2026-06-05,2026-06-21,PEN,1864.84,296.49,2161.32,False,2123.42,3,False,0.0,2161.32,-37.90000000000009,True,PAGO_PARCIAL,False
S1AA-0051746603,2018117869,CLIENT_00044,101568521,776498747,FACTURACION CICLICA,AMDOCS,2026-06-05,2026-06-21,PEN,54.87,9.88,64.75,False,25.31,1,False,24.61,40.14,-14.830000000000002,True,PAGO_PARCIAL,False
S9AA-0082367759,2031756935,CLIENT_00484,83698185,359881306,FACTURACION CICLICA,AMDOCS,2026-06-01,2026-06-17,PEN,81.21,14.62,95.83,False,76.65,1,False,0.0,95.83,-19.179999999999993,True,PAGO_PARCIAL,False
S1AA-0052282682,2068272028,CLIENT_00792,8726575,286821993,FACTURACION CICLICA,AMDOCS,2026-06-05,2026-06-21,PEN,59.79,10.77,70.56,False,70.56,1,False,7.99,62.57,7.990000000000002,True,SOBREPAGO,False
S1AA-0051983775,2095867314,CLIENT_00095,937784911,240322237,FACTURACION CICLICA,AMDOCS,2026-06-05,2026-06-21,PEN,20.11,3.62,23.73,False,23.03,1,False,0.0,23.73,-0.6999999999999993,True,PAGO_PARCIAL,False
S1AA-0051888522,2059516434,CLIENT_00689,426972121,962197537,FACTURACION CICLICA,AMDOCS,2026-06-05,2026-06-21,PEN,50.13,9.02,59.15,False,47.32,1,False,10.44,48.71,-1.3900000000000006,True,PAGO_PARCIAL,False
S1AA-0051868976,2031711814,CLIENT_00408,26702221,218307547,FACTURACION CICLICA,AMDOCS,2026-06-05,2026-06-21,PEN,91.89,16.54,108.43,False,108.43,1,False,3.62,104.81,3.6200000000000045,True,SOBREPAGO,False
S1AA-0052197801,2056921911,CLIENT_00644,864899231,516365857,FACTURACION CICLICA,AMDOCS,2026-06-05,2026-06-21,PEN,44.2,7.95,52.15,False,52.15,1,False,1.62,50.53,1.6199999999999974,True,SOBREPAGO,False
S1AA-0051932598,2045140447,CLIENT_00274,132079121,940635957,FACTURACION CICLICA,AMDOCS,2026-06-05,2026-06-21,PEN,88.56,15.95,104.51,False,101.57,1,False,0.0,104.51,-2.940000000000012,True,PAGO_PARCIAL,False
S9AA-0081889278,2051800045,CLIENT_00346,282744421,826967057,FACTURACION CICLICA,AMDOCS,2026-06-01,2026-06-17,PEN,16.73,3.01,19.74,False,19.04,1,False,0.0,19.74,-0.6999999999999993,True,PAGO_PARCIAL,False
S1AA-0051789555,2005835327,CLIENT_00789,909214021,913776857,FACTURACION CICLICA,AMDOCS,2026-06-05,2026-06-21,PEN,53.33,9.6,62.93,False,62.13,1,False,0.0,62.93,-0.7999999999999972,True,PAGO_PARCIAL,False
S1AA-0052044969,2037021331,CLIENT_00121,22275575,578304917,FACTURACION CICLICA,AMDOCS,2026-06-05,2026-06-21,PEN,22.48,4.05,26.53,False,26.53,1,False,0.88,25.650000000000002,0.879999999999999,True,SOBREPAGO,False
S9AA-0081920688,2089998824,CLIENT_00610,686859901,685087617,FACTURACION CICLICA,AMDOCS,2026-06-01,2026-06-17,PEN,2.78,0.49,3.27,False,1.37,1,False,0.0,3.27,-1.9,True,PAGO_PARCIAL,False
S1AA-0052108397,2059259780,CLIENT_00525,556726721,908011457,FACTURACION CICLICA,AMDOCS,2026-06-05,2026-06-21,PEN,53.16,9.56,62.72,False,62.72,1,False,1.05,61.67,1.0499999999999972,True,SOBREPAGO,False
S9AA-0082063328,2006477444,CLIENT_00815,10405516,642196857,FACTURACION CICLICA,AMDOCS,2026-06-01,2026-06-17,PEN,53.33,9.6,62.93,False,30.17,1,False,25.18,37.75,-7.579999999999998,True,PAGO_PARCIAL,False
S9AA-0081858948,2028873503,CLIENT_00053,97156695,305866406,FACTURACION CICLICA,AMDOCS,2026-06-01,2026-06-17,PEN,100.19,18.04,118.23,False,82.74,1,False,0.0,118.23,-35.49000000000001,True,PAGO_PARCIAL,False
S1AA-0051741686,2008371952,CLIENT_00582,2854921,77003857,FACTURACION CICLICA,AMDOCS,2026-06-05,2026-06-21,PEN,106.72,19.21,125.93,False,100.73,1,False,3.37,122.56,-21.83,True,PAGO_PARCIAL,False
S1AA-0051972444,2071042073,CLIENT_00706,736720321,436205457,FACTURACION CICLICA,AMDOCS,2026-06-05,2026-06-21,PEN,79.79,14.36,94.15,False,92.79,1,False,0.0,94.15,-1.3599999999999994,True,PAGO_PARCIAL,False
S9AA-0081666202,2019605219,CLIENT_00561,45201606,348881067,FACTURACION CICLICA,AMDOCS,2026-06-01,2026-06-17,PEN,139.17,25.05,164.22,False,164.22,1,False,13.29,150.93,13.289999999999992,True,SOBREPAGO,False
S9AA-0081951360,2067382285,CLIENT_00906,98441406,795287957,FACTURACION CICLICA,AMDOCS,2026-06-01,2026-06-17,PEN,80.02,14.41,94.43,False,93.17,1,False,0.0,94.43,-1.2600000000000051,True,PAGO_PARCIAL,False
S9AA-0082173201,2045813472,CLIENT_00620,516239221,578207937,FACTURACION CICLICA,AMDOCS,2026-06-01,2026-06-17,PEN,74.62,13.44,88.06,False,88.06,1,False,11.75,76.31,11.75,True,SOBREPAGO,False
S1AA-0052094207,2060928654,CLIENT_00894,359175021,685159947,FACTURACION CICLICA,AMDOCS,2026-06-05,2026-06-21,PEN,26.33,4.75,31.08,False,28.35,1,False,0.93,30.15,-1.7999999999999972,True,PAGO_PARCIAL,False
S9AA-0082348004,2047100108,CLIENT_00873,535179911,913417657,FACTURACION CICLICA,AMDOCS,2026-06-01,2026-06-17,PEN,66.85,12.04,78.89,False,46.41,1,False,19.58,59.31,-12.900000000000006,True,PAGO_PARCIAL,False
S1AA-0051961063,2035711012,CLIENT_00432,63816575,653770601,FACTURACION CICLICA,AMDOCS,2026-06-05,2026-06-21,PEN,33.1,5.96,39.06,False,39.06,1,False,1.2,37.86,1.2000000000000028,True,SOBREPAGO,False
S4AA-0008146759,2074347576,CLIENT_00926,91189921,379432957,FACTURACION CICLICA,AMDOCS,2026-06-09,2026-06-25,PEN,126.95,22.85,149.8,False,134.23,1,False,0.0,149.8,-15.570000000000022,True,PAGO_PARCIAL,False
S1AA-0051716362,2084457504,CLIENT_00941,79350575,166392023,FACTURACION CICLICA,AMDOCS,2026-06-05,2026-06-21,PEN,43.25,7.78,51.03,False,35.7,1,False,0.0,51.03,-15.329999999999998,True,PAGO_PARCIAL,False
S4AA-0008161055,2011082543,CLIENT_00782,590073821,956616947,FACTURACION CICLICA,AMDOCS,2026-06-09,2026-06-25,PEN,17.79,3.21,21.0,False,10.47,1,False,7.01,13.99,-3.5199999999999996,True,PAGO_PARCIAL,False
S4AA-0008129798,2024608360,CLIENT_00050,588201921,115337057,FACTURACION CICLICA,AMDOCS,2026-06-09,2026-06-25,PEN,28.47,5.13,33.6,False,23.52,1,False,0.0,33.6,-10.080000000000002,True,PAGO_PARCIAL,False
S4AA-0008159599,2088634271,CLIENT_00692,494446131,828572067,FACTURACION CICLICA,AMDOCS,2026-06-09,2026-06-25,PEN,21.65,3.9,25.55,False,25.55,1,False,0.7,24.85,0.6999999999999993,True,SOBREPAGO,False
S4AA-0007961892,2001445858,CLIENT_00550,130243421,793537857,FACTURACION CICLICA,AMDOCS,2026-06-09,2026-06-25,PEN,100.86,18.14,119.0,False,115.36,1,False,2.1,116.9,-1.5400000000000063,True,PAGO_PARCIAL,False
S4AA-0008007572,2027490034,CLIENT_00174,646670821,637351947,FACTURACION CICLICA,AMDOCS,2026-06-09,2026-06-25,PEN,71.13,12.8,83.93,False,58.73,1,False,0.0,83.93,-25.20000000000001,True,PAGO_PARCIAL,False
S4AA-0007905887,2029459942,CLIENT_00434,317950531,499959957,FACTURACION CICLICA,AMDOCS,2026-06-09,2026-06-25,PEN,50.06,9.02,59.08,False,57.61,1,False,0.0,59.08,-1.4699999999999989,True,PAGO_PARCIAL,False
S3AA-0079239495,2001699108,CLIENT_00989,473844901,245209537,FACTURACION CICLICA,AMDOCS,2026-06-15,2026-07-01,PEN,50.13,9.02,59.15,False,59.15,1,False,5.59,53.56,5.589999999999996,True,SOBREPAGO,False
S4AA-0007905884,2029459942,CLIENT_00434,317950531,587859957,FACTURACION CICLICA,AMDOCS,2026-06-09,2026-06-25,PEN,73.86,13.29,87.15,False,75.78,1,False,0.0,87.15,-11.370000000000005,True,PAGO_PARCIAL,False
S3AA-0079186557,2000865303,CLIENT_00788,864924721,859748657,FACTURACION CICLICA,AMDOCS,2026-06-15,2026-07-01,PEN,56.06,10.09,66.15,False,66.15,1,False,2.1,64.05000000000001,2.0999999999999943,True,SOBREPAGO,False
S3AA-0078752319,2059324355,CLIENT_00481,32562575,555908263,FACTURACION CICLICA,AMDOCS,2026-06-15,2026-07-01,PEN,23.67,4.26,27.93,False,27.93,1,False,0.93,27.0,0.9299999999999997,True,SOBREPAGO,False
S4AA-0008136214,2020274387,CLIENT_00535,786498921,771819157,FACTURACION CICLICA,AMDOCS,2026-06-09,2026-06-25,PEN,352.15,8.07,360.22,False,345.07000000000005,2,False,0.0,360.22,-15.149999999999977,True,PAGO_PARCIAL,False
S3AA-0079465310,2006969490,CLIENT_00418,79003575,527733873,FACTURACION CICLICA,AMDOCS,2026-06-15,2026-07-01,PEN,35.89,6.46,42.35,False,42.36,2,False,1.3,41.050000000000004,1.3099999999999952,True,SOBREPAGO,False
S4AA-0008095706,2088121602,CLIENT_00904,478016031,86489257,FACTURACION CICLICA,AMDOCS,2026-06-09,2026-06-25,PEN,103.52,18.63,122.15,False,94.64,1,False,0.25,121.9,-27.260000000000005,True,PAGO_PARCIAL,False
S3AA-0079222474,2000097055,CLIENT_00892,272818321,459006847,FACTURACION CICLICA,AMDOCS,2026-06-15,2026-07-01,PEN,40.63,7.32,47.95,False,41.23,1,False,4.48,43.47,-2.240000000000002,True,PAGO_PARCIAL,False
S3AA-0078940846,2070960858,CLIENT_00456,244253411,3946067,FACTURACION CICLICA,AMDOCS,2026-06-15,2026-07-01,PEN,26.33,4.75,31.08,False,4.39,1,False,12.1,18.979999999999997,-14.589999999999996,True,PAGO_PARCIAL,False
S3AA-0078974733,2031228249,CLIENT_00463,649332521,912571447,FACTURACION CICLICA,AMDOCS,2026-06-15,2026-07-01,PEN,18.98,3.42,22.4,False,22.4,1,False,8.21,14.189999999999998,8.21,True,SOBREPAGO,False
S3AA-0078660354,2020274387,CLIENT_00535,312562221,643610937,FACTURACION CICLICA,AMDOCS,2026-06-15,2026-07-01,PEN,2116.28,234.61,2350.88,False,2342.06,2,False,95.87,2255.01,87.04999999999973,True,SOBREPAGO,False
S3AA-0079322063,2082156443,CLIENT_00237,28763575,92103733,FACTURACION CICLICA,AMDOCS,2026-06-15,2026-07-01,PEN,27.71,4.98,32.69,False,22.26,1,False,10.41,22.279999999999998,-0.01999999999999602,True,PAGO_PARCIAL,True
S3AA-0079064216,2014417729,CLIENT_00760,558077111,52291067,FACTURACION CICLICA,AMDOCS,2026-06-15,2026-07-01,PEN,53.33,9.6,62.93,False,62.93,1,False,6.29,56.64,6.289999999999999,True,SOBREPAGO,False
S3AA-0078970054,2006459799,CLIENT_00837,74471575,871233003,FACTURACION CICLICA,AMDOCS,2026-06-15,2026-07-01,PEN,32.68,5.89,38.57,False,28.84,1,False,9.71,28.86,-0.019999999999999574,True,PAGO_PARCIAL,True
S3AA-0078703989,2001156117,CLIENT_00442,91425575,562588501,FACTURACION CICLICA,AMDOCS,2026-06-15,2026-07-01,PEN,31.74,5.71,37.45,False,37.44,2,False,0.0,37.45,-0.010000000000005116,True,PAGO_PARCIAL,True
S3AA-0079029646,2081251090,CLIENT_00501,256149711,404955927,FACTURACION CICLICA,AMDOCS,2026-06-15,2026-07-01,PEN,40.7,7.32,48.02,False,41.3,1,False,2.24,45.78,-4.480000000000004,True,PAGO_PARCIAL,False
S3AA-0078692786,2050372725,CLIENT_00988,615858811,305722857,FACTURACION CICLICA,AMDOCS,2026-06-15,2026-07-01,PEN,103.52,18.63,122.15,False,74.44,2,False,51.54,70.61000000000001,3.829999999999984,True,SOBREPAGO,False
S3AA-0078579454,2070960858,CLIENT_00456,401913421,319927957,FACTURACION CICLICA,AMDOCS,2026-06-15,2026-07-01,PEN,38.26,6.89,45.15,False,45.129999999999995,2,False,0.0,45.15,-0.020000000000003126,True,PAGO_PARCIAL,True
S3AA-0079375227,2039660724,CLIENT_00161,784058921,20819157,FACTURACION CICLICA,AMDOCS,2026-06-15,2026-07-01,PEN,177.67,31.98,209.65,False,209.65,1,False,6.96,202.69,6.960000000000008,True,SOBREPAGO,False
S3AA-0079359936,2014718111,CLIENT_00016,68641575,133826123,FACTURACION CICLICA,AMDOCS,2026-06-15,2026-07-01,PEN,82.94,14.92,97.86,False,88.55,1,False,0.0,97.86,-9.310000000000002,True,PAGO_PARCIAL,False
S3AA-0079366990,2027698007,CLIENT_00990,687330621,848818657,FACTURACION CICLICA,AMDOCS,2026-06-15,2026-07-01,PEN,93.08,16.75,109.83,False,109.83,1,False,3.15,106.67999999999999,3.1500000000000057,True,SOBREPAGO,False
S3AA-0079303276,2080289526,CLIENT_00976,89031575,576170633,FACTURACION CICLICA,AMDOCS,2026-06-15,2026-07-01,PEN,29.96,5.39,35.35,False,35.339999999999996,2,False,6.43,28.92,6.419999999999995,True,SOBREPAGO,False
S3AA-0078579455,2070960858,CLIENT_00456,401913421,940037957,FACTURACION CICLICA,AMDOCS,2026-06-15,2026-07-01,PEN,50.96,9.17,60.13,False,60.13,1,False,6.01,54.120000000000005,6.009999999999998,True,SOBREPAGO,False
S3AA-0079360068,2077915427,CLIENT_00955,68022575,629028823,FACTURACION CICLICA,AMDOCS,2026-06-15,2026-07-01,PEN,13.65,2.45,16.1,False,14.95,1,False,0.0,16.1,-1.1500000000000021,True,PAGO_PARCIAL,False
S3AA-0078652211,2020143008,CLIENT_00090,215219121,412903747,FACTURACION CICLICA,AMDOCS,2026-06-15,2026-07-01,PEN,50.13,9.02,59.15,False,59.129999999999995,2,False,7.46,51.69,7.439999999999998,True,SOBREPAGO,False
S3AA-0079128934,2026884680,CLIENT_00626,264187131,478717457,FACTURACION CICLICA,AMDOCS,2026-06-15,2026-07-01,PEN,76.11,13.7,89.81,False,89.81,1,False,24.23,65.58,24.230000000000004,True,SOBREPAGO,False
S3AA-0079365045,2074581354,CLIENT_00824,681257721,108906847,FACTURACION CICLICA,AMDOCS,2026-06-15,2026-07-01,PEN,102.33,18.42,120.75,False,109.38,1,False,11.75,109.0,0.37999999999999545,True,SOBREPAGO,False
S3AA-0078751781,2022190206,CLIENT_00446,32721575,796471423,FACTURACION CICLICA,AMDOCS,2026-06-15,2026-07-01,PEN,33.1,5.96,39.06,False,39.06999999999999,2,False,4.78,34.28,4.789999999999992,True,SOBREPAGO,False
S3AA-0079068483,2055715122,CLIENT_00910,655842121,682586637,FACTURACION CICLICA,AMDOCS,2026-06-15,2026-07-01,PEN,57.19,10.29,67.48,False,67.48,1,False,2.25,65.23,2.25,True,SOBREPAGO,False
S3AA-0079084995,2047042192,CLIENT_00205,85213575,952910863,FACTURACION CICLICA,AMDOCS,2026-06-15,2026-07-01,PEN,42.77,7.7,50.47,False,50.47,1,False,4.07,46.4,4.07,True,SOBREPAGO,False
S5AA-0081574626,2068100781,CLIENT_00901,19701506,266683067,FACTURACION CICLICA,AMDOCS,2026-06-18,2026-07-05,PEN,82.99,14.94,97.93,False,97.93,1,False,3.26,94.67,3.260000000000005,True,SOBREPAGO,False
S5AA-0081133545,2091789509,CLIENT_00886,13715295,362362406,FACTURACION CICLICA,AMDOCS,2026-06-18,2026-07-05,PEN,1.01,0.18,1.19,False,0.7,1,False,0.0,1.19,-0.49,True,PAGO_PARCIAL,False
S9AA-0082216979,2057463246,CLIENT_00753,20891011,335461647,FACTURACION CICLICA,AMDOCS,2026-06-01,2026-06-17,PEN,144.03,25.93,169.96,False,167.93,1,False,0.0,169.96,-2.030000000000001,True,PAGO_PARCIAL,False
S5AA-0081318222,2051257434,CLIENT_00942,659474221,739516837,FACTURACION CICLICA,AMDOCS,2026-06-18,2026-07-05,PEN,159.99,28.81,188.79,False,188.79,1,False,4.08,184.70999999999998,4.0800000000000125,True,SOBREPAGO,False
S9AA-0082115801,2028858667,CLIENT_00821,700649801,375458067,FACTURACION CICLICA,AMDOCS,2026-06-01,2026-06-17,PEN,20.71,3.72,24.43,False,10.99,1,False,9.77,14.66,-3.67,True,PAGO_PARCIAL,False
S5AA-0081395326,2029619768,CLIENT_00671,76871695,1126406,FACTURACION CICLICA,AMDOCS,2026-06-18,2026-07-05,PEN,71.13,12.8,83.93,False,83.34,1,False,0.0,83.93,-0.5900000000000034,True,PAGO_PARCIAL,False
S5AA-0081249387,2012813785,CLIENT_00576,74098785,971697306,FACTURACION CICLICA,AMDOCS,2026-06-18,2026-07-05,PEN,108.5,19.53,128.03,False,99.54,1,False,4.26,123.77,-24.22999999999999,True,PAGO_PARCIAL,False
S9AA-0082152913,2074628342,CLIENT_00213,31059006,519090506,FACTURACION CICLICA,AMDOCS,2026-06-01,2026-06-17,PEN,94.86,17.07,111.93,False,111.93,1,False,3.72,108.21000000000001,3.719999999999999,True,SOBREPAGO,False
S5AA-0081494264,2002206758,CLIENT_00645,8320895,438810857,FACTURACION CICLICA,AMDOCS,2026-06-18,2026-07-05,PEN,101.98,18.35,120.33,False,118.3,1,False,0.0,120.33,-2.030000000000001,True,PAGO_PARCIAL,False
S9AA-0081760285,2093804116,CLIENT_00577,76921016,561996457,FACTURACION CICLICA,AMDOCS,2026-06-01,2026-06-17,PEN,139.17,25.05,164.22,False,164.22,1,False,4.43,159.79,4.430000000000007,True,SOBREPAGO,False
S5AA-0081462800,2065059290,CLIENT_00015,671814511,178426527,FACTURACION CICLICA,AMDOCS,2026-06-18,2026-07-05,PEN,104.52,18.82,123.34,False,109.45,1,False,11.89,111.45,-2.0,True,PAGO_PARCIAL,False
S5AA-0081155651,2098217998,CLIENT_00516,43944106,598141506,FACTURACION CICLICA,AMDOCS,2026-06-18,2026-07-05,PEN,74.98,13.5,88.48,False,85.51,1,False,2.95,85.53,-0.01999999999999602,True,PAGO_PARCIAL,True
S9AA-0082407829,2045546222,CLIENT_00594,241572321,683007157,FACTURACION CICLICA,AMDOCS,2026-06-01,2026-06-17,PEN,127.6,22.97,150.57,False,147.14,1,False,0.0,150.57,-3.430000000000007,True,PAGO_PARCIAL,False
S5AA-0081486324,2081309251,CLIENT_00433,97547106,878589057,FACTURACION CICLICA,AMDOCS,2026-06-18,2026-07-05,PEN,50.65,9.13,59.78,False,7.31,1,False,20.78,39.0,-31.69,True,PAGO_PARCIAL,False
S5AA-0080923376,2021869954,CLIENT_00918,20363306,979623506,FACTURACION CICLICA,AMDOCS,2026-06-18,2026-07-05,PEN,56.24,10.12,66.36,False,62.23,1,False,4.12,62.24,-0.010000000000005116,True,PAGO_PARCIAL,True
S5AA-0080933034,2096770204,CLIENT_00203,30948116,12735537,FACTURACION CICLICA,AMDOCS,2026-06-18,2026-07-05,PEN,65.02,11.7,76.72,False,71.96,1,False,2.45,74.27,-2.3100000000000023,True,PAGO_PARCIAL,False
S9AA-0082212274,2091789509,CLIENT_00886,2379285,301892306,FACTURACION CICLICA,AMDOCS,2026-06-01,2026-06-17,PEN,54.29,9.76,64.05,False,64.05,1,False,2.13,61.919999999999995,2.1300000000000026,True,SOBREPAGO,False
S5AA-0081082501,2095824297,CLIENT_00323,42920885,272418306,FACTURACION CICLICA,AMDOCS,2026-06-18,2026-07-05,PEN,143.63,25.84,169.47,False,164.71,1,False,0.0,169.47,-4.759999999999991,True,PAGO_PARCIAL,False
S9AA-0082023263,2087352121,CLIENT_00062,79390995,426119406,FACTURACION CICLICA,AMDOCS,2026-06-01,2026-06-17,PEN,125.64,22.62,148.26,False,148.27,2,False,0.0,148.26,0.010000000000019327,True,SOBREPAGO,True
S9AA-0081856287,2028858667,CLIENT_00821,87664306,966975067,FACTURACION CICLICA,AMDOCS,2026-06-01,2026-06-17,PEN,20.71,3.72,24.43,False,24.43,1,False,3.26,21.17,3.259999999999998,True,SOBREPAGO,False
S5AA-0081109046,2089216910,CLIENT_00949,729370231,598302557,FACTURACION CICLICA,AMDOCS,2026-06-18,2026-07-05,PEN,103.52,18.63,122.15,False,122.14,2,False,0.0,122.15,-0.010000000000005116,True,PAGO_PARCIAL,True
S9AA-0081742150,2077511265,CLIENT_00056,56710416,853352847,FACTURACION CICLICA,AMDOCS,2026-06-01,2026-06-17,PEN,44.13,7.95,52.08,False,50.51,1,False,0.0,52.08,-1.5700000000000003,True,PAGO_PARCIAL,False
S5AA-0081305301,2065299671,CLIENT_00567,457189231,138258657,FACTURACION CICLICA,AMDOCS,2026-06-18,2026-07-05,PEN,101.98,18.35,120.33,False,118.3,1,False,0.0,120.33,-2.030000000000001,True,PAGO_PARCIAL,False
S5AA-0081017765,2006121666,CLIENT_00662,51834206,691032506,FACTURACION CICLICA,AMDOCS,2026-06-18,2026-07-05,PEN,71.13,12.8,83.93,False,83.93,1,False,52.01,31.92000000000001,52.01,True,SOBREPAGO,False
S5AA-0081576486,2084595191,CLIENT_00613,29675885,464868306,FACTURACION CICLICA,AMDOCS,2026-06-18,2026-07-05,PEN,110.05,19.8,129.85,False,129.85,1,False,4.22,125.63,4.219999999999999,True,SOBREPAGO,False
S5AA-0081201788,2010136133,CLIENT_00057,4605595,996312737,FACTURACION CICLICA,AMDOCS,2026-06-18,2026-07-05,PEN,47.4,8.53,55.93,False,44.73,1,False,10.82,45.11,-0.38000000000000256,True,PAGO_PARCIAL,False
S9AA-0082248450,2000875718,CLIENT_00769,42605416,934274606,FACTURACION CICLICA,AMDOCS,2026-06-01,2026-06-17,PEN,64.9,11.68,76.58,False,61.25,1,False,0.0,76.58,-15.329999999999998,True,PAGO_PARCIAL,False
S9AA-0081735166,2079015638,CLIENT_00600,46729795,798244957,FACTURACION CICLICA,AMDOCS,2026-06-01,2026-06-17,PEN,59.26,10.67,69.93,False,48.93,1,False,0.0,69.93,-21.000000000000007,True,PAGO_PARCIAL,False
S9AA-0081792437,2037220961,CLIENT_00351,176473121,523999537,FACTURACION CICLICA,AMDOCS,2026-06-01,2026-06-17,PEN,42.06,7.57,49.63,False,49.63,1,False,4.64,44.99,4.640000000000001,True,SOBREPAGO,False
S9AA-0082342636,2009045197,CLIENT_00981,53769395,551404406,FACTURACION CICLICA,AMDOCS,2026-06-01,2026-06-17,PEN,95.74,17.24,112.98,False,90.37,1,False,0.0,112.98,-22.61,True,PAGO_PARCIAL,False
S9AA-0081924191,2060838699,CLIENT_00947,680441621,566939257,FACTURACION CICLICA,AMDOCS,2026-06-01,2026-06-17,PEN,41.47,7.46,48.93,False,9.77,1,False,0.0,48.93,-39.16,True,PAGO_PARCIAL,False
S9AA-0081924194,2060838699,CLIENT_00947,680441621,776879257,FACTURACION CICLICA,AMDOCS,2026-06-01,2026-06-17,PEN,41.47,7.46,48.93,False,9.77,1,False,0.0,48.93,-39.16,True,PAGO_PARCIAL,False
S9AA-0081923144,2060838699,CLIENT_00947,680441621,213708547,FACTURACION CICLICA,AMDOCS,2026-06-01,2026-06-17,PEN,41.47,7.46,48.93,False,9.77,1,False,0.0,48.93,-39.16,True,PAGO_PARCIAL,False
S9AA-0081923143,2060838699,CLIENT_00947,680441621,581708547,FACTURACION CICLICA,AMDOCS,2026-06-01,2026-06-17,PEN,41.47,7.46,48.93,False,9.77,1,False,0.0,48.93,-39.16,True,PAGO_PARCIAL,False
S9AA-0082218755,2034879712,CLIENT_00302,2226995,520778757,FACTURACION CICLICA,AMDOCS,2026-06-01,2026-06-17,PEN,65.61,11.81,77.42,False,44.94,1,False,1.62,75.8,-30.86,True,PAGO_PARCIAL,False
S9AA-0081647138,2029762900,CLIENT_00838,557615821,238750057,FACTURACION CICLICA,AMDOCS,2026-06-01,2026-06-17,PEN,160.94,28.97,189.91,False,189.91,1,False,99.99,89.92,99.99,True,SOBREPAGO,False
S9AA-0082153086,2068178034,CLIENT_00379,31994606,972666506,FACTURACION CICLICA,AMDOCS,2026-06-01,2026-06-17,PEN,67.39,12.13,79.52,False,63.6,1,False,1.67,77.85,-14.249999999999993,True,PAGO_PARCIAL,False
S9AA-0082091072,2085352948,CLIENT_00630,60778085,575780306,FACTURACION CICLICA,AMDOCS,2026-06-01,2026-06-17,PEN,56.54,10.17,66.71,False,46.69,1,False,0.0,66.71,-20.019999999999996,True,PAGO_PARCIAL,False
S9AA-0082148413,2038848428,CLIENT_00847,218247821,413191057,FACTURACION CICLICA,AMDOCS,2026-06-01,2026-06-17,PEN,26.4,4.75,31.15,False,12.08,1,False,11.17,19.979999999999997,-7.899999999999997,True,PAGO_PARCIAL,False
S9AA-0081965783,2072719850,CLIENT_00681,197529901,740066937,FACTURACION CICLICA,AMDOCS,2026-06-01,2026-06-17,PEN,74.69,13.44,88.13,False,88.13,1,False,2.94,85.19,2.9399999999999977,True,SOBREPAGO,False
S9AA-0082313483,2048797474,CLIENT_00043,13548316,92539657,FACTURACION CICLICA,AMDOCS,2026-06-01,2026-06-17,PEN,41.47,7.46,48.93,False,48.93,1,False,1.62,47.31,1.6199999999999974,True,SOBREPAGO,False
S9AA-0082454277,2038577653,CLIENT_00409,84576485,211774306,FACTURACION CICLICA,AMDOCS,2026-06-01,2026-06-17,PEN,156.55,28.18,184.73,False,147.77,1,False,0.0,184.73,-36.95999999999998,True,PAGO_PARCIAL,False
S9AA-0082035656,2073231877,CLIENT_00316,89282285,907190747,FACTURACION CICLICA,AMDOCS,2026-06-01,2026-06-17,PEN,69.94,12.59,82.53,False,82.53,1,False,5.5,77.03,5.5,True,SOBREPAGO,False
S6AA-0000055556,2037638826,CLIENT_00969,301015531,471236067,FACTURACION CICLICA,AMDOCS,2026-06-20,2026-07-03,PEN,23.43,4.22,27.65,False,15.41,2,False,11.42,16.229999999999997,-0.8199999999999967,True,PAGO_PARCIAL,False
S3AA-0079912356,2022190206,CLIENT_00446,32721575,796471423,FACTURACION CICLICA,AMDOCS,2026-07-15,2026-08-01,PEN,33.1,5.96,39.06,False,4.79,2,False,0.0,39.06,-34.27,True,PAGO_PARCIAL,False
S3AA-0079567306,2077915427,CLIENT_00955,68022575,940035423,FACTURACION CICLICA,AMDOCS,2026-07-15,2026-08-01,PEN,19.81,3.57,23.38,False,22.4,1,False,0.0,23.38,-0.9800000000000004,True,PAGO_PARCIAL,False
S3AA-0079743031,2070960858,CLIENT_00456,401913421,940037957,FACTURACION CICLICA,AMDOCS,2026-07-15,2026-08-01,PEN,53.69,9.66,63.35,False,6.01,1,False,0.0,63.35,-57.34,True,PAGO_PARCIAL,False
S3AA-0079567307,2077915427,CLIENT_00955,68022575,970035423,FACTURACION CICLICA,AMDOCS,2026-07-15,2026-08-01,PEN,23.07,4.16,27.23,False,26.11,1,False,0.0,27.23,-1.120000000000001,True,PAGO_PARCIAL,False
S3AA-0079567376,2077915427,CLIENT_00955,68022575,629028823,FACTURACION CICLICA,AMDOCS,2026-07-15,2026-08-01,PEN,13.58,2.45,16.03,False,14.91,1,False,0.0,16.03,-1.120000000000001,True,PAGO_PARCIAL,False
S3AA-0079582263,2039660724,CLIENT_00161,784058921,20819157,FACTURACION CICLICA,AMDOCS,2026-07-15,2026-08-01,PEN,193.98,34.92,228.9,False,6.96,1,False,0.0,228.9,-221.94,True,PAGO_PARCIAL,False
S3AA-0080219001,2014417729,CLIENT_00760,558077111,52291067,FACTURACION CICLICA,AMDOCS,2026-07-15,2026-08-01,PEN,56.06,10.09,66.15,False,6.29,1,False,0.0,66.15,-59.86000000000001,True,PAGO_PARCIAL,False
S3AA-0080223295,2055715122,CLIENT_00910,655842121,682586637,FACTURACION CICLICA,AMDOCS,2026-07-15,2026-08-01,PEN,59.92,10.78,70.7,False,2.25,1,False,0.0,70.7,-68.45,True,PAGO_PARCIAL,False
S3AA-0079670727,2006969490,CLIENT_00418,79003575,527733873,FACTURACION CICLICA,AMDOCS,2026-07-15,2026-08-01,PEN,35.89,6.46,42.35,False,1.3,1,False,0.0,42.35,-41.050000000000004,True,PAGO_PARCIAL,False
S3AA-0079574124,2027698007,CLIENT_00990,687330621,848818657,FACTURACION CICLICA,AMDOCS,2026-07-15,2026-08-01,PEN,82.75,14.9,97.65,False,3.15,1,False,0.0,97.65,-94.5,True,PAGO_PARCIAL,False
S3AA-0079567305,2077915427,CLIENT_00955,68022575,878925423,FACTURACION CICLICA,AMDOCS,2026-07-15,2026-08-01,PEN,15.73,2.82,18.55,False,17.78,1,False,0.0,18.55,-0.7699999999999996,True,PAGO_PARCIAL,False
S3AA-0080339191,2000865303,CLIENT_00788,864924721,859748657,FACTURACION CICLICA,AMDOCS,2026-07-15,2026-08-01,PEN,56.06,10.09,66.15,False,2.1,1,False,0.0,66.15,-64.05000000000001,True,PAGO_PARCIAL,False
S3AA-0079572255,2074581354,CLIENT_00824,681257721,108906847,FACTURACION CICLICA,AMDOCS,2026-07-15,2026-08-01,PEN,102.33,18.42,120.75,False,109.36999999999999,2,False,0.0,120.75,-11.38000000000001,True,PAGO_PARCIAL,False
S3AA-0080391259,2001699108,CLIENT_00989,473844901,245209537,FACTURACION CICLICA,AMDOCS,2026-07-15,2026-08-01,PEN,50.06,9.02,59.08,False,5.59,1,False,0.0,59.08,-53.489999999999995,True,PAGO_PARCIAL,False
S3AA-0079814597,2020143008,CLIENT_00090,215219121,412903747,FACTURACION CICLICA,AMDOCS,2026-07-15,2026-08-01,PEN,50.13,9.02,59.15,False,7.46,2,False,0.0,59.15,-51.69,True,PAGO_PARCIAL,False
S3AA-0079822602,2020274387,CLIENT_00535,312562221,643610937,FACTURACION CICLICA,AMDOCS,2026-07-15,2026-08-01,PEN,1847.48,221.52,2068.99,False,2060.1899999999996,4,False,0.0,2068.99,-8.800000000000182,True,PAGO_PARCIAL,False
S3AA-0080131251,2031228249,CLIENT_00463,649332521,912571447,FACTURACION CICLICA,AMDOCS,2026-07-15,2026-08-01,PEN,21.71,3.91,25.62,False,25.61,2,False,0.0,25.62,-0.010000000000001563,True,PAGO_PARCIAL,True
S3AA-0079679605,2080289526,CLIENT_00976,89031575,576170633,FACTURACION CICLICA,AMDOCS,2026-07-15,2026-08-01,PEN,29.96,5.39,35.35,False,6.43,2,False,0.0,35.35,-28.92,True,PAGO_PARCIAL,False
S3AA-0080230144,2047042192,CLIENT_00205,85213575,952910863,FACTURACION CICLICA,AMDOCS,2026-07-15,2026-08-01,PEN,23.44,4.21,27.65,False,4.07,1,False,0.0,27.65,-23.58,True,PAGO_PARCIAL,False
S1AA-0053530075,2081571842,CLIENT_00996,37920575,206538401,FACTURACION CICLICA,AMDOCS,2026-08-05,2026-08-18,PEN,1293.13,56.61,1349.74,False,18.03,2,False,0.0,1349.74,-1331.71,False,PAGO_PARCIAL,False
S1AA-0053356500,2078675402,CLIENT_00687,842962221,389931837,FACTURACION CICLICA,AMDOCS,2026-08-05,2026-08-18,PEN,17.21,3.09,20.3,False,0.55,1,False,0.0,20.3,-19.75,False,PAGO_PARCIAL,False
S1AA-0053645303,2001605530,CLIENT_00869,19017575,875082503,FACTURACION CICLICA,AMDOCS,2026-08-05,2026-08-18,PEN,24.5,4.41,28.91,False,2.49,1,False,0.0,28.91,-26.42,False,PAGO_PARCIAL,False
S1AA-0053428664,2076939161,CLIENT_00387,95100575,148103303,FACTURACION CICLICA,AMDOCS,2026-08-05,2026-08-18,PEN,64.96,11.69,76.65,False,16.58,1,False,0.0,76.65,-60.07000000000001,False,PAGO_PARCIAL,False
S1AA-0053406244,2017932836,CLIENT_00414,555045021,982227757,FACTURACION CICLICA,AMDOCS,2026-08-05,2026-08-18,PEN,110.75,19.94,130.69,False,7.44,1,False,0.0,130.69,-123.25,False,PAGO_PARCIAL,False
S1AA-0053645304,2001605530,CLIENT_00869,19017575,526082503,FACTURACION CICLICA,AMDOCS,2026-08-05,2026-08-18,PEN,24.5,4.41,28.91,False,2.49,1,False,0.0,28.91,-26.42,False,PAGO_PARCIAL,False
S1AA-0053137093,2096959477,CLIENT_00690,516245631,439561267,FACTURACION CICLICA,AMDOCS,2026-08-05,2026-08-18,PEN,17.5,3.15,20.65,False,0.56,1,False,0.0,20.65,-20.09,False,PAGO_PARCIAL,False
S1AA-0053534257,2016982483,CLIENT_00253,371954321,306028357,FACTURACION CICLICA,AMDOCS,2026-08-05,2026-08-18,PEN,55.99,10.09,66.08,False,2.03,1,False,0.0,66.08,-64.05,False,PAGO_PARCIAL,False
S1AA-0053533499,2061607083,CLIENT_00007,375143221,891428847,FACTURACION CICLICA,AMDOCS,2026-08-05,2026-08-18,PEN,50.06,9.02,59.08,False,1.8,1,False,0.0,59.08,-57.28,False,PAGO_PARCIAL,False
S1AA-0053052603,2018117869,CLIENT_00044,101568521,944913547,FACTURACION CICLICA,AMDOCS,2026-08-05,2026-08-18,PEN,189.42,34.09,223.51,False,13.97,1,False,0.0,223.51,-209.54,False,PAGO_PARCIAL,False
S1AA-0053120274,2095018481,CLIENT_00160,113719411,897018447,FACTURACION CICLICA,AMDOCS,2026-08-05,2026-08-18,PEN,35.76,6.45,42.21,False,1.16,1,False,0.0,42.21,-41.050000000000004,False,PAGO_PARCIAL,False
S1AA-0053507115,2019351028,CLIENT_00937,96637575,811632357,FACTURACION CICLICA,AMDOCS,2026-08-05,2026-08-18,PEN,11.63,2.09,13.72,False,0.34,1,False,0.0,13.72,-13.38,False,PAGO_PARCIAL,False
S1AA-0053501235,2056921911,CLIENT_00644,864899231,516365857,FACTURACION CICLICA,AMDOCS,2026-08-05,2026-08-18,PEN,44.13,7.95,52.08,False,9.469999999999999,2,False,0.0,52.08,-42.61,False,PAGO_PARCIAL,False
S1AA-0053219429,2046969172,CLIENT_00607,22121575,281342233,FACTURACION CICLICA,AMDOCS,2026-08-05,2026-08-18,PEN,21.71,3.91,25.62,False,0.72,1,False,0.0,25.62,-24.900000000000002,False,PAGO_PARCIAL,False
S1AA-0053391508,2060928654,CLIENT_00894,359175021,685159947,FACTURACION CICLICA,AMDOCS,2026-08-05,2026-08-18,PEN,26.4,4.75,31.15,False,1.77,1,False,0.0,31.15,-29.38,False,PAGO_PARCIAL,False
S1AA-0053405648,2059259780,CLIENT_00525,556726721,908011457,FACTURACION CICLICA,AMDOCS,2026-08-05,2026-08-18,PEN,52.32,9.42,61.74,False,1.02,1,False,0.0,61.74,-60.72,False,PAGO_PARCIAL,False
S1AA-0053293234,2096447129,CLIENT_00321,93461575,390109501,FACTURACION CICLICA,AMDOCS,2026-08-05,2026-08-18,PEN,248.08,44.66,292.74,False,1.73,1,False,0.0,292.74,-291.01,False,PAGO_PARCIAL,False
S6AA-0000136406,2040677842,CLIENT_00666,966296531,342129067,FACTURACION CICLICA,AMDOCS,2026-07-20,2026-08-03,PEN,20.46,3.69,24.15,False,1.39,1,False,0.0,24.15,-22.759999999999998,True,PAGO_PARCIAL,False
S9AA-0083911179,2042647818,CLIENT_00266,28064185,601803837,FACTURACION CICLICA,AMDOCS,2026-08-01,2026-08-13,PEN,23.07,4.16,27.23,False,3.39,1,False,0.0,27.23,-23.84,True,PAGO_PARCIAL,False
S9AA-0083921511,2058413599,CLIENT_00258,383387231,747803657,FACTURACION CICLICA,AMDOCS,2026-08-01,2026-08-13,PEN,100.5,18.08,118.58,False,4.07,1,False,0.0,118.58,-114.50999999999999,True,PAGO_PARCIAL,False
S1AA-0052640891,2022413606,CLIENT_00407,449549531,6503167,FACTURACION CICLICA,AMDOCS,2026-07-05,2026-07-21,PEN,26.4,4.75,31.15,False,31.14,2,False,6.3,24.849999999999998,6.290000000000003,True,SOBREPAGO,False
S1AA-0052816779,2056921911,CLIENT_00644,864899231,403075857,FACTURACION CICLICA,AMDOCS,2026-07-05,2026-07-21,PEN,44.2,7.95,52.15,False,52.129999999999995,2,False,0.0,52.15,-0.020000000000003126,True,PAGO_PARCIAL,True
S1AA-0052677998,2078675402,CLIENT_00687,842962221,389931837,FACTURACION CICLICA,AMDOCS,2026-07-05,2026-07-21,PEN,17.21,3.09,20.3,False,20.28,2,False,0.55,19.75,0.5300000000000011,True,SOBREPAGO,False
S1AA-0052562085,2065026469,CLIENT_00218,33435575,927408427,FACTURACION CICLICA,AMDOCS,2026-07-05,2026-07-21,PEN,165.81,29.84,195.65,False,93.49,1,False,0.0,195.65,-102.16000000000001,True,PAGO_PARCIAL,False
S1AA-0052849132,2061607083,CLIENT_00007,375143221,891428847,FACTURACION CICLICA,AMDOCS,2026-07-05,2026-07-21,PEN,47.4,8.53,55.93,False,55.93,1,False,1.8,54.13,1.7999999999999972,True,SOBREPAGO,False
S1AA-0052816768,2056921911,CLIENT_00644,864899231,159084857,FACTURACION CICLICA,AMDOCS,2026-07-05,2026-07-21,PEN,44.2,7.95,52.15,False,52.15,1,False,1.58,50.57,1.5799999999999983,True,SOBREPAGO,False
S1AA-0052457695,2096959477,CLIENT_00690,516245631,439561267,FACTURACION CICLICA,AMDOCS,2026-07-05,2026-07-21,PEN,16.72,3.02,19.74,False,19.74,1,False,0.56,19.18,0.5599999999999987,True,SOBREPAGO,False
S1AA-0052953648,2068445567,CLIENT_00718,789395911,782351167,FACTURACION CICLICA,AMDOCS,2026-07-05,2026-07-21,PEN,26.4,4.75,31.15,False,31.14,2,False,1.8,29.349999999999998,1.7900000000000027,True,SOBREPAGO,False
S1AA-0052367845,2008371952,CLIENT_00582,2854921,77003857,FACTURACION CICLICA,AMDOCS,2026-07-05,2026-07-21,PEN,109.45,19.7,129.15,False,3.37,1,False,0.0,129.15,-125.78,True,PAGO_PARCIAL,False
S1AA-0052822626,2019351028,CLIENT_00937,96637575,811632357,FACTURACION CICLICA,AMDOCS,2026-07-05,2026-07-21,PEN,8.9,1.6,10.5,False,10.5,1,False,0.34,10.16,0.33999999999999986,True,SOBREPAGO,False
S1AA-0052519138,2001156117,CLIENT_00442,72425575,73241401,FACTURACION CICLICA,AMDOCS,2026-07-05,2026-07-21,PEN,63.71,11.47,75.18,False,75.14999999999999,2,False,0.0,75.18,-0.030000000000015348,True,PAGO_PARCIAL,True
S1AA-0052906902,2018723284,CLIENT_00943,18152575,87358501,FACTURACION CICLICA,AMDOCS,2026-07-05,2026-07-21,PEN,17.79,3.21,21.0,False,21.0,1,False,1.36,19.64,1.3599999999999994,True,SOBREPAGO,False
S1AA-0053031913,2050766085,CLIENT_00699,994931321,569464047,FACTURACION CICLICA,AMDOCS,2026-07-05,2026-07-21,PEN,21.71,3.91,25.62,False,23.44,2,False,1.45,24.17,-0.7300000000000004,True,PAGO_PARCIAL,False
S1AA-0052596467,2063339709,CLIENT_00486,838010221,49034837,FACTURACION CICLICA,AMDOCS,2026-07-05,2026-07-21,PEN,154.6,27.83,182.42,False,182.43,2,False,0.0,182.42,0.010000000000019327,True,SOBREPAGO,True
S1AA-0052728132,2017932836,CLIENT_00414,555045021,982227757,FACTURACION CICLICA,AMDOCS,2026-07-05,2026-07-21,PEN,112.65,20.28,132.93,False,132.93,1,False,7.44,125.49000000000001,7.439999999999998,True,SOBREPAGO,False
S1AA-0052727495,2059259780,CLIENT_00525,556726721,908011457,FACTURACION CICLICA,AMDOCS,2026-07-05,2026-07-21,PEN,52.33,9.42,61.74,False,61.739999999999995,2,False,1.02,60.72,1.019999999999996,True,SOBREPAGO,False
S1AA-0052567853,2011487576,CLIENT_00046,43763575,145111473,FACTURACION CICLICA,AMDOCS,2026-07-05,2026-07-21,PEN,17.51,3.14,20.65,False,20.58,1,False,0.0,20.65,-0.07000000000000028,True,PAGO_PARCIAL,False
S1AA-0052849917,2016982483,CLIENT_00253,371954321,306028357,FACTURACION CICLICA,AMDOCS,2026-07-05,2026-07-21,PEN,56.06,10.09,66.15,False,66.15,1,False,2.03,64.12,2.030000000000001,True,SOBREPAGO,False
S1AA-0052596815,2063339709,CLIENT_00486,838010221,686858247,FACTURACION CICLICA,AMDOCS,2026-07-05,2026-07-21,PEN,149.55,26.92,176.47,False,176.45,2,False,0.0,176.47,-0.020000000000010232,True,PAGO_PARCIAL,True
S1AA-0052845654,2081571842,CLIENT_00996,37920575,206538401,FACTURACION CICLICA,AMDOCS,2026-07-05,2026-07-21,PEN,762.87,137.33,900.2,False,900.2,1,False,18.03,882.1700000000001,18.029999999999973,True,SOBREPAGO,False
S1AA-0052975150,2001605530,CLIENT_00869,19017575,875082503,FACTURACION CICLICA,AMDOCS,2026-07-05,2026-07-21,PEN,21.77,3.92,25.69,False,25.69,1,False,2.49,23.200000000000003,2.4899999999999984,True,SOBREPAGO,False
S1AA-0052816777,2056921911,CLIENT_00644,864899231,516365857,FACTURACION CICLICA,AMDOCS,2026-07-05,2026-07-21,PEN,44.2,7.95,52.15,False,52.129999999999995,2,False,9.47,42.68,9.449999999999996,True,SOBREPAGO,False
S1AA-0052713221,2060928654,CLIENT_00894,359175021,685159947,FACTURACION CICLICA,AMDOCS,2026-07-05,2026-07-21,PEN,26.4,4.75,31.15,False,30.21,1,False,2.7,28.45,1.7600000000000016,True,SOBREPAGO,False
S1AA-0052649087,2046969172,CLIENT_00607,22121575,281342233,FACTURACION CICLICA,AMDOCS,2026-07-05,2026-07-21,PEN,21.64,3.91,25.55,False,25.52,2,False,0.72,24.830000000000002,0.6899999999999977,True,SOBREPAGO,False
S1AA-0052442584,2064887435,CLIENT_00142,416418121,785016857,FACTURACION CICLICA,AMDOCS,2026-07-05,2026-07-21,PEN,71.13,12.8,83.93,False,83.93,1,False,51.44,32.49000000000001,51.44,True,SOBREPAGO,False
S1AA-0052998865,2003418714,CLIENT_00435,498701821,148491947,FACTURACION CICLICA,AMDOCS,2026-07-05,2026-07-21,PEN,6402.28,1152.4,7554.68,False,7554.68,1,False,203.35,7351.33,203.35000000000036,True,SOBREPAGO,False
S1AA-0052425397,2098378939,CLIENT_00598,21702575,45722493,FACTURACION CICLICA,AMDOCS,2026-07-05,2026-07-21,PEN,43.13,7.76,50.89,False,35.6,1,False,0.0,50.89,-15.29,True,PAGO_PARCIAL,False
S1AA-0052650629,2037021331,CLIENT_00121,22275575,578304917,FACTURACION CICLICA,AMDOCS,2026-07-05,2026-07-21,PEN,25.21,4.54,29.75,False,29.72,2,False,20.53,9.219999999999999,20.5,True,SOBREPAGO,False
S1AA-0052580388,2035711012,CLIENT_00432,63816575,653770601,FACTURACION CICLICA,AMDOCS,2026-07-05,2026-07-21,PEN,33.1,5.96,39.06,False,39.040000000000006,2,False,0.0,39.06,-0.01999999999999602,True,PAGO_PARCIAL,True
S1AA-0052507864,2059516434,CLIENT_00689,426972121,962197537,FACTURACION CICLICA,AMDOCS,2026-07-05,2026-07-21,PEN,50.06,9.02,59.08,False,59.059999999999995,2,False,0.0,59.08,-0.020000000000003126,True,PAGO_PARCIAL,True
S1AA-0052954998,2027441094,CLIENT_00355,88103575,424078533,FACTURACION CICLICA,AMDOCS,2026-07-05,2026-07-21,PEN,27.76,5.0,32.76,False,32.36,2,False,0.0,32.76,-0.3999999999999986,True,PAGO_PARCIAL,False
S1AA-0052488357,2031711814,CLIENT_00408,26702221,218307547,FACTURACION CICLICA,AMDOCS,2026-07-05,2026-07-21,PEN,94.62,17.03,111.65,False,111.63000000000001,2,False,7.0,104.65,6.980000000000004,True,SOBREPAGO,False
S1AA-0052628353,2086602695,CLIENT_00868,34761575,588967523,FACTURACION CICLICA,AMDOCS,2026-07-05,2026-07-21,PEN,82.99,14.94,97.93,False,97.87,2,False,0.0,97.93,-0.060000000000002274,True,PAGO_PARCIAL,False
S1AA-0052750517,2076939161,CLIENT_00387,95100575,148103303,FACTURACION CICLICA,AMDOCS,2026-07-05,2026-07-21,PEN,64.96,11.69,76.65,False,76.65,1,False,16.58,60.07000000000001,16.58,True,SOBREPAGO,False
S1AA-0052975151,2001605530,CLIENT_00869,19017575,526082503,FACTURACION CICLICA,AMDOCS,2026-07-05,2026-07-21,PEN,21.77,3.92,25.69,False,25.69,1,False,2.49,23.200000000000003,2.4899999999999984,True,SOBREPAGO,False
S1AA-0052696004,2061123522,CLIENT_00748,15196575,52401501,FACTURACION CICLICA,AMDOCS,2026-07-05,2026-07-21,PEN,44.2,7.95,52.15,False,52.13999999999999,2,False,0.0,52.15,-0.010000000000005116,True,PAGO_PARCIAL,True
S1AA-0052460990,2095018481,CLIENT_00160,113719411,897018447,FACTURACION CICLICA,AMDOCS,2026-07-05,2026-07-21,PEN,30.37,5.47,35.84,False,35.84,1,False,1.16,34.68000000000001,1.1599999999999966,True,SOBREPAGO,False
S1AA-0053016103,2084457504,CLIENT_00941,79350575,166392023,FACTURACION CICLICA,AMDOCS,2026-07-05,2026-07-21,PEN,43.25,7.78,51.03,False,51.03,1,False,11.52,39.510000000000005,11.519999999999996,True,SOBREPAGO,False
S1AA-0052649961,2037021331,CLIENT_00121,22275575,379930983,FACTURACION CICLICA,AMDOCS,2026-07-05,2026-07-21,PEN,986.88,177.64,1164.52,False,35.29,1,False,859.57,304.94999999999993,-269.6599999999999,True,PAGO_PARCIAL,False
S1AA-0052403449,2098363854,CLIENT_00063,80290575,421513101,FACTURACION CICLICA,AMDOCS,2026-07-05,2026-07-21,PEN,3025.37,544.57,3569.93,False,5.44,1,False,0.0,3569.93,-3564.49,True,PAGO_PARCIAL,False
S9AA-0083872649,2023093512,CLIENT_00451,671355911,675360267,FACTURACION CICLICA,AMDOCS,2026-08-01,2026-08-13,PEN,61.92,11.16,73.08,False,6.76,1,False,0.0,73.08,-66.32,True,PAGO_PARCIAL,False
S9AA-0083964057,2049666577,CLIENT_00077,88238406,285908857,FACTURACION CICLICA,AMDOCS,2026-08-01,2026-08-13,PEN,56.06,10.09,66.15,False,2.03,1,False,0.0,66.15,-64.12,True,PAGO_PARCIAL,False
S9AA-0083628211,2032219870,CLIENT_00462,846487901,940692657,FACTURACION CICLICA,AMDOCS,2026-08-01,2026-08-13,PEN,100.43,18.08,118.51,False,4.07,1,False,0.0,118.51,-114.44,True,PAGO_PARCIAL,False
S8AA-0008278877,2001156117,CLIENT_00442,622439031,682444357,FACTURACION CICLICA,AMDOCS,2026-07-27,2026-08-13,PEN,44.2,7.95,52.15,False,1.63,1,False,0.0,52.15,-50.519999999999996,True,PAGO_PARCIAL,False
S8AA-0008134295,2033817024,CLIENT_00437,974724031,772417257,FACTURACION CICLICA,AMDOCS,2026-07-27,2026-08-13,PEN,20.53,3.69,24.22,False,6.3,2,False,0.0,24.22,-17.919999999999998,True,PAGO_PARCIAL,False
S8AA-0008107154,2085903598,CLIENT_00188,377600331,663396657,FACTURACION CICLICA,AMDOCS,2026-07-27,2026-08-13,PEN,2.77,0.49,3.26,False,1.86,1,False,0.0,3.26,-1.3999999999999997,True,PAGO_PARCIAL,False
S8AA-0008280310,2001809758,CLIENT_00443,621170631,96754167,FACTURACION CICLICA,AMDOCS,2026-07-27,2026-08-13,PEN,44.2,7.95,52.15,False,1.62,1,False,0.0,52.15,-50.53,True,PAGO_PARCIAL,False
S8AA-0008316357,2002866357,CLIENT_00707,833798331,322612857,FACTURACION CICLICA,AMDOCS,2026-07-27,2026-08-13,PEN,103.52,18.63,122.15,False,3.97,1,False,0.0,122.15,-118.18,True,PAGO_PARCIAL,False
S8AA-0008279343,2017913151,CLIENT_00482,626911331,242968657,FACTURACION CICLICA,AMDOCS,2026-07-27,2026-08-13,PEN,26.4,4.75,31.15,False,0.93,1,False,0.0,31.15,-30.22,True,PAGO_PARCIAL,False
S8AA-0008196174,2054531131,CLIENT_00467,994684231,107638557,FACTURACION CICLICA,AMDOCS,2026-07-27,2026-08-13,PEN,20.53,3.69,24.22,False,2.8,1,False,0.0,24.22,-21.419999999999998,True,PAGO_PARCIAL,False
S8AA-0008198557,2000414951,CLIENT_00221,305626821,438010057,FACTURACION CICLICA,AMDOCS,2026-07-27,2026-08-13,PEN,20.53,3.69,24.22,False,5.6,2,False,0.0,24.22,-18.619999999999997,True,PAGO_PARCIAL,False
S8AA-0008213397,2089275916,CLIENT_00133,404276421,621536347,FACTURACION CICLICA,AMDOCS,2026-07-27,2026-08-13,PEN,28.18,5.07,33.25,False,8.0,1,False,0.0,33.25,-25.25,True,PAGO_PARCIAL,False
S8AA-0008412094,2044662368,CLIENT_00741,866009421,231292067,FACTURACION CICLICA,AMDOCS,2026-07-27,2026-08-13,PEN,55.99,10.09,66.08,False,2.1,1,False,0.0,66.08,-63.98,True,PAGO_PARCIAL,False
S8AA-0008327116,2082378549,CLIENT_00977,247828421,766824347,FACTURACION CICLICA,AMDOCS,2026-07-27,2026-08-13,PEN,142.96,25.74,168.7,False,37.88,1,False,0.0,168.7,-130.82,True,PAGO_PARCIAL,False
S8AA-0008176826,2050562330,CLIENT_00282,398260721,394614747,FACTURACION CICLICA,AMDOCS,2026-07-27,2026-08-13,PEN,54.87,9.88,64.75,False,2.05,1,False,0.0,64.75,-62.7,True,PAGO_PARCIAL,False
S8AA-0008370297,2015037424,CLIENT_00556,659007621,374887647,FACTURACION CICLICA,AMDOCS,2026-07-27,2026-08-13,PEN,29.01,5.22,34.23,False,25.66,1,False,0.0,34.23,-8.569999999999997,True,PAGO_PARCIAL,False
S8AA-0008346193,2012438665,CLIENT_00737,844055821,106348157,FACTURACION CICLICA,AMDOCS,2026-07-27,2026-08-13,PEN,112.36,20.22,132.58,False,7.93,1,False,0.0,132.58,-124.65,True,PAGO_PARCIAL,False
S4AA-0008413089,2001445858,CLIENT_00550,130243421,793537857,FACTURACION CICLICA,AMDOCS,2026-07-09,2026-07-25,PEN,101.91,18.35,120.26,False,118.16,1,False,0.0,120.26,-2.1000000000000085,True,PAGO_PARCIAL,False
S4AA-0008297410,2088634271,CLIENT_00692,494446131,828572067,FACTURACION CICLICA,AMDOCS,2026-07-09,2026-07-25,PEN,2.74,0.49,3.23,False,0.7,1,False,0.0,3.23,-2.5300000000000002,True,PAGO_PARCIAL,False
S4AA-0008236597,2088121602,CLIENT_00904,478016031,86489257,FACTURACION CICLICA,AMDOCS,2026-07-09,2026-07-25,PEN,103.52,18.63,122.15,False,121.91,1,False,0.0,122.15,-0.2400000000000091,True,PAGO_PARCIAL,False
S5AA-0082295242,2084595191,CLIENT_00613,29675885,464868306,FACTURACION CICLICA,AMDOCS,2026-07-18,2026-08-05,PEN,109.98,19.8,129.78,False,4.22,1,False,0.0,129.78,-125.56,True,PAGO_PARCIAL,False
S5AA-0082039890,2051257434,CLIENT_00942,659474221,739516837,FACTURACION CICLICA,AMDOCS,2026-07-18,2026-08-05,PEN,106.48,19.17,125.65,False,4.08,1,False,0.0,125.65,-121.57000000000001,True,PAGO_PARCIAL,False
S5AA-0082293293,2068100781,CLIENT_00901,19701506,266683067,FACTURACION CICLICA,AMDOCS,2026-07-18,2026-08-05,PEN,85.72,15.43,101.15,False,3.26,1,False,0.0,101.15,-97.89,True,PAGO_PARCIAL,False
S5AA-0082012859,2047640143,CLIENT_00114,25359406,6456757,FACTURACION CICLICA,AMDOCS,2026-07-18,2026-08-05,PEN,103.52,18.63,122.15,False,3.97,1,False,0.0,122.15,-118.18,True,PAGO_PARCIAL,False
S5AA-0081839205,2062922977,CLIENT_00731,82013506,297748447,FACTURACION CICLICA,AMDOCS,2026-07-18,2026-08-05,PEN,50.13,9.02,59.15,False,3.72,1,False,0.0,59.15,-55.43,True,PAGO_PARCIAL,False
S5AA-0081806935,2095824297,CLIENT_00323,42920885,272418306,FACTURACION CICLICA,AMDOCS,2026-07-18,2026-08-05,PEN,143.56,24.5,168.06,False,169.4,1,False,0.0,168.06,1.3400000000000034,True,SOBREPAGO,False
S5AA-0082182165,2030044604,CLIENT_00861,672794011,529987917,FACTURACION CICLICA,AMDOCS,2026-07-18,2026-08-05,PEN,34.11,6.14,40.25,False,2.47,1,False,0.0,40.25,-37.78,True,PAGO_PARCIAL,False
S7AA-0069462100,2046639773,CLIENT_00422,961315821,416989957,FACTURACION CICLICA,AMDOCS,2026-07-23,2026-08-09,PEN,44.2,7.95,52.15,False,1.62,1,False,0.0,52.15,-50.53,True,PAGO_PARCIAL,False
S7AA-0069301398,2088717616,CLIENT_00246,155347221,603152937,FACTURACION CICLICA,AMDOCS,2026-07-23,2026-08-09,PEN,64.9,11.68,76.58,False,2.23,1,False,0.0,76.58,-74.35,True,PAGO_PARCIAL,False
S7AA-0068976809,2053765186,CLIENT_00416,51327575,870309501,FACTURACION CICLICA,AMDOCS,2026-07-23,2026-08-09,PEN,36.48,6.57,43.05,False,2.65,1,False,0.0,43.05,-40.4,True,PAGO_PARCIAL,False
S7AA-0069179715,2051657671,CLIENT_00660,739587221,326223937,FACTURACION CICLICA,AMDOCS,2026-07-23,2026-08-09,PEN,125.11,22.52,147.63,False,54.48,1,False,0.0,147.63,-93.15,True,PAGO_PARCIAL,False
S7AA-0069639515,2022887994,CLIENT_00145,97589811,331699137,FACTURACION CICLICA,AMDOCS,2026-07-23,2026-08-09,PEN,67.93,12.22,80.15,False,2.56,1,False,0.0,80.15,-77.59,True,PAGO_PARCIAL,False
S7AA-0069605782,2034212173,CLIENT_00843,687675321,217543147,FACTURACION CICLICA,AMDOCS,2026-07-23,2026-08-09,PEN,63.71,11.47,75.18,False,2.4,1,False,0.0,75.18,-72.78,True,PAGO_PARCIAL,False
S7AA-0069107614,2002500138,CLIENT_00445,92763575,582891443,FACTURACION CICLICA,AMDOCS,2026-07-23,2026-08-09,PEN,25.14,4.54,29.68,False,4.42,2,False,0.0,29.68,-25.259999999999998,True,PAGO_PARCIAL,False
S7AA-0069488093,2009434261,CLIENT_00759,274096121,10266957,FACTURACION CICLICA,AMDOCS,2026-07-23,2026-08-09,PEN,73.86,13.29,87.15,False,2.1,1,False,0.0,87.15,-85.05000000000001,True,PAGO_PARCIAL,False
S7AA-0069130636,2078183391,CLIENT_00870,132543231,421246557,FACTURACION CICLICA,AMDOCS,2026-07-23,2026-08-09,PEN,44.2,7.95,52.15,False,4.89,1,False,0.0,52.15,-47.26,True,PAGO_PARCIAL,False
S7AA-0069200982,2064524697,CLIENT_00755,938349331,397562857,FACTURACION CICLICA,AMDOCS,2026-07-23,2026-08-09,PEN,67.93,12.22,80.15,False,2.56,2,False,0.0,80.15,-77.59,True,PAGO_PARCIAL,False
S7AA-0069011587,2024388948,CLIENT_00436,41977575,447751601,FACTURACION CICLICA,AMDOCS,2026-07-23,2026-08-09,PEN,36.48,6.57,43.05,False,6.64,1,False,0.0,43.05,-36.41,True,PAGO_PARCIAL,False
S7AA-0069235624,2004492803,CLIENT_00211,347978331,764482857,FACTURACION CICLICA,AMDOCS,2026-07-23,2026-08-09,PEN,73.8,13.28,87.08,False,7.55,1,False,0.0,87.08,-79.53,True,PAGO_PARCIAL,False
S7AA-0069130637,2078183391,CLIENT_00870,132543231,621246557,FACTURACION CICLICA,AMDOCS,2026-07-23,2026-08-09,PEN,44.2,7.95,52.15,False,4.89,1,False,0.0,52.15,-47.26,True,PAGO_PARCIAL,False
S9AA-0083838040,2091907227,CLIENT_00779,37698395,462643757,FACTURACION CICLICA,AMDOCS,2026-08-01,2026-08-13,PEN,109.69,19.74,129.43,False,44.7,1,False,0.0,129.43,-84.73,True,PAGO_PARCIAL,False
S9AA-0083880467,2028858667,CLIENT_00821,87664306,966975067,FACTURACION CICLICA,AMDOCS,2026-08-01,2026-08-13,PEN,23.37,4.21,27.58,False,2.36,1,False,0.0,27.58,-25.22,True,PAGO_PARCIAL,False
S9AA-0084105960,2046269782,CLIENT_00179,70424285,316814657,FACTURACION CICLICA,AMDOCS,2026-08-01,2026-08-13,PEN,40.04,7.21,47.25,False,1.42,1,False,0.0,47.25,-45.83,True,PAGO_PARCIAL,False
S9AA-0083954382,2074327800,CLIENT_00822,78255606,189922057,FACTURACION CICLICA,AMDOCS,2026-08-01,2026-08-13,PEN,121.32,21.83,143.15,False,4.51,1,False,0.0,143.15,-138.64000000000001,True,PAGO_PARCIAL,False
S9AA-0083865971,2091691985,CLIENT_00508,77873195,129741406,FACTURACION CICLICA,AMDOCS,2026-08-01,2026-08-13,PEN,56.66,10.19,66.85,False,12.32,1,False,0.0,66.85,-54.529999999999994,True,PAGO_PARCIAL,False
S9AA-0083416363,2013641602,CLIENT_00728,324491021,351964337,FACTURACION CICLICA,AMDOCS,2026-08-01,2026-08-13,PEN,116.21,20.92,137.13,False,4.0,1,False,0.0,137.13,-133.13,True,PAGO_PARCIAL,False
S9AA-0083374773,2098293784,CLIENT_00265,81864316,75729637,FACTURACION CICLICA,AMDOCS,2026-08-01,2026-08-13,PEN,147.59,26.57,174.16,False,12.45,1,False,0.0,174.16,-161.71,True,PAGO_PARCIAL,False
S9AA-0083438836,2098293784,CLIENT_00265,72959295,179303406,FACTURACION CICLICA,AMDOCS,2026-08-01,2026-08-13,PEN,145.05,26.1,171.15,False,13.0,1,False,0.0,171.15,-158.15,True,PAGO_PARCIAL,False
S9AA-0083763075,2079015638,CLIENT_00600,46729795,798244957,FACTURACION CICLICA,AMDOCS,2026-08-01,2026-08-13,PEN,61.92,11.16,73.08,False,1.58,1,False,0.0,73.08,-71.5,True,PAGO_PARCIAL,False
S9AA-0083954381,2074327800,CLIENT_00822,78255606,255622057,FACTURACION CICLICA,AMDOCS,2026-08-01,2026-08-13,PEN,91.6,16.49,108.08,False,3.05,1,False,0.0,108.08,-105.03,True,PAGO_PARCIAL,False
S9AA-0083853148,2013129077,CLIENT_00742,57302695,286249447,FACTURACION CICLICA,AMDOCS,2026-08-01,2026-08-13,PEN,106.36,19.15,125.51,False,3.61,1,False,0.0,125.51,-121.9,True,PAGO_PARCIAL,False
S9AA-0083941347,2007644775,CLIENT_00890,68757095,857480406,FACTURACION CICLICA,AMDOCS,2026-08-01,2026-08-13,PEN,118.87,21.41,140.28,False,3.54,1,False,0.0,140.28,-136.74,True,PAGO_PARCIAL,False
S9AA-0083899327,2078692933,CLIENT_00993,18160985,752519306,FACTURACION CICLICA,AMDOCS,2026-08-01,2026-08-13,PEN,50.13,9.02,59.15,False,25.26,1,False,0.0,59.15,-33.89,True,PAGO_PARCIAL,False
S9AA-0083912464,2036631349,CLIENT_00307,289009821,229924057,FACTURACION CICLICA,AMDOCS,2026-08-01,2026-08-13,PEN,67.63,12.17,79.8,False,0.44,1,False,0.0,79.8,-79.36,True,PAGO_PARCIAL,False
S9AA-0083438074,2078692933,CLIENT_00993,72356185,353361306,FACTURACION CICLICA,AMDOCS,2026-08-01,2026-08-13,PEN,54.99,9.9,64.89,False,25.26,1,False,0.0,64.89,-39.629999999999995,True,PAGO_PARCIAL,False
FFBG-00155045,2029902035,CLIENT_00756,10382,33988100,FACTURACION ACICLICA,ISIS,2026-06-03,2026-07-03,PEN,10335.38,1860.37,12195.75,True,3572.27,2,True,0.0,12195.75,-8623.48,True,PAGO_PARCIAL,False
FFBG-00155670,2029902035,CLIENT_00756,10382,33988100,FACTURACION ACICLICA,ISIS,2026-06-23,2026-07-13,PEN,488.31,87.9,576.21,True,170.12,2,True,0.0,576.21,-406.09000000000003,True,PAGO_PARCIAL,False
FFBG-00154854,2028712026,CLIENT_00204,511200,35535000,FACTURACION ACICLICA,ISIS,2026-06-03,2026-07-03,PEN,3365.96,605.87,3971.84,True,1163.39,2,True,0.0,3971.84,-2808.45,True,PAGO_PARCIAL,False
FFBG-00154883,2015985357,CLIENT_00738,367710,14535000,FACTURACION ACICLICA,ISIS,2026-06-03,2026-07-03,PEN,610.07,109.81,719.88,True,210.86,2,True,0.0,719.88,-509.02,True,PAGO_PARCIAL,False
FFBG-00155662,2078066090,CLIENT_00801,319222,89986100,FACTURACION ACICLICA,ISIS,2026-06-23,2026-07-13,PEN,128.81,23.18,152.0,True,44.88,1,True,0.0,152.0,-107.12,True,PAGO_PARCIAL,False
FFBG-00155146,2027825543,CLIENT_00857,256943,51339200,FACTURACION ACICLICA,ISIS,2026-06-03,2026-07-03,PEN,847.47,152.54,1000.01,True,29.32,1,True,0.0,1000.01,-970.6899999999999,True,PAGO_PARCIAL,False
FFBG-00154717,2078066090,CLIENT_00801,319222,89986100,FACTURACION ACICLICA,ISIS,2026-05-29,2026-06-18,PEN,134.15,24.14,158.29,True,46.34,1,True,0.0,158.29,-111.94999999999999,True,PAGO_PARCIAL,False
FFBG-00154570,2029902035,CLIENT_00756,10382,33988100,FACTURACION ACICLICA,ISIS,2026-05-27,2026-06-16,PEN,194.85,35.07,229.92,True,67.23,1,True,0.0,229.92,-162.69,True,PAGO_PARCIAL,False
FFBG-00155932,2029902035,CLIENT_00756,10382,33988100,FACTURACION ACICLICA,ISIS,2026-06-25,2026-07-25,PEN,10368.69,1866.36,12235.05,True,3570.96,2,True,0.0,12235.05,-8664.09,True,PAGO_PARCIAL,False
FFBG-00155792,2028712026,CLIENT_00204,511200,35535000,FACTURACION ACICLICA,ISIS,2026-06-25,2026-07-25,PEN,4279.7,770.35,5050.05,True,1474.4699999999998,2,True,0.0,5050.05,-3575.5800000000004,True,PAGO_PARCIAL,False
FFBG-00155819,2015985357,CLIENT_00738,367710,14535000,FACTURACION ACICLICA,ISIS,2026-06-25,2026-07-25,PEN,1021.82,183.93,1205.74,True,351.98999999999995,2,True,0.0,1205.74,-853.75,True,PAGO_PARCIAL,False
FFBG-00153356,2028712026,CLIENT_00204,511200,35535000,FACTURACION ACICLICA,ISIS,2026-04-27,2026-05-27,PEN,4381.11,788.6,5169.71,True,1337.67,1,True,0.0,5169.71,-3832.04,True,PAGO_PARCIAL,False
FFBG-00154725,2029902035,CLIENT_00756,10382,33988100,FACTURACION ACICLICA,ISIS,2026-05-29,2026-06-18,PEN,476.74,85.81,562.55,True,145.01,1,True,0.0,562.55,-417.53999999999996,True,PAGO_PARCIAL,False
S5AA-0064666244,2093200767,CLIENT_00680,71589195,163702406,FACTURACION CICLICA,AMDOCS,2024-11-18,2024-12-05,PEN,169.43,30.49,199.92,False,184.0,1,False,0.0,199.92,-15.919999999999987,True,PAGO_PARCIAL,False
S5AA-0040413241,2010136133,CLIENT_00057,4605595,996312737,FACTURACION CICLICA,AMDOCS,2023-04-18,2023-05-09,PEN,53.26,9.6,62.86,False,10.82,1,False,0.0,62.86,-52.04,True,PAGO_PARCIAL,False
S9AA-0037818410,2028857166,CLIENT_00631,71720706,330886506,FACTURACION CICLICA,AMDOCS,2023-06-01,2023-06-22,PEN,45.15,8.12,53.27,False,24.87,1,False,0.0,53.27,-28.400000000000002,True,PAGO_PARCIAL,False
S9AA-0038185745,2028857166,CLIENT_00631,93250706,140886506,FACTURACION CICLICA,AMDOCS,2023-06-01,2023-06-22,PEN,65.2,11.73,76.93,False,2.56,1,False,0.0,76.93,-74.37,True,PAGO_PARCIAL,False
S5AA-0065801543,2093200767,CLIENT_00680,71589195,163702406,FACTURACION CICLICA,AMDOCS,2024-12-18,2025-01-05,PEN,107.31,19.32,126.63,False,53.06,1,False,0.0,126.63,-73.57,True,PAGO_PARCIAL,False
S7AA-0049651803,2015336861,CLIENT_00247,53941575,362083123,FACTURACION CICLICA,AMDOCS,2024-12-23,2025-01-09,PEN,25.45,4.58,30.03,False,2.9,1,False,0.0,30.03,-27.130000000000003,True,PAGO_PARCIAL,False
S4AA-0003738380,2068263724,CLIENT_00962,951540421,442485357,FACTURACION CICLICA,AMDOCS,2025-05-09,2025-05-25,PEN,64.55,9.72,74.27,False,59.39,2,False,0.0,74.27,-14.879999999999995,True,PAGO_PARCIAL,False
S4AA-0004095773,2068263724,CLIENT_00962,951540421,442485357,FACTURACION CICLICA,AMDOCS,2025-06-09,2025-06-25,PEN,63.89,9.61,73.5,False,10.5,1,False,0.0,73.5,-63.0,True,PAGO_PARCIAL,False
S1AA-0043459333,2026242865,CLIENT_00930,9330575,601590817,FACTURACION CICLICA,AMDOCS,2025-06-05,2025-06-21,PEN,118.59,21.34,139.93,False,23.32,1,False,0.0,139.93,-116.61000000000001,True,PAGO_PARCIAL,False
S4AA-0004475620,2068263724,CLIENT_00962,951540421,442485357,FACTURACION CICLICA,AMDOCS,2025-07-09,2025-07-25,PEN,63.89,9.61,73.5,False,18.41,2,False,0.0,73.5,-55.09,True,PAGO_PARCIAL,False
S9AA-0075486333,2045309501,CLIENT_00511,4656085,572360306,FACTURACION CICLICA,AMDOCS,2025-11-01,2025-11-17,PEN,95.98,17.28,113.26,False,5.57,1,False,0.0,113.26,-107.69,True,PAGO_PARCIAL,False
S9AA-0076033663,2098283606,CLIENT_00347,49333685,454146306,FACTURACION CICLICA,AMDOCS,2025-11-01,2025-11-17,PEN,4.69,0.84,5.53,False,0.28,1,False,0.0,5.53,-5.25,True,PAGO_PARCIAL,False
S9AA-0076164576,2050440165,CLIENT_00596,70524006,464911506,FACTURACION CICLICA,AMDOCS,2025-12-01,2025-12-17,PEN,113.18,20.38,133.56,False,6.65,1,False,0.0,133.56,-126.91,True,PAGO_PARCIAL,False
S9AA-0077022030,2098283606,CLIENT_00347,49333685,454146306,FACTURACION CICLICA,AMDOCS,2025-12-01,2025-12-17,PEN,151.5,27.28,178.78,False,7.04,1,False,0.0,178.78,-171.74,True,PAGO_PARCIAL,False
S9AA-0076904724,2050440165,CLIENT_00596,28793006,654911506,FACTURACION CICLICA,AMDOCS,2025-12-01,2025-12-17,PEN,32.39,5.83,38.22,False,1.89,1,False,0.0,38.22,-36.33,True,PAGO_PARCIAL,False
S5AA-0076122451,2012453412,CLIENT_00293,31688106,503581506,FACTURACION CICLICA,AMDOCS,2025-11-18,2025-12-05,PEN,174.35,31.38,205.73,False,0.32,1,False,0.0,205.73,-205.41,True,PAGO_PARCIAL,False
S9AA-0076488657,2045309501,CLIENT_00511,4656085,572360306,FACTURACION CICLICA,AMDOCS,2025-12-01,2025-12-17,PEN,95.98,17.28,113.26,False,40.19,1,False,0.0,113.26,-73.07000000000001,True,PAGO_PARCIAL,False
S9AA-0077880751,2050440165,CLIENT_00596,28793006,654911506,FACTURACION CICLICA,AMDOCS,2026-01-01,2026-01-17,PEN,32.46,5.83,38.29,False,3.71,1,False,0.0,38.29,-34.58,True,PAGO_PARCIAL,False
S9AA-0077996468,2098283606,CLIENT_00347,49333685,454146306,FACTURACION CICLICA,AMDOCS,2026-01-01,2026-01-17,PEN,4.63,0.83,5.46,False,0.25,1,False,0.0,5.46,-5.21,True,PAGO_PARCIAL,False
S8AA-0007813176,2033817024,CLIENT_00437,974724031,772417257,FACTURACION CICLICA,AMDOCS,2026-06-27,2026-07-13,PEN,20.53,3.69,24.22,False,24.200000000000003,2,False,6.3,17.919999999999998,6.280000000000005,True,SOBREPAGO,False
S9AA-0077773070,2045407090,CLIENT_00403,17481395,325623406,FACTURACION CICLICA,AMDOCS,2026-01-01,2026-01-17,PEN,58.67,10.56,69.23,False,2.1,1,False,0.0,69.23,-67.13000000000001,True,PAGO_PARCIAL,False
S9AA-0077130981,2018400793,CLIENT_00541,50520895,862508406,FACTURACION CICLICA,AMDOCS,2026-01-01,2026-01-17,PEN,272.76,49.1,321.86,False,16.07,1,False,0.0,321.86,-305.79,True,PAGO_PARCIAL,False
S1AA-0048175044,2088594219,CLIENT_00472,867231521,748632957,FACTURACION CICLICA,AMDOCS,2026-01-05,2026-01-21,PEN,39.45,7.1,46.55,False,28.16,1,False,0.0,46.55,-18.389999999999997,True,PAGO_PARCIAL,False
S7AA-0068471446,2008309257,CLIENT_00999,887189821,498745057,FACTURACION CICLICA,AMDOCS,2026-06-23,2026-07-09,PEN,106.43,19.15,125.58,False,125.55,2,False,0.0,125.58,-0.030000000000001137,True,PAGO_PARCIAL,True
S4AA-0006387597,2001445858,CLIENT_00550,130243421,939589547,FACTURACION CICLICA,AMDOCS,2026-01-09,2026-01-25,PEN,111.47,20.06,131.53,False,66.85,1,False,0.0,131.53,-64.68,True,PAGO_PARCIAL,False
S1AA-0048175049,2088594219,CLIENT_00472,867231521,377732957,FACTURACION CICLICA,AMDOCS,2026-01-05,2026-01-21,PEN,39.45,7.1,46.55,False,28.16,1,False,0.0,46.55,-18.389999999999997,True,PAGO_PARCIAL,False
S1AA-0048175042,2088594219,CLIENT_00472,867231521,618532957,FACTURACION CICLICA,AMDOCS,2026-01-05,2026-01-21,PEN,39.45,7.1,46.55,False,28.16,1,False,0.0,46.55,-18.389999999999997,True,PAGO_PARCIAL,False
S9AA-0077150487,2050440165,CLIENT_00596,70524006,464911506,FACTURACION CICLICA,AMDOCS,2026-01-01,2026-01-17,PEN,113.25,20.38,133.63,False,12.92,1,False,0.0,133.63,-120.71,True,PAGO_PARCIAL,False
S9AA-0082269345,2095085624,CLIENT_00622,62804406,813516057,FACTURACION CICLICA,AMDOCS,2026-06-01,2026-06-17,PEN,56.06,10.09,66.15,False,62.06,1,False,0.0,66.15,-4.090000000000003,True,PAGO_PARCIAL,False
S3AA-0073654748,2009056636,CLIENT_00705,185578121,8521737,FACTURACION CICLICA,AMDOCS,2026-01-15,2026-02-01,PEN,288.19,51.87,340.06,False,70.11,1,False,0.0,340.06,-269.95,True,PAGO_PARCIAL,False
S5AA-0077629836,2043108067,CLIENT_00772,95734385,204243306,FACTURACION CICLICA,AMDOCS,2026-01-18,2026-02-05,PEN,29.67,5.33,35.0,False,8.75,1,False,0.0,35.0,-26.25,True,PAGO_PARCIAL,False
S1AA-0048175046,2088594219,CLIENT_00472,867231521,431732957,FACTURACION CICLICA,AMDOCS,2026-01-05,2026-01-21,PEN,40.75,7.34,48.09,False,29.7,1,False,0.0,48.09,-18.390000000000004,True,PAGO_PARCIAL,False
S9AA-0078469179,2050544462,CLIENT_00635,17572385,717423306,FACTURACION CICLICA,AMDOCS,2026-02-01,2026-02-17,PEN,27.76,5.01,32.76,False,6.55,1,False,0.0,32.76,-26.209999999999997,True,PAGO_PARCIAL,False
S7AA-0063830685,2051349743,CLIENT_00257,859428801,295046857,FACTURACION CICLICA,AMDOCS,2026-01-23,2026-02-09,PEN,17.14,3.09,20.23,False,1.23,1,False,0.0,20.23,-19.0,True,PAGO_PARCIAL,False
S7AA-0063488667,2034304441,CLIENT_00500,52157575,789975857,FACTURACION CICLICA,AMDOCS,2026-01-23,2026-02-09,PEN,26.4,4.75,31.15,False,20.34,1,False,0.0,31.15,-10.809999999999999,True,PAGO_PARCIAL,False
S5AA-0077283804,2002509216,CLIENT_00632,416197431,803255957,FACTURACION CICLICA,AMDOCS,2026-01-18,2026-02-05,PEN,48.1,8.67,56.77,False,2.17,1,False,0.0,56.77,-54.6,True,PAGO_PARCIAL,False
S8AA-0007898860,2082378549,CLIENT_00977,247828421,766824347,FACTURACION CICLICA,AMDOCS,2026-06-27,2026-07-13,PEN,137.57,24.76,162.33,False,162.33,1,False,37.88,124.45000000000002,37.879999999999995,True,SOBREPAGO,False
S9AA-0078704932,2098283606,CLIENT_00347,49333685,454146306,FACTURACION CICLICA,AMDOCS,2026-02-01,2026-02-17,PEN,3.8,0.68,4.48,False,0.21,1,False,0.0,4.48,-4.2700000000000005,True,PAGO_PARCIAL,False
S9AA-0078790685,2018400793,CLIENT_00541,50520895,862508406,FACTURACION CICLICA,AMDOCS,2026-02-01,2026-02-17,PEN,205.96,37.08,243.04,False,6.27,1,False,0.0,243.04,-236.76999999999998,True,PAGO_PARCIAL,False
S9AA-0082148410,2038848428,CLIENT_00847,218247821,656381057,FACTURACION CICLICA,AMDOCS,2026-06-01,2026-06-17,PEN,26.4,4.75,31.15,False,12.08,1,False,11.17,19.979999999999997,-7.899999999999997,True,PAGO_PARCIAL,False
S8AA-0007832605,2090067728,CLIENT_00394,381932431,540017857,FACTURACION CICLICA,AMDOCS,2026-06-27,2026-07-13,PEN,23.44,4.21,27.65,False,17.86,2,False,9.77,17.88,-0.019999999999999574,True,PAGO_PARCIAL,True
S8AA-0007798291,2085903598,CLIENT_00188,377600331,663396657,FACTURACION CICLICA,AMDOCS,2026-06-27,2026-07-13,PEN,26.33,4.75,31.08,False,31.08,1,False,1.86,29.22,1.8599999999999994,True,SOBREPAGO,False
S5AA-0078294559,2043108067,CLIENT_00772,95734385,204243306,FACTURACION CICLICA,AMDOCS,2026-02-18,2026-03-05,PEN,29.6,5.33,34.93,False,2.8,1,False,0.0,34.93,-32.13,True,PAGO_PARCIAL,False
S5AA-0078233180,2079015638,CLIENT_00600,15637585,704385306,FACTURACION CICLICA,AMDOCS,2026-02-18,2026-03-05,PEN,66.09,11.89,77.98,False,3.89,1,False,0.0,77.98,-74.09,True,PAGO_PARCIAL,False
S9AA-0082278736,2047900690,CLIENT_00224,726970231,557591557,FACTURACION CICLICA,AMDOCS,2026-06-01,2026-06-17,PEN,55.99,10.09,66.08,False,66.08,1,False,2.1,63.98,2.1000000000000014,True,SOBREPAGO,False
S5AA-0078449526,2009716777,CLIENT_00151,97228806,111598506,FACTURACION CICLICA,AMDOCS,2026-02-18,2026-03-05,PEN,36.72,6.61,43.33,False,17.33,1,False,0.0,43.33,-26.0,True,PAGO_PARCIAL,False
S9AA-0082356705,2070947882,CLIENT_00260,630918131,187028557,FACTURACION CICLICA,AMDOCS,2026-06-01,2026-06-17,PEN,109.45,19.7,129.15,False,121.0,1,False,0.0,129.15,-8.150000000000006,True,PAGO_PARCIAL,False
S5AA-0077998387,2012895360,CLIENT_00264,516755121,384214637,FACTURACION CICLICA,AMDOCS,2026-02-18,2026-03-05,PEN,19.8,3.58,23.38,False,22.54,1,False,0.0,23.38,-0.8399999999999999,True,PAGO_PARCIAL,False
S9AA-0081777431,2006503400,CLIENT_00037,966673111,751447357,FACTURACION CICLICA,AMDOCS,2026-06-01,2026-06-17,PEN,165.63,29.81,195.44,False,195.44,1,False,5.92,189.52,5.9199999999999875,True,SOBREPAGO,False
S9AA-0079640822,2018400793,CLIENT_00541,50520895,862508406,FACTURACION CICLICA,AMDOCS,2026-03-01,2026-03-17,PEN,19.04,3.43,22.47,False,1.12,1,False,0.0,22.47,-21.349999999999998,True,PAGO_PARCIAL,False
S8AA-0007888120,2002866357,CLIENT_00707,833798331,322612857,FACTURACION CICLICA,AMDOCS,2026-06-27,2026-07-13,PEN,103.52,18.63,122.15,False,122.15,1,False,3.97,118.18,3.969999999999999,True,SOBREPAGO,False
S9AA-0079577327,2098283606,CLIENT_00347,49333685,454146306,FACTURACION CICLICA,AMDOCS,2026-03-01,2026-03-17,PEN,3.98,0.71,4.69,False,0.21,1,False,0.0,4.69,-4.48,True,PAGO_PARCIAL,False
S9AA-0079021581,2020514932,CLIENT_00614,33041185,632327757,FACTURACION CICLICA,AMDOCS,2026-03-01,2026-03-17,PEN,133.06,23.95,157.01,False,24.08,1,False,0.0,157.01,-132.93,True,PAGO_PARCIAL,False
S9AA-0079353926,2050544462,CLIENT_00635,17572385,717423306,FACTURACION CICLICA,AMDOCS,2026-03-01,2026-03-17,PEN,27.83,5.01,32.83,False,6.55,1,False,0.0,32.83,-26.279999999999998,True,PAGO_PARCIAL,False
S8AA-0007864989,2029524666,CLIENT_00651,491668521,301333547,FACTURACION CICLICA,AMDOCS,2026-06-27,2026-07-13,PEN,63.78,11.47,75.25,False,75.22,2,False,0.0,75.25,-0.030000000000001137,True,PAGO_PARCIAL,True
S9AA-0082187100,2037925283,CLIENT_00384,71478395,394693406,FACTURACION CICLICA,AMDOCS,2026-06-01,2026-06-17,PEN,122.14,21.99,144.13,False,139.83,1,False,57.65,86.47999999999999,53.35000000000002,True,SOBREPAGO,False
S9AA-0081881457,2057822132,CLIENT_00808,18529606,321431757,FACTURACION CICLICA,AMDOCS,2026-06-01,2026-06-17,PEN,53.33,9.6,62.93,False,62.93,1,False,6.29,56.64,6.289999999999999,True,SOBREPAGO,False
S8AA-0008010385,2090597659,CLIENT_00606,509664721,717790847,FACTURACION CICLICA,AMDOCS,2026-06-27,2026-07-13,PEN,25.7,4.61,30.32,False,30.31,1,False,0.0,30.32,-0.010000000000001563,True,PAGO_PARCIAL,True
S9AA-0081907773,2075533541,CLIENT_00465,48285006,171593857,FACTURACION CICLICA,AMDOCS,2026-06-01,2026-06-17,PEN,115.63,20.8,136.43,False,109.13,1,False,0.0,136.43,-27.30000000000001,True,PAGO_PARCIAL,False
S4AA-0007187118,2088634271,CLIENT_00692,494446131,828572067,FACTURACION CICLICA,AMDOCS,2026-03-09,2026-03-25,PEN,26.04,4.69,30.73,False,1.16,1,False,0.0,30.73,-29.57,True,PAGO_PARCIAL,False
S9AA-0082067104,2072252949,CLIENT_00944,30497716,910378606,FACTURACION CICLICA,AMDOCS,2026-06-01,2026-06-17,PEN,50.06,9.02,59.08,False,51.84,1,False,0.0,59.08,-7.239999999999995,True,PAGO_PARCIAL,False
S9AA-0082123951,2075533541,CLIENT_00465,900914431,762299857,FACTURACION CICLICA,AMDOCS,2026-06-01,2026-06-17,PEN,37.43,6.74,44.17,False,22.09,1,False,0.0,44.17,-22.080000000000002,True,PAGO_PARCIAL,False
S3AA-0075827701,2070960858,CLIENT_00456,244253411,19927957,FACTURACION CICLICA,AMDOCS,2026-03-15,2026-04-01,PEN,53.69,9.66,63.35,False,4.48,1,False,0.0,63.35,-58.870000000000005,True,PAGO_PARCIAL,False
S8AA-0008076462,2017913151,CLIENT_00482,626911331,242968657,FACTURACION CICLICA,AMDOCS,2026-06-27,2026-07-13,PEN,26.33,4.75,31.08,False,31.08,1,False,0.93,30.15,0.9299999999999997,True,SOBREPAGO,False
S3AA-0076468218,2070960858,CLIENT_00456,401913421,389927957,FACTURACION CICLICA,AMDOCS,2026-03-15,2026-04-01,PEN,38.26,6.89,45.15,False,0.25,1,False,0.0,45.15,-44.9,True,PAGO_PARCIAL,False
S9AA-0082116900,2021259203,CLIENT_00271,90443085,371530306,FACTURACION CICLICA,AMDOCS,2026-06-01,2026-06-17,PEN,56.41,10.16,66.57,False,53.24,1,False,0.0,66.57,-13.329999999999991,True,PAGO_PARCIAL,False
S5AA-0078905683,2091789509,CLIENT_00886,13715295,362362406,FACTURACION CICLICA,AMDOCS,2026-03-18,2026-04-05,PEN,58.67,10.56,69.23,False,41.51,1,False,0.0,69.23,-27.720000000000006,True,PAGO_PARCIAL,False
S5AA-0079093949,2079015638,CLIENT_00600,15637585,704385306,FACTURACION CICLICA,AMDOCS,2026-03-18,2026-04-05,PEN,66.09,11.89,77.98,False,1.12,1,False,0.0,77.98,-76.86,True,PAGO_PARCIAL,False
S5AA-0079268573,2009716777,CLIENT_00151,97228806,111598506,FACTURACION CICLICA,AMDOCS,2026-03-18,2026-04-05,PEN,36.72,6.61,43.33,False,17.33,1,False,0.0,43.33,-26.0,True,PAGO_PARCIAL,False
S7AA-0065416489,2019876876,CLIENT_00461,428478431,1596957,FACTURACION CICLICA,AMDOCS,2026-03-23,2026-04-09,PEN,53.33,9.6,62.93,False,10.15,1,False,0.0,62.93,-52.78,True,PAGO_PARCIAL,False
S8AA-0007089655,2044662368,CLIENT_00741,866009421,419573947,FACTURACION CICLICA,AMDOCS,2026-03-27,2026-04-13,PEN,53.33,9.6,62.93,False,9.63,1,False,0.0,62.93,-53.3,True,PAGO_PARCIAL,False
S9AA-0082302058,2097027071,CLIENT_00616,33164911,601371237,FACTURACION CICLICA,AMDOCS,2026-06-01,2026-06-17,PEN,107.72,19.4,127.12,False,50.4,1,False,0.0,127.12,-76.72,True,PAGO_PARCIAL,False
S9AA-0080472678,2098363854,CLIENT_00063,66883006,651430506,FACTURACION CICLICA,AMDOCS,2026-04-01,2026-04-17,PEN,94.86,17.07,111.93,False,110.57,1,False,0.0,111.93,-1.3600000000000136,True,PAGO_PARCIAL,False
S9AA-0082109963,2074789528,CLIENT_00143,80572906,782449506,FACTURACION CICLICA,AMDOCS,2026-06-01,2026-06-17,PEN,116.21,20.92,137.13,False,109.69,1,False,0.0,137.13,-27.439999999999998,True,PAGO_PARCIAL,False
S9AA-0080373208,2019605219,CLIENT_00561,45201606,348881067,FACTURACION CICLICA,AMDOCS,2026-04-01,2026-04-17,PEN,139.17,25.05,164.22,False,98.53,1,False,0.0,164.22,-65.69,True,PAGO_PARCIAL,False
S9AA-0080563553,2029459942,CLIENT_00434,670143411,993722637,FACTURACION CICLICA,AMDOCS,2026-04-01,2026-04-17,PEN,94.86,17.07,111.93,False,55.06,1,False,0.0,111.93,-56.870000000000005,True,PAGO_PARCIAL,False
S9AA-0080220556,2042893140,CLIENT_00665,739641521,713310447,FACTURACION CICLICA,AMDOCS,2026-04-01,2026-04-17,PEN,5.87,1.06,6.93,False,0.32,1,False,0.0,6.93,-6.609999999999999,True,PAGO_PARCIAL,False
S9AA-0080515559,2050544462,CLIENT_00635,17572385,717423306,FACTURACION CICLICA,AMDOCS,2026-04-01,2026-04-17,PEN,9.91,1.78,11.69,False,2.31,1,False,0.0,11.69,-9.379999999999999,True,PAGO_PARCIAL,False
S9AA-0080305111,2098363854,CLIENT_00063,74454006,461430506,FACTURACION CICLICA,AMDOCS,2026-04-01,2026-04-17,PEN,94.86,17.07,111.93,False,110.57,1,False,0.0,111.93,-1.3600000000000136,True,PAGO_PARCIAL,False
S9AA-0080645234,2070293430,CLIENT_00648,581801031,75168557,FACTURACION CICLICA,AMDOCS,2026-04-01,2026-04-17,PEN,41.47,7.46,48.93,False,23.42,1,False,0.0,48.93,-25.509999999999998,True,PAGO_PARCIAL,False
S9AA-0080654978,2010586766,CLIENT_00495,68430995,810619857,FACTURACION CICLICA,AMDOCS,2026-04-01,2026-04-17,PEN,20.53,3.69,24.22,False,4.31,1,False,0.0,24.22,-19.91,True,PAGO_PARCIAL,False
S9AA-0080592655,2028873503,CLIENT_00053,97156695,991195657,FACTURACION CICLICA,AMDOCS,2026-04-01,2026-04-17,PEN,93.91,16.91,110.81,False,57.65,1,False,0.0,110.81,-53.160000000000004,True,PAGO_PARCIAL,False
S5AA-0081131415,2070397154,CLIENT_00392,3511006,191196957,FACTURACION CICLICA,AMDOCS,2026-06-18,2026-07-05,PEN,79.02,14.22,93.24,False,91.21,1,False,0.0,93.24,-2.030000000000001,True,PAGO_PARCIAL,False
S6AA-0000085521,2040677842,CLIENT_00666,966296531,342129067,FACTURACION CICLICA,AMDOCS,2026-06-20,2026-07-03,PEN,20.53,3.69,24.22,False,23.5,2,False,1.39,22.83,0.6700000000000017,True,SOBREPAGO,False
S5AA-0081462151,2030044604,CLIENT_00861,672794011,529987917,FACTURACION CICLICA,AMDOCS,2026-06-18,2026-07-05,PEN,31.38,5.65,37.03,False,37.03,1,False,2.47,34.56,2.469999999999999,True,SOBREPAGO,False
S5AA-0081290928,2047640143,CLIENT_00114,25359406,6456757,FACTURACION CICLICA,AMDOCS,2026-06-18,2026-07-05,PEN,100.79,18.14,118.93,False,118.93,1,False,3.97,114.96000000000001,3.969999999999999,True,SOBREPAGO,False
S5AA-0081336469,2071170607,CLIENT_00207,95119385,436783306,FACTURACION CICLICA,AMDOCS,2026-06-18,2026-07-05,PEN,68.16,12.27,80.43,False,80.47,1,False,0.0,80.43,0.03999999999999204,True,SOBREPAGO,True
S1AA-0053632060,2027441094,CLIENT_00355,88103575,424078533,FACTURACION CICLICA,AMDOCS,2026-08-05,2026-08-18,PEN,27.76,5.0,32.76,False,0.86,1,False,0.0,32.76,-31.9,False,PAGO_PARCIAL,False
S1AA-0053052912,2018117869,CLIENT_00044,101568521,776498747,FACTURACION CICLICA,AMDOCS,2026-08-05,2026-08-18,PEN,105.29,18.96,124.25,False,9.2,1,False,0.0,124.25,-115.05,False,PAGO_PARCIAL,False
S1AA-0053584239,2018723284,CLIENT_00943,18152575,87358501,FACTURACION CICLICA,AMDOCS,2026-08-05,2026-08-18,PEN,20.53,3.69,24.22,False,1.36,1,False,0.0,24.22,-22.86,False,PAGO_PARCIAL,False
S7AA-0068843750,2078183391,CLIENT_00870,132543231,621246557,FACTURACION CICLICA,AMDOCS,2026-06-23,2026-07-09,PEN,41.47,7.46,48.93,False,48.93,1,False,4.89,44.04,4.890000000000001,True,SOBREPAGO,False
S6AA-0000060630,2020585312,CLIENT_00189,415645531,921296067,FACTURACION CICLICA,AMDOCS,2026-06-20,2026-07-03,PEN,20.53,3.69,24.22,False,22.099999999999998,2,False,0.0,24.22,-2.120000000000001,True,PAGO_PARCIAL,False
S6AA-0000060629,2020585312,CLIENT_00189,415645531,416686067,FACTURACION CICLICA,AMDOCS,2026-06-20,2026-07-03,PEN,20.53,3.69,24.22,False,22.099999999999998,2,False,2.1,22.119999999999997,-0.019999999999999574,True,PAGO_PARCIAL,True
S1AA-0053692868,2084457504,CLIENT_00941,79350575,166392023,FACTURACION CICLICA,AMDOCS,2026-08-05,2026-08-18,PEN,45.98,8.27,54.25,False,11.52,1,False,0.0,54.25,-42.730000000000004,False,PAGO_PARCIAL,False
S1AA-0053675680,2003418714,CLIENT_00435,498701821,148491947,FACTURACION CICLICA,AMDOCS,2026-08-05,2026-08-18,PEN,682.2,122.8,805.0,False,203.35,1,False,0.0,805.0,-601.65,False,PAGO_PARCIAL,False
S1AA-0053332998,2022413606,CLIENT_00407,449549531,6503167,FACTURACION CICLICA,AMDOCS,2026-08-05,2026-08-18,PEN,26.33,4.75,31.08,False,6.3,2,False,0.0,31.08,-24.779999999999998,False,PAGO_PARCIAL,False
S1AA-0053501227,2056921911,CLIENT_00644,864899231,159084857,FACTURACION CICLICA,AMDOCS,2026-08-05,2026-08-18,PEN,44.13,7.95,52.08,False,1.58,1,False,0.0,52.08,-50.5,False,PAGO_PARCIAL,False
S1AA-0053708592,2050766085,CLIENT_00699,994931321,569464047,FACTURACION CICLICA,AMDOCS,2026-08-05,2026-08-18,PEN,21.71,3.91,25.62,False,1.45,1,False,0.0,25.62,-24.17,False,PAGO_PARCIAL,False
S1AA-0053630576,2068445567,CLIENT_00718,789395911,782351167,FACTURACION CICLICA,AMDOCS,2026-08-05,2026-08-18,PEN,26.33,4.75,31.08,False,1.8,1,False,0.0,31.08,-29.279999999999998,False,PAGO_PARCIAL,False
S1AA-0053167768,2031711814,CLIENT_00408,26702221,218307547,FACTURACION CICLICA,AMDOCS,2026-08-05,2026-08-18,PEN,94.55,17.03,111.58,False,7.0,2,False,0.0,111.58,-104.58,False,PAGO_PARCIAL,False
S1AA-0050634980,2045425222,CLIENT_00363,847321321,306770047,FACTURACION CICLICA,AMDOCS,2026-04-05,2026-04-21,PEN,13.11,2.36,15.47,False,3.85,1,False,0.0,15.47,-11.620000000000001,True,PAGO_PARCIAL,False
S4AA-0007514382,2093894628,CLIENT_00356,289769331,640903857,FACTURACION CICLICA,AMDOCS,2026-04-09,2026-04-25,PEN,22.41,4.05,26.46,False,4.17,1,False,0.0,26.46,-22.29,True,PAGO_PARCIAL,False
S4AA-0007361884,2091901431,CLIENT_00297,537599131,363980557,FACTURACION CICLICA,AMDOCS,2026-04-09,2026-04-25,PEN,34.82,6.27,41.09,False,8.33,1,False,0.0,41.09,-32.760000000000005,True,PAGO_PARCIAL,False
S9AA-0082281660,2074037343,CLIENT_00670,82289685,405807306,FACTURACION CICLICA,AMDOCS,2026-06-01,2026-06-17,PEN,118.94,21.41,140.35,False,112.28,1,False,0.0,140.35,-28.069999999999993,True,PAGO_PARCIAL,False
S3AA-0077411679,2027698007,CLIENT_00990,687330621,848818657,FACTURACION CICLICA,AMDOCS,2026-04-15,2026-05-01,PEN,80.02,14.41,94.43,False,41.86,1,False,0.0,94.43,-52.57000000000001,True,PAGO_PARCIAL,False
S3AA-0077018242,2006459799,CLIENT_00837,74471575,956140983,FACTURACION CICLICA,AMDOCS,2026-04-15,2026-05-01,PEN,18.98,3.42,22.4,False,10.96,1,False,0.0,22.4,-11.439999999999998,True,PAGO_PARCIAL,False
S5AA-0079687035,2007306359,CLIENT_00438,71762285,31722306,FACTURACION CICLICA,AMDOCS,2026-04-18,2026-05-05,PEN,192.27,34.6,226.87,False,136.12,1,False,0.0,226.87,-90.75,True,PAGO_PARCIAL,False
S3AA-0077364611,2082156443,CLIENT_00237,28763575,92103733,FACTURACION CICLICA,AMDOCS,2026-04-15,2026-05-01,PEN,33.03,5.96,38.99,False,20.97,1,False,0.0,38.99,-18.020000000000003,True,PAGO_PARCIAL,False
S5AA-0079981919,2051257434,CLIENT_00942,659474221,739516837,FACTURACION CICLICA,AMDOCS,2026-04-18,2026-05-05,PEN,119.9,21.57,141.47,False,80.5,1,False,0.0,141.47,-60.97,True,PAGO_PARCIAL,False
S5AA-0079703254,2008582435,CLIENT_00170,91328716,876578606,FACTURACION CICLICA,AMDOCS,2026-04-18,2026-05-05,PEN,25.45,4.59,30.03,False,21.0,1,False,0.0,30.03,-9.030000000000001,True,PAGO_PARCIAL,False
S9AA-0082469555,2068789568,CLIENT_00153,94825706,282781957,FACTURACION CICLICA,AMDOCS,2026-06-01,2026-06-17,PEN,59.26,10.67,69.93,False,48.93,1,False,0.0,69.93,-21.000000000000007,True,PAGO_PARCIAL,False
S5AA-0080151010,2009716777,CLIENT_00151,97228806,111598506,FACTURACION CICLICA,AMDOCS,2026-04-18,2026-05-05,PEN,10.68,1.92,12.6,False,5.04,1,False,0.0,12.6,-7.56,True,PAGO_PARCIAL,False
S5AA-0079792093,2091789509,CLIENT_00886,13715295,362362406,FACTURACION CICLICA,AMDOCS,2026-04-18,2026-05-05,PEN,58.56,10.54,69.09,False,14.88,1,False,0.0,69.09,-54.21,True,PAGO_PARCIAL,False
S7AA-0067012204,2061219681,CLIENT_00327,396418431,232286957,FACTURACION CICLICA,AMDOCS,2026-04-23,2026-05-09,PEN,67.93,12.22,80.15,False,37.52,1,False,0.0,80.15,-42.63,True,PAGO_PARCIAL,False
S5AA-0079911235,2012813785,CLIENT_00576,74098785,971697306,FACTURACION CICLICA,AMDOCS,2026-04-18,2026-05-05,PEN,111.35,20.04,131.39,False,24.92,1,False,0.0,131.39,-106.46999999999998,True,PAGO_PARCIAL,False
S5AA-0079508235,2074657038,CLIENT_00313,39440095,357310406,FACTURACION CICLICA,AMDOCS,2026-04-18,2026-05-05,PEN,69.23,12.46,81.69,False,0.01,1,False,0.0,81.69,-81.67999999999999,True,PAGO_PARCIAL,False
S5AA-0080169665,2083952379,CLIENT_00646,187786921,512546157,FACTURACION CICLICA,AMDOCS,2026-04-18,2026-05-05,PEN,41.47,7.46,48.93,False,37.49,1,False,0.0,48.93,-11.439999999999998,True,PAGO_PARCIAL,False
S9AA-0082092314,2001720617,CLIENT_00817,60420995,160129406,FACTURACION CICLICA,AMDOCS,2026-06-01,2026-06-17,PEN,137.75,24.79,162.54,False,160.27,1,False,0.0,162.54,-2.269999999999982,True,PAGO_PARCIAL,False
S7AA-0066620675,2001486599,CLIENT_00888,158289911,754274647,FACTURACION CICLICA,AMDOCS,2026-04-23,2026-05-09,PEN,57.12,10.29,67.41,False,65.14,1,False,0.0,67.41,-2.269999999999996,True,PAGO_PARCIAL,False
S7AA-0066468811,2015336861,CLIENT_00247,53941575,362083123,FACTURACION CICLICA,AMDOCS,2026-04-23,2026-05-09,PEN,27.23,4.9,32.13,False,22.47,1,False,0.0,32.13,-9.660000000000004,True,PAGO_PARCIAL,False
S5AA-0079960866,2073105592,CLIENT_00280,359903621,915571457,FACTURACION CICLICA,AMDOCS,2026-04-18,2026-05-05,PEN,3.33,0.6,3.92,False,2.73,1,False,0.0,3.92,-1.19,True,PAGO_PARCIAL,False
S9AA-0081747063,2051682890,CLIENT_00374,66011906,394819506,FACTURACION CICLICA,AMDOCS,2026-06-01,2026-06-17,PEN,74.68,13.45,88.13,False,88.13,1,False,8.53,79.6,8.530000000000001,True,SOBREPAGO,False
S8AA-0007481305,2082639572,CLIENT_00284,697374231,479918557,FACTURACION CICLICA,AMDOCS,2026-04-27,2026-05-13,PEN,20.46,3.69,24.15,False,11.52,1,False,0.0,24.15,-12.629999999999999,True,PAGO_PARCIAL,False
S8AA-0007481308,2082639572,CLIENT_00284,697374231,484028557,FACTURACION CICLICA,AMDOCS,2026-04-27,2026-05-13,PEN,20.46,3.69,24.15,False,11.52,1,False,0.0,24.15,-12.629999999999999,True,PAGO_PARCIAL,False
S8AA-0007481310,2082639572,CLIENT_00284,697374231,98028557,FACTURACION CICLICA,AMDOCS,2026-04-27,2026-05-13,PEN,20.53,3.69,24.22,False,11.59,1,False,0.0,24.22,-12.629999999999999,True,PAGO_PARCIAL,False
S9AA-0080824510,2078606158,CLIENT_00640,60803995,756729406,FACTURACION CICLICA,AMDOCS,2026-05-01,2026-05-17,PEN,129.26,23.28,152.53,False,122.01,1,False,0.0,152.53,-30.519999999999996,True,PAGO_PARCIAL,False
S7AA-0066963090,2008309257,CLIENT_00999,887189821,498745057,FACTURACION CICLICA,AMDOCS,2026-04-23,2026-05-09,PEN,106.43,19.15,125.58,False,83.13,1,False,0.0,125.58,-42.45,True,PAGO_PARCIAL,False
S8AA-0007481309,2082639572,CLIENT_00284,697374231,986028557,FACTURACION CICLICA,AMDOCS,2026-04-27,2026-05-13,PEN,20.53,3.69,24.22,False,11.59,1,False,0.0,24.22,-12.629999999999999,True,PAGO_PARCIAL,False
S8AA-0007445581,2027876144,CLIENT_00343,481304131,475148957,FACTURACION CICLICA,AMDOCS,2026-04-27,2026-05-13,PEN,37.14,6.69,43.82,False,25.76,1,False,0.0,43.82,-18.06,True,PAGO_PARCIAL,False
S8AA-0007199340,2089275916,CLIENT_00133,404276421,621536347,FACTURACION CICLICA,AMDOCS,2026-04-27,2026-05-13,PEN,28.18,5.07,33.25,False,23.24,1,False,0.0,33.25,-10.010000000000002,True,PAGO_PARCIAL,False
S8AA-0007439761,2039317482,CLIENT_00517,281018131,868793067,FACTURACION CICLICA,AMDOCS,2026-04-27,2026-05-13,PEN,78.25,14.08,92.33,False,42.67,1,False,0.0,92.33,-49.66,True,PAGO_PARCIAL,False
S9AA-0080937736,2036551080,CLIENT_00678,91210795,990807406,FACTURACION CICLICA,AMDOCS,2026-05-01,2026-05-17,PEN,52.44,9.44,61.88,False,49.49,1,False,0.0,61.88,-12.39,True,PAGO_PARCIAL,False
S8AA-0007481306,2082639572,CLIENT_00284,697374231,234028557,FACTURACION CICLICA,AMDOCS,2026-04-27,2026-05-13,PEN,20.46,3.69,24.15,False,11.52,1,False,0.0,24.15,-12.629999999999999,True,PAGO_PARCIAL,False
S9AA-0081517449,2070293430,CLIENT_00648,581801031,75168557,FACTURACION CICLICA,AMDOCS,2026-05-01,2026-05-17,PEN,31.79,5.73,37.52,False,22.51,1,False,0.0,37.52,-15.010000000000002,True,PAGO_PARCIAL,False
S8AA-0007332408,2082291564,CLIENT_00752,746839331,812763857,FACTURACION CICLICA,AMDOCS,2026-04-27,2026-05-13,PEN,136.26,24.53,160.79,False,112.53,1,False,0.0,160.79,-48.25999999999999,True,PAGO_PARCIAL,False
S9AA-0081272491,2031981897,CLIENT_00248,752557621,668578647,FACTURACION CICLICA,AMDOCS,2026-05-01,2026-05-17,PEN,100.79,18.14,118.93,False,95.13,1,False,0.0,118.93,-23.80000000000001,True,PAGO_PARCIAL,False
S9AA-0081025285,2091789509,CLIENT_00886,92995216,483063606,FACTURACION CICLICA,AMDOCS,2026-05-01,2026-05-17,PEN,19.28,3.47,22.75,False,18.2,1,False,0.0,22.75,-4.550000000000001,True,PAGO_PARCIAL,False
S9AA-0081538475,2098309864,CLIENT_00512,88463795,401447406,FACTURACION CICLICA,AMDOCS,2026-05-01,2026-05-17,PEN,81.57,14.68,96.25,False,77.98,1,False,0.0,96.25,-18.269999999999996,True,PAGO_PARCIAL,False
S9AA-0081604314,2003372653,CLIENT_00854,59662385,127846257,FACTURACION CICLICA,AMDOCS,2026-05-01,2026-05-17,PEN,59.33,10.68,70.0,False,56.0,1,False,0.0,70.0,-14.0,True,PAGO_PARCIAL,False
S9AA-0081225518,2001034891,CLIENT_00812,25776706,184557506,FACTURACION CICLICA,AMDOCS,2026-05-01,2026-05-17,PEN,102.03,18.37,120.4,False,96.32,1,False,0.0,120.4,-24.080000000000013,True,PAGO_PARCIAL,False
S9AA-0080830424,2027087229,CLIENT_00844,603608431,305285957,FACTURACION CICLICA,AMDOCS,2026-05-01,2026-05-17,PEN,17.38,3.13,20.51,False,14.35,1,False,0.0,20.51,-6.160000000000002,True,PAGO_PARCIAL,False
S9AA-0081500209,2058413599,CLIENT_00258,383387231,747803657,FACTURACION CICLICA,AMDOCS,2026-05-01,2026-05-17,PEN,100.31,18.06,118.37,False,64.26,1,False,0.0,118.37,-54.11,True,PAGO_PARCIAL,False
S9AA-0081415599,2007886461,CLIENT_00778,47558285,767682306,FACTURACION CICLICA,AMDOCS,2026-05-01,2026-05-17,PEN,99.08,17.82,116.9,False,81.83,1,False,0.0,116.9,-35.07000000000001,True,PAGO_PARCIAL,False
S9AA-0081629576,2073231877,CLIENT_00316,89282285,907190747,FACTURACION CICLICA,AMDOCS,2026-05-01,2026-05-17,PEN,69.94,12.59,82.53,False,61.74,1,False,0.0,82.53,-20.79,True,PAGO_PARCIAL,False
S9AA-0081535841,2059396553,CLIENT_00171,789259121,845543957,FACTURACION CICLICA,AMDOCS,2026-05-01,2026-05-17,PEN,77.06,13.87,90.93,False,72.73,1,False,0.0,90.93,-18.200000000000003,True,PAGO_PARCIAL,False
S9AA-0080819445,2018400793,CLIENT_00541,50520895,354842347,FACTURACION CICLICA,AMDOCS,2026-05-01,2026-05-17,PEN,66.74,12.01,78.75,False,25.97,1,False,0.0,78.75,-52.78,True,PAGO_PARCIAL,False
S9AA-0080857085,2028712026,CLIENT_00204,80750575,981468067,FACTURACION CICLICA,AMDOCS,2026-05-01,2026-05-17,PEN,32.51,5.85,38.36,False,25.54,1,False,0.0,38.36,-12.82,True,PAGO_PARCIAL,False
S9AA-0081503683,2014407140,CLIENT_00312,48285695,160976406,FACTURACION CICLICA,AMDOCS,2026-05-01,2026-05-17,PEN,69.35,12.48,81.83,False,57.26,1,False,0.0,81.83,-24.57,True,PAGO_PARCIAL,False
S9AA-0081098029,2042893140,CLIENT_00665,739641521,713310447,FACTURACION CICLICA,AMDOCS,2026-05-01,2026-05-17,PEN,5.94,1.06,7.0,False,0.18,1,False,0.0,7.0,-6.82,True,PAGO_PARCIAL,False
S9AA-0080962776,2006459799,CLIENT_00837,22696485,647974306,FACTURACION CICLICA,AMDOCS,2026-05-01,2026-05-17,PEN,64.96,11.69,76.65,False,74.2,1,False,0.0,76.65,-2.450000000000003,True,PAGO_PARCIAL,False
S9AA-0080832062,2060056891,CLIENT_00140,70859285,861692306,FACTURACION CICLICA,AMDOCS,2026-05-01,2026-05-17,PEN,82.04,14.77,96.81,False,77.42,2,False,0.0,96.81,-19.39,True,PAGO_PARCIAL,False
S9AA-0081254913,2074315436,CLIENT_00865,552905521,950958547,FACTURACION CICLICA,AMDOCS,2026-05-01,2026-05-17,PEN,109.63,19.73,129.36,False,103.46,1,False,0.0,129.36,-25.90000000000002,True,PAGO_PARCIAL,False
S9AA-0081526531,2016722807,CLIENT_00364,689090331,947638657,FACTURACION CICLICA,AMDOCS,2026-05-01,2026-05-17,PEN,53.33,9.6,62.93,False,38.57,1,False,0.0,62.93,-24.36,True,PAGO_PARCIAL,False
S9AA-0080950184,2057463246,CLIENT_00753,20891011,524171647,FACTURACION CICLICA,AMDOCS,2026-05-01,2026-05-17,PEN,114.13,20.55,134.68,False,80.78,1,False,0.0,134.68,-53.900000000000006,True,PAGO_PARCIAL,False
S9AA-0081059666,2078606158,CLIENT_00640,33723995,946729406,FACTURACION CICLICA,AMDOCS,2026-05-01,2026-05-17,PEN,103.94,18.7,122.64,False,49.0,1,False,0.0,122.64,-73.64,True,PAGO_PARCIAL,False
S9AA-0080885564,2074628342,CLIENT_00213,31059006,519090506,FACTURACION CICLICA,AMDOCS,2026-05-01,2026-05-17,PEN,94.86,17.07,111.93,False,78.33,1,False,0.0,111.93,-33.60000000000001,True,PAGO_PARCIAL,False
S9AA-0081633523,2086602695,CLIENT_00868,99425785,516467306,FACTURACION CICLICA,AMDOCS,2026-05-01,2026-05-17,PEN,60.15,10.83,70.98,False,56.77,1,False,0.0,70.98,-14.21,True,PAGO_PARCIAL,False
S9AA-0081006976,2098293784,CLIENT_00265,72959295,179303406,FACTURACION CICLICA,AMDOCS,2026-05-01,2026-05-17,PEN,142.32,25.61,167.93,False,134.33,1,False,0.0,167.93,-33.599999999999994,True,PAGO_PARCIAL,False
S9AA-0081468922,2018400793,CLIENT_00541,8389795,252508406,FACTURACION CICLICA,AMDOCS,2026-05-01,2026-05-17,PEN,94.68,17.04,111.72,False,49.14,1,False,0.0,111.72,-62.58,True,PAGO_PARCIAL,False
S9AA-0080856506,2075533541,CLIENT_00465,900914431,762299857,FACTURACION CICLICA,AMDOCS,2026-05-01,2026-05-17,PEN,37.43,6.74,44.17,False,22.09,1,False,0.0,44.17,-22.080000000000002,True,PAGO_PARCIAL,False
S9AA-0081364896,2088706641,CLIENT_00419,86356116,741551606,FACTURACION CICLICA,AMDOCS,2026-05-01,2026-05-17,PEN,100.73,18.13,118.86,False,29.33,1,False,0.0,118.86,-89.53,True,PAGO_PARCIAL,False
S9AA-0081102030,2031756935,CLIENT_00484,83698185,359881306,FACTURACION CICLICA,AMDOCS,2026-05-01,2026-05-17,PEN,81.21,14.62,95.83,False,76.65,1,False,0.0,95.83,-19.179999999999993,True,PAGO_PARCIAL,False
S9AA-0080823238,2085352948,CLIENT_00630,60778085,575780306,FACTURACION CICLICA,AMDOCS,2026-05-01,2026-05-17,PEN,56.47,10.17,66.64,False,46.62,1,False,0.0,66.64,-20.020000000000003,True,PAGO_PARCIAL,False
S9AA-0081175983,2015048988,CLIENT_00520,64524695,363979937,FACTURACION CICLICA,AMDOCS,2026-05-01,2026-05-17,PEN,118.52,21.34,139.86,False,111.86,1,False,0.0,139.86,-28.000000000000014,True,PAGO_PARCIAL,False
S9AA-0080931749,2098293784,CLIENT_00265,81864316,75729637,FACTURACION CICLICA,AMDOCS,2026-05-01,2026-05-17,PEN,144.93,26.08,171.01,False,136.78,1,False,0.0,171.01,-34.22999999999999,True,PAGO_PARCIAL,False
S9AA-0080849258,2021259203,CLIENT_00271,90443085,371530306,FACTURACION CICLICA,AMDOCS,2026-05-01,2026-05-17,PEN,56.36,10.14,66.5,False,53.2,1,False,0.0,66.5,-13.299999999999997,True,PAGO_PARCIAL,False
S9AA-0081454415,2053392902,CLIENT_00867,871938221,171224937,FACTURACION CICLICA,AMDOCS,2026-05-01,2026-05-17,PEN,92.78,16.7,109.48,False,3.72,1,False,0.0,109.48,-105.76,True,PAGO_PARCIAL,False
S9AA-0081347066,2092679466,CLIENT_00431,66409995,202000506,FACTURACION CICLICA,AMDOCS,2026-05-01,2026-05-17,PEN,82.99,14.95,97.93,False,78.33,1,False,0.0,97.93,-19.60000000000001,True,PAGO_PARCIAL,False
S9AA-0081076727,2009045197,CLIENT_00981,53769395,551404406,FACTURACION CICLICA,AMDOCS,2026-05-01,2026-05-17,PEN,95.81,17.24,113.05,False,90.44,1,False,0.0,113.05,-22.61,True,PAGO_PARCIAL,False
S9AA-0081495406,1042862786,CLIENT_00787,38392116,173211606,FACTURACION CICLICA,AMDOCS,2026-05-01,2026-05-17,PEN,132.82,23.91,156.73,False,109.69,1,False,0.0,156.73,-47.03999999999999,True,PAGO_PARCIAL,False
S9AA-0081042667,2000734783,CLIENT_00974,13088216,131072606,FACTURACION CICLICA,AMDOCS,2026-05-01,2026-05-17,PEN,62.76,11.3,74.06,False,59.22,1,False,0.0,74.06,-14.840000000000003,True,PAGO_PARCIAL,False
S9AA-0081015288,2074037343,CLIENT_00670,82289685,405807306,FACTURACION CICLICA,AMDOCS,2026-05-01,2026-05-17,PEN,118.87,21.41,140.28,False,112.21,1,False,0.0,140.28,-28.070000000000007,True,PAGO_PARCIAL,False
S9AA-0080810472,2087942739,CLIENT_00546,40894306,650890247,FACTURACION CICLICA,AMDOCS,2026-05-01,2026-05-17,PEN,16.62,2.98,19.6,False,15.68,1,False,0.0,19.6,-3.9200000000000017,True,PAGO_PARCIAL,False
S9AA-0081154789,2035867187,CLIENT_00674,44868985,694799306,FACTURACION CICLICA,AMDOCS,2026-05-01,2026-05-17,PEN,128.67,23.16,151.83,False,121.45,1,False,0.0,151.83,-30.38000000000001,True,PAGO_PARCIAL,False
S9AA-0080793552,2074355904,CLIENT_00935,203984621,6104647,FACTURACION CICLICA,AMDOCS,2026-05-01,2026-05-17,PEN,43.25,7.78,51.03,False,21.88,1,False,0.0,51.03,-29.150000000000002,True,PAGO_PARCIAL,False
S9AA-0080854844,2024049593,CLIENT_00909,905887721,458829847,FACTURACION CICLICA,AMDOCS,2026-05-01,2026-05-17,PEN,41.47,7.46,48.93,False,19.53,1,False,0.0,48.93,-29.4,True,PAGO_PARCIAL,False
S9AA-0081436803,2029459942,CLIENT_00434,670143411,993722637,FACTURACION CICLICA,AMDOCS,2026-05-01,2026-05-17,PEN,94.86,17.07,111.93,False,19.85,1,False,0.0,111.93,-92.08000000000001,True,PAGO_PARCIAL,False
S9AA-0080945368,2091789509,CLIENT_00886,2379285,301892306,FACTURACION CICLICA,AMDOCS,2026-05-01,2026-05-17,PEN,56.88,10.25,67.13,False,46.66,1,False,0.0,67.13,-20.47,True,PAGO_PARCIAL,False
S9AA-0081189225,2038577653,CLIENT_00409,84576485,211774306,FACTURACION CICLICA,AMDOCS,2026-05-01,2026-05-17,PEN,156.55,28.18,184.73,False,147.77,1,False,0.0,184.73,-36.95999999999998,True,PAGO_PARCIAL,False
S9AA-0082420106,2035867187,CLIENT_00674,44868985,694799306,FACTURACION CICLICA,AMDOCS,2026-06-01,2026-06-17,PEN,128.67,23.16,151.83,False,121.45,1,False,10.35,141.48000000000002,-20.030000000000015,True,PAGO_PARCIAL,False
S9AA-0081639658,2009855734,CLIENT_00261,994451331,527059657,FACTURACION CICLICA,AMDOCS,2026-05-01,2026-05-17,PEN,109.51,19.71,129.22,False,90.44,1,False,0.0,129.22,-38.78,True,PAGO_PARCIAL,False
S9AA-0081341102,2016641872,CLIENT_00659,56917616,167977537,FACTURACION CICLICA,AMDOCS,2026-05-01,2026-05-17,PEN,53.33,9.6,62.93,False,50.33,1,False,0.0,62.93,-12.600000000000001,True,PAGO_PARCIAL,False
S9AA-0080885741,2068178034,CLIENT_00379,31994606,972666506,FACTURACION CICLICA,AMDOCS,2026-05-01,2026-05-17,PEN,64.83,11.68,76.51,False,61.18,1,False,0.0,76.51,-15.330000000000005,True,PAGO_PARCIAL,False
S9AA-0081076969,2079044208,CLIENT_00991,53354695,965456406,FACTURACION CICLICA,AMDOCS,2026-05-01,2026-05-17,PEN,56.95,10.25,67.2,False,47.04,1,False,0.0,67.2,-20.160000000000004,True,PAGO_PARCIAL,False
S1AA-0051280615,2029902035,CLIENT_00756,44954575,532128993,FACTURACION CICLICA,AMDOCS,2026-05-05,2026-05-21,PEN,5332.39,959.84,6292.23,False,6290.17,1,False,0.0,6292.23,-2.0599999999994907,True,PAGO_PARCIAL,False
S9AA-0081413432,2091907227,CLIENT_00779,37698395,462643757,FACTURACION CICLICA,AMDOCS,2026-05-01,2026-05-17,PEN,106.95,19.26,126.21,False,100.94,1,False,0.0,126.21,-25.269999999999996,True,PAGO_PARCIAL,False
S1AA-0051473574,2036119586,CLIENT_00605,7063575,715016647,FACTURACION CICLICA,AMDOCS,2026-05-05,2026-05-21,PEN,77.06,13.87,90.93,False,72.73,1,False,0.0,90.93,-18.200000000000003,True,PAGO_PARCIAL,False
S1AA-0051008836,2018117869,CLIENT_00044,101568521,944913547,FACTURACION CICLICA,AMDOCS,2026-05-05,2026-05-21,PEN,97.59,17.56,115.15,False,56.28,1,False,0.0,115.15,-58.870000000000005,True,PAGO_PARCIAL,False
S9AA-0081065421,2030202496,CLIENT_00885,33520195,186240957,FACTURACION CICLICA,AMDOCS,2026-05-01,2026-05-17,PEN,59.26,10.67,69.93,False,48.95,1,False,0.0,69.93,-20.980000000000004,True,PAGO_PARCIAL,False
S1AA-0051386512,2045832604,CLIENT_00051,722133331,120922757,FACTURACION CICLICA,AMDOCS,2026-05-05,2026-05-21,PEN,56.06,10.09,66.15,False,31.61,1,False,0.0,66.15,-34.540000000000006,True,PAGO_PARCIAL,False
S9AA-0080929186,2001047693,CLIENT_00315,81792506,232316506,FACTURACION CICLICA,AMDOCS,2026-05-01,2026-05-17,PEN,47.4,8.53,55.93,False,39.13,1,False,0.0,55.93,-16.799999999999997,True,PAGO_PARCIAL,False
S1AA-0051009172,2018117869,CLIENT_00044,101568521,776498747,FACTURACION CICLICA,AMDOCS,2026-05-05,2026-05-21,PEN,54.87,9.88,64.75,False,28.07,1,False,0.0,64.75,-36.68,True,PAGO_PARCIAL,False
S1AA-0051582119,2066367927,CLIENT_00527,688513121,214988537,FACTURACION CICLICA,AMDOCS,2026-05-05,2026-05-21,PEN,69.05,12.43,81.48,False,80.57,1,False,0.0,81.48,-0.9100000000000108,True,PAGO_PARCIAL,False
S1AA-0051308930,2045425222,CLIENT_00363,847321321,306770047,FACTURACION CICLICA,AMDOCS,2026-05-05,2026-05-21,PEN,10.74,1.93,12.67,False,3.15,1,False,0.0,12.67,-9.52,True,PAGO_PARCIAL,False
S1AA-0051408754,2023009780,CLIENT_00141,16530575,622547401,FACTURACION CICLICA,AMDOCS,2026-05-05,2026-05-21,PEN,40.05,7.2,47.25,False,9.84,1,False,0.0,47.25,-37.41,True,PAGO_PARCIAL,False
S1AA-0051169942,2060200980,CLIENT_00350,62740575,114204213,FACTURACION CICLICA,AMDOCS,2026-05-05,2026-05-21,PEN,31.38,5.65,37.03,False,25.9,1,False,0.0,37.03,-11.130000000000003,True,PAGO_PARCIAL,False
S1AA-0051071368,2060375617,CLIENT_00383,216638511,772868257,FACTURACION CICLICA,AMDOCS,2026-05-05,2026-05-21,PEN,17.79,3.21,21.0,False,9.0,1,False,0.0,21.0,-12.0,True,PAGO_PARCIAL,False
S9AA-0082273410,2098293784,CLIENT_00265,72959295,179303406,FACTURACION CICLICA,AMDOCS,2026-06-01,2026-06-17,PEN,142.32,25.61,167.93,False,134.33,1,False,0.0,167.93,-33.599999999999994,True,PAGO_PARCIAL,False
S1AA-0051592849,2068445567,CLIENT_00718,789395911,782351167,FACTURACION CICLICA,AMDOCS,2026-05-05,2026-05-21,PEN,33.87,6.1,39.97,False,27.97,1,False,0.0,39.97,-12.0,True,PAGO_PARCIAL,False
S3AA-0077846157,2021245754,CLIENT_00454,38319511,319034627,FACTURACION CICLICA,AMDOCS,2026-05-15,2026-06-01,PEN,31.38,5.65,37.03,False,23.87,1,False,0.0,37.03,-13.16,True,PAGO_PARCIAL,False
S4AA-0007849367,2074347576,CLIENT_00926,91189921,379432957,FACTURACION CICLICA,AMDOCS,2026-05-09,2026-05-25,PEN,129.08,23.24,152.32,False,93.03,1,False,0.0,152.32,-59.28999999999999,True,PAGO_PARCIAL,False
S9AA-0082429280,2098309864,CLIENT_00512,74424795,880447406,FACTURACION CICLICA,AMDOCS,2026-06-01,2026-06-17,PEN,28.48,5.12,33.6,False,18.1,1,False,0.0,33.6,-15.5,True,PAGO_PARCIAL,False
S4AA-0007576173,2047611797,CLIENT_00924,304266331,101118757,FACTURACION CICLICA,AMDOCS,2026-05-09,2026-05-25,PEN,17.79,3.21,21.0,False,14.7,1,False,0.0,21.0,-6.300000000000001,True,PAGO_PARCIAL,False
S4AA-0007824083,2056163476,CLIENT_00980,285796721,605420857,FACTURACION CICLICA,AMDOCS,2026-05-09,2026-05-25,PEN,139.04,25.04,164.08,False,31.15,1,False,0.0,164.08,-132.93,True,PAGO_PARCIAL,False
S1AA-0051004348,2008371952,CLIENT_00582,2854921,77003857,FACTURACION CICLICA,AMDOCS,2026-05-05,2026-05-21,PEN,106.72,19.21,125.93,False,100.73,1,False,0.0,125.93,-25.200000000000003,True,PAGO_PARCIAL,False
S4AA-0007726931,2009768742,CLIENT_00967,150612921,407429857,FACTURACION CICLICA,AMDOCS,2026-05-09,2026-05-25,PEN,59.26,10.67,69.93,False,55.93,1,False,0.0,69.93,-14.000000000000007,True,PAGO_PARCIAL,False
S1AA-0051162979,2060200980,CLIENT_00350,62740575,884509303,FACTURACION CICLICA,AMDOCS,2026-05-05,2026-05-21,PEN,31.38,5.65,37.03,False,25.9,1,False,0.0,37.03,-11.130000000000003,True,PAGO_PARCIAL,False
S5AA-0080690714,2096770204,CLIENT_00203,30948116,12735537,FACTURACION CICLICA,AMDOCS,2026-05-18,2026-06-05,PEN,64.95,11.7,76.65,False,57.05,1,False,0.0,76.65,-19.60000000000001,True,PAGO_PARCIAL,False
S3AA-0077638559,2035721731,CLIENT_00256,802522431,493396857,FACTURACION CICLICA,AMDOCS,2026-05-15,2026-06-01,PEN,85.72,15.43,101.15,False,94.61,1,False,0.0,101.15,-6.540000000000006,True,PAGO_PARCIAL,False
S3AA-0078290690,2099090721,CLIENT_00528,77113575,259418013,FACTURACION CICLICA,AMDOCS,2026-05-15,2026-06-01,PEN,46.16,8.32,54.47,False,54.53,1,False,0.0,54.47,0.060000000000002274,True,SOBREPAGO,False
S3AA-0078073457,2058548876,CLIENT_00683,355637921,663986157,FACTURACION CICLICA,AMDOCS,2026-05-15,2026-06-01,PEN,53.33,9.6,62.93,False,62.13,1,False,0.0,62.93,-0.7999999999999972,True,PAGO_PARCIAL,False
S3AA-0078393162,2074581354,CLIENT_00824,681257721,108906847,FACTURACION CICLICA,AMDOCS,2026-05-15,2026-06-01,PEN,102.33,18.42,120.75,False,108.99,1,False,0.0,120.75,-11.760000000000005,True,PAGO_PARCIAL,False
S4AA-0007709839,2027490034,CLIENT_00174,646670821,637351947,FACTURACION CICLICA,AMDOCS,2026-05-09,2026-05-25,PEN,71.13,12.8,83.93,False,58.73,1,False,0.0,83.93,-25.20000000000001,True,PAGO_PARCIAL,False
S3AA-0077600272,2070960858,CLIENT_00456,401913421,389927957,FACTURACION CICLICA,AMDOCS,2026-05-15,2026-06-01,PEN,50.06,9.02,59.08,False,30.1,1,False,0.0,59.08,-28.979999999999997,True,PAGO_PARCIAL,False
S5AA-0080202193,2091789509,CLIENT_00886,13715295,362362406,FACTURACION CICLICA,AMDOCS,2026-05-18,2026-06-05,PEN,1.84,0.33,2.17,False,1.3,1,False,0.0,2.17,-0.8699999999999999,True,PAGO_PARCIAL,False
S5AA-0080538182,2002206758,CLIENT_00645,8320895,438810857,FACTURACION CICLICA,AMDOCS,2026-05-18,2026-06-05,PEN,98.77,17.78,116.55,False,110.25,1,False,0.0,116.55,-6.299999999999997,True,PAGO_PARCIAL,False
S3AA-0077969118,2070960858,CLIENT_00456,244253411,19927957,FACTURACION CICLICA,AMDOCS,2026-05-15,2026-06-01,PEN,72.37,13.03,85.4,False,79.56,1,False,0.0,85.4,-5.840000000000003,True,PAGO_PARCIAL,False
S4AA-0007674790,2097185694,CLIENT_00386,637797321,796625147,FACTURACION CICLICA,AMDOCS,2026-05-09,2026-05-25,PEN,74.69,13.44,88.13,False,25.59,1,False,0.0,88.13,-62.53999999999999,True,PAGO_PARCIAL,False
S3AA-0077904455,2066260318,CLIENT_00101,638249611,470724827,FACTURACION CICLICA,AMDOCS,2026-05-15,2026-06-01,PEN,46.92,8.45,55.37,False,38.26,1,False,0.0,55.37,-17.11,True,PAGO_PARCIAL,False
S3AA-0077969566,2070960858,CLIENT_00456,244253411,3946067,FACTURACION CICLICA,AMDOCS,2026-05-15,2026-06-01,PEN,26.4,4.75,31.15,False,27.41,1,False,0.0,31.15,-3.7399999999999984,True,PAGO_PARCIAL,False
S3AA-0078410434,2031742610,CLIENT_00470,889717021,409765437,FACTURACION CICLICA,AMDOCS,2026-05-15,2026-06-01,PEN,116.63,20.99,137.62,False,114.16,1,False,0.0,137.62,-23.460000000000008,True,PAGO_PARCIAL,False
S5AA-0080619597,2068100781,CLIENT_00901,19701506,266683067,FACTURACION CICLICA,AMDOCS,2026-05-18,2026-06-05,PEN,85.65,15.43,101.08,False,81.48,1,False,0.0,101.08,-19.599999999999994,True,PAGO_PARCIAL,False
S5AA-0080766337,2078998333,CLIENT_00893,11274285,372188857,FACTURACION CICLICA,AMDOCS,2026-05-18,2026-06-05,PEN,79.79,14.36,94.15,False,91.07,1,False,0.0,94.15,-3.0800000000000125,True,PAGO_PARCIAL,False
S5AA-0080621383,2084595191,CLIENT_00613,29675885,464868306,FACTURACION CICLICA,AMDOCS,2026-05-18,2026-06-05,PEN,110.05,19.8,129.85,False,112.95,1,False,0.0,129.85,-16.89999999999999,True,PAGO_PARCIAL,False
S5AA-0080611429,2080420835,CLIENT_00720,93279031,431643457,FACTURACION CICLICA,AMDOCS,2026-05-18,2026-06-05,PEN,56.06,10.09,66.15,False,59.85,1,False,0.0,66.15,-6.300000000000004,True,PAGO_PARCIAL,False
S3AA-0077829152,2027087229,CLIENT_00844,822584421,871428247,FACTURACION CICLICA,AMDOCS,2026-05-15,2026-06-01,PEN,109.45,19.7,129.15,False,124.95,1,False,0.0,129.15,-4.200000000000003,True,PAGO_PARCIAL,False
S5AA-0080500495,2094069953,CLIENT_00856,579701821,636832947,FACTURACION CICLICA,AMDOCS,2026-05-18,2026-06-05,PEN,97.59,17.56,115.15,False,111.55,1,False,0.0,115.15,-3.6000000000000085,True,PAGO_PARCIAL,False
S5AA-0080305608,2054854170,CLIENT_00245,94709106,12491506,FACTURACION CICLICA,AMDOCS,2026-05-18,2026-06-05,PEN,64.01,11.52,75.53,False,69.09,1,False,0.0,75.53,-6.439999999999998,True,PAGO_PARCIAL,False
S5AA-0080906318,2070397154,CLIENT_00392,3511006,191196957,FACTURACION CICLICA,AMDOCS,2026-05-18,2026-06-05,PEN,77.42,13.93,91.35,False,85.05,1,False,0.0,91.35,-6.299999999999997,True,PAGO_PARCIAL,False
S5AA-0080572908,2034994857,CLIENT_00519,58380706,338325537,FACTURACION CICLICA,AMDOCS,2026-05-18,2026-06-05,PEN,108.26,19.49,127.75,False,119.42,1,False,0.0,127.75,-8.329999999999998,True,PAGO_PARCIAL,False
S3AA-0078099829,2055715122,CLIENT_00910,655842121,682586637,FACTURACION CICLICA,AMDOCS,2026-05-15,2026-06-01,PEN,59.92,10.78,70.7,False,58.77,1,False,0.0,70.7,-11.93,True,PAGO_PARCIAL,False
S5AA-0080423497,2011701911,CLIENT_00011,56631806,827509506,FACTURACION CICLICA,AMDOCS,2026-05-18,2026-06-05,PEN,119.76,21.56,141.32,False,141.33,1,False,0.0,141.32,0.010000000000019327,True,SOBREPAGO,True
S5AA-0080354142,2065299671,CLIENT_00567,457189231,138258657,FACTURACION CICLICA,AMDOCS,2026-05-18,2026-06-05,PEN,101.98,18.35,120.33,False,118.23,1,False,0.0,120.33,-2.0999999999999943,True,PAGO_PARCIAL,False
S5AA-0080423461,2070054625,CLIENT_00725,56728706,621197506,FACTURACION CICLICA,AMDOCS,2026-05-18,2026-06-05,PEN,102.52,18.46,120.97,False,121.03,1,False,0.0,120.97,0.060000000000002274,True,SOBREPAGO,False
S5AA-0080751062,2014214756,CLIENT_00653,90142306,590243457,FACTURACION CICLICA,AMDOCS,2026-05-18,2026-06-05,PEN,103.52,18.63,122.15,False,98.35,1,False,0.0,122.15,-23.80000000000001,True,PAGO_PARCIAL,False
S5AA-0080501793,2004268042,CLIENT_00362,57881585,601778957,FACTURACION CICLICA,AMDOCS,2026-05-18,2026-06-05,PEN,77.03,13.87,90.9,False,90.93,1,False,0.0,90.9,0.030000000000001137,True,SOBREPAGO,True
S5AA-0080882426,2062922977,CLIENT_00731,82013506,297748447,FACTURACION CICLICA,AMDOCS,2026-05-18,2026-06-05,PEN,50.13,9.02,59.15,False,55.41,1,False,0.0,59.15,-3.740000000000002,True,PAGO_PARCIAL,False
S5AA-0080607243,2024654901,CLIENT_00714,9444995,309649406,FACTURACION CICLICA,AMDOCS,2026-05-18,2026-06-05,PEN,45.62,8.21,53.83,False,53.31,1,False,0.0,53.83,-0.519999999999996,True,PAGO_PARCIAL,False
S5AA-0080680919,2021869954,CLIENT_00918,20363306,979623506,FACTURACION CICLICA,AMDOCS,2026-05-18,2026-06-05,PEN,55.41,9.98,65.38,False,52.29,1,False,0.0,65.38,-13.089999999999996,True,PAGO_PARCIAL,False
S5AA-0080290296,2039137544,CLIENT_00939,74464985,515459306,FACTURACION CICLICA,AMDOCS,2026-05-18,2026-06-05,PEN,53.39,9.61,63.0,False,62.06,1,False,0.0,63.0,-0.9399999999999977,True,PAGO_PARCIAL,False
S5AA-0080458943,2024229967,CLIENT_00390,7228285,616382306,FACTURACION CICLICA,AMDOCS,2026-05-18,2026-06-05,PEN,103.43,18.62,122.05,False,118.58,1,False,0.0,122.05,-3.469999999999999,True,PAGO_PARCIAL,False
S5AA-0080264238,2026850436,CLIENT_00251,348878221,93835937,FACTURACION CICLICA,AMDOCS,2026-05-18,2026-06-05,PEN,45.98,8.27,54.25,False,50.82,1,False,0.0,54.25,-3.4299999999999997,True,PAGO_PARCIAL,False
S5AA-0080500027,2069507116,CLIENT_00675,57902706,568656447,FACTURACION CICLICA,AMDOCS,2026-05-18,2026-06-05,PEN,41.45,7.46,48.91,False,48.93,1,False,0.0,48.91,0.020000000000003126,True,SOBREPAGO,True
S5AA-0080495935,2009112149,CLIENT_00532,57157385,727473306,FACTURACION CICLICA,AMDOCS,2026-05-18,2026-06-05,PEN,102.21,18.41,120.62,False,120.68,1,False,0.0,120.62,0.060000000000002274,True,SOBREPAGO,False
S6AA-0000025530,2020585312,CLIENT_00189,415645531,921296067,FACTURACION CICLICA,AMDOCS,2026-05-20,2026-06-03,PEN,20.53,3.69,24.22,False,22.12,1,False,0.0,24.22,-2.099999999999998,True,PAGO_PARCIAL,False
S5AA-0080450040,2073860151,CLIENT_00080,86391895,938064857,FACTURACION CICLICA,AMDOCS,2026-05-18,2026-06-05,PEN,112.36,20.22,132.58,False,132.06,1,False,0.0,132.58,-0.5200000000000102,True,PAGO_PARCIAL,False
S5AA-0080398205,2083097547,CLIENT_00654,16220516,226184557,FACTURACION CICLICA,AMDOCS,2026-05-18,2026-06-05,PEN,44.13,7.95,52.08,False,47.18,1,False,0.0,52.08,-4.899999999999999,True,PAGO_PARCIAL,False
S7AA-0067868543,2008309257,CLIENT_00999,887189821,498745057,FACTURACION CICLICA,AMDOCS,2026-05-23,2026-06-09,PEN,103.69,18.67,122.36,False,97.86,1,False,0.0,122.36,-24.5,True,PAGO_PARCIAL,False
S6AA-0000043893,2040677842,CLIENT_00666,966296531,342129067,FACTURACION CICLICA,AMDOCS,2026-05-20,2026-06-03,PEN,20.53,3.69,24.22,False,23.52,1,False,0.0,24.22,-0.6999999999999993,True,PAGO_PARCIAL,False
S5AA-0080820837,2008582435,CLIENT_00170,91328716,876578606,FACTURACION CICLICA,AMDOCS,2026-05-18,2026-06-05,PEN,50.37,9.07,59.43,False,39.21,1,False,0.0,59.43,-20.22,True,PAGO_PARCIAL,False
S7AA-0067820303,2079015167,CLIENT_00836,38117575,720665817,FACTURACION CICLICA,AMDOCS,2026-05-23,2026-06-09,PEN,34.11,6.14,40.25,False,31.61,1,False,0.0,40.25,-8.64,True,PAGO_PARCIAL,False
S5AA-0080290186,2012813785,CLIENT_00576,74098785,971697306,FACTURACION CICLICA,AMDOCS,2026-05-18,2026-06-05,PEN,111.29,20.03,131.32,False,102.2,1,False,0.0,131.32,-29.11999999999999,True,PAGO_PARCIAL,False
S5AA-0080339066,2073105592,CLIENT_00280,359903621,915571457,FACTURACION CICLICA,AMDOCS,2026-05-18,2026-06-05,PEN,17.74,3.19,20.93,False,14.63,1,False,0.0,20.93,-6.299999999999999,True,PAGO_PARCIAL,False
S5AA-0080804890,2007306359,CLIENT_00438,71762285,31722306,FACTURACION CICLICA,AMDOCS,2026-05-18,2026-06-05,PEN,119.12,21.44,140.56,False,27.2,1,False,0.0,140.56,-113.36,True,PAGO_PARCIAL,False
S5AA-0080713869,2086977341,CLIENT_00182,602132321,813797847,FACTURACION CICLICA,AMDOCS,2026-05-18,2026-06-05,PEN,21.71,3.91,25.62,False,24.85,1,False,0.0,25.62,-0.7699999999999996,True,PAGO_PARCIAL,False
S7AA-0067837094,2060627595,CLIENT_00757,58054575,975284063,FACTURACION CICLICA,AMDOCS,2026-05-23,2026-06-09,PEN,59.86,10.77,70.63,False,30.28,1,False,0.0,70.63,-40.349999999999994,True,PAGO_PARCIAL,False
S7AA-0067614544,2008001207,CLIENT_00593,62759521,117084547,FACTURACION CICLICA,AMDOCS,2026-05-23,2026-06-09,PEN,50.13,9.02,59.15,False,57.68,1,False,0.0,59.15,-1.4699999999999989,True,PAGO_PARCIAL,False
S8AA-0007585403,2082900579,CLIENT_00127,630652821,744448857,FACTURACION CICLICA,AMDOCS,2026-05-27,2026-06-13,PEN,136.38,24.55,160.93,False,158.97,1,False,0.0,160.93,-1.960000000000008,True,PAGO_PARCIAL,False
S7AA-0067385022,2015336861,CLIENT_00247,53941575,362083123,FACTURACION CICLICA,AMDOCS,2026-05-23,2026-06-09,PEN,27.23,4.9,32.13,False,22.47,1,False,0.0,32.13,-9.660000000000004,True,PAGO_PARCIAL,False
S7AA-0067948097,2029238395,CLIENT_00195,799221901,377408937,FACTURACION CICLICA,AMDOCS,2026-05-23,2026-06-09,PEN,91.36,16.44,107.8,False,65.59,1,False,0.0,107.8,-42.209999999999994,True,PAGO_PARCIAL,False
S7AA-0067293608,2019876876,CLIENT_00461,428478431,460205067,FACTURACION CICLICA,AMDOCS,2026-05-23,2026-06-09,PEN,53.33,9.6,62.93,False,29.23,1,False,0.0,62.93,-33.7,True,PAGO_PARCIAL,False
S7AA-0067851029,2043506981,CLIENT_00449,680803031,320235257,FACTURACION CICLICA,AMDOCS,2026-05-23,2026-06-09,PEN,67.93,12.22,80.15,False,51.94,1,False,0.0,80.15,-28.210000000000008,True,PAGO_PARCIAL,False
S8AA-0007726197,2039317482,CLIENT_00517,281018131,868793067,FACTURACION CICLICA,AMDOCS,2026-05-27,2026-06-13,PEN,13.4,2.42,15.82,False,11.06,1,False,0.0,15.82,-4.76,True,PAGO_PARCIAL,False
S7AA-0067464355,2004492803,CLIENT_00211,347978331,764482857,FACTURACION CICLICA,AMDOCS,2026-05-23,2026-06-09,PEN,81.56,12.8,94.36,False,75.46,2,False,0.0,94.36,-18.900000000000006,True,PAGO_PARCIAL,False
S6AA-0000025529,2020585312,CLIENT_00189,415645531,416686067,FACTURACION CICLICA,AMDOCS,2026-05-20,2026-06-03,PEN,20.53,3.69,24.22,False,22.12,1,False,0.0,24.22,-2.099999999999998,True,PAGO_PARCIAL,False
S5AA-0080450168,2059315520,CLIENT_00186,86662495,155261957,FACTURACION CICLICA,AMDOCS,2026-05-18,2026-06-05,PEN,59.26,10.67,69.93,False,67.66,1,False,0.0,69.93,-2.2700000000000102,True,PAGO_PARCIAL,False
S8AA-0007554582,2017913151,CLIENT_00482,626911331,242968657,FACTURACION CICLICA,AMDOCS,2026-05-27,2026-06-13,PEN,26.4,4.75,31.15,False,27.41,1,False,0.0,31.15,-3.7399999999999984,True,PAGO_PARCIAL,False
S7AA-0067860605,2089094497,CLIENT_00230,785924131,788831457,FACTURACION CICLICA,AMDOCS,2026-05-23,2026-06-09,PEN,67.93,12.22,80.15,False,79.59,1,False,0.0,80.15,-0.5600000000000023,True,PAGO_PARCIAL,False
S7AA-0067848979,2034212173,CLIENT_00843,687675321,217543147,FACTURACION CICLICA,AMDOCS,2026-05-23,2026-06-09,PEN,63.78,11.47,75.25,False,68.04,1,False,0.0,75.25,-7.209999999999994,True,PAGO_PARCIAL,False
S7AA-0067926518,2074987251,CLIENT_00276,493801631,701615167,FACTURACION CICLICA,AMDOCS,2026-05-23,2026-06-09,PEN,0.0,0.0,0.0,False,67.06,1,False,0.0,0.0,67.06,True,SOBREPAGO,False
S8AA-0007782540,2083295497,CLIENT_00376,304933921,324580157,FACTURACION CICLICA,AMDOCS,2026-05-27,2026-06-13,PEN,45.91,8.27,54.18,False,14.53,1,False,0.0,54.18,-39.65,True,PAGO_PARCIAL,False
S8AA-0007683430,2044662368,CLIENT_00741,866009421,231292067,FACTURACION CICLICA,AMDOCS,2026-05-27,2026-06-13,PEN,53.33,9.6,62.93,False,54.53,1,False,0.0,62.93,-8.399999999999999,True,PAGO_PARCIAL,False
S8AA-0007731001,2027876144,CLIENT_00343,481304131,873880457,FACTURACION CICLICA,AMDOCS,2026-05-27,2026-06-13,PEN,20.53,3.69,24.22,False,22.12,1,False,0.0,24.22,-2.099999999999998,True,PAGO_PARCIAL,False
S7AA-0067169028,2070214710,CLIENT_00242,11783575,61961093,FACTURACION CICLICA,AMDOCS,2026-05-23,2026-06-09,PEN,36.48,6.57,43.05,False,9.14,1,False,0.0,43.05,-33.91,True,PAGO_PARCIAL,False
S7AA-0067842914,2023967163,CLIENT_00238,586659131,785560657,FACTURACION CICLICA,AMDOCS,2026-05-23,2026-06-09,PEN,59.26,10.67,69.93,False,42.84,1,False,0.0,69.93,-27.090000000000003,True,PAGO_PARCIAL,False
S8AA-0007673527,2012809849,CLIENT_00597,566665331,265726757,FACTURACION CICLICA,AMDOCS,2026-05-27,2026-06-13,PEN,41.47,7.46,48.93,False,48.69,1,False,0.0,48.93,-0.240000000000002,True,PAGO_PARCIAL,False
S7AA-0067602511,2002866357,CLIENT_00707,95245575,517319873,FACTURACION CICLICA,AMDOCS,2026-05-23,2026-06-09,PEN,12.4,2.23,14.63,False,8.33,1,False,0.0,14.63,-6.300000000000001,True,PAGO_PARCIAL,False
S8AA-0007591358,2002866357,CLIENT_00707,833798331,322612857,FACTURACION CICLICA,AMDOCS,2026-05-27,2026-06-13,PEN,103.52,18.63,122.15,False,118.16,1,False,0.0,122.15,-3.990000000000009,True,PAGO_PARCIAL,False
S8AA-0007640658,2049062431,CLIENT_00233,359002531,699571067,FACTURACION CICLICA,AMDOCS,2026-05-27,2026-06-13,PEN,23.44,4.21,27.65,False,26.46,1,False,0.0,27.65,-1.1899999999999977,True,PAGO_PARCIAL,False
S8AA-0007773264,2042683095,CLIENT_00668,7978821,636514057,FACTURACION CICLICA,AMDOCS,2026-05-27,2026-06-13,PEN,20.53,3.69,24.22,False,8.3,1,False,0.0,24.22,-15.919999999999998,True,PAGO_PARCIAL,False
S6AA-0000021848,2037638826,CLIENT_00969,301015531,471236067,FACTURACION CICLICA,AMDOCS,2026-05-20,2026-06-03,PEN,23.43,4.22,27.65,False,26.81,1,False,0.0,27.65,-0.8399999999999999,True,PAGO_PARCIAL,False
S8AA-0007554066,2001156117,CLIENT_00442,622439031,682444357,FACTURACION CICLICA,AMDOCS,2026-05-27,2026-06-13,PEN,44.13,7.95,52.08,False,43.93,1,False,0.0,52.08,-8.149999999999999,True,PAGO_PARCIAL,False
S7AA-0067919456,2001889079,CLIENT_00441,492475901,625170817,FACTURACION CICLICA,AMDOCS,2026-05-23,2026-06-09,PEN,59.26,10.67,69.93,False,40.6,1,False,0.0,69.93,-29.330000000000005,True,PAGO_PARCIAL,False
S7AA-0067717260,2097496783,CLIENT_00785,177349331,280533857,FACTURACION CICLICA,AMDOCS,2026-05-23,2026-06-09,PEN,115.56,20.8,136.36,False,95.45,1,False,0.0,136.36,-40.91000000000001,True,PAGO_PARCIAL,False
S7AA-0067083643,2097998127,CLIENT_00891,108688031,435704357,FACTURACION CICLICA,AMDOCS,2026-05-23,2026-06-09,PEN,91.66,16.49,108.15,False,97.65,1,False,0.0,108.15,-10.5,True,PAGO_PARCIAL,False
S8AA-0007731403,2027876144,CLIENT_00343,481304131,460428657,FACTURACION CICLICA,AMDOCS,2026-05-27,2026-06-13,PEN,20.46,3.69,24.15,False,22.05,1,False,0.0,24.15,-2.099999999999998,True,PAGO_PARCIAL,False
S8AA-0007554583,2017913151,CLIENT_00482,626911331,596078657,FACTURACION CICLICA,AMDOCS,2026-05-27,2026-06-13,PEN,26.4,4.75,31.15,False,14.21,1,False,0.0,31.15,-16.939999999999998,True,PAGO_PARCIAL,False
S8AA-0008059525,2083393986,CLIENT_00825,128846421,419521347,FACTURACION CICLICA,AMDOCS,2026-06-27,2026-07-13,PEN,42.65,7.68,50.33,False,50.33,1,False,1.68,48.65,1.6799999999999997,True,SOBREPAGO,False
S9AA-0081746741,2092679466,CLIENT_00431,66409995,202000506,FACTURACION CICLICA,AMDOCS,2026-06-01,2026-06-17,PEN,83.06,14.94,98.0,False,78.4,1,False,0.0,98.0,-19.599999999999994,True,PAGO_PARCIAL,False
S8AA-0007618947,2082291564,CLIENT_00752,746839331,812763857,FACTURACION CICLICA,AMDOCS,2026-05-27,2026-06-13,PEN,162.65,29.29,191.94,False,134.33,1,False,0.0,191.94,-57.609999999999985,True,PAGO_PARCIAL,False
S8AA-0007842153,2011020714,CLIENT_00404,685639431,280877957,FACTURACION CICLICA,AMDOCS,2026-06-27,2026-07-13,PEN,20.47,3.68,24.15,False,24.15,1,False,9.07,15.079999999999998,9.07,True,SOBREPAGO,False
S8AA-0007678951,2066104589,CLIENT_00649,764058921,644919157,FACTURACION CICLICA,AMDOCS,2026-05-27,2026-06-13,PEN,32.33,5.82,38.15,False,25.76,1,False,0.0,38.15,-12.389999999999997,True,PAGO_PARCIAL,False
S9AA-0082344815,2041506167,CLIENT_00025,53091575,556319627,FACTURACION CICLICA,AMDOCS,2026-06-01,2026-06-17,PEN,39.1,7.04,46.13,False,46.13,1,False,10.77,35.36,10.770000000000003,True,SOBREPAGO,False
S8AA-0007697868,2085903598,CLIENT_00188,377600331,938296657,FACTURACION CICLICA,AMDOCS,2026-05-27,2026-06-13,PEN,31.15,5.6,36.75,False,20.13,1,False,0.0,36.75,-16.62,True,PAGO_PARCIAL,False
S9AA-0082472406,2059508137,CLIENT_00794,5428495,209194406,FACTURACION CICLICA,AMDOCS,2026-06-01,2026-06-17,PEN,94.86,17.07,111.93,False,78.33,1,False,0.0,111.93,-33.60000000000001,True,PAGO_PARCIAL,False
S8AA-0007741003,2047601641,CLIENT_00663,788183431,166539857,FACTURACION CICLICA,AMDOCS,2026-05-27,2026-06-13,PEN,145.1,26.12,171.22,False,170.63,1,False,0.0,171.22,-0.5900000000000034,True,PAGO_PARCIAL,False
S9AA-0081838477,2060519712,CLIENT_00827,67219716,446239757,FACTURACION CICLICA,AMDOCS,2026-06-01,2026-06-17,PEN,100.79,18.14,118.93,False,118.3,1,False,0.0,118.93,-0.6300000000000097,True,PAGO_PARCIAL,False
S8AA-0007504936,2023184952,CLIENT_00156,12480921,578796057,FACTURACION CICLICA,AMDOCS,2026-05-27,2026-06-13,PEN,59.33,10.67,70.0,False,56.0,1,False,0.0,70.0,-14.0,True,PAGO_PARCIAL,False
S8AA-0007644793,2015037424,CLIENT_00556,659007621,374887647,FACTURACION CICLICA,AMDOCS,2026-05-27,2026-06-13,PEN,25.45,4.58,30.03,False,14.53,1,False,0.0,30.03,-15.500000000000002,True,PAGO_PARCIAL,False
S9AA-0082397498,2041085342,CLIENT_00197,14445206,27916737,FACTURACION CICLICA,AMDOCS,2026-06-01,2026-06-17,PEN,35.53,6.4,41.93,False,41.44,1,False,0.0,41.93,-0.490000000000002,True,PAGO_PARCIAL,False
S9AA-0082272719,2088089421,CLIENT_00726,72537285,297272306,FACTURACION CICLICA,AMDOCS,2026-06-01,2026-06-17,PEN,96.52,17.37,113.89,False,79.7,1,False,0.0,113.89,-34.19,True,PAGO_PARCIAL,False
S9AA-0082002453,2004403801,CLIENT_00180,592125221,285106657,FACTURACION CICLICA,AMDOCS,2026-06-01,2026-06-17,PEN,115.38,20.77,136.15,False,131.85,1,False,0.0,136.15,-4.300000000000011,True,PAGO_PARCIAL,False
S8AA-0007640655,2049062431,CLIENT_00233,359002531,416571067,FACTURACION CICLICA,AMDOCS,2026-05-27,2026-06-13,PEN,23.44,4.21,27.65,False,26.46,1,False,0.0,27.65,-1.1899999999999977,True,PAGO_PARCIAL,False
S9AA-0082233408,2006459799,CLIENT_00837,22696485,744180937,FACTURACION CICLICA,AMDOCS,2026-06-01,2026-06-17,PEN,59.98,10.79,70.77,False,49.53,1,False,0.0,70.77,-21.239999999999995,True,PAGO_PARCIAL,False
S9AA-0081923142,2060838699,CLIENT_00947,680441621,160708547,FACTURACION CICLICA,AMDOCS,2026-06-01,2026-06-17,PEN,41.47,7.46,48.93,False,9.77,1,False,0.0,48.93,-39.16,True,PAGO_PARCIAL,False
S9AA-0081841193,2091691985,CLIENT_00508,77873195,129741406,FACTURACION CICLICA,AMDOCS,2026-06-01,2026-06-17,PEN,56.59,10.19,66.78,False,61.85,1,False,0.0,66.78,-4.93,True,PAGO_PARCIAL,False
S9AA-0081758463,2066260318,CLIENT_00101,761871711,750514047,FACTURACION CICLICA,AMDOCS,2026-06-01,2026-06-17,PEN,17.92,3.22,21.14,False,19.67,1,False,0.0,21.14,-1.4699999999999989,True,PAGO_PARCIAL,False
S9AA-0082204689,2036551080,CLIENT_00678,91210795,990807406,FACTURACION CICLICA,AMDOCS,2026-06-01,2026-06-17,PEN,52.44,9.44,61.88,False,49.49,1,False,0.0,61.88,-12.39,True,PAGO_PARCIAL,False
S9AA-0082273715,2014846070,CLIENT_00340,72451695,233816406,FACTURACION CICLICA,AMDOCS,2026-06-01,2026-06-17,PEN,68.52,12.33,80.85,False,56.6,1,False,0.0,80.85,-24.249999999999993,True,PAGO_PARCIAL,False
S9AA-0081889284,2051800045,CLIENT_00346,282744421,197187057,FACTURACION CICLICA,AMDOCS,2026-06-01,2026-06-17,PEN,16.73,3.01,19.74,False,19.04,1,False,0.0,19.74,-0.6999999999999993,True,PAGO_PARCIAL,False
S7AA-0068829128,2002500138,CLIENT_00445,92763575,382891443,FACTURACION CICLICA,AMDOCS,2026-06-23,2026-07-09,PEN,25.21,4.54,29.75,False,29.74,2,False,0.0,29.75,-0.010000000000001563,True,PAGO_PARCIAL,True
S9AA-0082291563,2091789509,CLIENT_00886,92995216,483063606,FACTURACION CICLICA,AMDOCS,2026-06-01,2026-06-17,PEN,16.62,2.98,19.6,False,19.6,1,False,0.65,18.950000000000003,0.6499999999999986,True,SOBREPAGO,False
S7AA-0068076076,2004492803,CLIENT_00211,347978331,764482857,FACTURACION CICLICA,AMDOCS,2026-06-23,2026-07-09,PEN,71.06,12.8,83.86,False,67.06,1,False,7.55,76.31,-9.25,True,PAGO_PARCIAL,False
S7AA-0068200877,2021252272,CLIENT_00845,754602811,539811167,FACTURACION CICLICA,AMDOCS,2026-06-23,2026-07-09,PEN,132.81,20.77,153.58,False,104.81,4,False,48.74,104.84,-0.030000000000001137,True,PAGO_PARCIAL,True
S7AA-0067996872,2017938134,CLIENT_00866,439077721,866648857,FACTURACION CICLICA,AMDOCS,2026-06-23,2026-07-09,PEN,103.52,18.63,122.15,False,122.14,2,False,0.0,122.15,-0.010000000000005116,True,PAGO_PARCIAL,True
S7AA-0068705013,2053765186,CLIENT_00416,51327575,870309501,FACTURACION CICLICA,AMDOCS,2026-06-23,2026-07-09,PEN,36.48,6.57,43.05,False,43.04,2,False,2.65,40.4,2.6400000000000006,True,SOBREPAGO,False
S7AA-0068696168,2024388948,CLIENT_00436,41977575,447751601,FACTURACION CICLICA,AMDOCS,2026-06-23,2026-07-09,PEN,36.48,6.57,43.05,False,43.05,1,False,6.64,36.41,6.640000000000001,True,SOBREPAGO,False
S7AA-0068130260,2065302766,CLIENT_00963,947018531,636241167,FACTURACION CICLICA,AMDOCS,2026-06-23,2026-07-09,PEN,91.66,16.49,108.15,False,3.16,1,False,38.47,69.68,-66.52000000000001,True,PAGO_PARCIAL,False
S7AA-0068424268,2079015167,CLIENT_00836,38117575,720665817,FACTURACION CICLICA,AMDOCS,2026-06-23,2026-07-09,PEN,35.89,6.46,42.35,False,33.69,2,False,2.61,39.74,-6.050000000000004,True,PAGO_PARCIAL,False
S7AA-0068315133,2009434261,CLIENT_00759,274096121,10266957,FACTURACION CICLICA,AMDOCS,2026-06-23,2026-07-09,PEN,53.33,9.6,62.93,False,62.93,1,False,2.1,60.83,2.1000000000000014,True,SOBREPAGO,False
S7AA-0068843749,2078183391,CLIENT_00870,132543231,421246557,FACTURACION CICLICA,AMDOCS,2026-06-23,2026-07-09,PEN,41.47,7.46,48.93,False,48.93,1,False,4.89,44.04,4.890000000000001,True,SOBREPAGO,False
S7AA-0068486663,2022887994,CLIENT_00145,97589811,331699137,FACTURACION CICLICA,AMDOCS,2026-06-23,2026-07-09,PEN,65.13,11.73,76.86,False,76.86,1,False,2.56,74.3,2.5600000000000023,True,SOBREPAGO,False
S7AA-0068324049,2046639773,CLIENT_00422,961315821,416989957,FACTURACION CICLICA,AMDOCS,2026-06-23,2026-07-09,PEN,41.47,7.46,48.93,False,48.93,1,False,1.62,47.31,1.6199999999999974,True,SOBREPAGO,False
S8AA-0007819761,2054531131,CLIENT_00467,994684231,107638557,FACTURACION CICLICA,AMDOCS,2026-06-27,2026-07-13,PEN,20.53,3.69,24.22,False,24.22,1,False,2.8,21.419999999999998,2.8000000000000007,True,SOBREPAGO,False
