NRO_DOC_FISCAL,RUC,RAZON_SOCIAL,COD_CLIENTE,COD_CUENTA,FUENTE,SISTEMA,FECHA_EMISION,FECHA_VTO,MONEDA,CHARGE_NET_AMOUNT,CHARGE_IGV_INVOICE,CHARGE_TOTAL_AMOUNT,origen_fecha_vto_mal_formada,total_pagado,cantidad_pagos,requirio_correccion_formato,total_nota_credito,monto_neto_a_pagar,diferencia,esta_vencida,estado_conciliacion,diferencia_es_trivial_redondeo
S7AA-0068184699,2084347031,CLIENT_00887,65625575,596121473,FACTURACION CICLICA,AMDOCS,2026-06-23,2026-07-09,PEN,118.52,21.34,139.86,False,139.86,1,False,0.0,139.86,0.0,True,CONCILIADA_EXACTA,True
S7AA-0068521431,2070148979,CLIENT_00202,499743311,678194227,FACTURACION CICLICA,AMDOCS,2026-06-23,2026-07-09,PEN,31.38,5.65,37.03,False,37.03,1,False,0.0,37.03,0.0,True,CONCILIADA_EXACTA,True
S7AA-0068672092,2083087437,CLIENT_00371,118091211,812820337,FACTURACION CICLICA,AMDOCS,2026-06-23,2026-07-09,PEN,20.71,3.72,24.43,False,24.43,1,False,0.0,24.43,0.0,True,CONCILIADA_EXACTA,True
S7AA-0068562336,2030405929,CLIENT_00212,894308431,179975957,FACTURACION CICLICA,AMDOCS,2026-06-23,2026-07-09,PEN,53.33,9.6,62.93,False,62.93,1,False,0.0,62.93,0.0,True,CONCILIADA_EXACTA,True
S7AA-0068838267,2096447129,CLIENT_00321,13461575,371977173,FACTURACION CICLICA,AMDOCS,2026-06-23,2026-07-09,PEN,33.75,6.08,39.83,False,39.83,1,False,0.0,39.83,0.0,True,CONCILIADA_EXACTA,True
S7AA-0068446347,2023967163,CLIENT_00238,586659131,417168557,FACTURACION CICLICA,AMDOCS,2026-06-23,2026-07-09,PEN,112.65,20.28,132.93,False,132.93,1,False,0.0,132.93,0.0,True,CONCILIADA_EXACTA,True
S8AA-0008099744,2084347031,CLIENT_00887,435846421,136952347,FACTURACION CICLICA,AMDOCS,2026-06-27,2026-07-13,PEN,112.65,20.28,132.93,False,132.93,1,False,0.0,132.93,0.0,True,CONCILIADA_EXACTA,True
S7AA-0068792072,2019876876,CLIENT_00461,428478431,112896957,FACTURACION CICLICA,AMDOCS,2026-06-23,2026-07-09,PEN,56.06,10.09,66.15,False,66.15,1,False,0.0,66.15,0.0,True,CONCILIADA_EXACTA,True
S8AA-0007928060,2070952060,CLIENT_00669,159389821,305959657,FACTURACION CICLICA,AMDOCS,2026-06-27,2026-07-13,PEN,17.74,3.19,20.93,False,20.93,1,False,0.0,20.93,0.0,True,CONCILIADA_EXACTA,True
S7AA-0068364423,2016442878,CLIENT_00427,676676521,143879447,FACTURACION CICLICA,AMDOCS,2026-06-23,2026-07-09,PEN,112.53,20.26,132.79,False,132.79,1,False,0.0,132.79,0.0,True,CONCILIADA_EXACTA,True
S8AA-0007865642,2077048357,CLIENT_00123,494871031,192283257,FACTURACION CICLICA,AMDOCS,2026-06-27,2026-07-13,PEN,100.79,18.14,118.93,False,118.93,1,False,0.0,118.93,0.0,True,CONCILIADA_EXACTA,True
S7AA-0067988183,2030170496,CLIENT_00469,339091911,641226957,FACTURACION CICLICA,AMDOCS,2026-06-23,2026-07-09,PEN,50.13,9.02,59.15,False,59.15,1,False,0.0,59.15,0.0,True,CONCILIADA_EXACTA,True
S8AA-0007961873,2004792943,CLIENT_00818,261453231,813596557,FACTURACION CICLICA,AMDOCS,2026-06-27,2026-07-13,PEN,106.72,19.21,125.93,False,125.93,1,False,0.0,125.93,0.0,True,CONCILIADA_EXACTA,True
S8AA-0007948791,2058153118,CLIENT_00729,853875821,741139947,FACTURACION CICLICA,AMDOCS,2026-06-27,2026-07-13,PEN,32.15,5.79,37.94,False,37.94,1,False,0.0,37.94,0.0,True,CONCILIADA_EXACTA,True
S8AA-0007899035,2029816520,CLIENT_00874,244414621,676462647,FACTURACION CICLICA,AMDOCS,2026-06-27,2026-07-13,PEN,31.38,5.65,37.03,False,37.03,1,False,0.0,37.03,0.0,True,CONCILIADA_EXACTA,True
S8AA-0008040899,2005357307,CLIENT_00223,619846321,878242147,FACTURACION CICLICA,AMDOCS,2026-06-27,2026-07-13,PEN,59.86,10.77,70.63,False,70.63,1,False,0.0,70.63,0.0,True,CONCILIADA_EXACTA,True
S8AA-0007882067,2082900579,CLIENT_00127,630652821,744448857,FACTURACION CICLICA,AMDOCS,2026-06-27,2026-07-13,PEN,136.38,24.55,160.93,False,160.93,1,False,0.0,160.93,0.0,True,CONCILIADA_EXACTA,True
S8AA-0008002817,2043931649,CLIENT_00311,176219431,361057957,FACTURACION CICLICA,AMDOCS,2026-06-27,2026-07-13,PEN,42.9,7.71,50.61,False,50.61,1,False,0.0,50.61,0.0,True,CONCILIADA_EXACTA,True
S8AA-0007999449,2050012017,CLIENT_00285,200191431,608796857,FACTURACION CICLICA,AMDOCS,2026-06-27,2026-07-13,PEN,118.46,21.33,139.79,False,139.79,1,False,0.0,139.79,0.0,True,CONCILIADA_EXACTA,True
S8AA-0007944445,2046639773,CLIENT_00422,659895821,33750167,FACTURACION CICLICA,AMDOCS,2026-06-27,2026-07-13,PEN,55.99,10.09,66.08,False,66.08,1,False,0.0,66.08,0.0,True,CONCILIADA_EXACTA,True
S8AA-0007925397,2004941501,CLIENT_00776,50502621,445019857,FACTURACION CICLICA,AMDOCS,2026-06-27,2026-07-13,PEN,106.78,19.22,126.0,False,126.0,1,False,0.0,126.0,0.0,True,CONCILIADA_EXACTA,True
FOBF-00121753,2028858667,CLIENT_00821,87664306,851638857,FACTURACION ACICLICA,AMDOCS,2026-06-25,2026-06-25,,0.6,0.11,0.7,False,0.7,1,False,0.0,0.7,0.0,True,CONCILIADA_EXACTA,True
S8AA-0007830906,2077292308,CLIENT_00945,380329421,311026347,FACTURACION CICLICA,AMDOCS,2026-06-27,2026-07-13,PEN,15.83,2.86,18.69,False,18.69,1,False,0.0,18.69,0.0,True,CONCILIADA_EXACTA,True
S8AA-0007948577,2050334437,CLIENT_00131,852548521,80575747,FACTURACION CICLICA,AMDOCS,2026-06-27,2026-07-13,PEN,111.47,20.06,131.53,False,131.53,1,False,0.0,131.53,0.0,True,CONCILIADA_EXACTA,True
S8AA-0008053550,2019848889,CLIENT_00982,915098421,46892647,FACTURACION CICLICA,AMDOCS,2026-06-27,2026-07-13,PEN,42.42,7.63,50.05,False,50.05,1,False,0.0,50.05,0.0,True,CONCILIADA_EXACTA,True
S8AA-0008002857,2027249828,CLIENT_00172,175639431,395777957,FACTURACION CICLICA,AMDOCS,2026-06-27,2026-07-13,PEN,17.79,3.21,21.0,False,21.0,1,False,0.0,21.0,0.0,True,CONCILIADA_EXACTA,True
S8AA-0008103598,2078272562,CLIENT_00198,530659421,808326257,FACTURACION CICLICA,AMDOCS,2026-06-27,2026-07-13,PEN,133.36,24.0,157.36,False,157.36,1,False,0.0,157.36,0.0,True,CONCILIADA_EXACTA,True
S7AA-0068733972,2087681453,CLIENT_00859,816856611,507734337,FACTURACION CICLICA,AMDOCS,2026-06-23,2026-07-09,PEN,39.98,7.2,47.18,False,47.18,1,False,0.0,47.18,0.0,True,CONCILIADA_EXACTA,True
S8AA-0007856209,2053487352,CLIENT_00912,193190921,923907057,FACTURACION CICLICA,AMDOCS,2026-06-27,2026-07-13,PEN,53.33,9.6,62.93,False,62.93,1,False,0.0,62.93,0.0,True,CONCILIADA_EXACTA,True
S8AA-0007932775,2086851615,CLIENT_00905,455932421,176083247,FACTURACION CICLICA,AMDOCS,2026-06-27,2026-07-13,PEN,37.32,6.71,44.03,False,44.03,1,False,0.0,44.03,0.0,True,CONCILIADA_EXACTA,True
S8AA-0007797179,2040313126,CLIENT_00058,373089521,485148747,FACTURACION CICLICA,AMDOCS,2026-06-27,2026-07-13,PEN,26.69,4.81,31.5,False,31.5,1,False,0.0,31.5,0.0,True,CONCILIADA_EXACTA,True
S9AA-0082902206,2026807327,CLIENT_00677,64288416,896318457,FACTURACION CICLICA,AMDOCS,2026-07-01,2026-07-17,PEN,53.33,9.6,62.93,False,62.93,1,False,0.0,62.93,0.0,True,CONCILIADA_EXACTA,True
S9AA-0083174163,2028858667,CLIENT_00821,87664306,642938857,FACTURACION CICLICA,AMDOCS,2026-07-01,2026-07-17,PEN,20.71,3.72,24.43,False,24.43,1,False,0.0,24.43,0.0,True,CONCILIADA_EXACTA,True
S9AA-0083174164,2028858667,CLIENT_00821,87664306,379148857,FACTURACION CICLICA,AMDOCS,2026-07-01,2026-07-17,PEN,20.71,3.72,24.43,False,24.43,1,False,0.0,24.43,0.0,True,CONCILIADA_EXACTA,True
S9AA-0083233988,2058066767,CLIENT_00743,582149431,403578957,FACTURACION CICLICA,AMDOCS,2026-07-01,2026-07-17,PEN,77.06,13.87,90.93,False,90.93,1,False,0.0,90.93,0.0,True,CONCILIADA_EXACTA,True
S9AA-0082749477,2047900690,CLIENT_00224,726970231,557591557,FACTURACION CICLICA,AMDOCS,2026-07-01,2026-07-17,PEN,56.06,10.09,66.15,False,66.14999999999999,2,False,0.0,66.15,-1.4210854715202004e-14,True,CONCILIADA_EXACTA,True
S9AA-0082733299,2015648856,CLIENT_00530,52223795,620789857,FACTURACION CICLICA,AMDOCS,2026-07-01,2026-07-17,PEN,105.64,19.03,124.67,False,124.67,1,False,0.0,124.67,0.0,True,CONCILIADA_EXACTA,True
S9AA-0082872490,2045106571,CLIENT_00547,34818616,650877606,FACTURACION CICLICA,AMDOCS,2026-07-01,2026-07-17,PEN,32.39,5.83,38.22,False,38.22,1,False,0.0,38.22,0.0,True,CONCILIADA_EXACTA,True
S9AA-0083296123,2053805361,CLIENT_00167,39746895,419578406,FACTURACION CICLICA,AMDOCS,2026-07-01,2026-07-17,PEN,23.73,4.27,28.0,False,28.0,1,False,0.0,28.0,0.0,True,CONCILIADA_EXACTA,True
S9AA-0082512960,2045546222,CLIENT_00594,573795,638904067,FACTURACION CICLICA,AMDOCS,2026-07-01,2026-07-17,PEN,71.13,12.8,83.93,False,83.93,1,False,0.0,83.93,0.0,True,CONCILIADA_EXACTA,True
S9AA-0083286380,2037024710,CLIENT_00800,29790085,913900306,FACTURACION CICLICA,AMDOCS,2026-07-01,2026-07-17,PEN,113.9,20.5,134.4,False,134.4,2,False,0.0,134.4,0.0,True,CONCILIADA_EXACTA,True
S9AA-0083174169,2028858667,CLIENT_00821,87664306,340248857,FACTURACION CICLICA,AMDOCS,2026-07-01,2026-07-17,PEN,20.71,3.72,24.43,False,24.43,1,False,0.0,24.43,0.0,True,CONCILIADA_EXACTA,True
S9AA-0083304854,2091198935,CLIENT_00319,49462906,885498506,FACTURACION CICLICA,AMDOCS,2026-07-01,2026-07-17,PEN,48.64,8.76,57.4,False,57.4,1,False,0.0,57.4,0.0,True,CONCILIADA_EXACTA,True
S9AA-0082774113,2043288258,CLIENT_00956,13550895,3107947,FACTURACION CICLICA,AMDOCS,2026-07-01,2026-07-17,PEN,115.38,20.77,136.15,False,136.15,1,False,0.0,136.15,0.0,True,CONCILIADA_EXACTA,True
S9AA-0082939903,2005150947,CLIENT_00073,15791106,738521506,FACTURACION CICLICA,AMDOCS,2026-07-01,2026-07-17,PEN,238.89,43.0,281.89,False,281.89,1,False,0.0,281.89,0.0,True,CONCILIADA_EXACTA,True
S9AA-0082792472,2074129386,CLIENT_00882,33559616,745718857,FACTURACION CICLICA,AMDOCS,2026-07-01,2026-07-17,PEN,71.13,12.8,83.93,False,83.93,1,False,0.0,83.93,0.0,True,CONCILIADA_EXACTA,True
S9AA-0083296441,2037021331,CLIENT_00121,39706806,604368506,FACTURACION CICLICA,AMDOCS,2026-07-01,2026-07-17,PEN,22.55,4.05,26.6,False,26.6,1,False,0.0,26.6,0.0,True,CONCILIADA_EXACTA,True
S9AA-0082809303,2045771478,CLIENT_00919,53129095,370173857,FACTURACION CICLICA,AMDOCS,2026-07-01,2026-07-17,PEN,136.38,24.55,160.93,False,160.93,1,False,0.0,160.93,0.0,True,CONCILIADA_EXACTA,True
S9AA-0082594110,2028695835,CLIENT_00334,14420021,698221337,FACTURACION CICLICA,AMDOCS,2026-07-01,2026-07-17,PEN,65.13,11.73,76.86,False,76.86,1,False,0.0,76.86,0.0,True,CONCILIADA_EXACTA,True
S9AA-0082572251,2028858667,CLIENT_00821,700649801,596759957,FACTURACION CICLICA,AMDOCS,2026-07-01,2026-07-17,PEN,23.43,4.22,27.65,False,27.65,1,False,0.0,27.65,0.0,True,CONCILIADA_EXACTA,True
S9AA-0083254229,2074129386,CLIENT_00882,88569616,365976606,FACTURACION CICLICA,AMDOCS,2026-07-01,2026-07-17,PEN,62.29,11.21,73.5,False,73.5,1,False,0.0,73.5,0.0,True,CONCILIADA_EXACTA,True
S9AA-0082799929,2001109147,CLIENT_00012,43224195,276595257,FACTURACION CICLICA,AMDOCS,2026-07-01,2026-07-17,PEN,44.2,7.95,52.15,False,52.15,1,False,0.0,52.15,0.0,True,CONCILIADA_EXACTA,True
S9AA-0083123493,2022543695,CLIENT_00820,272246321,542734957,FACTURACION CICLICA,AMDOCS,2026-07-01,2026-07-17,PEN,33.16,5.97,39.13,False,39.13,1,False,0.0,39.13,0.0,True,CONCILIADA_EXACTA,True
S9AA-0082970047,2079583404,CLIENT_00399,457788421,681996457,FACTURACION CICLICA,AMDOCS,2026-07-01,2026-07-17,PEN,47.82,8.6,56.42,False,56.42,1,False,0.0,56.42,0.0,True,CONCILIADA_EXACTA,True
S9AA-0083160169,2042176157,CLIENT_00570,77251595,32125406,FACTURACION CICLICA,AMDOCS,2026-07-01,2026-07-17,PEN,90.71,16.32,107.03,False,107.03,1,False,0.0,107.03,0.0,True,CONCILIADA_EXACTA,True
S9AA-0083206995,2036631349,CLIENT_00307,289009821,958134057,FACTURACION CICLICA,AMDOCS,2026-07-01,2026-07-17,PEN,77.06,13.87,90.93,False,90.93,1,False,0.0,90.93,0.0,True,CONCILIADA_EXACTA,True
S9AA-0083240299,2060838699,CLIENT_00947,680441621,213708547,FACTURACION CICLICA,AMDOCS,2026-07-01,2026-07-17,PEN,41.47,7.46,48.93,False,48.93,1,False,0.0,48.93,0.0,True,CONCILIADA_EXACTA,True
S9AA-0082544908,2095839381,CLIENT_00231,201758411,797234747,FACTURACION CICLICA,AMDOCS,2026-07-01,2026-07-17,PEN,73.86,13.29,87.15,False,87.15,1,False,0.0,87.15,0.0,True,CONCILIADA_EXACTA,True
S9AA-0083230672,2096711703,CLIENT_00428,581765021,189262437,FACTURACION CICLICA,AMDOCS,2026-07-01,2026-07-17,PEN,122.08,21.98,144.06,False,144.06,1,False,0.0,144.06,0.0,True,CONCILIADA_EXACTA,True
S9AA-0082516249,2028712026,CLIENT_00204,30022516,2026606,FACTURACION CICLICA,AMDOCS,2026-07-01,2026-07-17,PEN,438.21,78.88,517.09,False,517.0899999999999,2,False,0.0,517.09,-1.1368683772161603e-13,True,CONCILIADA_EXACTA,True
S9AA-0083053774,2058334645,CLIENT_00540,465713621,203801647,FACTURACION CICLICA,AMDOCS,2026-07-01,2026-07-17,PEN,34.58,6.23,40.81,False,40.81,1,False,0.0,40.81,0.0,True,CONCILIADA_EXACTA,True
S9AA-0082549712,2066685881,CLIENT_00643,50088206,789082506,FACTURACION CICLICA,AMDOCS,2026-07-01,2026-07-17,PEN,44.9,8.09,52.99,False,52.99,1,False,0.0,52.99,0.0,True,CONCILIADA_EXACTA,True
S9AA-0083097245,2006503400,CLIENT_00037,966673111,751447357,FACTURACION CICLICA,AMDOCS,2026-07-01,2026-07-17,PEN,170.67,30.72,201.39,False,201.39999999999998,2,False,0.0,201.39,0.009999999999990905,True,CONCILIADA_EXACTA,True
S9AA-0082803436,2007367776,CLIENT_00411,53765985,348469306,FACTURACION CICLICA,AMDOCS,2026-07-01,2026-07-17,PEN,51.43,9.26,60.69,False,60.69,1,False,0.0,60.69,0.0,True,CONCILIADA_EXACTA,True
S9AA-0082695896,2013237934,CLIENT_00303,22518216,653521337,FACTURACION CICLICA,AMDOCS,2026-07-01,2026-07-17,PEN,71.13,12.8,83.93,False,83.93,1,False,0.0,83.93,0.0,True,CONCILIADA_EXACTA,True
S9AA-0082832614,2096523728,CLIENT_00797,830413321,863394047,FACTURACION CICLICA,AMDOCS,2026-07-01,2026-07-17,PEN,47.4,8.53,55.93,False,55.93,1,False,0.0,55.93,0.0,True,CONCILIADA_EXACTA,True
S9AA-0083349818,2076412738,CLIENT_00914,99741685,789189737,FACTURACION CICLICA,AMDOCS,2026-07-01,2026-07-17,PEN,50.13,9.02,59.15,False,59.15,1,False,0.0,59.15,0.0,True,CONCILIADA_EXACTA,True
S9AA-0082944793,2006121666,CLIENT_00662,154096131,359489557,FACTURACION CICLICA,AMDOCS,2026-07-01,2026-07-17,PEN,53.33,9.6,62.93,False,62.93,1,False,0.0,62.93,0.0,True,CONCILIADA_EXACTA,True
S9AA-0082994391,2031981897,CLIENT_00248,752557621,668578647,FACTURACION CICLICA,AMDOCS,2026-07-01,2026-07-17,PEN,103.45,18.63,122.08,False,122.08,1,False,0.0,122.08,0.0,True,CONCILIADA_EXACTA,True
S9AA-0082855018,2005150947,CLIENT_00073,14781106,928521506,FACTURACION CICLICA,AMDOCS,2026-07-01,2026-07-17,PEN,80.86,14.55,95.41,False,95.41,1,False,0.0,95.41,0.0,True,CONCILIADA_EXACTA,True
S9AA-0082944593,2006121666,CLIENT_00662,154096131,811665457,FACTURACION CICLICA,AMDOCS,2026-07-01,2026-07-17,PEN,47.99,8.64,56.63,False,56.63,1,False,0.0,56.63,0.0,True,CONCILIADA_EXACTA,True
S9AA-0082557070,2034895152,CLIENT_00378,60534585,669255306,FACTURACION CICLICA,AMDOCS,2026-07-01,2026-07-17,PEN,73.49,13.24,86.73,False,86.73,1,False,0.0,86.73,0.0,True,CONCILIADA_EXACTA,True
S9AA-0082407495,2045546222,CLIENT_00594,241572321,813833947,FACTURACION CICLICA,AMDOCS,2026-06-01,2026-06-17,PEN,142.32,25.61,167.93,False,167.93,1,False,0.0,167.93,0.0,True,CONCILIADA_EXACTA,True
S9AA-0083265809,2057311015,CLIENT_00341,982413211,1444547,FACTURACION CICLICA,AMDOCS,2026-07-01,2026-07-17,PEN,94.86,17.07,111.93,False,111.93,1,False,0.0,111.93,0.0,True,CONCILIADA_EXACTA,True
S9AA-0083190588,2045776570,CLIENT_00215,8925695,736248457,FACTURACION CICLICA,AMDOCS,2026-07-01,2026-07-17,PEN,94.86,17.07,111.93,False,111.93,1,False,0.0,111.93,0.0,True,CONCILIADA_EXACTA,True
S9AA-0082780190,2057929173,CLIENT_00899,232251311,641460227,FACTURACION CICLICA,AMDOCS,2026-07-01,2026-07-17,PEN,163.32,8.32,171.64,False,171.64,2,False,0.0,171.64,0.0,True,CONCILIADA_EXACTA,True
S9AA-0082791173,2039576863,CLIENT_00191,33969485,830969947,FACTURACION CICLICA,AMDOCS,2026-07-01,2026-07-17,PEN,14.0,2.52,16.52,False,16.52,1,False,0.0,16.52,0.0,True,CONCILIADA_EXACTA,True
S9AA-0083160043,2034958413,CLIENT_00366,77661495,794524406,FACTURACION CICLICA,AMDOCS,2026-07-01,2026-07-17,PEN,60.15,10.83,70.98,False,70.98,1,False,0.0,70.98,0.0,True,CONCILIADA_EXACTA,True
S9AA-0083241308,2060838699,CLIENT_00947,680441621,145349257,FACTURACION CICLICA,AMDOCS,2026-07-01,2026-07-17,PEN,41.47,7.46,48.93,False,48.93,1,False,0.0,48.93,0.0,True,CONCILIADA_EXACTA,True
S9AA-0083197942,2084384500,CLIENT_00932,18794285,268639547,FACTURACION CICLICA,AMDOCS,2026-07-01,2026-07-17,PEN,17.79,3.21,21.0,False,21.0,1,False,0.0,21.0,0.0,True,CONCILIADA_EXACTA,True
S9AA-0083154556,2029459942,CLIENT_00434,670143411,993722637,FACTURACION CICLICA,AMDOCS,2026-07-01,2026-07-17,PEN,100.73,18.13,118.86,False,118.86,1,False,0.0,118.86,0.0,True,CONCILIADA_EXACTA,True
S9AA-0082240529,2088485339,CLIENT_00716,323244011,578646717,FACTURACION CICLICA,AMDOCS,2026-06-01,2026-06-17,PEN,39.69,7.14,46.83,False,46.83,1,False,0.0,46.83,0.0,True,CONCILIADA_EXACTA,True
S9AA-0082190701,2013054362,CLIENT_00790,719773321,36536047,FACTURACION CICLICA,AMDOCS,2026-06-01,2026-06-17,PEN,43.25,7.78,51.03,False,51.03,1,False,0.0,51.03,0.0,True,CONCILIADA_EXACTA,True
S9AA-0082490313,2001034891,CLIENT_00812,25776706,184557506,FACTURACION CICLICA,AMDOCS,2026-06-01,2026-06-17,PEN,102.1,18.37,120.47,False,120.47,1,False,0.0,120.47,0.0,True,CONCILIADA_EXACTA,True
S9AA-0083060023,2089508889,CLIENT_00786,564509011,189514817,FACTURACION CICLICA,AMDOCS,2026-07-01,2026-07-17,PEN,46.21,8.32,54.53,False,54.53,1,False,0.0,54.53,0.0,True,CONCILIADA_EXACTA,True
S9AA-0082902976,2016722807,CLIENT_00364,64273106,709742957,FACTURACION CICLICA,AMDOCS,2026-07-01,2026-07-17,PEN,11.8,2.13,13.93,False,13.93,1,False,0.0,13.93,0.0,True,CONCILIADA_EXACTA,True
S9AA-0082859384,2006563540,CLIENT_00639,14684316,392571257,FACTURACION CICLICA,AMDOCS,2026-07-01,2026-07-17,PEN,41.47,7.46,48.93,False,48.93,1,False,0.0,48.93,0.0,True,CONCILIADA_EXACTA,True
S9AA-0082558003,2001720617,CLIENT_00817,60420995,160129406,FACTURACION CICLICA,AMDOCS,2026-07-01,2026-07-17,PEN,137.68,24.79,162.47,False,162.47,1,False,0.0,162.47,0.0,True,CONCILIADA_EXACTA,True
S9AA-0083041729,2070083854,CLIENT_00585,36732306,972913506,FACTURACION CICLICA,AMDOCS,2026-07-01,2026-07-17,PEN,235.33,42.36,277.69,False,277.69,1,False,0.0,277.69,0.0,True,CONCILIADA_EXACTA,True
S9AA-0083304733,2096100663,CLIENT_00636,49400406,888284506,FACTURACION CICLICA,AMDOCS,2026-07-01,2026-07-17,PEN,50.3,9.06,59.36,False,59.36,1,False,0.0,59.36,0.0,True,CONCILIADA_EXACTA,True
S9AA-0083330097,2087352121,CLIENT_00062,79390995,426119406,FACTURACION CICLICA,AMDOCS,2026-07-01,2026-07-17,PEN,125.71,22.62,148.33,False,148.34,2,False,0.0,148.33,0.009999999999990905,True,CONCILIADA_EXACTA,True
S9AA-0082692744,2006459799,CLIENT_00837,22696485,647974306,FACTURACION CICLICA,AMDOCS,2026-07-01,2026-07-17,PEN,64.96,11.69,76.65,False,76.65,1,False,0.0,76.65,0.0,True,CONCILIADA_EXACTA,True
S9AA-0082544792,2074355904,CLIENT_00935,203984621,629993647,FACTURACION CICLICA,AMDOCS,2026-07-01,2026-07-17,PEN,43.18,7.78,50.96,False,50.96,1,False,0.0,50.96,0.0,True,CONCILIADA_EXACTA,True
S9AA-0083201610,2042647818,CLIENT_00266,28064185,533741306,FACTURACION CICLICA,AMDOCS,2026-07-01,2026-07-17,PEN,78.25,14.08,92.33,False,92.33,1,False,0.0,92.33,0.0,True,CONCILIADA_EXACTA,True
S9AA-0082523917,2081136919,CLIENT_00294,40815595,83465406,FACTURACION CICLICA,AMDOCS,2026-07-01,2026-07-17,PEN,106.01,19.08,125.09,False,125.09,1,False,0.0,125.09,0.0,True,CONCILIADA_EXACTA,True
S9AA-0082945228,2006121666,CLIENT_00662,154096131,924404857,FACTURACION CICLICA,AMDOCS,2026-07-01,2026-07-17,PEN,53.33,9.6,62.93,False,62.93,1,False,0.0,62.93,0.0,True,CONCILIADA_EXACTA,True
S9AA-0082871568,2010441811,CLIENT_00839,34610495,721314406,FACTURACION CICLICA,AMDOCS,2026-07-01,2026-07-17,PEN,16.55,2.98,19.53,False,19.53,1,False,0.0,19.53,0.0,True,CONCILIADA_EXACTA,True
S9AA-0083081056,2054854170,CLIENT_00245,76218716,108582957,FACTURACION CICLICA,AMDOCS,2026-07-01,2026-07-17,PEN,88.92,16.01,104.93,False,104.93,1,False,0.0,104.93,0.0,True,CONCILIADA_EXACTA,True
S9AA-0083096213,2092536593,CLIENT_00425,964976321,123152647,FACTURACION CICLICA,AMDOCS,2026-07-01,2026-07-17,PEN,65.13,11.73,76.86,False,76.86,1,False,0.0,76.86,0.0,True,CONCILIADA_EXACTA,True
S9AA-0083177964,2094379951,CLIENT_00780,97904616,481737606,FACTURACION CICLICA,AMDOCS,2026-07-01,2026-07-17,PEN,152.4,27.43,179.83,False,179.83,1,False,0.0,179.83,0.0,True,CONCILIADA_EXACTA,True
S9AA-0083241310,2060838699,CLIENT_00947,680441621,776879257,FACTURACION CICLICA,AMDOCS,2026-07-01,2026-07-17,PEN,41.47,7.46,48.93,False,48.93,1,False,0.0,48.93,0.0,True,CONCILIADA_EXACTA,True
S9AA-0083079698,2045052005,CLIENT_00109,763571211,174787947,FACTURACION CICLICA,AMDOCS,2026-07-01,2026-07-17,PEN,19.88,3.57,23.45,False,23.45,1,False,0.0,23.45,0.0,True,CONCILIADA_EXACTA,True
S9AA-0082681339,2052036896,CLIENT_00239,20106721,899192357,FACTURACION CICLICA,AMDOCS,2026-07-01,2026-07-17,PEN,52.14,9.39,61.53,False,61.53,1,False,0.0,61.53,0.0,True,CONCILIADA_EXACTA,True
S9AA-0082575324,2074789528,CLIENT_00143,80572906,782449506,FACTURACION CICLICA,AMDOCS,2026-07-01,2026-07-17,PEN,116.21,20.92,137.13,False,137.13,1,False,0.0,137.13,0.0,True,CONCILIADA_EXACTA,True
S9AA-0082656456,2047585517,CLIENT_00754,914343231,860755657,FACTURACION CICLICA,AMDOCS,2026-07-01,2026-07-17,PEN,41.47,7.46,48.93,False,48.93,1,False,0.0,48.93,0.0,True,CONCILIADA_EXACTA,True
S9AA-0083241307,2060838699,CLIENT_00947,680441621,566939257,FACTURACION CICLICA,AMDOCS,2026-07-01,2026-07-17,PEN,41.47,7.46,48.93,False,48.93,1,False,0.0,48.93,0.0,True,CONCILIADA_EXACTA,True
S9AA-0083207571,2002302343,CLIENT_00020,281114021,509180557,FACTURACION CICLICA,AMDOCS,2026-07-01,2026-07-17,PEN,41.47,7.46,48.93,False,48.93,1,False,0.0,48.93,0.0,True,CONCILIADA_EXACTA,True
S9AA-0081948607,2067016446,CLIENT_00306,98911606,581948937,FACTURACION CICLICA,AMDOCS,2026-06-01,2026-06-17,PEN,74.69,13.44,88.13,False,88.13,1,False,0.0,88.13,0.0,True,CONCILIADA_EXACTA,True
S9AA-0081837875,2034169414,CLIENT_00863,673895221,139561457,FACTURACION CICLICA,AMDOCS,2026-06-01,2026-06-17,PEN,47.4,8.53,55.93,False,55.93,1,False,0.0,55.93,0.0,True,CONCILIADA_EXACTA,True
S9AA-0082587462,2024049593,CLIENT_00909,905887721,592586847,FACTURACION CICLICA,AMDOCS,2026-07-01,2026-07-17,PEN,58.67,10.56,69.23,False,69.23,1,False,0.0,69.23,0.0,True,CONCILIADA_EXACTA,True
S9AA-0082744938,2006444143,CLIENT_00059,72611706,235286506,FACTURACION CICLICA,AMDOCS,2026-07-01,2026-07-17,PEN,74.98,13.5,88.48,False,88.48,1,False,0.0,88.48,0.0,True,CONCILIADA_EXACTA,True
S9AA-0082887763,2073533879,CLIENT_00382,54366285,843962306,FACTURACION CICLICA,AMDOCS,2026-07-01,2026-07-17,PEN,50.37,9.07,59.43,False,59.43,1,False,0.0,59.43,0.0,True,CONCILIADA_EXACTA,True
S9AA-0082585994,2062894104,CLIENT_00158,90856906,155881537,FACTURACION CICLICA,AMDOCS,2026-07-01,2026-07-17,PEN,122.02,21.97,143.99,False,143.99,1,False,0.0,143.99,0.0,True,CONCILIADA_EXACTA,True
S9AA-0082996069,2059791752,CLIENT_00929,75231785,312517857,FACTURACION CICLICA,AMDOCS,2026-07-01,2026-07-17,PEN,85.65,15.43,101.08,False,101.08,1,False,0.0,101.08,0.0,True,CONCILIADA_EXACTA,True
S9AA-0083205629,2042647818,CLIENT_00266,28064185,719519737,FACTURACION CICLICA,AMDOCS,2026-07-01,2026-07-17,PEN,18.69,3.36,22.05,False,22.05,1,False,0.0,22.05,0.0,True,CONCILIADA_EXACTA,True
S9AA-0083211678,1042862786,CLIENT_00787,38392116,173211606,FACTURACION CICLICA,AMDOCS,2026-07-01,2026-07-17,PEN,132.83,23.91,156.73,False,156.73,1,False,0.0,156.73,0.0,True,CONCILIADA_EXACTA,True
S9AA-0083310428,2071395567,CLIENT_00118,491813321,801947067,FACTURACION CICLICA,AMDOCS,2026-07-01,2026-07-17,PEN,20.77,3.73,24.5,False,24.5,1,False,0.0,24.5,0.0,True,CONCILIADA_EXACTA,True
S9AA-0082591983,2006444294,CLIENT_00359,1797306,954073506,FACTURACION CICLICA,AMDOCS,2026-07-01,2026-07-17,PEN,119.77,21.56,141.33,False,141.33,1,False,0.0,141.33,0.0,True,CONCILIADA_EXACTA,True
S9AA-0082227496,2016739447,CLIENT_00734,124841421,379179857,FACTURACION CICLICA,AMDOCS,2026-06-01,2026-06-17,PEN,53.33,9.6,62.93,False,62.93,1,False,0.0,62.93,0.0,True,CONCILIADA_EXACTA,True
S9AA-0082741916,2067392845,CLIENT_00917,62874416,746371067,FACTURACION CICLICA,AMDOCS,2026-07-01,2026-07-17,PEN,94.86,17.07,111.93,False,111.93,1,False,0.0,111.93,0.0,True,CONCILIADA_EXACTA,True
S9AA-0082702170,2058943768,CLIENT_00054,32045595,727955406,FACTURACION CICLICA,AMDOCS,2026-07-01,2026-07-17,PEN,78.84,14.19,93.03,False,93.03,1,False,0.0,93.03,0.0,True,CONCILIADA_EXACTA,True
S9AA-0082936676,2065298423,CLIENT_00377,51299331,722343857,FACTURACION CICLICA,AMDOCS,2026-07-01,2026-07-17,PEN,139.11,25.04,164.15,False,164.15,1,False,0.0,164.15,0.0,True,CONCILIADA_EXACTA,True
S9AA-0083207102,2042647818,CLIENT_00266,28064185,904743157,FACTURACION CICLICA,AMDOCS,2026-07-01,2026-07-17,PEN,8.9,1.6,10.5,False,10.5,1,False,0.0,10.5,0.0,True,CONCILIADA_EXACTA,True
S9AA-0082558571,2046859398,CLIENT_00764,60084616,92066606,FACTURACION CICLICA,AMDOCS,2026-07-01,2026-07-17,PEN,23.73,4.27,28.0,False,28.0,1,False,0.0,28.0,0.0,True,CONCILIADA_EXACTA,True
S9AA-0082821440,2014616173,CLIENT_00793,73449016,683211606,FACTURACION CICLICA,AMDOCS,2026-07-01,2026-07-17,PEN,47.4,8.53,55.93,False,55.93,1,False,0.0,55.93,0.0,True,CONCILIADA_EXACTA,True
S9AA-0082928306,2068789568,CLIENT_00153,94825706,282781957,FACTURACION CICLICA,AMDOCS,2026-07-01,2026-07-17,PEN,59.26,10.67,69.93,False,69.93,1,False,0.0,69.93,0.0,True,CONCILIADA_EXACTA,True
S9AA-0082761955,2042422772,CLIENT_00369,3027706,11187506,FACTURACION CICLICA,AMDOCS,2026-07-01,2026-07-17,PEN,32.63,5.87,38.5,False,38.5,1,False,0.0,38.5,0.0,True,CONCILIADA_EXACTA,True
S9AA-0082531890,2047587904,CLIENT_00534,10429885,107109306,FACTURACION CICLICA,AMDOCS,2026-07-01,2026-07-17,PEN,26.64,4.8,31.43,False,31.43,1,False,0.0,31.43,0.0,True,CONCILIADA_EXACTA,True
S9AA-0082948699,2048805652,CLIENT_00880,25312706,363707506,FACTURACION CICLICA,AMDOCS,2026-07-01,2026-07-17,PEN,113.25,20.38,133.63,False,133.63,1,False,0.0,133.63,0.0,True,CONCILIADA_EXACTA,True
S9AA-0082587909,2079899808,CLIENT_00269,90834906,119300257,FACTURACION CICLICA,AMDOCS,2026-07-01,2026-07-17,PEN,65.13,11.73,76.86,False,76.86,1,False,0.0,76.86,0.0,True,CONCILIADA_EXACTA,True
S9AA-0082637623,2013054362,CLIENT_00790,719773321,36536047,FACTURACION CICLICA,AMDOCS,2026-07-01,2026-07-17,PEN,43.25,7.78,51.03,False,51.03,1,False,0.0,51.03,0.0,True,CONCILIADA_EXACTA,True
S9AA-0083308988,2019351028,CLIENT_00937,49543006,179417257,FACTURACION CICLICA,AMDOCS,2026-07-01,2026-07-17,PEN,26.4,4.75,31.15,False,31.15,1,False,0.0,31.15,0.0,True,CONCILIADA_EXACTA,True
S9AA-0082945227,2006121666,CLIENT_00662,154096131,324404857,FACTURACION CICLICA,AMDOCS,2026-07-01,2026-07-17,PEN,53.33,9.6,62.93,False,62.93,1,False,0.0,62.93,0.0,True,CONCILIADA_EXACTA,True
S9AA-0083174171,2028858667,CLIENT_00821,87664306,786348857,FACTURACION CICLICA,AMDOCS,2026-07-01,2026-07-17,PEN,20.71,3.72,24.43,False,24.43,1,False,0.0,24.43,0.0,True,CONCILIADA_EXACTA,True
S9AA-0082753773,2013392711,CLIENT_00135,92388716,62288606,FACTURACION CICLICA,AMDOCS,2026-07-01,2026-07-17,PEN,99.6,17.93,117.53,False,117.53,1,False,0.0,117.53,0.0,True,CONCILIADA_EXACTA,True
S9AA-0083174173,2028858667,CLIENT_00821,87664306,961448857,FACTURACION CICLICA,AMDOCS,2026-07-01,2026-07-17,PEN,20.71,3.72,24.43,False,24.43,1,False,0.0,24.43,0.0,True,CONCILIADA_EXACTA,True
S9AA-0082979275,2029762900,CLIENT_00838,557615821,172961957,FACTURACION CICLICA,AMDOCS,2026-07-01,2026-07-17,PEN,100.79,18.14,118.93,False,118.93,1,False,0.0,118.93,0.0,True,CONCILIADA_EXACTA,True
S9AA-0083101292,2037021331,CLIENT_00121,7865806,414368506,FACTURACION CICLICA,AMDOCS,2026-07-01,2026-07-17,PEN,16.55,2.98,19.53,False,19.53,1,False,0.0,19.53,0.0,True,CONCILIADA_EXACTA,True
S9AA-0082654893,2062185872,CLIENT_00774,913599321,48944447,FACTURACION CICLICA,AMDOCS,2026-07-01,2026-07-17,PEN,58.08,10.45,68.53,False,68.53,1,False,0.0,68.53,0.0,True,CONCILIADA_EXACTA,True
S9AA-0083092479,2050348529,CLIENT_00770,96289595,106306406,FACTURACION CICLICA,AMDOCS,2026-07-01,2026-07-17,PEN,78.84,14.19,93.03,False,93.03,1,False,0.0,93.03,0.0,True,CONCILIADA_EXACTA,True
S9AA-0082880436,2005150947,CLIENT_00073,44741106,548521506,FACTURACION CICLICA,AMDOCS,2026-07-01,2026-07-17,PEN,50.31,9.05,59.36,False,59.36,2,False,0.0,59.36,0.0,True,CONCILIADA_EXACTA,True
S9AA-0082957405,2064475821,CLIENT_00583,35777616,254046606,FACTURACION CICLICA,AMDOCS,2026-07-01,2026-07-17,PEN,53.33,9.6,62.93,False,62.93,1,False,0.0,62.93,0.0,True,CONCILIADA_EXACTA,True
S9AA-0082859508,2031830857,CLIENT_00959,149869031,118805357,FACTURACION CICLICA,AMDOCS,2026-07-01,2026-07-17,PEN,109.63,19.73,129.36,False,129.36,1,False,0.0,129.36,0.0,True,CONCILIADA_EXACTA,True
S9AA-0082741172,2009784756,CLIENT_00094,623989711,172639657,FACTURACION CICLICA,AMDOCS,2026-07-01,2026-07-17,PEN,17.74,3.19,20.93,False,20.93,1,False,0.0,20.93,0.0,True,CONCILIADA_EXACTA,True
S9AA-0082761240,2078299854,CLIENT_00460,3160295,627412406,FACTURACION CICLICA,AMDOCS,2026-07-01,2026-07-17,PEN,47.4,8.53,55.93,False,55.93,1,False,0.0,55.93,0.0,True,CONCILIADA_EXACTA,True
S9AA-0081668763,2010945037,CLIENT_00252,95990595,683715406,FACTURACION CICLICA,AMDOCS,2026-06-01,2026-06-17,PEN,106.01,19.08,125.09,False,125.09,1,False,0.0,125.09,0.0,True,CONCILIADA_EXACTA,True
S9AA-0082449506,2074915485,CLIENT_00372,642452221,40421837,FACTURACION CICLICA,AMDOCS,2026-06-01,2026-06-17,PEN,128.08,23.05,151.13,False,151.13,1,False,0.0,151.13,0.0,True,CONCILIADA_EXACTA,True
S9AA-0082569413,2050836779,CLIENT_00070,702465221,263158937,FACTURACION CICLICA,AMDOCS,2026-07-01,2026-07-17,PEN,115.26,20.75,136.01,False,136.01,1,False,0.0,136.01,0.0,True,CONCILIADA_EXACTA,True
S9AA-0083310404,2071395567,CLIENT_00118,491813321,469627067,FACTURACION CICLICA,AMDOCS,2026-07-01,2026-07-17,PEN,65.19,11.74,76.93,False,76.93,1,False,0.0,76.93,0.0,True,CONCILIADA_EXACTA,True
S9AA-0082867413,2045546222,CLIENT_00594,241572321,813833947,FACTURACION CICLICA,AMDOCS,2026-07-01,2026-07-17,PEN,142.32,25.61,167.93,False,167.93,1,False,0.0,167.93,0.0,True,CONCILIADA_EXACTA,True
S9AA-0083171505,2088855451,CLIENT_00667,870732221,781360837,FACTURACION CICLICA,AMDOCS,2026-07-01,2026-07-17,PEN,106.48,19.17,125.65,False,125.65,1,False,0.0,125.65,0.0,True,CONCILIADA_EXACTA,True
S9AA-0082741917,2067392845,CLIENT_00917,62874416,429371067,FACTURACION CICLICA,AMDOCS,2026-07-01,2026-07-17,PEN,94.86,17.07,111.93,False,111.93,1,False,0.0,111.93,0.0,True,CONCILIADA_EXACTA,True
S9AA-0082804707,2082202511,CLIENT_00338,53080816,885009606,FACTURACION CICLICA,AMDOCS,2026-07-01,2026-07-17,PEN,104.59,18.82,123.41,False,123.41,1,False,0.0,123.41,0.0,True,CONCILIADA_EXACTA,True
S9AA-0082614642,2013054362,CLIENT_00790,219773321,181410067,FACTURACION CICLICA,AMDOCS,2026-07-01,2026-07-17,PEN,65.2,11.73,76.93,False,76.93,1,False,0.0,76.93,0.0,True,CONCILIADA_EXACTA,True
S9AA-0082762329,2029902035,CLIENT_00756,3530816,398698606,FACTURACION CICLICA,AMDOCS,2026-07-01,2026-07-17,PEN,465.51,83.78,549.29,False,549.29,1,False,0.0,549.29,0.0,True,CONCILIADA_EXACTA,True
S9AA-0082824265,2029902035,CLIENT_00756,732560421,635050247,FACTURACION CICLICA,AMDOCS,2026-07-01,2026-07-17,PEN,74.69,13.44,88.13,False,88.13,1,False,0.0,88.13,0.0,True,CONCILIADA_EXACTA,True
S9AA-0082835029,2016722807,CLIENT_00364,838714921,210821957,FACTURACION CICLICA,AMDOCS,2026-07-01,2026-07-17,PEN,17.74,3.19,20.93,False,20.93,1,False,0.0,20.93,0.0,True,CONCILIADA_EXACTA,True
S9AA-0083245629,2057609277,CLIENT_00543,78285016,998140606,FACTURACION CICLICA,AMDOCS,2026-07-01,2026-07-17,PEN,59.26,10.67,69.93,False,69.93,1,False,0.0,69.93,0.0,True,CONCILIADA_EXACTA,True
S9AA-0082853972,2071170607,CLIENT_00207,14288385,626783306,FACTURACION CICLICA,AMDOCS,2026-07-01,2026-07-17,PEN,28.35,5.11,33.46,False,33.46,1,False,0.0,33.46,0.0,True,CONCILIADA_EXACTA,True
S9AA-0082582142,2021259203,CLIENT_00271,90443085,371530306,FACTURACION CICLICA,AMDOCS,2026-07-01,2026-07-17,PEN,59.02,10.63,69.65,False,69.65,1,False,0.0,69.65,0.0,True,CONCILIADA_EXACTA,True
S9AA-0082792265,2020514932,CLIENT_00614,33041185,632327757,FACTURACION CICLICA,AMDOCS,2026-07-01,2026-07-17,PEN,88.56,15.95,104.51,False,104.51,1,False,0.0,104.51,0.0,True,CONCILIADA_EXACTA,True
S9AA-0083138140,2023761450,CLIENT_00148,472623421,166045247,FACTURACION CICLICA,AMDOCS,2026-07-01,2026-07-17,PEN,41.47,7.46,48.93,False,48.93,1,False,0.0,48.93,0.0,True,CONCILIADA_EXACTA,True
S9AA-0083174174,2028858667,CLIENT_00821,87664306,371448857,FACTURACION CICLICA,AMDOCS,2026-07-01,2026-07-17,PEN,20.71,3.72,24.43,False,24.43,1,False,0.0,24.43,0.0,True,CONCILIADA_EXACTA,True
S9AA-0082633245,2040502929,CLIENT_00235,71948185,716381306,FACTURACION CICLICA,AMDOCS,2026-07-01,2026-07-17,PEN,95.98,17.28,113.26,False,113.26,1,False,0.0,113.26,0.0,True,CONCILIADA_EXACTA,True
S9AA-0082628156,2042734334,CLIENT_00488,414931021,517753337,FACTURACION CICLICA,AMDOCS,2026-07-01,2026-07-17,PEN,57.43,10.33,67.76,False,67.76,1,False,0.0,67.76,0.0,True,CONCILIADA_EXACTA,True
S9AA-0083052067,2021032699,CLIENT_00278,460158211,980490627,FACTURACION CICLICA,AMDOCS,2026-07-01,2026-07-17,PEN,44.2,7.95,52.15,False,52.15,1,False,0.0,52.15,0.0,True,CONCILIADA_EXACTA,True
S9AA-0082552325,2073533879,CLIENT_00382,50266285,841297637,FACTURACION CICLICA,AMDOCS,2026-07-01,2026-07-17,PEN,117.64,21.18,138.81,False,138.81,1,False,0.0,138.81,0.0,True,CONCILIADA_EXACTA,True
S9AA-0082846738,2028931903,CLIENT_00019,4635706,36467506,FACTURACION CICLICA,AMDOCS,2026-07-01,2026-07-17,PEN,112.65,20.28,132.93,False,132.93,1,False,0.0,132.93,0.0,True,CONCILIADA_EXACTA,True
S9AA-0082620584,2035102698,CLIENT_00950,319965321,886860147,FACTURACION CICLICA,AMDOCS,2026-07-01,2026-07-17,PEN,23.14,4.16,27.3,False,27.3,1,False,0.0,27.3,0.0,True,CONCILIADA_EXACTA,True
S9AA-0082914105,2063755498,CLIENT_00835,84725595,249565406,FACTURACION CICLICA,AMDOCS,2026-07-01,2026-07-17,PEN,125.59,22.6,148.19,False,148.19,1,False,0.0,148.19,0.0,True,CONCILIADA_EXACTA,True
S9AA-0083352496,2045121201,CLIENT_00767,992659121,994882957,FACTURACION CICLICA,AMDOCS,2026-07-01,2026-07-17,PEN,65.2,11.73,76.93,False,76.93,1,False,0.0,76.93,0.0,True,CONCILIADA_EXACTA,True
S9AA-0081761036,2054854170,CLIENT_00245,76218716,108582957,FACTURACION CICLICA,AMDOCS,2026-06-01,2026-06-17,PEN,88.92,16.01,104.93,False,104.93,1,False,0.0,104.93,0.0,True,CONCILIADA_EXACTA,True
S9AA-0083134931,2048171681,CLIENT_00795,47443006,541430506,FACTURACION CICLICA,AMDOCS,2026-07-01,2026-07-17,PEN,280.0,50.4,330.4,False,330.4,1,False,0.0,330.4,0.0,True,CONCILIADA_EXACTA,True
S9AA-0082575211,2087028740,CLIENT_00487,80293606,450746506,FACTURACION CICLICA,AMDOCS,2026-07-01,2026-07-17,PEN,26.64,4.8,31.43,False,31.43,1,False,0.0,31.43,0.0,True,CONCILIADA_EXACTA,True
S9AA-0083240301,2060838699,CLIENT_00947,680441621,260018547,FACTURACION CICLICA,AMDOCS,2026-07-01,2026-07-17,PEN,41.47,7.46,48.93,False,48.93,1,False,0.0,48.93,0.0,True,CONCILIADA_EXACTA,True
S9AA-0083075975,2077915427,CLIENT_00955,76599116,854412606,FACTURACION CICLICA,AMDOCS,2026-07-01,2026-07-17,PEN,37.31,6.72,44.03,False,44.03,1,False,0.0,44.03,0.0,True,CONCILIADA_EXACTA,True
S9AA-0083174166,2028858667,CLIENT_00821,87664306,100248857,FACTURACION CICLICA,AMDOCS,2026-07-01,2026-07-17,PEN,20.71,3.72,24.43,False,24.43,1,False,0.0,24.43,0.0,True,CONCILIADA_EXACTA,True
S9AA-0083193235,2084384500,CLIENT_00932,18794285,22252306,FACTURACION CICLICA,AMDOCS,2026-07-01,2026-07-17,PEN,60.45,10.88,71.33,False,71.33,1,False,0.0,71.33,0.0,True,CONCILIADA_EXACTA,True
S9AA-0083308762,2026853033,CLIENT_00589,493603511,560891157,FACTURACION CICLICA,AMDOCS,2026-07-01,2026-07-17,PEN,41.47,7.46,48.93,False,48.93,1,False,0.0,48.93,0.0,True,CONCILIADA_EXACTA,True
S9AA-0082832804,2043659343,CLIENT_00128,830250421,724910247,FACTURACION CICLICA,AMDOCS,2026-07-01,2026-07-17,PEN,52.14,9.39,61.53,False,61.53,1,False,0.0,61.53,0.0,True,CONCILIADA_EXACTA,True
S9AA-0082981069,2020587286,CLIENT_00074,65329185,175191306,FACTURACION CICLICA,AMDOCS,2026-07-01,2026-07-17,PEN,68.1,12.26,80.36,False,80.36,1,False,0.0,80.36,0.0,True,CONCILIADA_EXACTA,True
S9AA-0083265300,2067016446,CLIENT_00306,98911606,581948937,FACTURACION CICLICA,AMDOCS,2026-07-01,2026-07-17,PEN,74.69,13.44,88.13,False,88.13,1,False,0.0,88.13,0.0,True,CONCILIADA_EXACTA,True
S9AA-0083007456,2010945037,CLIENT_00252,95990595,683715406,FACTURACION CICLICA,AMDOCS,2026-07-01,2026-07-17,PEN,106.01,19.08,125.09,False,125.09,1,False,0.0,125.09,0.0,True,CONCILIADA_EXACTA,True
S9AA-0082801131,2037757541,CLIENT_00199,43669685,809287957,FACTURACION CICLICA,AMDOCS,2026-07-01,2026-07-17,PEN,82.99,14.94,97.93,False,97.93,1,False,0.0,97.93,0.0,True,CONCILIADA_EXACTA,True
S9AA-0083025105,2044791755,CLIENT_00554,16502516,980105606,FACTURACION CICLICA,AMDOCS,2026-07-01,2026-07-17,PEN,38.67,6.97,45.64,False,45.64,1,False,0.0,45.64,0.0,True,CONCILIADA_EXACTA,True
S9AA-0082866423,2045546222,CLIENT_00594,241572321,215104047,FACTURACION CICLICA,AMDOCS,2026-07-01,2026-07-17,PEN,80.62,14.51,95.13,False,95.13,1,False,0.0,95.13,0.0,True,CONCILIADA_EXACTA,True
S9AA-0083062598,2077511265,CLIENT_00056,56710416,853352847,FACTURACION CICLICA,AMDOCS,2026-07-01,2026-07-17,PEN,44.2,7.95,52.15,False,52.15,1,False,0.0,52.15,0.0,True,CONCILIADA_EXACTA,True
S9AA-0082573475,2028712026,CLIENT_00204,80750575,306216173,FACTURACION CICLICA,AMDOCS,2026-07-01,2026-07-17,PEN,24.63,4.42,29.05,False,29.05,1,False,0.0,29.05,0.0,True,CONCILIADA_EXACTA,True
S9AA-0083002962,2085992497,CLIENT_00065,85425595,356731747,FACTURACION CICLICA,AMDOCS,2026-07-01,2026-07-17,PEN,21.59,3.89,25.48,False,25.48,1,False,0.0,25.48,0.0,True,CONCILIADA_EXACTA,True
S9AA-0081711849,2070262664,CLIENT_00155,26655495,204464406,FACTURACION CICLICA,AMDOCS,2026-06-01,2026-06-17,PEN,105.53,19.0,124.53,False,124.53,1,False,0.0,124.53,0.0,True,CONCILIADA_EXACTA,True
S9AA-0083240298,2060838699,CLIENT_00947,680441621,581708547,FACTURACION CICLICA,AMDOCS,2026-07-01,2026-07-17,PEN,41.47,7.46,48.93,False,48.93,1,False,0.0,48.93,0.0,True,CONCILIADA_EXACTA,True
S9AA-0083174168,2028858667,CLIENT_00821,87664306,110248857,FACTURACION CICLICA,AMDOCS,2026-07-01,2026-07-17,PEN,20.71,3.72,24.43,False,24.43,1,False,0.0,24.43,0.0,True,CONCILIADA_EXACTA,True
S9AA-0082900414,2015048988,CLIENT_00520,64524695,363979937,FACTURACION CICLICA,AMDOCS,2026-07-01,2026-07-17,PEN,118.52,21.34,139.86,False,139.86,1,False,0.0,139.86,0.0,True,CONCILIADA_EXACTA,True
S9AA-0083241263,2040445117,CLIENT_00255,683942421,682517257,FACTURACION CICLICA,AMDOCS,2026-07-01,2026-07-17,PEN,53.33,9.6,62.93,False,62.93,1,False,0.0,62.93,0.0,True,CONCILIADA_EXACTA,True
S9AA-0082540135,2011171530,CLIENT_00052,20246385,96363306,FACTURACION CICLICA,AMDOCS,2026-07-01,2026-07-17,PEN,42.42,7.63,50.05,False,50.05,1,False,0.0,50.05,0.0,True,CONCILIADA_EXACTA,True
S9AA-0083111377,2088342501,CLIENT_00581,171923611,616390727,FACTURACION CICLICA,AMDOCS,2026-07-01,2026-07-17,PEN,46.21,8.32,54.53,False,54.53,1,False,0.0,54.53,0.0,True,CONCILIADA_EXACTA,True
S9AA-0082817014,2016134169,CLIENT_00655,63347185,928267157,FACTURACION CICLICA,AMDOCS,2026-07-01,2026-07-17,PEN,115.56,20.8,136.36,False,136.36,1,False,0.0,136.36,0.0,True,CONCILIADA_EXACTA,True
S9AA-0082900433,2078386304,CLIENT_00703,645411321,943050047,FACTURACION CICLICA,AMDOCS,2026-07-01,2026-07-17,PEN,151.03,27.19,178.22,False,178.22,1,False,0.0,178.22,0.0,True,CONCILIADA_EXACTA,True
S9AA-0083346263,2086602695,CLIENT_00868,99425785,516467306,FACTURACION CICLICA,AMDOCS,2026-07-01,2026-07-17,PEN,62.81,11.32,74.13,False,74.13,1,False,0.0,74.13,0.0,True,CONCILIADA_EXACTA,True
S9AA-0082517567,2087856323,CLIENT_00453,305469511,961094627,FACTURACION CICLICA,AMDOCS,2026-07-01,2026-07-17,PEN,20.35,3.66,24.01,False,24.01,1,False,0.0,24.01,0.0,True,CONCILIADA_EXACTA,True
S9AA-0083198308,2084384500,CLIENT_00932,18794285,644363947,FACTURACION CICLICA,AMDOCS,2026-07-01,2026-07-17,PEN,29.6,5.33,34.93,False,34.93,1,False,0.0,34.93,0.0,True,CONCILIADA_EXACTA,True
S9AA-0082871883,2037889248,CLIENT_00761,34903895,113738406,FACTURACION CICLICA,AMDOCS,2026-07-01,2026-07-17,PEN,42.35,7.63,49.98,False,49.98,1,False,0.0,49.98,0.0,True,CONCILIADA_EXACTA,True
S9AA-0082727019,2014718111,CLIENT_00016,52975885,733768306,FACTURACION CICLICA,AMDOCS,2026-07-01,2026-07-17,PEN,74.69,13.44,88.13,False,88.13,1,False,0.0,88.13,0.0,True,CONCILIADA_EXACTA,True
S9AA-0082746353,2014332657,CLIENT_00751,723647311,693599227,FACTURACION CICLICA,AMDOCS,2026-07-01,2026-07-17,PEN,88.92,16.01,104.93,False,104.93,1,False,0.0,104.93,0.0,True,CONCILIADA_EXACTA,True
S9AA-0082781905,2057929173,CLIENT_00899,232251311,919916247,FACTURACION CICLICA,AMDOCS,2026-07-01,2026-07-17,PEN,34.65,6.23,40.88,False,40.88,1,False,0.0,40.88,0.0,True,CONCILIADA_EXACTA,True
S9AA-0083338057,1002436750,CLIENT_00326,89053195,243341406,FACTURACION CICLICA,AMDOCS,2026-07-01,2026-07-17,PEN,96.34,17.34,113.68,False,113.68,1,False,0.0,113.68,0.0,True,CONCILIADA_EXACTA,True
S9AA-0083242660,2040445117,CLIENT_00255,683942421,292608067,FACTURACION CICLICA,AMDOCS,2026-07-01,2026-07-17,PEN,56.06,10.09,66.15,False,66.15,1,False,0.0,66.15,0.0,True,CONCILIADA_EXACTA,True
S9AA-0082864650,2025650857,CLIENT_00466,241592011,880771817,FACTURACION CICLICA,AMDOCS,2026-07-01,2026-07-17,PEN,29.9,5.38,35.28,False,35.28,1,False,0.0,35.28,0.0,True,CONCILIADA_EXACTA,True
S9AA-0082535663,2046973081,CLIENT_00855,10261906,298836047,FACTURACION CICLICA,AMDOCS,2026-07-01,2026-07-17,PEN,67.15,12.09,79.24,False,79.24,1,False,0.0,79.24,0.0,True,CONCILIADA_EXACTA,True
S9AA-0082690693,2016739447,CLIENT_00734,124841421,379179857,FACTURACION CICLICA,AMDOCS,2026-07-01,2026-07-17,PEN,53.33,9.6,62.93,False,62.93,1,False,0.0,62.93,0.0,True,CONCILIADA_EXACTA,True
S9AA-0082876863,2096907655,CLIENT_00657,349138801,723414657,FACTURACION CICLICA,AMDOCS,2026-07-01,2026-07-17,PEN,23.67,4.26,27.93,False,27.93,1,False,0.0,27.93,0.0,True,CONCILIADA_EXACTA,True
S9AA-0082544793,2074355904,CLIENT_00935,203984621,6104647,FACTURACION CICLICA,AMDOCS,2026-07-01,2026-07-17,PEN,83.41,15.02,98.42,False,98.42,1,False,0.0,98.42,0.0,True,CONCILIADA_EXACTA,True
S9AA-0082858589,2071170607,CLIENT_00207,14288385,367995647,FACTURACION CICLICA,AMDOCS,2026-07-01,2026-07-17,PEN,120.96,21.77,142.73,False,142.73,1,False,0.0,142.73,0.0,True,CONCILIADA_EXACTA,True
S9AA-0082612484,2076630547,CLIENT_00041,212224621,594972647,FACTURACION CICLICA,AMDOCS,2026-07-01,2026-07-17,PEN,58.08,10.45,68.53,False,68.53,1,False,0.0,68.53,0.0,True,CONCILIADA_EXACTA,True
S9AA-0082532948,2025216315,CLIENT_00075,10668016,141580606,FACTURACION CICLICA,AMDOCS,2026-07-01,2026-07-17,PEN,19.45,3.51,22.96,False,22.96,1,False,0.0,22.96,0.0,True,CONCILIADA_EXACTA,True
S9AA-0083285133,2067346691,CLIENT_00086,199057231,28199067,FACTURACION CICLICA,AMDOCS,2026-07-01,2026-07-17,PEN,65.2,11.73,76.93,False,76.93,1,False,0.0,76.93,0.0,True,CONCILIADA_EXACTA,True
S9AA-0082972436,2072727583,CLIENT_00076,55121185,341211306,FACTURACION CICLICA,AMDOCS,2026-07-01,2026-07-17,PEN,50.19,9.03,59.22,False,59.22,1,False,0.0,59.22,0.0,True,CONCILIADA_EXACTA,True
S9AA-0082962712,2013246233,CLIENT_00177,35434385,657250167,FACTURACION CICLICA,AMDOCS,2026-07-01,2026-07-17,PEN,55.99,10.09,66.08,False,66.08,1,False,0.0,66.08,0.0,True,CONCILIADA_EXACTA,True
S9AA-0082690796,2040655923,CLIENT_00296,12742185,945064957,FACTURACION CICLICA,AMDOCS,2026-07-01,2026-07-17,PEN,53.33,9.6,62.93,False,62.93,1,False,0.0,62.93,0.0,True,CONCILIADA_EXACTA,True
S9AA-0083024835,2042422772,CLIENT_00369,16957706,431187506,FACTURACION CICLICA,AMDOCS,2026-07-01,2026-07-17,PEN,41.52,7.48,49.0,False,49.0,1,False,0.0,49.0,0.0,True,CONCILIADA_EXACTA,True
S9AA-0082935735,2093963249,CLIENT_00250,56170111,239649157,FACTURACION CICLICA,AMDOCS,2026-07-01,2026-07-17,PEN,41.47,7.46,48.93,False,48.93,1,False,0.0,48.93,0.0,True,CONCILIADA_EXACTA,True
S9AA-0083237256,2028712026,CLIENT_00204,68012516,272026606,FACTURACION CICLICA,AMDOCS,2026-07-01,2026-07-17,PEN,38.5,6.93,45.43,False,45.43,1,False,0.0,45.43,0.0,True,CONCILIADA_EXACTA,True
S9AA-0082891837,2084384500,CLIENT_00932,548262321,965273047,FACTURACION CICLICA,AMDOCS,2026-07-01,2026-07-17,PEN,110.81,19.95,130.76,False,130.76,1,False,0.0,130.76,0.0,True,CONCILIADA_EXACTA,True
S9AA-0082901391,2082130032,CLIENT_00923,646582711,428008847,FACTURACION CICLICA,AMDOCS,2026-07-01,2026-07-17,PEN,106.72,19.21,125.93,False,125.93,1,False,0.0,125.93,0.0,True,CONCILIADA_EXACTA,True
S9AA-0083140650,2070061501,CLIENT_00344,472278021,583040067,FACTURACION CICLICA,AMDOCS,2026-07-01,2026-07-17,PEN,53.33,9.6,62.93,False,62.93,1,False,0.0,62.93,0.0,True,CONCILIADA_EXACTA,True
S9AA-0083174167,2028858667,CLIENT_00821,87664306,300248857,FACTURACION CICLICA,AMDOCS,2026-07-01,2026-07-17,PEN,20.71,3.72,24.43,False,24.43,1,False,0.0,24.43,0.0,True,CONCILIADA_EXACTA,True
S9AA-0082511072,2043300039,CLIENT_00704,9206321,745528847,FACTURACION CICLICA,AMDOCS,2026-07-01,2026-07-17,PEN,17.79,3.21,21.0,False,21.0,1,False,0.0,21.0,0.0,True,CONCILIADA_EXACTA,True
S9AA-0082738128,2009784756,CLIENT_00094,623989711,104536927,FACTURACION CICLICA,AMDOCS,2026-07-01,2026-07-17,PEN,13.59,2.44,16.03,False,16.03,1,False,0.0,16.03,0.0,True,CONCILIADA_EXACTA,True
S9AA-0082716416,2000875718,CLIENT_00769,42605416,79421067,FACTURACION CICLICA,AMDOCS,2026-07-01,2026-07-17,PEN,88.92,16.01,104.93,False,104.93,1,False,0.0,104.93,0.0,True,CONCILIADA_EXACTA,True
S9AA-0082569290,2050836779,CLIENT_00070,702465221,633428837,FACTURACION CICLICA,AMDOCS,2026-07-01,2026-07-17,PEN,73.79,13.29,87.08,False,87.08,1,False,0.0,87.08,0.0,True,CONCILIADA_EXACTA,True
S9AA-0082982176,2010060777,CLIENT_00473,65329895,614898406,FACTURACION CICLICA,AMDOCS,2026-07-01,2026-07-17,PEN,174.28,31.38,205.66,False,205.66,1,False,0.0,205.66,0.0,True,CONCILIADA_EXACTA,True
S9AA-0083143721,1003385935,CLIENT_00953,57782806,772628506,FACTURACION CICLICA,AMDOCS,2026-07-01,2026-07-17,PEN,179.1,32.24,211.33,False,211.33,1,False,0.0,211.33,0.0,True,CONCILIADA_EXACTA,True
S9AA-0082900207,2074915485,CLIENT_00372,642452221,40421837,FACTURACION CICLICA,AMDOCS,2026-07-01,2026-07-17,PEN,128.08,23.05,151.13,False,151.13,1,False,0.0,151.13,0.0,True,CONCILIADA_EXACTA,True
S9AA-0082762031,2038929902,CLIENT_00682,3595906,158359506,FACTURACION CICLICA,AMDOCS,2026-07-01,2026-07-17,PEN,52.44,9.44,61.88,False,61.88,1,False,0.0,61.88,0.0,True,CONCILIADA_EXACTA,True
S9AA-0082648061,2063960356,CLIENT_00283,81629595,405689757,FACTURACION CICLICA,AMDOCS,2026-07-01,2026-07-17,PEN,100.79,18.14,118.93,False,118.93,1,False,0.0,118.93,0.0,True,CONCILIADA_EXACTA,True
S9AA-0082690694,2016739447,CLIENT_00734,124841421,802679857,FACTURACION CICLICA,AMDOCS,2026-07-01,2026-07-17,PEN,53.33,9.6,62.93,False,62.93,1,False,0.0,62.93,0.0,True,CONCILIADA_EXACTA,True
S9AA-0082719687,2093305474,CLIENT_00330,82736316,703553606,FACTURACION CICLICA,AMDOCS,2026-07-01,2026-07-17,PEN,249.15,44.85,294.0,False,294.0,1,False,0.0,294.0,0.0,True,CONCILIADA_EXACTA,True
S9AA-0083330198,2027491743,CLIENT_00524,79291106,840691506,FACTURACION CICLICA,AMDOCS,2026-07-01,2026-07-17,PEN,93.08,16.75,109.83,False,109.83,1,False,0.0,109.83,0.0,True,CONCILIADA_EXACTA,True
S9AA-0082611929,2013054362,CLIENT_00790,219773321,126536047,FACTURACION CICLICA,AMDOCS,2026-07-01,2026-07-17,PEN,45.98,8.27,54.25,False,54.25,1,False,0.0,54.25,0.0,True,CONCILIADA_EXACTA,True
S9AA-0082680424,2038022621,CLIENT_00368,24977521,645863647,FACTURACION CICLICA,AMDOCS,2026-07-01,2026-07-17,PEN,103.69,18.67,122.36,False,122.36,1,False,0.0,122.36,0.0,True,CONCILIADA_EXACTA,True
S9AA-0083104534,2072282953,CLIENT_00604,73927521,613780547,FACTURACION CICLICA,AMDOCS,2026-07-01,2026-07-17,PEN,64.01,11.52,75.53,False,75.53,1,False,0.0,75.53,0.0,True,CONCILIADA_EXACTA,True
S9AA-0082654010,2023773061,CLIENT_00328,911133111,358052637,FACTURACION CICLICA,AMDOCS,2026-07-01,2026-07-17,PEN,27.23,4.9,32.13,False,32.13,1,False,0.0,32.13,0.0,True,CONCILIADA_EXACTA,True
S9AA-0083287622,2046058498,CLIENT_00633,29517795,905297406,FACTURACION CICLICA,AMDOCS,2026-07-01,2026-07-17,PEN,86.97,15.65,102.62,False,102.62,2,False,0.0,102.62,0.0,True,CONCILIADA_EXACTA,True
S9AA-0081855830,2028858667,CLIENT_00821,87664306,879148857,FACTURACION CICLICA,AMDOCS,2026-06-01,2026-06-17,PEN,20.71,3.72,24.43,False,24.43,1,False,0.0,24.43,0.0,True,CONCILIADA_EXACTA,True
S9AA-0081838992,2025439397,CLIENT_00590,671923611,716981067,FACTURACION CICLICA,AMDOCS,2026-06-01,2026-06-17,PEN,100.79,18.14,118.93,False,118.93,1,False,0.0,118.93,0.0,True,CONCILIADA_EXACTA,True
S9AA-0083304774,2087028740,CLIENT_00487,49604606,830746506,FACTURACION CICLICA,AMDOCS,2026-07-01,2026-07-17,PEN,23.73,4.27,28.0,False,28.0,1,False,0.0,28.0,0.0,True,CONCILIADA_EXACTA,True
S9AA-0083159755,1031024653,CLIENT_00975,77371095,521620406,FACTURACION CICLICA,AMDOCS,2026-07-01,2026-07-17,PEN,93.08,16.75,109.83,False,109.83,1,False,0.0,109.83,0.0,True,CONCILIADA_EXACTA,True
S9AA-0083313272,2033511601,CLIENT_00117,59154506,981155506,FACTURACION CICLICA,AMDOCS,2026-07-01,2026-07-17,PEN,74.1,13.34,87.43,False,87.43,1,False,0.0,87.43,0.0,True,CONCILIADA_EXACTA,True
S9AA-0083296491,2027256336,CLIENT_00122,39071016,279689506,FACTURACION CICLICA,AMDOCS,2026-07-01,2026-07-17,PEN,62.29,11.21,73.5,False,73.5,1,False,0.0,73.5,0.0,True,CONCILIADA_EXACTA,True
S9AA-0082972615,2044848650,CLIENT_00187,55310385,834003306,FACTURACION CICLICA,AMDOCS,2026-07-01,2026-07-17,PEN,93.08,16.75,109.83,False,109.83,1,False,0.0,109.83,0.0,True,CONCILIADA_EXACTA,True
S9AA-0082643031,2001047693,CLIENT_00315,81792506,232316506,FACTURACION CICLICA,AMDOCS,2026-07-01,2026-07-17,PEN,47.4,8.53,55.93,False,55.93,1,False,0.0,55.93,0.0,True,CONCILIADA_EXACTA,True
S9AA-0083145952,2013870601,CLIENT_00098,572674121,926932637,FACTURACION CICLICA,AMDOCS,2026-07-01,2026-07-17,PEN,41.47,7.46,48.93,False,48.93,1,False,0.0,48.93,0.0,True,CONCILIADA_EXACTA,True
S9AA-0083240297,2060838699,CLIENT_00947,680441621,160708547,FACTURACION CICLICA,AMDOCS,2026-07-01,2026-07-17,PEN,41.47,7.46,48.93,False,48.93,1,False,0.0,48.93,0.0,True,CONCILIADA_EXACTA,True
S9AA-0083282165,2072719850,CLIENT_00681,197529901,740066937,FACTURACION CICLICA,AMDOCS,2026-07-01,2026-07-17,PEN,77.35,13.93,91.28,False,91.28,2,False,0.0,91.28,0.0,True,CONCILIADA_EXACTA,True
S9AA-0081887736,2042647818,CLIENT_00266,28064185,683340737,FACTURACION CICLICA,AMDOCS,2026-06-01,2026-06-17,PEN,21.35,3.85,25.2,False,25.2,1,False,0.0,25.2,0.0,True,CONCILIADA_EXACTA,True
S9AA-0081641804,2044848650,CLIENT_00187,55310385,834003306,FACTURACION CICLICA,AMDOCS,2026-06-01,2026-06-17,PEN,93.14,16.76,109.9,False,109.9,1,False,0.0,109.9,0.0,True,CONCILIADA_EXACTA,True
S9AA-0082976064,2083750866,CLIENT_00903,556834021,971289337,FACTURACION CICLICA,AMDOCS,2026-07-01,2026-07-17,PEN,29.01,5.22,34.23,False,34.23,1,False,0.0,34.23,0.0,True,CONCILIADA_EXACTA,True
S9AA-0082809308,2045771478,CLIENT_00919,53129095,970373857,FACTURACION CICLICA,AMDOCS,2026-07-01,2026-07-17,PEN,136.38,24.55,160.93,False,160.93,1,False,0.0,160.93,0.0,True,CONCILIADA_EXACTA,True
S9AA-0082962582,2001889079,CLIENT_00441,35425395,3437067,FACTURACION CICLICA,AMDOCS,2026-07-01,2026-07-17,PEN,41.47,7.46,48.93,False,48.93,1,False,0.0,48.93,0.0,True,CONCILIADA_EXACTA,True
S9AA-0083182070,2064819637,CLIENT_00608,97637616,815771557,FACTURACION CICLICA,AMDOCS,2026-07-01,2026-07-17,PEN,59.26,10.67,69.93,False,69.93,1,False,0.0,69.93,0.0,True,CONCILIADA_EXACTA,True
S9AA-0082777480,2080300027,CLIENT_00295,23092285,887922306,FACTURACION CICLICA,AMDOCS,2026-07-01,2026-07-17,PEN,70.18,12.63,82.81,False,82.81,1,False,0.0,82.81,0.0,True,CONCILIADA_EXACTA,True
S9AA-0083253659,2082647868,CLIENT_00292,88402006,478720506,FACTURACION CICLICA,AMDOCS,2026-07-01,2026-07-17,PEN,72.02,12.96,84.98,False,84.98,1,False,0.0,84.98,0.0,True,CONCILIADA_EXACTA,True
S9AA-0082919986,2098309864,CLIENT_00512,84251595,28347067,FACTURACION CICLICA,AMDOCS,2026-07-01,2026-07-17,PEN,53.33,9.6,62.93,False,62.93,1,False,0.0,62.93,0.0,True,CONCILIADA_EXACTA,True
S9AA-0082897655,2042422772,CLIENT_00369,64027706,811187506,FACTURACION CICLICA,AMDOCS,2026-07-01,2026-07-17,PEN,32.63,5.87,38.5,False,38.5,1,False,0.0,38.5,0.0,True,CONCILIADA_EXACTA,True
S9AA-0083147157,2002092029,CLIENT_00289,57537295,841052747,FACTURACION CICLICA,AMDOCS,2026-07-01,2026-07-17,PEN,88.92,16.01,104.93,False,104.93,1,False,0.0,104.93,0.0,True,CONCILIADA_EXACTA,True
S9AA-0082827020,2056365469,CLIENT_00804,730587531,356540167,FACTURACION CICLICA,AMDOCS,2026-07-01,2026-07-17,PEN,310.49,55.89,366.38,False,366.38,1,False,0.0,366.38,0.0,True,CONCILIADA_EXACTA,True
S9AA-0082835031,2016722807,CLIENT_00364,838714921,300241957,FACTURACION CICLICA,AMDOCS,2026-07-01,2026-07-17,PEN,20.77,3.73,24.5,False,24.5,1,False,0.0,24.5,0.0,True,CONCILIADA_EXACTA,True
S9AA-0083292875,2095488337,CLIENT_00876,299076331,524818757,FACTURACION CICLICA,AMDOCS,2026-07-01,2026-07-17,PEN,100.79,18.14,118.93,False,118.93,1,False,0.0,118.93,0.0,True,CONCILIADA_EXACTA,True
S9AA-0083318547,2087410427,CLIENT_00749,596294111,365981957,FACTURACION CICLICA,AMDOCS,2026-07-01,2026-07-17,PEN,147.95,26.63,174.58,False,174.58,1,False,0.0,174.58,0.0,True,CONCILIADA_EXACTA,True
S9AA-0082824362,2029902035,CLIENT_00756,732560421,958403347,FACTURACION CICLICA,AMDOCS,2026-07-01,2026-07-17,PEN,142.19,25.6,167.79,False,167.79,1,False,0.0,167.79,0.0,True,CONCILIADA_EXACTA,True
S9AA-0083049335,2011722087,CLIENT_00088,46817685,210386306,FACTURACION CICLICA,AMDOCS,2026-07-01,2026-07-17,PEN,71.13,12.8,83.93,False,83.93,1,False,0.0,83.93,0.0,True,CONCILIADA_EXACTA,True
S9AA-0082587507,2024049593,CLIENT_00909,905887721,458829847,FACTURACION CICLICA,AMDOCS,2026-07-01,2026-07-17,PEN,84.3,15.17,99.47,False,99.47,2,False,0.0,99.47,0.0,True,CONCILIADA_EXACTA,True
S9AA-0082535710,2038298370,CLIENT_00249,100636111,727830147,FACTURACION CICLICA,AMDOCS,2026-07-01,2026-07-17,PEN,47.4,8.53,55.93,False,55.93,1,False,0.0,55.93,0.0,True,CONCILIADA_EXACTA,True
S9AA-0083160358,2032184225,CLIENT_00719,77912895,333638406,FACTURACION CICLICA,AMDOCS,2026-07-01,2026-07-17,PEN,99.6,17.93,117.53,False,117.53,1,False,0.0,117.53,0.0,True,CONCILIADA_EXACTA,True
S9AA-0082783749,2059951611,CLIENT_00829,23889085,105351757,FACTURACION CICLICA,AMDOCS,2026-07-01,2026-07-17,PEN,100.79,18.14,118.93,False,118.93,1,False,0.0,118.93,0.0,True,CONCILIADA_EXACTA,True
S9AA-0083032662,2042176157,CLIENT_00570,26577195,667581406,FACTURACION CICLICA,AMDOCS,2026-07-01,2026-07-17,PEN,126.71,22.81,149.52,False,149.52,1,False,0.0,149.52,0.0,True,CONCILIADA_EXACTA,True
S9AA-0082902975,2016722807,CLIENT_00364,64273106,509742957,FACTURACION CICLICA,AMDOCS,2026-07-01,2026-07-17,PEN,11.8,2.13,13.93,False,13.93,1,False,0.0,13.93,0.0,True,CONCILIADA_EXACTA,True
S9AA-0083217285,2089896350,CLIENT_00217,38546016,135880167,FACTURACION CICLICA,AMDOCS,2026-07-01,2026-07-17,PEN,80.02,14.41,94.43,False,94.43,1,False,0.0,94.43,0.0,True,CONCILIADA_EXACTA,True
S9AA-0082512961,2045546222,CLIENT_00594,573795,897514067,FACTURACION CICLICA,AMDOCS,2026-07-01,2026-07-17,PEN,88.92,16.01,104.93,False,104.93,1,False,0.0,104.93,0.0,True,CONCILIADA_EXACTA,True
S9AA-0082679673,2064019811,CLIENT_00806,2261985,628642937,FACTURACION CICLICA,AMDOCS,2026-07-01,2026-07-17,PEN,74.69,13.44,88.13,False,88.13,1,False,0.0,88.13,0.0,True,CONCILIADA_EXACTA,True
S9AA-0083176643,2026562260,CLIENT_00100,97851885,747228306,FACTURACION CICLICA,AMDOCS,2026-07-01,2026-07-17,PEN,63.36,11.4,74.76,False,74.76,1,False,0.0,74.76,0.0,True,CONCILIADA_EXACTA,True
S9AA-0082857624,2041085342,CLIENT_00197,14445206,27916737,FACTURACION CICLICA,AMDOCS,2026-07-01,2026-07-17,PEN,35.53,6.4,41.93,False,41.93,1,False,0.0,41.93,0.0,True,CONCILIADA_EXACTA,True
S9AA-0083094979,2016855055,CLIENT_00971,962386021,390794437,FACTURACION CICLICA,AMDOCS,2026-07-01,2026-07-17,PEN,175.95,31.67,207.62,False,207.62,1,False,0.0,207.62,0.0,True,CONCILIADA_EXACTA,True
S9AA-0083075650,2067006652,CLIENT_00878,76781206,896022506,FACTURACION CICLICA,AMDOCS,2026-07-01,2026-07-17,PEN,39.69,7.14,46.83,False,46.83,1,False,0.0,46.83,0.0,True,CONCILIADA_EXACTA,True
S9AA-0083097793,2089657456,CLIENT_00807,967295331,786476757,FACTURACION CICLICA,AMDOCS,2026-07-01,2026-07-17,PEN,115.38,20.77,136.15,False,136.15,1,False,0.0,136.15,0.0,True,CONCILIADA_EXACTA,True
S9AA-0083352800,2080608107,CLIENT_00240,998984531,41016067,FACTURACION CICLICA,AMDOCS,2026-07-01,2026-07-17,PEN,112.65,20.28,132.93,False,132.93,1,False,0.0,132.93,0.0,True,CONCILIADA_EXACTA,True
S9AA-0082723109,2059135824,CLIENT_00447,822443901,92527847,FACTURACION CICLICA,AMDOCS,2026-07-01,2026-07-17,PEN,39.69,7.14,46.83,False,46.83,1,False,0.0,46.83,0.0,True,CONCILIADA_EXACTA,True
S9AA-0082509635,2024177972,CLIENT_00132,147116,380284537,FACTURACION CICLICA,AMDOCS,2026-07-01,2026-07-17,PEN,65.2,11.73,76.93,False,76.93,1,False,0.0,76.93,0.0,True,CONCILIADA_EXACTA,True
S9AA-0082179196,2077915427,CLIENT_00955,61239116,664412606,FACTURACION CICLICA,AMDOCS,2026-06-01,2026-06-17,PEN,47.4,8.53,55.93,False,55.93,1,False,0.0,55.93,0.0,True,CONCILIADA_EXACTA,True
S9AA-0082806200,2063960356,CLIENT_00283,53376585,467155237,FACTURACION CICLICA,AMDOCS,2026-07-01,2026-07-17,PEN,107.32,19.31,126.63,False,126.63,1,False,0.0,126.63,0.0,True,CONCILIADA_EXACTA,True
S9AA-0082902014,2013024222,CLIENT_00365,640401021,123014357,FACTURACION CICLICA,AMDOCS,2026-07-01,2026-07-17,PEN,121.49,21.87,143.36,False,143.36,1,False,0.0,143.36,0.0,True,CONCILIADA_EXACTA,True
S9AA-0082805897,2041506167,CLIENT_00025,53091575,56319627,FACTURACION CICLICA,AMDOCS,2026-07-01,2026-07-17,PEN,46.21,8.32,54.53,False,54.53,1,False,0.0,54.53,0.0,True,CONCILIADA_EXACTA,True
S9AA-0083040811,2082824645,CLIENT_00595,36468785,975397306,FACTURACION CICLICA,AMDOCS,2026-07-01,2026-07-17,PEN,150.08,27.02,177.1,False,177.1,1,False,0.0,177.1,0.0,True,CONCILIADA_EXACTA,True
S9AA-0083210563,2078414316,CLIENT_00986,38443785,347547306,FACTURACION CICLICA,AMDOCS,2026-07-01,2026-07-17,PEN,86.55,15.58,102.13,False,102.13,1,False,0.0,102.13,0.0,True,CONCILIADA_EXACTA,True
S9AA-0083100917,2000103903,CLIENT_00566,7502795,535237406,FACTURACION CICLICA,AMDOCS,2026-07-01,2026-07-17,PEN,152.4,27.43,179.83,False,179.83,1,False,0.0,179.83,0.0,True,CONCILIADA_EXACTA,True
S9AA-0083352283,2050652193,CLIENT_00104,99098006,905422857,FACTURACION CICLICA,AMDOCS,2026-07-01,2026-07-17,PEN,118.59,21.34,139.93,False,139.93,1,False,0.0,139.93,0.0,True,CONCILIADA_EXACTA,True
S9AA-0083071880,2056538582,CLIENT_00611,66318716,221040557,FACTURACION CICLICA,AMDOCS,2026-07-01,2026-07-17,PEN,59.26,10.67,69.93,False,69.93,1,False,0.0,69.93,0.0,True,CONCILIADA_EXACTA,True
S9AA-0081850188,2051562677,CLIENT_00360,87495595,310285406,FACTURACION CICLICA,AMDOCS,2026-06-01,2026-06-17,PEN,71.13,12.8,83.93,False,83.93,1,False,0.0,83.93,0.0,True,CONCILIADA_EXACTA,True
S9AA-0082504529,2001889079,CLIENT_00441,35425395,3437067,FACTURACION CICLICA,AMDOCS,2026-06-01,2026-06-17,PEN,44.13,7.95,52.08,False,52.08,1,False,0.0,52.08,0.0,True,CONCILIADA_EXACTA,True
S9AA-0083160649,2042422772,CLIENT_00369,77627706,621187506,FACTURACION CICLICA,AMDOCS,2026-07-01,2026-07-17,PEN,16.44,2.95,19.39,False,19.39,1,False,0.0,19.39,0.0,True,CONCILIADA_EXACTA,True
S9AA-0083273726,2052019028,CLIENT_00034,9551795,634586147,FACTURACION CICLICA,AMDOCS,2026-07-01,2026-07-17,PEN,142.32,25.61,167.93,False,167.93,1,False,0.0,167.93,0.0,True,CONCILIADA_EXACTA,True
S9AA-0082835027,2016722807,CLIENT_00364,838714921,965311957,FACTURACION CICLICA,AMDOCS,2026-07-01,2026-07-17,PEN,17.74,3.19,20.93,False,20.93,1,False,0.0,20.93,0.0,True,CONCILIADA_EXACTA,True
S9AA-0083177163,2010132504,CLIENT_00485,97971595,652425406,FACTURACION CICLICA,AMDOCS,2026-07-01,2026-07-17,PEN,101.8,18.32,120.12,False,120.12,1,False,0.0,120.12,0.0,True,CONCILIADA_EXACTA,True
S9AA-0082755704,2080284452,CLIENT_00739,92131095,632865537,FACTURACION CICLICA,AMDOCS,2026-07-01,2026-07-17,PEN,53.45,9.63,63.07,False,63.07,1,False,0.0,63.07,0.0,True,CONCILIADA_EXACTA,True
S9AA-0083247921,2063869275,CLIENT_00067,78225906,547183737,FACTURACION CICLICA,AMDOCS,2026-07-01,2026-07-17,PEN,50.13,9.02,59.15,False,59.15,1,False,0.0,59.15,0.0,True,CONCILIADA_EXACTA,True
S9AA-0082592372,2028712026,CLIENT_00204,1421516,462026606,FACTURACION CICLICA,AMDOCS,2026-07-01,2026-07-17,PEN,35.29,6.36,41.65,False,41.65,1,False,0.0,41.65,0.0,True,CONCILIADA_EXACTA,True
S9AA-0081928615,2057609277,CLIENT_00543,78285016,998140606,FACTURACION CICLICA,AMDOCS,2026-06-01,2026-06-17,PEN,59.26,10.67,69.93,False,69.93,1,False,0.0,69.93,0.0,True,CONCILIADA_EXACTA,True
S9AA-0082032478,2046859398,CLIENT_00764,89974616,603066606,FACTURACION CICLICA,AMDOCS,2026-06-01,2026-06-17,PEN,53.1,9.56,62.65,False,62.65,1,False,0.0,62.65,0.0,True,CONCILIADA_EXACTA,True
S9AA-0083022149,2079684847,CLIENT_00889,69212021,162411167,FACTURACION CICLICA,AMDOCS,2026-07-01,2026-07-17,PEN,20.71,3.72,24.43,False,24.43,1,False,0.0,24.43,0.0,True,CONCILIADA_EXACTA,True
S9AA-0083330213,2082824645,CLIENT_00595,79285206,22542506,FACTURACION CICLICA,AMDOCS,2026-07-01,2026-07-17,PEN,155.84,28.05,183.89,False,183.89,1,False,0.0,183.89,0.0,True,CONCILIADA_EXACTA,True
S9AA-0082787717,2074129386,CLIENT_00882,33559616,175976606,FACTURACION CICLICA,AMDOCS,2026-07-01,2026-07-17,PEN,126.77,22.82,149.59,False,149.59,1,False,0.0,149.59,0.0,True,CONCILIADA_EXACTA,True
S9AA-0083092559,2032184225,CLIENT_00719,96912895,713638406,FACTURACION CICLICA,AMDOCS,2026-07-01,2026-07-17,PEN,218.0,39.25,257.25,False,257.25,1,False,0.0,257.25,0.0,True,CONCILIADA_EXACTA,True
S9AA-0083106013,2023773061,CLIENT_00328,78823111,368150657,FACTURACION CICLICA,AMDOCS,2026-07-01,2026-07-17,PEN,29.53,5.33,34.86,False,34.86,1,False,0.0,34.86,0.0,True,CONCILIADA_EXACTA,True
S9AA-0083194236,2098309864,CLIENT_00512,18024795,80447406,FACTURACION CICLICA,AMDOCS,2026-07-01,2026-07-17,PEN,19.4,3.49,22.89,False,22.89,1,False,0.0,22.89,0.0,True,CONCILIADA_EXACTA,True
S9AA-0082858945,2030936191,CLIENT_00715,149263621,477134947,FACTURACION CICLICA,AMDOCS,2026-07-01,2026-07-17,PEN,65.13,11.73,76.86,False,76.86,1,False,0.0,76.86,0.0,True,CONCILIADA_EXACTA,True
S9AA-0082919980,2098309864,CLIENT_00512,84251595,754227067,FACTURACION CICLICA,AMDOCS,2026-07-01,2026-07-17,PEN,121.49,21.87,143.36,False,143.36,1,False,0.0,143.36,0.0,True,CONCILIADA_EXACTA,True
S9AA-0083010024,2010945037,CLIENT_00252,95990595,158692337,FACTURACION CICLICA,AMDOCS,2026-07-01,2026-07-17,PEN,90.71,16.32,107.03,False,107.03,1,False,0.0,107.03,0.0,True,CONCILIADA_EXACTA,True
S9AA-0082693153,2061270007,CLIENT_00298,22329095,11101406,FACTURACION CICLICA,AMDOCS,2026-07-01,2026-07-17,PEN,113.25,20.38,133.63,False,133.63,1,False,0.0,133.63,0.0,True,CONCILIADA_EXACTA,True
S9AA-0082879794,2035867187,CLIENT_00674,44868985,694799306,FACTURACION CICLICA,AMDOCS,2026-07-01,2026-07-17,PEN,129.85,23.38,153.23,False,153.22,2,False,0.0,153.23,-0.009999999999990905,True,CONCILIADA_EXACTA,True
S9AA-0083182255,2045106571,CLIENT_00547,97428616,132533657,FACTURACION CICLICA,AMDOCS,2026-07-01,2026-07-17,PEN,97.76,17.6,115.36,False,115.36,1,False,0.0,115.36,0.0,True,CONCILIADA_EXACTA,True
S9AA-0082778814,2021159453,CLIENT_00381,23594506,103755506,FACTURACION CICLICA,AMDOCS,2026-07-01,2026-07-17,PEN,350.06,63.01,413.07,False,413.07,2,False,0.0,413.07,0.0,True,CONCILIADA_EXACTA,True
S9AA-0083248035,2080448535,CLIENT_00965,784214511,997616837,FACTURACION CICLICA,AMDOCS,2026-07-01,2026-07-17,PEN,54.87,9.88,64.75,False,64.75,1,False,0.0,64.75,0.0,True,CONCILIADA_EXACTA,True
S9AA-0083205565,2042647818,CLIENT_00266,28064185,683340737,FACTURACION CICLICA,AMDOCS,2026-07-01,2026-07-17,PEN,18.69,3.36,22.05,False,22.05,1,False,0.0,22.05,0.0,True,CONCILIADA_EXACTA,True
S9AA-0082948713,2001034891,CLIENT_00812,25776706,184557506,FACTURACION CICLICA,AMDOCS,2026-07-01,2026-07-17,PEN,102.03,18.37,120.4,False,120.4,1,False,0.0,120.4,0.0,True,CONCILIADA_EXACTA,True
S9AA-0083245828,2028712026,CLIENT_00204,78912516,692026606,FACTURACION CICLICA,AMDOCS,2026-07-01,2026-07-17,PEN,33.64,6.06,39.69,False,39.69,2,False,0.0,39.69,0.0,True,CONCILIADA_EXACTA,True
S9AA-0082477078,2093963249,CLIENT_00250,56170111,239649157,FACTURACION CICLICA,AMDOCS,2026-06-01,2026-06-17,PEN,41.4,7.46,48.86,False,48.86,1,False,0.0,48.86,0.0,True,CONCILIADA_EXACTA,True
S9AA-0082417187,2096907655,CLIENT_00657,349138801,723414657,FACTURACION CICLICA,AMDOCS,2026-06-01,2026-06-17,PEN,26.33,4.75,31.08,False,31.08,1,False,0.0,31.08,0.0,True,CONCILIADA_EXACTA,True
S9AA-0082931169,2059508137,CLIENT_00794,5428495,209194406,FACTURACION CICLICA,AMDOCS,2026-07-01,2026-07-17,PEN,94.79,17.07,111.86,False,111.86,1,False,0.0,111.86,0.0,True,CONCILIADA_EXACTA,True
S9AA-0083174176,2028858667,CLIENT_00821,87664306,181448857,FACTURACION CICLICA,AMDOCS,2026-07-01,2026-07-17,PEN,20.71,3.72,24.43,False,24.43,1,False,0.0,24.43,0.0,True,CONCILIADA_EXACTA,True
S9AA-0082828404,2031756935,CLIENT_00484,83698185,359881306,FACTURACION CICLICA,AMDOCS,2026-07-01,2026-07-17,PEN,83.87,15.11,98.98,False,98.98,1,False,0.0,98.98,0.0,True,CONCILIADA_EXACTA,True
S9AA-0083174165,2028858667,CLIENT_00821,87664306,879148857,FACTURACION CICLICA,AMDOCS,2026-07-01,2026-07-17,PEN,20.71,3.72,24.43,False,24.43,1,False,0.0,24.43,0.0,True,CONCILIADA_EXACTA,True
S9AA-0083283001,2085992497,CLIENT_00065,19585595,563121747,FACTURACION CICLICA,AMDOCS,2026-07-01,2026-07-17,PEN,94.86,17.07,111.93,False,111.93,1,False,0.0,111.93,0.0,True,CONCILIADA_EXACTA,True
S9AA-0083242299,2040445117,CLIENT_00255,683942421,47585957,FACTURACION CICLICA,AMDOCS,2026-07-01,2026-07-17,PEN,77.06,13.87,90.93,False,90.93,1,False,0.0,90.93,0.0,True,CONCILIADA_EXACTA,True
S9AA-0082843786,2001115330,CLIENT_00908,935732531,860232067,FACTURACION CICLICA,AMDOCS,2026-07-01,2026-07-17,PEN,88.92,16.01,104.93,False,104.93,1,False,0.0,104.93,0.0,True,CONCILIADA_EXACTA,True
S9AA-0082614110,2078847538,CLIENT_00072,213179011,948557757,FACTURACION CICLICA,AMDOCS,2026-07-01,2026-07-17,PEN,106.72,19.21,125.93,False,125.93,1,False,0.0,125.93,0.0,True,CONCILIADA_EXACTA,True
S9AA-0083273727,2052019028,CLIENT_00034,9551795,934586147,FACTURACION CICLICA,AMDOCS,2026-07-01,2026-07-17,PEN,128.08,23.05,151.13,False,151.13,1,False,0.0,151.13,0.0,True,CONCILIADA_EXACTA,True
S9AA-0083307593,2071395567,CLIENT_00118,491813321,475225047,FACTURACION CICLICA,AMDOCS,2026-07-01,2026-07-17,PEN,69.88,12.58,82.46,False,82.46,1,False,0.0,82.46,0.0,True,CONCILIADA_EXACTA,True
S9AA-0082753260,2043300039,CLIENT_00704,92353306,783623506,FACTURACION CICLICA,AMDOCS,2026-07-01,2026-07-17,PEN,88.92,16.01,104.93,False,104.93,1,False,0.0,104.93,0.0,True,CONCILIADA_EXACTA,True
S9AA-0083339145,2046859398,CLIENT_00764,89974616,603066606,FACTURACION CICLICA,AMDOCS,2026-07-01,2026-07-17,PEN,53.1,9.56,62.65,False,62.65,1,False,0.0,62.65,0.0,True,CONCILIADA_EXACTA,True
S9AA-0082909286,2020587286,CLIENT_00074,74077985,70788447,FACTURACION CICLICA,AMDOCS,2026-07-01,2026-07-17,PEN,17.79,3.21,21.0,False,21.0,1,False,0.0,21.0,0.0,True,CONCILIADA_EXACTA,True
S8AA-0007937027,2031026995,CLIENT_00400,453879131,507810557,FACTURACION CICLICA,AMDOCS,2026-06-27,2026-07-13,PEN,100.79,18.14,118.93,False,118.93,1,False,0.0,118.93,0.0,True,CONCILIADA_EXACTA,True
S9AA-0082643163,2057609277,CLIENT_00543,81355016,198140606,FACTURACION CICLICA,AMDOCS,2026-07-01,2026-07-17,PEN,56.29,10.14,66.43,False,66.43,1,False,0.0,66.43,0.0,True,CONCILIADA_EXACTA,True
S9AA-0083140640,2082156443,CLIENT_00237,478999431,480988957,FACTURACION CICLICA,AMDOCS,2026-07-01,2026-07-17,PEN,23.43,4.22,27.65,False,27.65,1,False,0.0,27.65,0.0,True,CONCILIADA_EXACTA,True
S9AA-0082703512,2088485339,CLIENT_00716,323244011,578646717,FACTURACION CICLICA,AMDOCS,2026-07-01,2026-07-17,PEN,39.69,7.14,46.83,False,46.83,1,False,0.0,46.83,0.0,True,CONCILIADA_EXACTA,True
S9AA-0083133914,2007886461,CLIENT_00778,47558285,767682306,FACTURACION CICLICA,AMDOCS,2026-07-01,2026-07-17,PEN,100.8,18.13,118.93,False,118.92999999999999,2,False,0.0,118.93,-1.4210854715202004e-14,True,CONCILIADA_EXACTA,True
S9AA-0083304537,2032184225,CLIENT_00719,49671895,943638406,FACTURACION CICLICA,AMDOCS,2026-07-01,2026-07-17,PEN,84.83,15.27,100.1,False,100.1,1,False,0.0,100.1,0.0,True,CONCILIADA_EXACTA,True
S9AA-0082692913,2015571136,CLIENT_00819,22251785,645227306,FACTURACION CICLICA,AMDOCS,2026-07-01,2026-07-17,PEN,84.83,15.27,100.1,False,100.1,1,False,0.0,100.1,0.0,True,CONCILIADA_EXACTA,True
S9AA-0082688426,2016739447,CLIENT_00734,124841421,246712247,FACTURACION CICLICA,AMDOCS,2026-07-01,2026-07-17,PEN,27.16,4.9,32.06,False,32.06,1,False,0.0,32.06,0.0,True,CONCILIADA_EXACTA,True
S9AA-0082527654,2024168687,CLIENT_00698,40347606,568656547,FACTURACION CICLICA,AMDOCS,2026-07-01,2026-07-17,PEN,100.79,18.14,118.93,False,118.93,1,False,0.0,118.93,0.0,True,CONCILIADA_EXACTA,True
S9AA-0082511073,2043300039,CLIENT_00704,9206321,70828847,FACTURACION CICLICA,AMDOCS,2026-07-01,2026-07-17,PEN,17.79,3.21,21.0,False,21.0,1,False,0.0,21.0,0.0,True,CONCILIADA_EXACTA,True
S9AA-0083083887,2042422772,CLIENT_00369,86640595,770715406,FACTURACION CICLICA,AMDOCS,2026-07-01,2026-07-17,PEN,90.71,16.32,107.03,False,107.03,1,False,0.0,107.03,0.0,True,CONCILIADA_EXACTA,True
S9AA-0082575222,2059054819,CLIENT_00448,80625606,953276506,FACTURACION CICLICA,AMDOCS,2026-07-01,2026-07-17,PEN,57.67,10.37,68.04,False,68.04,1,False,0.0,68.04,0.0,True,CONCILIADA_EXACTA,True
S9AA-0083157161,2060519712,CLIENT_00827,67219716,446239757,FACTURACION CICLICA,AMDOCS,2026-07-01,2026-07-17,PEN,100.79,18.14,118.93,False,118.93,1,False,0.0,118.93,0.0,True,CONCILIADA_EXACTA,True
S9AA-0082652820,2023773061,CLIENT_00328,911133111,511291917,FACTURACION CICLICA,AMDOCS,2026-07-01,2026-07-17,PEN,39.33,7.08,46.41,False,46.41,1,False,0.0,46.41,0.0,True,CONCILIADA_EXACTA,True
S9AA-0082858590,2071170607,CLIENT_00207,14288385,567995647,FACTURACION CICLICA,AMDOCS,2026-07-01,2026-07-17,PEN,72.02,12.96,84.98,False,84.98,1,False,0.0,84.98,0.0,True,CONCILIADA_EXACTA,True
S9AA-0082858588,2071170607,CLIENT_00207,14288385,267995647,FACTURACION CICLICA,AMDOCS,2026-07-01,2026-07-17,PEN,72.02,12.96,84.98,False,84.98,1,False,0.0,84.98,0.0,True,CONCILIADA_EXACTA,True
S9AA-0083032870,2070262664,CLIENT_00155,26655495,204464406,FACTURACION CICLICA,AMDOCS,2026-07-01,2026-07-17,PEN,105.53,19.0,124.53,False,124.53,1,False,0.0,124.53,0.0,True,CONCILIADA_EXACTA,True
S9AA-0082659898,2087955899,CLIENT_00308,51760006,693699406,FACTURACION CICLICA,AMDOCS,2026-07-01,2026-07-17,PEN,53.33,9.6,62.93,False,62.93,1,False,0.0,62.93,0.0,True,CONCILIADA_EXACTA,True
S9AA-0083139603,2068848408,CLIENT_00004,472307131,692206457,FACTURACION CICLICA,AMDOCS,2026-07-01,2026-07-17,PEN,67.93,12.22,80.15,False,80.15,1,False,0.0,80.15,0.0,True,CONCILIADA_EXACTA,True
S9AA-0083174162,2028858667,CLIENT_00821,87664306,851638857,FACTURACION CICLICA,AMDOCS,2026-07-01,2026-07-17,PEN,20.71,3.72,24.43,False,24.43,1,False,0.0,24.43,0.0,True,CONCILIADA_EXACTA,True
S9AA-0082510713,2043300039,CLIENT_00704,9206321,954881547,FACTURACION CICLICA,AMDOCS,2026-07-01,2026-07-17,PEN,37.32,6.71,44.03,False,44.03,1,False,0.0,44.03,0.0,True,CONCILIADA_EXACTA,True
S9AA-0083207056,2051800045,CLIENT_00346,282744421,197187057,FACTURACION CICLICA,AMDOCS,2026-07-01,2026-07-17,PEN,14.0,2.52,16.52,False,16.52,1,False,0.0,16.52,0.0,True,CONCILIADA_EXACTA,True
S9AA-0082516296,2072252949,CLIENT_00944,30497716,910378606,FACTURACION CICLICA,AMDOCS,2026-07-01,2026-07-17,PEN,47.4,8.53,55.93,False,55.93,1,False,0.0,55.93,0.0,True,CONCILIADA_EXACTA,True
S9AA-0083168672,2051562677,CLIENT_00360,87495595,310285406,FACTURACION CICLICA,AMDOCS,2026-07-01,2026-07-17,PEN,71.13,12.8,83.93,False,83.93,1,False,0.0,83.93,0.0,True,CONCILIADA_EXACTA,True
S9AA-0082673286,2003621431,CLIENT_00120,613467231,809972657,FACTURACION CICLICA,AMDOCS,2026-07-01,2026-07-17,PEN,189.71,34.15,223.86,False,223.86,1,False,0.0,223.86,0.0,True,CONCILIADA_EXACTA,True
S9AA-0082730674,2064993907,CLIENT_00925,520152811,2776937,FACTURACION CICLICA,AMDOCS,2026-07-01,2026-07-17,PEN,97.59,17.56,115.15,False,115.15,1,False,0.0,115.15,0.0,True,CONCILIADA_EXACTA,True
S9AA-0082900468,2026807327,CLIENT_00677,64288416,144113047,FACTURACION CICLICA,AMDOCS,2026-07-01,2026-07-17,PEN,74.69,13.44,88.13,False,88.13,1,False,0.0,88.13,0.0,True,CONCILIADA_EXACTA,True
S9AA-0083330247,2037021331,CLIENT_00121,79147306,164773506,FACTURACION CICLICA,AMDOCS,2026-07-01,2026-07-17,PEN,86.01,15.49,101.5,False,101.5,1,False,0.0,101.5,0.0,True,CONCILIADA_EXACTA,True
S9AA-0082945007,2006121666,CLIENT_00662,154096131,526723757,FACTURACION CICLICA,AMDOCS,2026-07-01,2026-07-17,PEN,53.33,9.6,62.93,False,62.93,1,False,0.0,62.93,0.0,True,CONCILIADA_EXACTA,True
S9AA-0083097504,2050348529,CLIENT_00770,96289595,664568557,FACTURACION CICLICA,AMDOCS,2026-07-01,2026-07-17,PEN,130.33,23.46,153.79,False,153.79,1,False,0.0,153.79,0.0,True,CONCILIADA_EXACTA,True
S9AA-0083208190,2050440165,CLIENT_00596,28793006,493077857,FACTURACION CICLICA,AMDOCS,2026-07-01,2026-07-17,PEN,100.79,18.14,118.93,False,118.93,1,False,0.0,118.93,0.0,True,CONCILIADA_EXACTA,True
S9AA-0082553763,2045850656,CLIENT_00652,50693706,837264947,FACTURACION CICLICA,AMDOCS,2026-07-01,2026-07-17,PEN,118.59,21.34,139.93,False,139.93,1,False,0.0,139.93,0.0,True,CONCILIADA_EXACTA,True
S9AA-0081851474,2029457874,CLIENT_00615,879575901,179990617,FACTURACION CICLICA,AMDOCS,2026-06-01,2026-06-17,PEN,20.35,3.66,24.01,False,24.01,1,False,0.0,24.01,0.0,True,CONCILIADA_EXACTA,True
S9AA-0082477077,2093963249,CLIENT_00250,56170111,929649157,FACTURACION CICLICA,AMDOCS,2026-06-01,2026-06-17,PEN,41.47,7.46,48.93,False,48.93,1,False,0.0,48.93,0.0,True,CONCILIADA_EXACTA,True
S9AA-0082689632,2050878096,CLIENT_00515,127683021,469765257,FACTURACION CICLICA,AMDOCS,2026-07-01,2026-07-17,PEN,41.47,7.46,48.93,False,48.93,1,False,0.0,48.93,0.0,True,CONCILIADA_EXACTA,True
S9AA-0083240300,2060838699,CLIENT_00947,680441621,385808547,FACTURACION CICLICA,AMDOCS,2026-07-01,2026-07-17,PEN,41.47,7.46,48.93,False,48.93,1,False,0.0,48.93,0.0,True,CONCILIADA_EXACTA,True
S9AA-0082982071,2035102698,CLIENT_00950,65458595,707795406,FACTURACION CICLICA,AMDOCS,2026-07-01,2026-07-17,PEN,24.63,4.42,29.05,False,29.05,1,False,0.0,29.05,0.0,True,CONCILIADA_EXACTA,True
S9AA-0083231921,2067006652,CLIENT_00878,58971206,598406647,FACTURACION CICLICA,AMDOCS,2026-07-01,2026-07-17,PEN,80.02,14.41,94.43,False,94.43,1,False,0.0,94.43,0.0,True,CONCILIADA_EXACTA,True
S9AA-0083295013,2063869275,CLIENT_00067,39304285,943042306,FACTURACION CICLICA,AMDOCS,2026-07-01,2026-07-17,PEN,35.53,6.4,41.93,False,41.93,1,False,0.0,41.93,0.0,True,CONCILIADA_EXACTA,True
S9AA-0083267389,2053891306,CLIENT_00166,983219311,870950757,FACTURACION CICLICA,AMDOCS,2026-07-01,2026-07-17,PEN,14.24,2.56,16.8,False,16.8,1,False,0.0,16.8,0.0,True,CONCILIADA_EXACTA,True
S9AA-0082897336,2046058498,CLIENT_00633,64907795,715297406,FACTURACION CICLICA,AMDOCS,2026-07-01,2026-07-17,PEN,62.17,11.19,73.36,False,73.36,1,False,0.0,73.36,0.0,True,CONCILIADA_EXACTA,True
S9AA-0082917123,2045845197,CLIENT_00771,843878221,842535937,FACTURACION CICLICA,AMDOCS,2026-07-01,2026-07-17,PEN,15.19,2.73,17.92,False,17.92,1,False,0.0,17.92,0.0,True,CONCILIADA_EXACTA,True
S9AA-0082867733,2045546222,CLIENT_00594,241572321,683007157,FACTURACION CICLICA,AMDOCS,2026-07-01,2026-07-17,PEN,118.59,21.34,139.93,False,139.93,1,False,0.0,139.93,0.0,True,CONCILIADA_EXACTA,True
S9AA-0082935734,2093963249,CLIENT_00250,56170111,929649157,FACTURACION CICLICA,AMDOCS,2026-07-01,2026-07-17,PEN,41.4,7.46,48.86,False,48.86,1,False,0.0,48.86,0.0,True,CONCILIADA_EXACTA,True
S9AA-0082718292,2041230831,CLIENT_00071,82071585,654625306,FACTURACION CICLICA,AMDOCS,2026-07-01,2026-07-17,PEN,184.85,33.27,218.12,False,218.12,1,False,0.0,218.12,0.0,True,CONCILIADA_EXACTA,True
S8AA-0007924838,2053805361,CLIENT_00167,51203231,727735557,FACTURACION CICLICA,AMDOCS,2026-06-27,2026-07-13,PEN,23.67,4.26,27.93,False,27.93,1,False,0.0,27.93,0.0,True,CONCILIADA_EXACTA,True
S9AA-0083092707,2079015167,CLIENT_00836,96503306,987333506,FACTURACION CICLICA,AMDOCS,2026-07-01,2026-07-17,PEN,59.26,10.67,69.93,False,69.93,1,False,0.0,69.93,0.0,True,CONCILIADA_EXACTA,True
S9AA-0082527282,2086007246,CLIENT_00809,40727195,10068147,FACTURACION CICLICA,AMDOCS,2026-07-01,2026-07-17,PEN,77.42,13.93,91.35,False,91.35,1,False,0.0,91.35,0.0,True,CONCILIADA_EXACTA,True
S9AA-0082631480,2095007193,CLIENT_00907,41460516,337385957,FACTURACION CICLICA,AMDOCS,2026-07-01,2026-07-17,PEN,77.06,13.87,90.93,False,90.93,1,False,0.0,90.93,0.0,True,CONCILIADA_EXACTA,True
S9AA-0083160596,2014166280,CLIENT_00551,77576606,346056506,FACTURACION CICLICA,AMDOCS,2026-07-01,2026-07-17,PEN,91.95,16.55,108.5,False,108.5,1,False,0.0,108.5,0.0,True,CONCILIADA_EXACTA,True
S9AA-0082846711,2014332657,CLIENT_00751,4139606,534776506,FACTURACION CICLICA,AMDOCS,2026-07-01,2026-07-17,PEN,79.2,14.25,93.45,False,93.45,1,False,0.0,93.45,0.0,True,CONCILIADA_EXACTA,True
S9AA-0083330083,2090408902,CLIENT_00331,79186895,296968406,FACTURACION CICLICA,AMDOCS,2026-07-01,2026-07-17,PEN,130.21,23.44,153.65,False,153.65,1,False,0.0,153.65,0.0,True,CONCILIADA_EXACTA,True
S9AA-0082815738,2011752824,CLIENT_00623,634694321,742119047,FACTURACION CICLICA,AMDOCS,2026-07-01,2026-07-17,PEN,81.92,14.75,96.67,False,96.67,1,False,0.0,96.67,0.0,True,CONCILIADA_EXACTA,True
S9AA-0083230685,2096711703,CLIENT_00428,581765021,956134437,FACTURACION CICLICA,AMDOCS,2026-07-01,2026-07-17,PEN,20.71,3.72,24.43,False,24.43,1,False,0.0,24.43,0.0,True,CONCILIADA_EXACTA,True
S9AA-0083276218,2055840070,CLIENT_00557,90702531,470491067,FACTURACION CICLICA,AMDOCS,2026-07-01,2026-07-17,PEN,55.99,10.09,66.08,False,66.08,2,False,0.0,66.08,0.0,True,CONCILIADA_EXACTA,True
S9AA-0082855115,2006444294,CLIENT_00359,14287306,344073506,FACTURACION CICLICA,AMDOCS,2026-07-01,2026-07-17,PEN,119.77,21.56,141.33,False,141.33,1,False,0.0,141.33,0.0,True,CONCILIADA_EXACTA,True
S9AA-0083157642,2025439397,CLIENT_00590,671923611,716981067,FACTURACION CICLICA,AMDOCS,2026-07-01,2026-07-17,PEN,100.79,18.14,118.93,False,118.93,1,False,0.0,118.93,0.0,True,CONCILIADA_EXACTA,True
S9AA-0083295377,2039714658,CLIENT_00290,39441885,564428306,FACTURACION CICLICA,AMDOCS,2026-07-01,2026-07-17,PEN,159.4,28.69,188.09,False,188.09,1,False,0.0,188.09,0.0,True,CONCILIADA_EXACTA,True
S9AA-0082863522,2054297630,CLIENT_00621,24489306,850504506,FACTURACION CICLICA,AMDOCS,2026-07-01,2026-07-17,PEN,82.99,14.94,97.93,False,97.93,1,False,0.0,97.93,0.0,True,CONCILIADA_EXACTA,True
S9AA-0083262534,2093830022,CLIENT_00544,98001806,151528506,FACTURACION CICLICA,AMDOCS,2026-07-01,2026-07-17,PEN,48.88,8.8,57.68,False,57.68,1,False,0.0,57.68,0.0,True,CONCILIADA_EXACTA,True
S9AA-0083318105,2004403801,CLIENT_00180,592125221,285106657,FACTURACION CICLICA,AMDOCS,2026-07-01,2026-07-17,PEN,112.65,20.28,132.93,False,132.93,1,False,0.0,132.93,0.0,True,CONCILIADA_EXACTA,True
S9AA-0083177379,2054510534,CLIENT_00526,97081995,653919406,FACTURACION CICLICA,AMDOCS,2026-07-01,2026-07-17,PEN,77.06,13.87,90.93,False,90.93,1,False,0.0,90.93,0.0,True,CONCILIADA_EXACTA,True
S9AA-0082579074,2059054819,CLIENT_00448,80625606,910326947,FACTURACION CICLICA,AMDOCS,2026-07-01,2026-07-17,PEN,18.81,3.38,22.19,False,22.19,1,False,0.0,22.19,0.0,True,CONCILIADA_EXACTA,True
S9AA-0081968908,2067346691,CLIENT_00086,199057231,28199067,FACTURACION CICLICA,AMDOCS,2026-06-01,2026-06-17,PEN,61.92,11.16,73.08,False,73.08,1,False,0.0,73.08,0.0,True,CONCILIADA_EXACTA,True
S9AA-0082702406,2050878096,CLIENT_00515,32297206,245192506,FACTURACION CICLICA,AMDOCS,2026-07-01,2026-07-17,PEN,48.29,8.69,56.98,False,56.98,1,False,0.0,56.98,0.0,True,CONCILIADA_EXACTA,True
S9AA-0082914229,2032184225,CLIENT_00719,84851895,753638406,FACTURACION CICLICA,AMDOCS,2026-07-01,2026-07-17,PEN,128.73,23.17,151.9,False,151.9,1,False,0.0,151.9,0.0,True,CONCILIADA_EXACTA,True
S9AA-0083145631,1003385935,CLIENT_00953,57782806,460217237,FACTURACION CICLICA,AMDOCS,2026-07-01,2026-07-17,PEN,111.69,20.12,131.81,False,131.81,1,False,0.0,131.81,0.0,True,CONCILIADA_EXACTA,True
S9AA-0083053159,2064536829,CLIENT_00259,460878221,195235937,FACTURACION CICLICA,AMDOCS,2026-07-01,2026-07-17,PEN,127.42,22.94,150.36,False,150.36,1,False,0.0,150.36,0.0,True,CONCILIADA_EXACTA,True
S9AA-0082816665,2040655923,CLIENT_00296,631280821,847861947,FACTURACION CICLICA,AMDOCS,2026-07-01,2026-07-17,PEN,23.74,4.26,28.0,False,28.0,1,False,0.0,28.0,0.0,True,CONCILIADA_EXACTA,True
S9AA-0082846277,2045546222,CLIENT_00594,4541595,183725406,FACTURACION CICLICA,AMDOCS,2026-07-01,2026-07-17,PEN,88.27,15.89,104.16,False,104.16,1,False,0.0,104.16,0.0,True,CONCILIADA_EXACTA,True
S9AA-0082901639,2026807327,CLIENT_00677,64288416,286845057,FACTURACION CICLICA,AMDOCS,2026-07-01,2026-07-17,PEN,26.4,4.75,31.15,False,31.15,1,False,0.0,31.15,0.0,True,CONCILIADA_EXACTA,True
S9AA-0082978695,2074423060,CLIENT_00504,557185231,456821657,FACTURACION CICLICA,AMDOCS,2026-07-01,2026-07-17,PEN,35.18,6.34,41.51,False,41.51,1,False,0.0,41.51,0.0,True,CONCILIADA_EXACTA,True
S9AA-0082745303,2074129386,CLIENT_00882,72859616,555976606,FACTURACION CICLICA,AMDOCS,2026-07-01,2026-07-17,PEN,140.0,25.2,165.2,False,165.2,2,False,0.0,165.2,0.0,True,CONCILIADA_EXACTA,True
S9AA-0083118357,2077915427,CLIENT_00955,27159116,814412606,FACTURACION CICLICA,AMDOCS,2026-07-01,2026-07-17,PEN,41.47,7.46,48.93,False,48.93,1,False,0.0,48.93,0.0,True,CONCILIADA_EXACTA,True
S9AA-0083317129,2024654901,CLIENT_00714,591213821,578815947,FACTURACION CICLICA,AMDOCS,2026-07-01,2026-07-17,PEN,113.83,20.5,134.33,False,134.33,1,False,0.0,134.33,0.0,True,CONCILIADA_EXACTA,True
S9AA-0083055217,2087905445,CLIENT_00039,46110895,104211757,FACTURACION CICLICA,AMDOCS,2026-07-01,2026-07-17,PEN,88.92,16.01,104.93,False,104.93,1,False,0.0,104.93,0.0,True,CONCILIADA_EXACTA,True
S9AA-0082793476,2051682890,CLIENT_00374,23831906,670819167,FACTURACION CICLICA,AMDOCS,2026-07-01,2026-07-17,PEN,100.79,18.14,118.93,False,118.93,1,False,0.0,118.93,0.0,True,CONCILIADA_EXACTA,True
S9AA-0083022148,2079684847,CLIENT_00889,69212021,780411167,FACTURACION CICLICA,AMDOCS,2026-07-01,2026-07-17,PEN,20.71,3.72,24.43,False,24.43,1,False,0.0,24.43,0.0,True,CONCILIADA_EXACTA,True
S9AA-0082852205,2094267528,CLIENT_00973,43518221,363042067,FACTURACION CICLICA,AMDOCS,2026-07-01,2026-07-17,PEN,65.2,11.73,76.93,False,76.93,1,False,0.0,76.93,0.0,True,CONCILIADA_EXACTA,True
S9AA-0083118063,2025199500,CLIENT_00474,27084306,448533506,FACTURACION CICLICA,AMDOCS,2026-07-01,2026-07-17,PEN,65.2,11.73,76.93,False,76.93,1,False,0.0,76.93,0.0,True,CONCILIADA_EXACTA,True
S9AA-0083287926,2048046441,CLIENT_00064,29265706,779247506,FACTURACION CICLICA,AMDOCS,2026-07-01,2026-07-17,PEN,171.38,30.85,202.23,False,202.23,1,False,0.0,202.23,0.0,True,CONCILIADA_EXACTA,True
S9AA-0082552885,2063701019,CLIENT_00709,505324911,249915147,FACTURACION CICLICA,AMDOCS,2026-07-01,2026-07-17,PEN,41.47,7.46,48.93,False,48.93,1,False,0.0,48.93,0.0,True,CONCILIADA_EXACTA,True
S9AA-0083155681,2011804641,CLIENT_00396,676669621,776152747,FACTURACION CICLICA,AMDOCS,2026-07-01,2026-07-17,PEN,118.59,21.34,139.93,False,139.93,1,False,0.0,139.93,0.0,True,CONCILIADA_EXACTA,True
S9AA-0082796175,2056036658,CLIENT_00097,43899716,793398606,FACTURACION CICLICA,AMDOCS,2026-07-01,2026-07-17,PEN,74.69,13.44,88.13,False,88.13,1,False,0.0,88.13,0.0,True,CONCILIADA_EXACTA,True
S9AA-0082605525,2073133607,CLIENT_00035,119545331,16136757,FACTURACION CICLICA,AMDOCS,2026-07-01,2026-07-17,PEN,47.4,8.53,55.93,False,55.93,1,False,0.0,55.93,0.0,True,CONCILIADA_EXACTA,True
S9AA-0083207050,2051800045,CLIENT_00346,282744421,826967057,FACTURACION CICLICA,AMDOCS,2026-07-01,2026-07-17,PEN,14.0,2.52,16.52,False,16.52,1,False,0.0,16.52,0.0,True,CONCILIADA_EXACTA,True
S9AA-0082591965,2070083854,CLIENT_00585,1742306,172913506,FACTURACION CICLICA,AMDOCS,2026-07-01,2026-07-17,PEN,65.91,11.86,77.77,False,77.77,1,False,0.0,77.77,0.0,True,CONCILIADA_EXACTA,True
S9AA-0082698687,2040866126,CLIENT_00173,226930621,956781757,FACTURACION CICLICA,AMDOCS,2026-07-01,2026-07-17,PEN,100.79,18.14,118.93,False,118.93,1,False,0.0,118.93,0.0,True,CONCILIADA_EXACTA,True
S9AA-0082829399,2063755498,CLIENT_00835,83425595,59565406,FACTURACION CICLICA,AMDOCS,2026-07-01,2026-07-17,PEN,94.86,17.07,111.93,False,111.93,1,False,0.0,111.93,0.0,True,CONCILIADA_EXACTA,True
S9AA-0082880653,2037021331,CLIENT_00121,44265806,93368506,FACTURACION CICLICA,AMDOCS,2026-07-01,2026-07-17,PEN,16.62,2.98,19.6,False,19.6,1,False,0.0,19.6,0.0,True,CONCILIADA_EXACTA,True
S9AA-0083143488,2074628342,CLIENT_00213,57359006,139090506,FACTURACION CICLICA,AMDOCS,2026-07-01,2026-07-17,PEN,94.86,17.07,111.93,False,111.93,1,False,0.0,111.93,0.0,True,CONCILIADA_EXACTA,True
S9AA-0082800286,2093064195,CLIENT_00380,432668021,845233557,FACTURACION CICLICA,AMDOCS,2026-07-01,2026-07-17,PEN,65.2,11.73,76.93,False,76.93,1,False,0.0,76.93,0.0,True,CONCILIADA_EXACTA,True
S9AA-0082595329,2017763650,CLIENT_00236,1691195,572155447,FACTURACION CICLICA,AMDOCS,2026-07-01,2026-07-17,PEN,52.14,9.39,61.53,False,61.53,1,False,0.0,61.53,0.0,True,CONCILIADA_EXACTA,True
S9AA-0082974230,2026598806,CLIENT_00317,55190516,950594606,FACTURACION CICLICA,AMDOCS,2026-07-01,2026-07-17,PEN,71.13,12.8,83.93,False,83.93,1,False,0.0,83.93,0.0,True,CONCILIADA_EXACTA,True
S9AA-0083124060,2041506167,CLIENT_00025,176577131,451085167,FACTURACION CICLICA,AMDOCS,2026-07-01,2026-07-17,PEN,17.74,3.19,20.93,False,20.93,1,False,0.0,20.93,0.0,True,CONCILIADA_EXACTA,True
S9AA-0083027830,2069123981,CLIENT_00352,160410421,78449147,FACTURACION CICLICA,AMDOCS,2026-07-01,2026-07-17,PEN,59.03,10.62,69.65,False,69.65,1,False,0.0,69.65,0.0,True,CONCILIADA_EXACTA,True
S9AA-0083228672,2037021331,CLIENT_00121,58706806,283368506,FACTURACION CICLICA,AMDOCS,2026-07-01,2026-07-17,PEN,16.62,2.98,19.6,False,19.6,1,False,0.0,19.6,0.0,True,CONCILIADA_EXACTA,True
S9AA-0082798123,2043149098,CLIENT_00027,439858611,442690737,FACTURACION CICLICA,AMDOCS,2026-07-01,2026-07-17,PEN,74.69,13.44,88.13,False,88.13,1,False,0.0,88.13,0.0,True,CONCILIADA_EXACTA,True
S9AA-0083321617,2081042486,CLIENT_00385,69590106,725011506,FACTURACION CICLICA,AMDOCS,2026-07-01,2026-07-17,PEN,29.66,5.34,35.0,False,35.0,1,False,0.0,35.0,0.0,True,CONCILIADA_EXACTA,True
S9AA-0083169933,2029457874,CLIENT_00615,879575901,179990617,FACTURACION CICLICA,AMDOCS,2026-07-01,2026-07-17,PEN,20.35,3.66,24.01,False,24.01,1,False,0.0,24.01,0.0,True,CONCILIADA_EXACTA,True
S9AA-0083317545,2003372653,CLIENT_00854,59662385,127846257,FACTURACION CICLICA,AMDOCS,2026-07-01,2026-07-17,PEN,61.99,11.17,73.15,False,73.15,1,False,0.0,73.15,0.0,True,CONCILIADA_EXACTA,True
S9AA-0082931764,2040443627,CLIENT_00393,5650016,114999506,FACTURACION CICLICA,AMDOCS,2026-07-01,2026-07-17,PEN,207.57,37.36,244.93,False,244.93,1,False,0.0,244.93,0.0,True,CONCILIADA_EXACTA,True
S9AA-0083248612,2016438796,CLIENT_00773,780220311,298228347,FACTURACION CICLICA,AMDOCS,2026-07-01,2026-07-17,PEN,38.26,6.89,45.15,False,45.15,1,False,0.0,45.15,0.0,True,CONCILIADA_EXACTA,True
S9AA-0083067508,2079774432,CLIENT_00562,66051116,996801606,FACTURACION CICLICA,AMDOCS,2026-07-01,2026-07-17,PEN,47.4,8.53,55.93,False,55.93,1,False,0.0,55.93,0.0,True,CONCILIADA_EXACTA,True
S9AA-0082899689,2013024222,CLIENT_00365,640401021,887482337,FACTURACION CICLICA,AMDOCS,2026-07-01,2026-07-17,PEN,88.92,16.01,104.93,False,104.93,1,False,0.0,104.93,0.0,True,CONCILIADA_EXACTA,True
S9AA-0082711274,2000875718,CLIENT_00769,42605416,934274606,FACTURACION CICLICA,AMDOCS,2026-07-01,2026-07-17,PEN,33.82,6.08,39.9,False,39.9,1,False,0.0,39.9,0.0,True,CONCILIADA_EXACTA,True
S9AA-0083078733,2067006652,CLIENT_00878,76781206,77143147,FACTURACION CICLICA,AMDOCS,2026-07-01,2026-07-17,PEN,10.32,1.86,12.18,False,12.18,1,False,0.0,12.18,0.0,True,CONCILIADA_EXACTA,True
S9AA-0082744027,2015985357,CLIENT_00738,72783985,781749306,FACTURACION CICLICA,AMDOCS,2026-07-01,2026-07-17,PEN,16.55,2.98,19.53,False,19.53,1,False,0.0,19.53,0.0,True,CONCILIADA_EXACTA,True
S9AA-0083215130,2036568728,CLIENT_00322,38331516,680339747,FACTURACION CICLICA,AMDOCS,2026-07-01,2026-07-17,PEN,88.92,16.01,104.93,False,104.93,1,False,0.0,104.93,0.0,True,CONCILIADA_EXACTA,True
S9AA-0082345123,2063960356,CLIENT_00283,53376585,467155237,FACTURACION CICLICA,AMDOCS,2026-06-01,2026-06-17,PEN,150.79,27.15,177.94,False,177.94,1,False,0.0,177.94,0.0,True,CONCILIADA_EXACTA,True
S9AA-0081988775,2096100663,CLIENT_00636,49400406,888284506,FACTURACION CICLICA,AMDOCS,2026-06-01,2026-06-17,PEN,50.3,9.06,59.36,False,59.36,1,False,0.0,59.36,0.0,True,CONCILIADA_EXACTA,True
S9AA-0082538132,2006477444,CLIENT_00815,10405516,624523957,FACTURACION CICLICA,AMDOCS,2026-07-01,2026-07-17,PEN,33.16,5.97,39.13,False,39.13,1,False,0.0,39.13,0.0,True,CONCILIADA_EXACTA,True
S9AA-0082613136,2088958700,CLIENT_00840,212507011,617670157,FACTURACION CICLICA,AMDOCS,2026-07-01,2026-07-17,PEN,56.06,10.09,66.15,False,66.15,1,False,0.0,66.15,0.0,True,CONCILIADA_EXACTA,True
S9AA-0081841956,2014166280,CLIENT_00551,77576606,346056506,FACTURACION CICLICA,AMDOCS,2026-06-01,2026-06-17,PEN,91.95,16.55,108.5,False,108.5,1,False,0.0,108.5,0.0,True,CONCILIADA_EXACTA,True
S9AA-0081997480,2033511601,CLIENT_00117,59154506,981155506,FACTURACION CICLICA,AMDOCS,2026-06-01,2026-06-17,PEN,74.1,13.34,87.43,False,87.43,1,False,0.0,87.43,0.0,True,CONCILIADA_EXACTA,True
S9AA-0082925961,2032243442,CLIENT_00656,944798511,464331147,FACTURACION CICLICA,AMDOCS,2026-07-01,2026-07-17,PEN,47.4,8.53,55.93,False,55.93,1,False,0.0,55.93,0.0,True,CONCILIADA_EXACTA,True
S9AA-0082662869,2045813472,CLIENT_00620,516239221,578207937,FACTURACION CICLICA,AMDOCS,2026-07-01,2026-07-17,PEN,77.42,13.93,91.35,False,91.34,2,False,0.0,91.35,-0.009999999999990905,True,CONCILIADA_EXACTA,True
S9AA-0082912280,2006121666,CLIENT_00662,645070911,256970267,FACTURACION CICLICA,AMDOCS,2026-07-01,2026-07-17,PEN,77.06,13.87,90.93,False,90.93,1,False,0.0,90.93,0.0,True,CONCILIADA_EXACTA,True
S9AA-0082880873,2016142658,CLIENT_00521,44811516,47674606,FACTURACION CICLICA,AMDOCS,2026-07-01,2026-07-17,PEN,55.35,9.96,65.31,False,65.31,1,False,0.0,65.31,0.0,True,CONCILIADA_EXACTA,True
S9AA-0083092366,2010399017,CLIENT_00723,96621595,683815406,FACTURACION CICLICA,AMDOCS,2026-07-01,2026-07-17,PEN,100.55,18.1,118.65,False,118.65,1,False,0.0,118.65,0.0,True,CONCILIADA_EXACTA,True
S9AA-0081859636,2094379951,CLIENT_00780,97904616,481737606,FACTURACION CICLICA,AMDOCS,2026-06-01,2026-06-17,PEN,152.4,27.43,179.83,False,179.83,1,False,0.0,179.83,0.0,True,CONCILIADA_EXACTA,True
S9AA-0081954051,2098363854,CLIENT_00063,9924006,41430506,FACTURACION CICLICA,AMDOCS,2026-06-01,2026-06-17,PEN,59.32,10.68,70.0,False,70.0,1,False,0.0,70.0,0.0,True,CONCILIADA_EXACTA,True
S9AA-0082934867,2037039972,CLIENT_00968,56068111,605125447,FACTURACION CICLICA,AMDOCS,2026-07-01,2026-07-17,PEN,63.01,11.33,74.34,False,74.34,1,False,0.0,74.34,0.0,True,CONCILIADA_EXACTA,True
S9AA-0082900094,2006121666,CLIENT_00662,645070911,869999637,FACTURACION CICLICA,AMDOCS,2026-07-01,2026-07-17,PEN,183.9,33.1,217.0,False,217.0,1,False,0.0,217.0,0.0,True,CONCILIADA_EXACTA,True
S9AA-0082719587,2039754476,CLIENT_00765,82785016,660080606,FACTURACION CICLICA,AMDOCS,2026-07-01,2026-07-17,PEN,202.64,36.48,239.12,False,239.12,1,False,0.0,239.12,0.0,True,CONCILIADA_EXACTA,True
S9AA-0083349770,2045121201,CLIENT_00767,992659121,309293737,FACTURACION CICLICA,AMDOCS,2026-07-01,2026-07-17,PEN,56.29,10.14,66.43,False,66.43,1,False,0.0,66.43,0.0,True,CONCILIADA_EXACTA,True
S9AA-0082863790,2077915427,CLIENT_00955,24009116,624412606,FACTURACION CICLICA,AMDOCS,2026-07-01,2026-07-17,PEN,41.47,7.46,48.93,False,48.93,1,False,0.0,48.93,0.0,True,CONCILIADA_EXACTA,True
S9AA-0083174172,2028858667,CLIENT_00821,87664306,461448857,FACTURACION CICLICA,AMDOCS,2026-07-01,2026-07-17,PEN,20.71,3.72,24.43,False,24.43,1,False,0.0,24.43,0.0,True,CONCILIADA_EXACTA,True
S9AA-0082703531,2025935157,CLIENT_00401,323807011,303050817,FACTURACION CICLICA,AMDOCS,2026-07-01,2026-07-17,PEN,138.22,24.88,163.1,False,163.1,1,False,0.0,163.1,0.0,True,CONCILIADA_EXACTA,True
S9AA-0083097657,2092536593,CLIENT_00425,964976321,925975657,FACTURACION CICLICA,AMDOCS,2026-07-01,2026-07-17,PEN,53.33,9.6,62.93,False,62.93,1,False,0.0,62.93,0.0,True,CONCILIADA_EXACTA,True
S9AA-0082902881,2017763650,CLIENT_00236,642552431,314247857,FACTURACION CICLICA,AMDOCS,2026-07-01,2026-07-17,PEN,53.33,9.6,62.93,False,62.93,1,False,0.0,62.93,0.0,True,CONCILIADA_EXACTA,True
S8AA-0007971461,2012809849,CLIENT_00597,566665331,265726757,FACTURACION CICLICA,AMDOCS,2026-06-27,2026-07-13,PEN,41.47,7.46,48.93,False,48.93,1,False,0.0,48.93,0.0,True,CONCILIADA_EXACTA,True
S9AA-0082023250,2090408902,CLIENT_00331,79186895,296968406,FACTURACION CICLICA,AMDOCS,2026-06-01,2026-06-17,PEN,130.15,23.43,153.58,False,153.58,1,False,0.0,153.58,0.0,True,CONCILIADA_EXACTA,True
S9AA-0083135118,2059054819,CLIENT_00448,47535606,763276506,FACTURACION CICLICA,AMDOCS,2026-07-01,2026-07-17,PEN,41.47,7.46,48.93,False,48.93,1,False,0.0,48.93,0.0,True,CONCILIADA_EXACTA,True
S9AA-0083274397,2093365484,CLIENT_00200,9362016,737281847,FACTURACION CICLICA,AMDOCS,2026-07-01,2026-07-17,PEN,106.72,19.21,125.93,False,125.93,1,False,0.0,125.93,0.0,True,CONCILIADA_EXACTA,True
S9AA-0083174175,2028858667,CLIENT_00821,87664306,771448857,FACTURACION CICLICA,AMDOCS,2026-07-01,2026-07-17,PEN,23.67,4.26,27.93,False,27.93,1,False,0.0,27.93,0.0,True,CONCILIADA_EXACTA,True
S9AA-0082858944,2030936191,CLIENT_00715,149263621,898524947,FACTURACION CICLICA,AMDOCS,2026-07-01,2026-07-17,PEN,142.32,25.61,167.93,False,167.93,1,False,0.0,167.93,0.0,True,CONCILIADA_EXACTA,True
S9AA-0082919993,2098309864,CLIENT_00512,84251595,288157067,FACTURACION CICLICA,AMDOCS,2026-07-01,2026-07-17,PEN,53.33,9.6,62.93,False,62.93,1,False,0.0,62.93,0.0,True,CONCILIADA_EXACTA,True
S9AA-0083135138,2021159453,CLIENT_00381,47003706,123027506,FACTURACION CICLICA,AMDOCS,2026-07-01,2026-07-17,PEN,32.99,5.93,38.92,False,38.92,1,False,0.0,38.92,0.0,True,CONCILIADA_EXACTA,True
S9AA-0082527947,2021705119,CLIENT_00201,40852285,165790847,FACTURACION CICLICA,AMDOCS,2026-07-01,2026-07-17,PEN,65.2,11.73,76.93,False,76.93,1,False,0.0,76.93,0.0,True,CONCILIADA_EXACTA,True
S9AA-0083016512,2037021331,CLIENT_00121,6155806,893368506,FACTURACION CICLICA,AMDOCS,2026-07-01,2026-07-17,PEN,83.05,14.95,98.0,False,98.0,1,False,0.0,98.0,0.0,True,CONCILIADA_EXACTA,True
S9AA-0083267965,2067382285,CLIENT_00906,98441406,795287957,FACTURACION CICLICA,AMDOCS,2026-07-01,2026-07-17,PEN,80.02,14.41,94.43,False,94.43,1,False,0.0,94.43,0.0,True,CONCILIADA_EXACTA,True
S9AA-0082512530,2051379016,CLIENT_00444,140116,695047857,FACTURACION CICLICA,AMDOCS,2026-07-01,2026-07-17,PEN,67.93,12.22,80.15,False,80.15,1,False,0.0,80.15,0.0,True,CONCILIADA_EXACTA,True
S9AA-0083148050,2054865614,CLIENT_00112,57294206,391452457,FACTURACION CICLICA,AMDOCS,2026-07-01,2026-07-17,PEN,103.94,18.7,122.64,False,122.64,1,False,0.0,122.64,0.0,True,CONCILIADA_EXACTA,True
S9AA-0083165796,2058943768,CLIENT_00054,77299695,98279857,FACTURACION CICLICA,AMDOCS,2026-07-01,2026-07-17,PEN,100.79,18.14,118.93,False,118.93,1,False,0.0,118.93,0.0,True,CONCILIADA_EXACTA,True
S9AA-0082553028,2056762434,CLIENT_00342,503427421,984532347,FACTURACION CICLICA,AMDOCS,2026-07-01,2026-07-17,PEN,50.13,9.02,59.15,False,59.15,1,False,0.0,59.15,0.0,True,CONCILIADA_EXACTA,True
S9AA-0082668754,2077915427,CLIENT_00955,61239116,664412606,FACTURACION CICLICA,AMDOCS,2026-07-01,2026-07-17,PEN,47.4,8.53,55.93,False,55.93,1,False,0.0,55.93,0.0,True,CONCILIADA_EXACTA,True
S9AA-0083233104,2070293430,CLIENT_00648,581801031,75168557,FACTURACION CICLICA,AMDOCS,2026-07-01,2026-07-17,PEN,24.79,4.47,29.26,False,29.26,1,False,0.0,29.26,0.0,True,CONCILIADA_EXACTA,True
S9AA-0082905783,2098309864,CLIENT_00512,74424795,880447406,FACTURACION CICLICA,AMDOCS,2026-07-01,2026-07-17,PEN,28.48,5.12,33.6,False,33.6,1,False,0.0,33.6,0.0,True,CONCILIADA_EXACTA,True
S9AA-0081931647,2016438796,CLIENT_00773,780220311,298228347,FACTURACION CICLICA,AMDOCS,2026-06-01,2026-06-17,PEN,35.53,6.4,41.93,False,41.93,1,False,0.0,41.93,0.0,True,CONCILIADA_EXACTA,True
S9AA-0081855838,2028858667,CLIENT_00821,87664306,961448857,FACTURACION CICLICA,AMDOCS,2026-06-01,2026-06-17,PEN,20.71,3.72,24.43,False,24.43,1,False,0.0,24.43,0.0,True,CONCILIADA_EXACTA,True
S9AA-0082122335,2024049593,CLIENT_00909,905887721,592586847,FACTURACION CICLICA,AMDOCS,2026-06-01,2026-06-17,PEN,58.67,10.56,69.23,False,69.23,1,False,0.0,69.23,0.0,True,CONCILIADA_EXACTA,True
S9AA-0082086532,2073533879,CLIENT_00382,50266285,841297637,FACTURACION CICLICA,AMDOCS,2026-06-01,2026-06-17,PEN,117.64,21.18,138.81,False,138.81,1,False,0.0,138.81,0.0,True,CONCILIADA_EXACTA,True
S9AA-0081816012,2059054819,CLIENT_00448,47535606,763276506,FACTURACION CICLICA,AMDOCS,2026-06-01,2026-06-17,PEN,41.47,7.46,48.93,False,48.93,1,False,0.0,48.93,0.0,True,CONCILIADA_EXACTA,True
S9AA-0082486764,2006121666,CLIENT_00662,154096131,924404857,FACTURACION CICLICA,AMDOCS,2026-06-01,2026-06-17,PEN,53.33,9.6,62.93,False,62.93,1,False,0.0,62.93,0.0,True,CONCILIADA_EXACTA,True
S9AA-0082203494,2090631860,CLIENT_00033,91561185,903611306,FACTURACION CICLICA,AMDOCS,2026-06-01,2026-06-17,PEN,72.02,12.96,84.98,False,84.98,1,False,0.0,84.98,0.0,True,CONCILIADA_EXACTA,True
S9AA-0082451343,2013024222,CLIENT_00365,640401021,123014357,FACTURACION CICLICA,AMDOCS,2026-06-01,2026-06-17,PEN,124.22,22.36,146.58,False,146.58,1,False,0.0,146.58,0.0,True,CONCILIADA_EXACTA,True
S9AA-0081781161,2000103903,CLIENT_00566,7502795,535237406,FACTURACION CICLICA,AMDOCS,2026-06-01,2026-06-17,PEN,152.4,27.43,179.83,False,179.83,1,False,0.0,179.83,0.0,True,CONCILIADA_EXACTA,True
S9AA-0082355799,2040655923,CLIENT_00296,631280821,847861947,FACTURACION CICLICA,AMDOCS,2026-06-01,2026-06-17,PEN,23.67,4.26,27.93,False,27.93,1,False,0.0,27.93,0.0,True,CONCILIADA_EXACTA,True
S9AA-0082227603,2040655923,CLIENT_00296,12742185,945064957,FACTURACION CICLICA,AMDOCS,2026-06-01,2026-06-17,PEN,53.33,9.6,62.93,False,62.93,1,False,0.0,62.93,0.0,True,CONCILIADA_EXACTA,True
S9AA-0082368769,2063755498,CLIENT_00835,83425595,59565406,FACTURACION CICLICA,AMDOCS,2026-06-01,2026-06-17,PEN,94.86,17.07,111.93,False,111.93,1,False,0.0,111.93,0.0,True,CONCILIADA_EXACTA,True
S9AA-0081648645,2029762900,CLIENT_00838,557615821,172961957,FACTURACION CICLICA,AMDOCS,2026-06-01,2026-06-17,PEN,77.06,13.87,90.93,False,90.93,1,False,0.0,90.93,0.0,True,CONCILIADA_EXACTA,True
S9AA-0082217025,2038022621,CLIENT_00368,24977521,645863647,FACTURACION CICLICA,AMDOCS,2026-06-01,2026-06-17,PEN,103.69,18.67,122.36,False,122.36,1,False,0.0,122.36,0.0,True,CONCILIADA_EXACTA,True
S9AA-0082046455,2080608107,CLIENT_00240,998984531,41016067,FACTURACION CICLICA,AMDOCS,2026-06-01,2026-06-17,PEN,112.65,20.28,132.93,False,132.93,1,False,0.0,132.93,0.0,True,CONCILIADA_EXACTA,True
S9AA-0082163775,2042734334,CLIENT_00488,414931021,517753337,FACTURACION CICLICA,AMDOCS,2026-06-01,2026-06-17,PEN,57.25,10.3,67.55,False,67.55,1,False,0.0,67.55,0.0,True,CONCILIADA_EXACTA,True
S9AA-0081754163,2080123968,CLIENT_00281,76162285,612622306,FACTURACION CICLICA,AMDOCS,2026-06-01,2026-06-17,PEN,74.92,13.49,88.41,False,88.41,1,False,0.0,88.41,0.0,True,CONCILIADA_EXACTA,True
S9AA-0082478071,2065298423,CLIENT_00377,51299331,722343857,FACTURACION CICLICA,AMDOCS,2026-06-01,2026-06-17,PEN,136.38,24.55,160.93,False,160.93,1,False,0.0,160.93,0.0,True,CONCILIADA_EXACTA,True
S9AA-0082403524,2054297630,CLIENT_00621,24489306,850504506,FACTURACION CICLICA,AMDOCS,2026-06-01,2026-06-17,PEN,82.99,14.94,97.93,False,97.93,1,False,0.0,97.93,0.0,True,CONCILIADA_EXACTA,True
S9AA-0082326322,2074129386,CLIENT_00882,33559616,175976606,FACTURACION CICLICA,AMDOCS,2026-06-01,2026-06-17,PEN,126.84,22.82,149.66,False,149.66,1,False,0.0,149.66,0.0,True,CONCILIADA_EXACTA,True
S9AA-0082167241,2095007193,CLIENT_00907,41460516,337385957,FACTURACION CICLICA,AMDOCS,2026-06-01,2026-06-17,PEN,77.06,13.87,90.93,False,90.93,1,False,0.0,90.93,0.0,True,CONCILIADA_EXACTA,True
S9AA-0082394857,2005150947,CLIENT_00073,14781106,928521506,FACTURACION CICLICA,AMDOCS,2026-06-01,2026-06-17,PEN,80.86,14.55,95.41,False,95.41,1,False,0.0,95.41,0.0,True,CONCILIADA_EXACTA,True
S9AA-0081855837,2028858667,CLIENT_00821,87664306,461448857,FACTURACION CICLICA,AMDOCS,2026-06-01,2026-06-17,PEN,20.71,3.72,24.43,False,24.43,1,False,0.0,24.43,0.0,True,CONCILIADA_EXACTA,True
S9AA-0081872535,2045776570,CLIENT_00215,8925695,736248457,FACTURACION CICLICA,AMDOCS,2026-06-01,2026-06-17,PEN,94.86,17.07,111.93,False,111.93,1,False,0.0,111.93,0.0,True,CONCILIADA_EXACTA,True
S9AA-0081781541,2037021331,CLIENT_00121,7865806,414368506,FACTURACION CICLICA,AMDOCS,2026-06-01,2026-06-17,PEN,16.62,2.98,19.6,False,19.6,1,False,0.0,19.6,0.0,True,CONCILIADA_EXACTA,True
S9AA-0081700958,2079684847,CLIENT_00889,69212021,780411167,FACTURACION CICLICA,AMDOCS,2026-06-01,2026-06-17,PEN,20.71,3.72,24.43,False,24.43,1,False,0.0,24.43,0.0,True,CONCILIADA_EXACTA,True
S9AA-0082393794,2071170607,CLIENT_00207,14288385,626783306,FACTURACION CICLICA,AMDOCS,2026-06-01,2026-06-17,PEN,28.42,5.11,33.53,False,33.53,1,False,0.0,33.53,0.0,True,CONCILIADA_EXACTA,True
S9AA-0081841525,2042176157,CLIENT_00570,77251595,32125406,FACTURACION CICLICA,AMDOCS,2026-06-01,2026-06-17,PEN,90.71,16.32,107.03,False,107.03,1,False,0.0,107.03,0.0,True,CONCILIADA_EXACTA,True
S9AA-0081829206,2054865614,CLIENT_00112,57294206,391452457,FACTURACION CICLICA,AMDOCS,2026-06-01,2026-06-17,PEN,103.93,18.71,122.64,False,122.64,1,False,0.0,122.64,0.0,True,CONCILIADA_EXACTA,True
S9AA-0082058132,2025216315,CLIENT_00075,10668016,141580606,FACTURACION CICLICA,AMDOCS,2026-06-01,2026-06-17,PEN,19.52,3.51,23.03,False,23.03,1,False,0.0,23.03,0.0,True,CONCILIADA_EXACTA,True
S9AA-0082432843,2020587286,CLIENT_00074,74077985,70788447,FACTURACION CICLICA,AMDOCS,2026-06-01,2026-06-17,PEN,17.79,3.21,21.0,False,21.0,1,False,0.0,21.0,0.0,True,CONCILIADA_EXACTA,True
S9AA-0082356166,2016134169,CLIENT_00655,63347185,928267157,FACTURACION CICLICA,AMDOCS,2026-06-01,2026-06-17,PEN,115.56,20.8,136.36,False,136.36,1,False,0.0,136.36,0.0,True,CONCILIADA_EXACTA,True
S9AA-0082113787,2059054819,CLIENT_00448,80625606,910326947,FACTURACION CICLICA,AMDOCS,2026-06-01,2026-06-17,PEN,17.79,3.21,21.0,False,21.0,1,False,0.0,21.0,0.0,True,CONCILIADA_EXACTA,True
S9AA-0082057060,2047587904,CLIENT_00534,10429885,107109306,FACTURACION CICLICA,AMDOCS,2026-06-01,2026-06-17,PEN,26.64,4.8,31.43,False,31.43,1,False,0.0,31.43,0.0,True,CONCILIADA_EXACTA,True
S9AA-0081855828,2028858667,CLIENT_00821,87664306,642938857,FACTURACION CICLICA,AMDOCS,2026-06-01,2026-06-17,PEN,20.71,3.72,24.43,False,24.43,1,False,0.0,24.43,0.0,True,CONCILIADA_EXACTA,True
S9AA-0081863840,2064819637,CLIENT_00608,97637616,815771557,FACTURACION CICLICA,AMDOCS,2026-06-01,2026-06-17,PEN,59.26,10.67,69.93,False,69.93,1,False,0.0,69.93,0.0,True,CONCILIADA_EXACTA,True
S9AA-0082225150,2016739447,CLIENT_00734,124841421,246712247,FACTURACION CICLICA,AMDOCS,2026-06-01,2026-06-17,PEN,27.23,4.9,32.13,False,32.13,1,False,0.0,32.13,0.0,True,CONCILIADA_EXACTA,True
S9AA-0081855833,2028858667,CLIENT_00821,87664306,110248857,FACTURACION CICLICA,AMDOCS,2026-06-01,2026-06-17,PEN,20.71,3.72,24.43,False,24.43,1,False,0.0,24.43,0.0,True,CONCILIADA_EXACTA,True
S9AA-0081980339,2037021331,CLIENT_00121,39706806,604368506,FACTURACION CICLICA,AMDOCS,2026-06-01,2026-06-17,PEN,22.48,4.05,26.53,False,26.53,1,False,0.0,26.53,0.0,True,CONCILIADA_EXACTA,True
S9AA-0082286431,2059135824,CLIENT_00447,822443901,92527847,FACTURACION CICLICA,AMDOCS,2026-06-01,2026-06-17,PEN,39.62,7.14,46.76,False,46.76,1,False,0.0,46.76,0.0,True,CONCILIADA_EXACTA,True
S9AA-0082264017,2068643068,CLIENT_00119,62955285,171652306,FACTURACION CICLICA,AMDOCS,2026-06-01,2026-06-17,PEN,81.21,14.62,95.83,False,95.83,1,False,0.0,95.83,0.0,True,CONCILIADA_EXACTA,True
S9AA-0081650469,2095609618,CLIENT_00060,65393285,295042306,FACTURACION CICLICA,AMDOCS,2026-06-01,2026-06-17,PEN,60.15,10.83,70.98,False,70.98,1,False,0.0,70.98,0.0,True,CONCILIADA_EXACTA,True
S9AA-0081957185,2052019028,CLIENT_00034,9551795,634586147,FACTURACION CICLICA,AMDOCS,2026-06-01,2026-06-17,PEN,142.25,25.61,167.86,False,167.86,1,False,0.0,167.86,0.0,True,CONCILIADA_EXACTA,True
S9AA-0081758630,2093804116,CLIENT_00577,76921016,323588147,FACTURACION CICLICA,AMDOCS,2026-06-01,2026-06-17,PEN,53.33,9.6,62.93,False,62.93,1,False,0.0,62.93,0.0,True,CONCILIADA_EXACTA,True
S9AA-0082087245,2056762434,CLIENT_00342,503427421,984532347,FACTURACION CICLICA,AMDOCS,2026-06-01,2026-06-17,PEN,47.4,8.53,55.93,False,55.93,1,False,0.0,55.93,0.0,True,CONCILIADA_EXACTA,True
S9AA-0081821689,2070061501,CLIENT_00344,472278021,583040067,FACTURACION CICLICA,AMDOCS,2026-06-01,2026-06-17,PEN,53.33,9.6,62.93,False,62.93,1,False,0.0,62.93,0.0,True,CONCILIADA_EXACTA,True
S9AA-0081936720,2098309864,CLIENT_00512,88463795,401447406,FACTURACION CICLICA,AMDOCS,2026-06-01,2026-06-17,PEN,50.96,9.17,60.13,False,60.13,1,False,0.0,60.13,0.0,True,CONCILIADA_EXACTA,True
S9AA-0081650419,2020587286,CLIENT_00074,65329185,175191306,FACTURACION CICLICA,AMDOCS,2026-06-01,2026-06-17,PEN,68.1,12.26,80.36,False,80.36,1,False,0.0,80.36,0.0,True,CONCILIADA_EXACTA,True
S9AA-0082486519,2006121666,CLIENT_00662,154096131,526723757,FACTURACION CICLICA,AMDOCS,2026-06-01,2026-06-17,PEN,53.33,9.6,62.93,False,62.93,1,False,0.0,62.93,0.0,True,CONCILIADA_EXACTA,True
S9AA-0081855831,2028858667,CLIENT_00821,87664306,100248857,FACTURACION CICLICA,AMDOCS,2026-06-01,2026-06-17,PEN,20.71,3.72,24.43,False,24.43,1,False,0.0,24.43,0.0,True,CONCILIADA_EXACTA,True
S9AA-0081858818,2010132504,CLIENT_00485,97971595,652425406,FACTURACION CICLICA,AMDOCS,2026-06-01,2026-06-17,PEN,101.8,18.32,120.12,False,120.12,1,False,0.0,120.12,0.0,True,CONCILIADA_EXACTA,True
S9AA-0081772568,2050348529,CLIENT_00770,96289595,106306406,FACTURACION CICLICA,AMDOCS,2026-06-01,2026-06-17,PEN,78.84,14.19,93.03,False,93.03,1,False,0.0,93.03,0.0,True,CONCILIADA_EXACTA,True
S9AA-0082330972,2020514932,CLIENT_00614,33041185,632327757,FACTURACION CICLICA,AMDOCS,2026-06-01,2026-06-17,PEN,88.56,15.95,104.51,False,104.51,1,False,0.0,104.51,0.0,True,CONCILIADA_EXACTA,True
S9AA-0082446591,2046058498,CLIENT_00633,64907795,715297406,FACTURACION CICLICA,AMDOCS,2026-06-01,2026-06-17,PEN,62.24,11.19,73.43,False,73.43,1,False,0.0,73.43,0.0,True,CONCILIADA_EXACTA,True
S9AA-0081686163,2098363854,CLIENT_00063,85883006,81430506,FACTURACION CICLICA,AMDOCS,2026-06-01,2026-06-17,PEN,101.68,18.31,119.98,False,119.98,1,False,0.0,119.98,0.0,True,CONCILIADA_EXACTA,True
S9AA-0081931055,2080448535,CLIENT_00965,784214511,997616837,FACTURACION CICLICA,AMDOCS,2026-06-01,2026-06-17,PEN,54.8,9.88,64.68,False,64.68,1,False,0.0,64.68,0.0,True,CONCILIADA_EXACTA,True
S9AA-0082074868,2081136919,CLIENT_00294,40815595,83465406,FACTURACION CICLICA,AMDOCS,2026-06-01,2026-06-17,PEN,106.01,19.08,125.09,False,125.09,1,False,0.0,125.09,0.0,True,CONCILIADA_EXACTA,True
S9AA-0082051698,2024177972,CLIENT_00132,147116,380284537,FACTURACION CICLICA,AMDOCS,2026-06-01,2026-06-17,PEN,65.2,11.73,76.93,False,76.93,1,False,0.0,76.93,0.0,True,CONCILIADA_EXACTA,True
S9AA-0081855834,2028858667,CLIENT_00821,87664306,340248857,FACTURACION CICLICA,AMDOCS,2026-06-01,2026-06-17,PEN,20.71,3.72,24.43,False,24.43,1,False,0.0,24.43,0.0,True,CONCILIADA_EXACTA,True
S9AA-0081855827,2028858667,CLIENT_00821,87664306,851638857,FACTURACION CICLICA,AMDOCS,2026-06-01,2026-06-17,PEN,20.71,3.72,24.43,False,24.43,1,False,0.0,24.43,0.0,True,CONCILIADA_EXACTA,True
S9AA-0082170178,2087955899,CLIENT_00308,51760006,693699406,FACTURACION CICLICA,AMDOCS,2026-06-01,2026-06-17,PEN,53.33,9.6,62.93,False,62.93,1,False,0.0,62.93,0.0,True,CONCILIADA_EXACTA,True
S9AA-0082450708,2082130032,CLIENT_00923,646582711,428008847,FACTURACION CICLICA,AMDOCS,2026-06-01,2026-06-17,PEN,106.72,19.21,125.93,False,125.93,1,False,0.0,125.93,0.0,True,CONCILIADA_EXACTA,True
S9AA-0081824535,2074628342,CLIENT_00213,57359006,139090506,FACTURACION CICLICA,AMDOCS,2026-06-01,2026-06-17,PEN,94.98,17.09,112.07,False,112.07,1,False,0.0,112.07,0.0,True,CONCILIADA_EXACTA,True
S9AA-0082420758,2005150947,CLIENT_00073,44741106,548521506,FACTURACION CICLICA,AMDOCS,2026-06-01,2026-06-17,PEN,50.31,9.05,59.36,False,59.36,2,False,0.0,59.36,0.0,True,CONCILIADA_EXACTA,True
S9AA-0081976746,2095488337,CLIENT_00876,299076331,524818757,FACTURACION CICLICA,AMDOCS,2026-06-01,2026-06-17,PEN,100.79,18.14,118.93,False,118.93,1,False,0.0,118.93,0.0,True,CONCILIADA_EXACTA,True
S9AA-0082209928,2047585517,CLIENT_00754,914343231,860755657,FACTURACION CICLICA,AMDOCS,2026-06-01,2026-06-17,PEN,41.47,7.46,48.93,False,48.93,1,False,0.0,48.93,0.0,True,CONCILIADA_EXACTA,True
S9AA-0081911240,2037021331,CLIENT_00121,58706806,283368506,FACTURACION CICLICA,AMDOCS,2026-06-01,2026-06-17,PEN,16.55,2.98,19.53,False,19.53,1,False,0.0,19.53,0.0,True,CONCILIADA_EXACTA,True
S9AA-0082429455,2021159453,CLIENT_00381,74034206,525942506,FACTURACION CICLICA,AMDOCS,2026-06-01,2026-06-17,PEN,32.39,5.83,38.22,False,38.22,1,False,0.0,38.22,0.0,True,CONCILIADA_EXACTA,True
S9AA-0082467101,2032243442,CLIENT_00656,944798511,464331147,FACTURACION CICLICA,AMDOCS,2026-06-01,2026-06-17,PEN,47.4,8.53,55.93,False,55.93,1,False,0.0,55.93,0.0,True,CONCILIADA_EXACTA,True
S9AA-0081887803,2042647818,CLIENT_00266,28064185,719519737,FACTURACION CICLICA,AMDOCS,2026-06-01,2026-06-17,PEN,21.35,3.85,25.2,False,25.2,1,False,0.0,25.2,0.0,True,CONCILIADA_EXACTA,True
S9AA-0081949131,2057311015,CLIENT_00341,982413211,1444547,FACTURACION CICLICA,AMDOCS,2026-06-01,2026-06-17,PEN,94.86,17.07,111.93,False,111.93,1,False,0.0,111.93,0.0,True,CONCILIADA_EXACTA,True
S9AA-0082329838,2039576863,CLIENT_00191,33969485,830969947,FACTURACION CICLICA,AMDOCS,2026-06-01,2026-06-17,PEN,14.0,2.52,16.52,False,16.52,1,False,0.0,16.52,0.0,True,CONCILIADA_EXACTA,True
S9AA-0081777861,2092536593,CLIENT_00425,964976321,925975657,FACTURACION CICLICA,AMDOCS,2026-06-01,2026-06-17,PEN,53.33,9.6,62.93,False,62.93,1,False,0.0,62.93,0.0,True,CONCILIADA_EXACTA,True
S9AA-0082239416,2050878096,CLIENT_00515,32297206,245192506,FACTURACION CICLICA,AMDOCS,2026-06-01,2026-06-17,PEN,48.29,8.69,56.98,False,56.98,1,False,0.0,56.98,0.0,True,CONCILIADA_EXACTA,True
S9AA-0082127312,2028712026,CLIENT_00204,1421516,462026606,FACTURACION CICLICA,AMDOCS,2026-06-01,2026-06-17,PEN,35.36,6.36,41.72,False,41.72,1,False,0.0,41.72,0.0,True,CONCILIADA_EXACTA,True
S9AA-0082031366,1002436750,CLIENT_00326,89053195,243341406,FACTURACION CICLICA,AMDOCS,2026-06-01,2026-06-17,PEN,96.34,17.34,113.68,False,113.68,1,False,0.0,113.68,0.0,True,CONCILIADA_EXACTA,True
S9AA-0082394955,2006444294,CLIENT_00359,14287306,344073506,FACTURACION CICLICA,AMDOCS,2026-06-01,2026-06-17,PEN,119.77,21.56,141.33,False,141.33,1,False,0.0,141.33,0.0,True,CONCILIADA_EXACTA,True
S9AA-0081824771,1003385935,CLIENT_00953,57782806,772628506,FACTURACION CICLICA,AMDOCS,2026-06-01,2026-06-17,PEN,179.1,32.24,211.33,False,211.33,1,False,0.0,211.33,0.0,True,CONCILIADA_EXACTA,True
S9AA-0081690044,2085992497,CLIENT_00065,85425595,356731747,FACTURACION CICLICA,AMDOCS,2026-06-01,2026-06-17,PEN,21.66,3.89,25.55,False,25.55,1,False,0.0,25.55,0.0,True,CONCILIADA_EXACTA,True
S9AA-0082360366,2021159453,CLIENT_00381,73724206,715942506,FACTURACION CICLICA,AMDOCS,2026-06-01,2026-06-17,PEN,65.25,11.75,77.0,False,77.0,2,False,0.0,77.0,0.0,True,CONCILIADA_EXACTA,True
S9AA-0082300144,2038929902,CLIENT_00682,3595906,158359506,FACTURACION CICLICA,AMDOCS,2026-06-01,2026-06-17,PEN,52.44,9.44,61.88,False,61.88,1,False,0.0,61.88,0.0,True,CONCILIADA_EXACTA,True
S9AA-0082229563,2006459799,CLIENT_00837,22696485,647974306,FACTURACION CICLICA,AMDOCS,2026-06-01,2026-06-17,PEN,62.23,11.2,73.43,False,73.43,1,False,0.0,73.43,0.0,True,CONCILIADA_EXACTA,True
S9AA-0082120828,2062894104,CLIENT_00158,90856906,155881537,FACTURACION CICLICA,AMDOCS,2026-06-01,2026-06-17,PEN,122.09,21.97,144.06,False,144.06,1,False,0.0,144.06,0.0,True,CONCILIADA_EXACTA,True
S9AA-0081828278,2002092029,CLIENT_00289,57537295,841052747,FACTURACION CICLICA,AMDOCS,2026-06-01,2026-06-17,PEN,88.92,16.01,104.93,False,104.93,1,False,0.0,104.93,0.0,True,CONCILIADA_EXACTA,True
S9AA-0082331196,2074129386,CLIENT_00882,33559616,745718857,FACTURACION CICLICA,AMDOCS,2026-06-01,2026-06-17,PEN,71.13,12.8,83.93,False,83.93,1,False,0.0,83.93,0.0,True,CONCILIADA_EXACTA,True
S9AA-0082448984,2013024222,CLIENT_00365,640401021,887482337,FACTURACION CICLICA,AMDOCS,2026-06-01,2026-06-17,PEN,91.66,16.49,108.15,False,108.15,1,False,0.0,108.15,0.0,True,CONCILIADA_EXACTA,True
S9AA-0082064211,2028712026,CLIENT_00204,107079531,105523167,FACTURACION CICLICA,AMDOCS,2026-06-01,2026-06-17,PEN,118.52,21.34,139.86,False,139.86,1,False,0.0,139.86,0.0,True,CONCILIADA_EXACTA,True
S9AA-0081913301,2096711703,CLIENT_00428,581765021,956134437,FACTURACION CICLICA,AMDOCS,2026-06-01,2026-06-17,PEN,20.71,3.72,24.43,False,24.43,1,False,0.0,24.43,0.0,True,CONCILIADA_EXACTA,True
S9AA-0082196200,2001047693,CLIENT_00315,81792506,232316506,FACTURACION CICLICA,AMDOCS,2026-06-01,2026-06-17,PEN,47.4,8.53,55.93,False,55.93,1,False,0.0,55.93,0.0,True,CONCILIADA_EXACTA,True
S9AA-0082147265,2013054362,CLIENT_00790,219773321,126536047,FACTURACION CICLICA,AMDOCS,2026-06-01,2026-06-17,PEN,45.91,8.27,54.18,False,54.18,1,False,0.0,54.18,0.0,True,CONCILIADA_EXACTA,True
S9AA-0081980014,2053805361,CLIENT_00167,39746895,419578406,FACTURACION CICLICA,AMDOCS,2026-06-01,2026-06-17,PEN,23.73,4.27,28.0,False,28.0,1,False,0.0,28.0,0.0,True,CONCILIADA_EXACTA,True
S9AA-0082429375,2098363854,CLIENT_00063,74454006,461430506,FACTURACION CICLICA,AMDOCS,2026-06-01,2026-06-17,PEN,94.86,17.07,111.93,False,111.93,1,False,0.0,111.93,0.0,True,CONCILIADA_EXACTA,True
S9AA-0081941143,2082647868,CLIENT_00292,88402006,619903057,FACTURACION CICLICA,AMDOCS,2026-06-01,2026-06-17,PEN,19.81,3.57,23.38,False,23.38,1,False,0.0,23.38,0.0,True,CONCILIADA_EXACTA,True
S9AA-0082275513,2014332657,CLIENT_00751,723647311,693599227,FACTURACION CICLICA,AMDOCS,2026-06-01,2026-06-17,PEN,88.92,16.01,104.93,False,104.93,1,False,0.0,104.93,0.0,True,CONCILIADA_EXACTA,True
S9AA-0081855829,2028858667,CLIENT_00821,87664306,379148857,FACTURACION CICLICA,AMDOCS,2026-06-01,2026-06-17,PEN,20.71,3.72,24.43,False,24.43,1,False,0.0,24.43,0.0,True,CONCILIADA_EXACTA,True
S9AA-0082273157,2015985357,CLIENT_00738,72783985,781749306,FACTURACION CICLICA,AMDOCS,2026-06-01,2026-06-17,PEN,16.62,2.98,19.6,False,19.6,1,False,0.0,19.6,0.0,True,CONCILIADA_EXACTA,True
S9AA-0081920040,2028712026,CLIENT_00204,68012516,272026606,FACTURACION CICLICA,AMDOCS,2026-06-01,2026-06-17,PEN,38.57,6.93,45.5,False,45.5,1,False,0.0,45.5,0.0,True,CONCILIADA_EXACTA,True
S9AA-0081925641,2040445117,CLIENT_00255,683942421,292608067,FACTURACION CICLICA,AMDOCS,2026-06-01,2026-06-17,PEN,55.99,10.09,66.08,False,66.08,1,False,0.0,66.08,0.0,True,CONCILIADA_EXACTA,True
S9AA-0082399302,2006563540,CLIENT_00639,14684316,392571257,FACTURACION CICLICA,AMDOCS,2026-06-01,2026-06-17,PEN,41.47,7.46,48.93,False,48.93,1,False,0.0,48.93,0.0,True,CONCILIADA_EXACTA,True
S9AA-0082406481,2045546222,CLIENT_00594,241572321,215104047,FACTURACION CICLICA,AMDOCS,2026-06-01,2026-06-17,PEN,80.62,14.51,95.13,False,95.13,1,False,0.0,95.13,0.0,True,CONCILIADA_EXACTA,True
S9AA-0082486295,2006121666,CLIENT_00662,154096131,359489557,FACTURACION CICLICA,AMDOCS,2026-06-01,2026-06-17,PEN,53.33,9.6,62.93,False,62.93,1,False,0.0,62.93,0.0,True,CONCILIADA_EXACTA,True
S9AA-0082398847,2030936191,CLIENT_00715,149263621,477134947,FACTURACION CICLICA,AMDOCS,2026-06-01,2026-06-17,PEN,65.2,11.73,76.93,False,76.93,1,False,0.0,76.93,0.0,True,CONCILIADA_EXACTA,True
S9AA-0081819089,2023761450,CLIENT_00148,472623421,166045247,FACTURACION CICLICA,AMDOCS,2026-06-01,2026-06-17,PEN,41.47,7.46,48.93,False,48.93,1,False,0.0,48.93,0.0,True,CONCILIADA_EXACTA,True
S9AA-0082449776,2026807327,CLIENT_00677,64288416,144113047,FACTURACION CICLICA,AMDOCS,2026-06-01,2026-06-17,PEN,74.69,13.44,88.13,False,88.13,1,False,0.0,88.13,0.0,True,CONCILIADA_EXACTA,True
S9AA-0082391410,2028712026,CLIENT_00204,44705331,956325757,FACTURACION CICLICA,AMDOCS,2026-06-01,2026-06-17,PEN,142.32,25.61,167.93,False,167.93,1,False,0.0,167.93,0.0,True,CONCILIADA_EXACTA,True
S9AA-0081864030,2045106571,CLIENT_00547,97428616,132533657,FACTURACION CICLICA,AMDOCS,2026-06-01,2026-06-17,PEN,97.76,17.6,115.36,False,115.36,1,False,0.0,115.36,0.0,True,CONCILIADA_EXACTA,True
S9AA-0082135816,2093660214,CLIENT_00375,11905906,711949506,FACTURACION CICLICA,AMDOCS,2026-06-01,2026-06-17,PEN,93.08,16.75,109.83,False,109.83,1,False,0.0,109.83,0.0,True,CONCILIADA_EXACTA,True
S9AA-0082398481,2071170607,CLIENT_00207,14288385,367995647,FACTURACION CICLICA,AMDOCS,2026-06-01,2026-06-17,PEN,120.96,21.77,142.73,False,142.73,1,False,0.0,142.73,0.0,True,CONCILIADA_EXACTA,True
S1AA-0052206530,2097068950,CLIENT_00228,7000575,297680803,FACTURACION CICLICA,AMDOCS,2026-06-05,2026-06-21,PEN,14.83,2.67,17.5,False,17.5,1,False,0.0,17.5,0.0,True,CONCILIADA_EXACTA,True
S9AA-0082455166,2032184225,CLIENT_00719,84851895,753638406,FACTURACION CICLICA,AMDOCS,2026-06-01,2026-06-17,PEN,128.73,23.17,151.9,False,151.9,1,False,0.0,151.9,0.0,True,CONCILIADA_EXACTA,True
S9AA-0082088003,2045850656,CLIENT_00652,50693706,837264947,FACTURACION CICLICA,AMDOCS,2026-06-01,2026-06-17,PEN,118.59,21.34,139.93,False,139.93,1,False,0.0,139.93,0.0,True,CONCILIADA_EXACTA,True
S9AA-0081889220,2036631349,CLIENT_00307,289009821,958134057,FACTURACION CICLICA,AMDOCS,2026-06-01,2026-06-17,PEN,77.06,13.87,90.93,False,90.93,1,False,0.0,90.93,0.0,True,CONCILIADA_EXACTA,True
S9AA-0082282944,2093305474,CLIENT_00330,82736316,703553606,FACTURACION CICLICA,AMDOCS,2026-06-01,2026-06-17,PEN,249.15,44.85,294.0,False,294.0,1,False,0.0,294.0,0.0,True,CONCILIADA_EXACTA,True
S9AA-0082360671,2014616173,CLIENT_00793,73449016,683211606,FACTURACION CICLICA,AMDOCS,2026-06-01,2026-06-17,PEN,50.13,9.02,59.15,False,59.15,1,False,0.0,59.15,0.0,True,CONCILIADA_EXACTA,True
S9AA-0082201368,2063960356,CLIENT_00283,81629595,405689757,FACTURACION CICLICA,AMDOCS,2026-06-01,2026-06-17,PEN,100.79,18.14,118.93,False,118.93,1,False,0.0,118.93,0.0,True,CONCILIADA_EXACTA,True
S9AA-0082092318,2078606158,CLIENT_00640,60803995,756729406,FACTURACION CICLICA,AMDOCS,2026-06-01,2026-06-17,PEN,129.33,23.28,152.6,False,152.6,1,False,0.0,152.6,0.0,True,CONCILIADA_EXACTA,True
S9AA-0081893948,1042862786,CLIENT_00787,38392116,173211606,FACTURACION CICLICA,AMDOCS,2026-06-01,2026-06-17,PEN,132.83,23.91,156.73,False,156.73,1,False,0.0,156.73,0.0,True,CONCILIADA_EXACTA,True
S9AA-0082150092,2013054362,CLIENT_00790,219773321,181410067,FACTURACION CICLICA,AMDOCS,2026-06-01,2026-06-17,PEN,67.93,12.22,80.15,False,80.15,1,False,0.0,80.15,0.0,True,CONCILIADA_EXACTA,True
S9AA-0082320372,2057929173,CLIENT_00899,232251311,919916247,FACTURACION CICLICA,AMDOCS,2026-06-01,2026-06-17,PEN,34.58,6.23,40.81,False,40.81,1,False,0.0,40.81,0.0,True,CONCILIADA_EXACTA,True
S9AA-0082078680,2024168687,CLIENT_00698,40347606,568656547,FACTURACION CICLICA,AMDOCS,2026-06-01,2026-06-17,PEN,100.79,18.14,118.93,False,118.93,1,False,0.0,118.93,0.0,True,CONCILIADA_EXACTA,True
S9AA-0081798933,2077915427,CLIENT_00955,27159116,814412606,FACTURACION CICLICA,AMDOCS,2026-06-01,2026-06-17,PEN,41.47,7.46,48.93,False,48.93,1,False,0.0,48.93,0.0,True,CONCILIADA_EXACTA,True
S9AA-0081704003,2044791755,CLIENT_00554,16502516,980105606,FACTURACION CICLICA,AMDOCS,2026-06-01,2026-06-17,PEN,38.27,6.88,45.15,False,45.15,1,False,0.0,45.15,0.0,True,CONCILIADA_EXACTA,True
S9AA-0081994630,2071395567,CLIENT_00118,491813321,469627067,FACTURACION CICLICA,AMDOCS,2026-06-01,2026-06-17,PEN,65.19,11.74,76.93,False,76.93,1,False,0.0,76.93,0.0,True,CONCILIADA_EXACTA,True
S9AA-0081720881,2070083854,CLIENT_00585,36732306,972913506,FACTURACION CICLICA,AMDOCS,2026-06-01,2026-06-17,PEN,235.33,42.36,277.69,False,277.69,1,False,0.0,277.69,0.0,True,CONCILIADA_EXACTA,True
S9AA-0081728608,2011722087,CLIENT_00088,46817685,210386306,FACTURACION CICLICA,AMDOCS,2026-06-01,2026-06-17,PEN,64.01,11.52,75.53,False,75.53,1,False,0.0,75.53,0.0,True,CONCILIADA_EXACTA,True
S1AA-0051900395,2035835869,CLIENT_00900,62273575,524273443,FACTURACION CICLICA,AMDOCS,2026-06-05,2026-06-21,PEN,27.23,4.9,32.13,False,32.13,1,False,0.0,32.13,0.0,True,CONCILIADA_EXACTA,True
S1AA-0051921360,1038544262,CLIENT_00966,3801575,293330473,FACTURACION CICLICA,AMDOCS,2026-06-05,2026-06-21,PEN,14.76,2.67,17.43,False,17.43,1,False,0.0,17.43,0.0,True,CONCILIADA_EXACTA,True
S1AA-0052158546,2019373121,CLIENT_00747,36672575,569729501,FACTURACION CICLICA,AMDOCS,2026-06-05,2026-06-21,PEN,36.41,6.57,42.98,False,42.98,1,False,0.0,42.98,0.0,True,CONCILIADA_EXACTA,True
S1AA-0051757655,2024687919,CLIENT_00136,40231575,67293063,FACTURACION CICLICA,AMDOCS,2026-06-05,2026-06-21,PEN,14.76,2.67,17.43,False,17.43,1,False,0.0,17.43,0.0,True,CONCILIADA_EXACTA,True
S9AA-0082018495,2095839381,CLIENT_00231,201758411,797234747,FACTURACION CICLICA,AMDOCS,2026-06-01,2026-06-17,PEN,71.13,12.8,83.93,False,83.93,1,False,0.0,83.93,0.0,True,CONCILIADA_EXACTA,True
S9AA-0081957186,2052019028,CLIENT_00034,9551795,934586147,FACTURACION CICLICA,AMDOCS,2026-06-01,2026-06-17,PEN,128.08,23.05,151.13,False,151.13,1,False,0.0,151.13,0.0,True,CONCILIADA_EXACTA,True
S1AA-0051900050,2060200980,CLIENT_00350,62740575,730307413,FACTURACION CICLICA,AMDOCS,2026-06-05,2026-06-21,PEN,59.26,10.67,69.93,False,69.93,1,False,0.0,69.93,0.0,True,CONCILIADA_EXACTA,True
S1AA-0052226577,2081571842,CLIENT_00996,37920575,206538401,FACTURACION CICLICA,AMDOCS,2026-06-05,2026-06-21,PEN,32.56,5.87,38.43,False,38.43,1,False,0.0,38.43,0.0,True,CONCILIADA_EXACTA,True
S1AA-0052167319,2093365484,CLIENT_00200,46430575,316714617,FACTURACION CICLICA,AMDOCS,2026-06-05,2026-06-21,PEN,49.18,8.86,58.03,False,58.03,1,False,0.0,58.03,0.0,True,CONCILIADA_EXACTA,True
S1AA-0051920227,2050440165,CLIENT_00596,3677575,488331601,FACTURACION CICLICA,AMDOCS,2026-06-05,2026-06-21,PEN,19.88,3.57,23.45,False,23.45,1,False,0.0,23.45,0.0,True,CONCILIADA_EXACTA,True
S1AA-0052165391,2007950781,CLIENT_00069,46400575,648536703,FACTURACION CICLICA,AMDOCS,2026-06-05,2026-06-21,PEN,18.62,3.36,21.98,False,21.98,1,False,0.0,21.98,0.0,True,CONCILIADA_EXACTA,True
S1AA-0052120108,2077617839,CLIENT_00036,75015575,146223937,FACTURACION CICLICA,AMDOCS,2026-06-05,2026-06-21,PEN,74.69,13.44,88.13,False,88.13,1,False,0.0,88.13,0.0,True,CONCILIADA_EXACTA,True
S9AA-0082241592,2013641602,CLIENT_00728,324491021,351964337,FACTURACION CICLICA,AMDOCS,2026-06-01,2026-06-17,PEN,84.6,15.23,99.82,False,99.82,1,False,0.0,99.82,0.0,True,CONCILIADA_EXACTA,True
S1AA-0051968280,2066331018,CLIENT_00601,73991575,475838023,FACTURACION CICLICA,AMDOCS,2026-06-05,2026-06-21,PEN,71.13,12.8,83.93,False,83.93,1,False,0.0,83.93,0.0,True,CONCILIADA_EXACTA,True
S1AA-0051920348,1038544262,CLIENT_00966,3801575,777024503,FACTURACION CICLICA,AMDOCS,2026-06-05,2026-06-21,PEN,38.49,6.94,45.43,False,45.43,1,False,0.0,45.43,0.0,True,CONCILIADA_EXACTA,True
S1AA-0051827104,2060375617,CLIENT_00383,216638511,302025827,FACTURACION CICLICA,AMDOCS,2026-06-05,2026-06-21,PEN,28.95,5.21,34.16,False,34.16,1,False,0.0,34.16,0.0,True,CONCILIADA_EXACTA,True
S1AA-0051934418,2086906355,CLIENT_00933,23560575,143172533,FACTURACION CICLICA,AMDOCS,2026-06-05,2026-06-21,PEN,32.98,5.94,38.92,False,38.92,1,False,0.0,38.92,0.0,True,CONCILIADA_EXACTA,True
S1AA-0052172132,2005799938,CLIENT_00146,56862575,382951601,FACTURACION CICLICA,AMDOCS,2026-06-05,2026-06-21,PEN,5.94,1.06,7.0,False,7.0,1,False,0.0,7.0,0.0,True,CONCILIADA_EXACTA,True
S1AA-0052349809,2082156443,CLIENT_00237,9763575,528665443,FACTURACION CICLICA,AMDOCS,2026-06-05,2026-06-21,PEN,20.35,3.66,24.01,False,24.01,1,False,0.0,24.01,0.0,True,CONCILIADA_EXACTA,True
S1AA-0052003400,2067006652,CLIENT_00878,24445575,719310593,FACTURACION CICLICA,AMDOCS,2026-06-05,2026-06-21,PEN,59.86,10.77,70.63,False,70.63,1,False,0.0,70.63,0.0,True,CONCILIADA_EXACTA,True
S1AA-0052335961,2027441094,CLIENT_00355,88103575,424078533,FACTURACION CICLICA,AMDOCS,2026-06-05,2026-06-21,PEN,27.83,5.0,32.83,False,32.83,1,False,0.0,32.83,0.0,True,CONCILIADA_EXACTA,True
S1AA-0051777155,2098363854,CLIENT_00063,80290575,421513101,FACTURACION CICLICA,AMDOCS,2026-06-05,2026-06-21,PEN,2375.49,427.59,2803.08,False,2803.08,1,False,0.0,2803.08,0.0,True,CONCILIADA_EXACTA,True
S1AA-0052018158,2096933668,CLIENT_00492,449021321,465480047,FACTURACION CICLICA,AMDOCS,2026-06-05,2026-06-21,PEN,20.47,3.68,24.15,False,24.15,1,False,0.0,24.15,0.0,True,CONCILIADA_EXACTA,True
S1AA-0052124577,2076939161,CLIENT_00387,95100575,148103303,FACTURACION CICLICA,AMDOCS,2026-06-05,2026-06-21,PEN,64.96,11.69,76.65,False,76.65,1,False,0.0,76.65,0.0,True,CONCILIADA_EXACTA,True
S9AA-0082055162,2045546222,CLIENT_00594,573795,897514067,FACTURACION CICLICA,AMDOCS,2026-06-01,2026-06-17,PEN,88.92,16.01,104.93,False,104.93,1,False,0.0,104.93,0.0,True,CONCILIADA_EXACTA,True
S1AA-0051927754,2090103192,CLIENT_00254,13083575,742969543,FACTURACION CICLICA,AMDOCS,2026-06-05,2026-06-21,PEN,17.74,3.19,20.93,False,20.93,1,False,0.0,20.93,0.0,True,CONCILIADA_EXACTA,True
S1AA-0051757652,2024687919,CLIENT_00136,40231575,471023063,FACTURACION CICLICA,AMDOCS,2026-06-05,2026-06-21,PEN,13.87,2.51,16.38,False,16.38,1,False,0.0,16.38,0.0,True,CONCILIADA_EXACTA,True
S1AA-0051699251,2003418714,CLIENT_00435,498701821,148491947,FACTURACION CICLICA,AMDOCS,2026-06-05,2026-06-21,PEN,6423.72,1156.02,7579.74,False,7579.74,2,False,0.0,7579.74,0.0,True,CONCILIADA_EXACTA,True
S1AA-0051716798,2044479748,CLIENT_00957,79692575,647072453,FACTURACION CICLICA,AMDOCS,2026-06-05,2026-06-21,PEN,17.79,3.21,21.0,False,21.0,1,False,0.0,21.0,0.0,True,CONCILIADA_EXACTA,True
S1AA-0051818125,2033511601,CLIENT_00117,11430575,385030103,FACTURACION CICLICA,AMDOCS,2026-06-05,2026-06-21,PEN,64.96,11.69,76.65,False,76.65,1,False,0.0,76.65,0.0,True,CONCILIADA_EXACTA,True
S1AA-0051777288,2013237934,CLIENT_00303,80790575,138430103,FACTURACION CICLICA,AMDOCS,2026-06-05,2026-06-21,PEN,24.56,4.42,28.98,False,28.98,1,False,0.0,28.98,0.0,True,CONCILIADA_EXACTA,True
S8AA-0008099721,2084347031,CLIENT_00887,435846421,343721347,FACTURACION CICLICA,AMDOCS,2026-06-27,2026-07-13,PEN,237.23,42.7,279.93,False,279.93,1,False,0.0,279.93,0.0,True,CONCILIADA_EXACTA,True
S1AA-0052008913,2086602695,CLIENT_00868,34761575,411551803,FACTURACION CICLICA,AMDOCS,2026-06-05,2026-06-21,PEN,184.18,12.8,196.98,False,196.98000000000002,2,False,0.0,196.98,2.842170943040401e-14,True,CONCILIADA_EXACTA,True
S1AA-0052009640,2052009555,CLIENT_00491,34863575,160706563,FACTURACION CICLICA,AMDOCS,2026-06-05,2026-06-21,PEN,59.26,10.67,69.93,False,69.93,1,False,0.0,69.93,0.0,True,CONCILIADA_EXACTA,True
S1AA-0052315180,2051224691,CLIENT_00014,58660575,620373103,FACTURACION CICLICA,AMDOCS,2026-06-05,2026-06-21,PEN,29.01,5.22,34.23,False,34.23,1,False,0.0,34.23,0.0,True,CONCILIADA_EXACTA,True
S1AA-0051893072,2060200980,CLIENT_00350,62740575,340233203,FACTURACION CICLICA,AMDOCS,2026-06-05,2026-06-21,PEN,31.38,5.65,37.03,False,37.03,1,False,0.0,37.03,0.0,True,CONCILIADA_EXACTA,True
S1AA-0051675348,2001605530,CLIENT_00869,19017575,526082503,FACTURACION CICLICA,AMDOCS,2026-06-05,2026-06-21,PEN,21.77,3.92,25.69,False,25.69,1,False,0.0,25.69,0.0,True,CONCILIADA_EXACTA,True
S1AA-0052050548,2095370945,CLIENT_00679,74084575,745279363,FACTURACION CICLICA,AMDOCS,2026-06-05,2026-06-21,PEN,13.22,2.39,15.61,False,15.61,1,False,0.0,15.61,0.0,True,CONCILIADA_EXACTA,True
S1AA-0052035860,2024687919,CLIENT_00136,40231575,891085101,FACTURACION CICLICA,AMDOCS,2026-06-05,2026-06-21,PEN,87.85,15.82,103.67,False,103.67,1,False,0.0,103.67,0.0,True,CONCILIADA_EXACTA,True
S1AA-0052167846,2050504401,CLIENT_00673,462851321,152941047,FACTURACION CICLICA,AMDOCS,2026-06-05,2026-06-21,PEN,18.92,3.41,22.33,False,22.33,1,False,0.0,22.33,0.0,True,CONCILIADA_EXACTA,True
S9AA-0081842011,2042422772,CLIENT_00369,77627706,621187506,FACTURACION CICLICA,AMDOCS,2026-06-01,2026-06-17,PEN,16.44,2.95,19.39,False,19.39,1,False,0.0,19.39,0.0,True,CONCILIADA_EXACTA,True
S9AA-0082436857,2073533879,CLIENT_00382,54366285,843962306,FACTURACION CICLICA,AMDOCS,2026-06-01,2026-06-17,PEN,50.37,9.07,59.43,False,59.43,1,False,0.0,59.43,0.0,True,CONCILIADA_EXACTA,True
S1AA-0051744602,2081042486,CLIENT_00385,10560575,747353583,FACTURACION CICLICA,AMDOCS,2026-06-05,2026-06-21,PEN,71.13,12.8,83.93,False,83.93,1,False,0.0,83.93,0.0,True,CONCILIADA_EXACTA,True
S1AA-0051815298,2086851615,CLIENT_00905,70647575,621764157,FACTURACION CICLICA,AMDOCS,2026-06-05,2026-06-21,PEN,17.79,3.21,21.0,False,21.0,1,False,0.0,21.0,0.0,True,CONCILIADA_EXACTA,True
S1AA-0052138182,2019210260,CLIENT_00852,6932575,927387803,FACTURACION CICLICA,AMDOCS,2026-06-05,2026-06-21,PEN,46.21,8.32,54.53,False,54.53,1,False,0.0,54.53,0.0,True,CONCILIADA_EXACTA,True
S9AA-0082063485,2006477444,CLIENT_00815,10405516,624523957,FACTURACION CICLICA,AMDOCS,2026-06-01,2026-06-17,PEN,12.39,2.24,14.63,False,14.63,1,False,0.0,14.63,0.0,True,CONCILIADA_EXACTA,True
S1AA-0052097363,2099316748,CLIENT_00768,55121575,623481403,FACTURACION CICLICA,AMDOCS,2026-06-05,2026-06-21,PEN,131.53,11.2,142.73,False,142.73000000000002,2,False,0.0,142.73,2.842170943040401e-14,True,CONCILIADA_EXACTA,True
S9AA-0081791815,2088342501,CLIENT_00581,171923611,616390727,FACTURACION CICLICA,AMDOCS,2026-06-01,2026-06-17,PEN,46.14,8.32,54.46,False,54.46,1,False,0.0,54.46,0.0,True,CONCILIADA_EXACTA,True
S1AA-0052217759,2005224522,CLIENT_00746,176314621,760595657,FACTURACION CICLICA,AMDOCS,2026-06-05,2026-06-21,PEN,112.65,20.28,132.93,False,132.93,1,False,0.0,132.93,0.0,True,CONCILIADA_EXACTA,True
S1AA-0052349292,2062666590,CLIENT_00169,19101575,854447403,FACTURACION CICLICA,AMDOCS,2026-06-05,2026-06-21,PEN,30.25,5.45,35.7,False,35.7,1,False,0.0,35.7,0.0,True,CONCILIADA_EXACTA,True
S1AA-0051893027,2060200980,CLIENT_00350,62740575,337301103,FACTURACION CICLICA,AMDOCS,2026-06-05,2026-06-21,PEN,31.38,5.65,37.03,False,37.03,1,False,0.0,37.03,0.0,True,CONCILIADA_EXACTA,True
S1AA-0052281282,2045175160,CLIENT_00740,8960575,38324703,FACTURACION CICLICA,AMDOCS,2026-06-05,2026-06-21,PEN,166.4,29.95,196.35,False,196.35,1,False,0.0,196.35,0.0,True,CONCILIADA_EXACTA,True
S1AA-0052322659,2005896521,CLIENT_00455,68763575,417909643,FACTURACION CICLICA,AMDOCS,2026-06-05,2026-06-21,PEN,25.8,4.65,30.45,False,30.45,1,False,0.0,30.45,0.0,True,CONCILIADA_EXACTA,True
S1AA-0052203626,2019351028,CLIENT_00937,96637575,811632357,FACTURACION CICLICA,AMDOCS,2026-06-05,2026-06-21,PEN,8.9,1.6,10.5,False,10.5,1,False,0.0,10.5,0.0,True,CONCILIADA_EXACTA,True
S9AA-0082315873,2080300027,CLIENT_00295,23092285,887922306,FACTURACION CICLICA,AMDOCS,2026-06-01,2026-06-17,PEN,70.11,12.63,82.74,False,82.74,1,False,0.0,82.74,0.0,True,CONCILIADA_EXACTA,True
S1AA-0051764282,2084074807,CLIENT_00310,50984575,898430143,FACTURACION CICLICA,AMDOCS,2026-06-05,2026-06-21,PEN,39.69,7.14,46.83,False,46.83,1,False,0.0,46.83,0.0,True,CONCILIADA_EXACTA,True
S1AA-0051845375,2016142658,CLIENT_00521,71440575,539301103,FACTURACION CICLICA,AMDOCS,2026-06-05,2026-06-21,PEN,10.32,1.86,12.18,False,12.18,1,False,0.0,12.18,0.0,True,CONCILIADA_EXACTA,True
S1AA-0051960037,2064808256,CLIENT_00329,535599421,96285957,FACTURACION CICLICA,AMDOCS,2026-06-05,2026-06-21,PEN,88.92,16.01,104.93,False,104.93,1,False,0.0,104.93,0.0,True,CONCILIADA_EXACTA,True
S1AA-0052294981,2039137544,CLIENT_00939,28944575,696381503,FACTURACION CICLICA,AMDOCS,2026-06-05,2026-06-21,PEN,46.21,8.32,54.53,False,54.53,1,False,0.0,54.53,0.0,True,CONCILIADA_EXACTA,True
S1AA-0051797734,2028216422,CLIENT_00862,31060575,878161103,FACTURACION CICLICA,AMDOCS,2026-06-05,2026-06-21,PEN,62.52,11.26,73.78,False,73.78,1,False,0.0,73.78,0.0,True,CONCILIADA_EXACTA,True
S9AA-0082147831,2076630547,CLIENT_00041,212224621,594972647,FACTURACION CICLICA,AMDOCS,2026-06-01,2026-06-17,PEN,58.08,10.45,68.53,False,68.53,1,False,0.0,68.53,0.0,True,CONCILIADA_EXACTA,True
S1AA-0052043112,2071656712,CLIENT_00163,22415575,22430803,FACTURACION CICLICA,AMDOCS,2026-06-05,2026-06-21,PEN,62.29,11.21,73.5,False,73.5,1,False,0.0,73.5,0.0,True,CONCILIADA_EXACTA,True
S1AA-0052125467,2012453412,CLIENT_00293,85194575,733092663,FACTURACION CICLICA,AMDOCS,2026-06-05,2026-06-21,PEN,27.76,5.0,32.76,False,32.76,1,False,0.0,32.76,0.0,True,CONCILIADA_EXACTA,True
S1AA-0051900055,2060200980,CLIENT_00350,62740575,74307413,FACTURACION CICLICA,AMDOCS,2026-06-05,2026-06-21,PEN,31.38,5.65,37.03,False,37.03,1,False,0.0,37.03,0.0,True,CONCILIADA_EXACTA,True
S1AA-0052322748,2005896521,CLIENT_00455,68763575,444338253,FACTURACION CICLICA,AMDOCS,2026-06-05,2026-06-21,PEN,48.94,8.81,57.75,False,57.75,1,False,0.0,57.75,0.0,True,CONCILIADA_EXACTA,True
S1AA-0052229501,2061607083,CLIENT_00007,375143221,481218347,FACTURACION CICLICA,AMDOCS,2026-06-05,2026-06-21,PEN,64.01,11.52,75.53,False,75.53,1,False,0.0,75.53,0.0,True,CONCILIADA_EXACTA,True
S1AA-0052008914,2086602695,CLIENT_00868,34761575,612551803,FACTURACION CICLICA,AMDOCS,2026-06-05,2026-06-21,PEN,46.21,8.32,54.53,False,54.53,1,False,0.0,54.53,0.0,True,CONCILIADA_EXACTA,True
S1AA-0051927381,2026613493,CLIENT_00916,13004575,815730513,FACTURACION CICLICA,AMDOCS,2026-06-05,2026-06-21,PEN,43.54,7.84,51.38,False,51.38,1,False,0.0,51.38,0.0,True,CONCILIADA_EXACTA,True
S1AA-0051920225,2050440165,CLIENT_00596,3677575,188331601,FACTURACION CICLICA,AMDOCS,2026-06-05,2026-06-21,PEN,19.88,3.57,23.45,False,23.45,1,False,0.0,23.45,0.0,True,CONCILIADA_EXACTA,True
S1AA-0051900052,2060200980,CLIENT_00350,62740575,270307413,FACTURACION CICLICA,AMDOCS,2026-06-05,2026-06-21,PEN,31.38,5.65,37.03,False,37.03,1,False,0.0,37.03,0.0,True,CONCILIADA_EXACTA,True
S9AA-0082227497,2016739447,CLIENT_00734,124841421,802679857,FACTURACION CICLICA,AMDOCS,2026-06-01,2026-06-17,PEN,53.33,9.6,62.93,False,62.93,1,False,0.0,62.93,0.0,True,CONCILIADA_EXACTA,True
S1AA-0051900914,2060200980,CLIENT_00350,62740575,316839573,FACTURACION CICLICA,AMDOCS,2026-06-05,2026-06-21,PEN,31.38,5.65,37.03,False,37.03,1,False,0.0,37.03,0.0,True,CONCILIADA_EXACTA,True
S1AA-0052212871,2054871546,CLIENT_00685,27574575,591972101,FACTURACION CICLICA,AMDOCS,2026-06-05,2026-06-21,PEN,36.95,6.66,43.61,False,43.61,1,False,0.0,43.61,0.0,True,CONCILIADA_EXACTA,True
S1AA-0052008742,2040817262,CLIENT_00984,34230575,216020103,FACTURACION CICLICA,AMDOCS,2026-06-05,2026-06-21,PEN,22.18,4.0,26.18,False,26.18,1,False,0.0,26.18,0.0,True,CONCILIADA_EXACTA,True
S1AA-0051702423,2044862591,CLIENT_00895,69942575,144731601,FACTURACION CICLICA,AMDOCS,2026-06-05,2026-06-21,PEN,16.84,3.04,19.88,False,19.88,1,False,0.0,19.88,0.0,True,CONCILIADA_EXACTA,True
S1AA-0052246930,2016855055,CLIENT_00971,67050575,184510003,FACTURACION CICLICA,AMDOCS,2026-06-05,2026-06-21,PEN,15.72,2.84,18.55,False,18.55,1,False,0.0,18.55,0.0,True,CONCILIADA_EXACTA,True
S1AA-0052076833,2061123522,CLIENT_00748,15196575,52401501,FACTURACION CICLICA,AMDOCS,2026-06-05,2026-06-21,PEN,44.2,7.95,52.15,False,52.15,1,False,0.0,52.15,0.0,True,CONCILIADA_EXACTA,True
S9AA-0082078987,2021705119,CLIENT_00201,40852285,165790847,FACTURACION CICLICA,AMDOCS,2026-06-01,2026-06-17,PEN,65.2,11.73,76.93,False,76.93,1,False,0.0,76.93,0.0,True,CONCILIADA_EXACTA,True
S9AA-0082449389,2006121666,CLIENT_00662,645070911,869999637,FACTURACION CICLICA,AMDOCS,2026-06-01,2026-06-17,PEN,183.9,33.1,217.0,False,217.0,1,False,0.0,217.0,0.0,True,CONCILIADA_EXACTA,True
S1AA-0052226690,2013870601,CLIENT_00098,37026575,484984303,FACTURACION CICLICA,AMDOCS,2026-06-05,2026-06-21,PEN,74.45,13.4,87.85,False,87.85,1,False,0.0,87.85,0.0,True,CONCILIADA_EXACTA,True
S1AA-0051868974,2031711814,CLIENT_00408,26702221,599576547,FACTURACION CICLICA,AMDOCS,2026-06-05,2026-06-21,PEN,62.23,11.2,73.43,False,73.43,1,False,0.0,73.43,0.0,True,CONCILIADA_EXACTA,True
S1AA-0051702424,2044862591,CLIENT_00895,69942575,244731601,FACTURACION CICLICA,AMDOCS,2026-06-05,2026-06-21,PEN,23.07,4.16,27.23,False,27.23,1,False,0.0,27.23,0.0,True,CONCILIADA_EXACTA,True
S1AA-0052197516,2056921911,CLIENT_00644,864899231,258803757,FACTURACION CICLICA,AMDOCS,2026-06-05,2026-06-21,PEN,41.47,7.46,48.93,False,48.93,1,False,0.0,48.93,0.0,True,CONCILIADA_EXACTA,True
S1AA-0051930790,2042647818,CLIENT_00266,132847821,845381057,FACTURACION CICLICA,AMDOCS,2026-06-05,2026-06-21,PEN,19.88,3.57,23.45,False,23.45,1,False,0.0,23.45,0.0,True,CONCILIADA_EXACTA,True
S1AA-0051675347,2001605530,CLIENT_00869,19017575,875082503,FACTURACION CICLICA,AMDOCS,2026-06-05,2026-06-21,PEN,21.77,3.92,25.69,False,25.69,1,False,0.0,25.69,0.0,True,CONCILIADA_EXACTA,True
S9AA-0082449722,2015048988,CLIENT_00520,64524695,363979937,FACTURACION CICLICA,AMDOCS,2026-06-01,2026-06-17,PEN,118.52,21.34,139.86,False,139.86,1,False,0.0,139.86,0.0,True,CONCILIADA_EXACTA,True
S9AA-0081875200,2084384500,CLIENT_00932,18794285,22252306,FACTURACION CICLICA,AMDOCS,2026-06-01,2026-06-17,PEN,60.15,10.83,70.98,False,70.98,1,False,0.0,70.98,0.0,True,CONCILIADA_EXACTA,True
S1AA-0051702421,2044862591,CLIENT_00895,69942575,934731601,FACTURACION CICLICA,AMDOCS,2026-06-05,2026-06-21,PEN,16.84,3.04,19.88,False,19.88,1,False,0.0,19.88,0.0,True,CONCILIADA_EXACTA,True
S1AA-0051757653,2024687919,CLIENT_00136,40231575,901193063,FACTURACION CICLICA,AMDOCS,2026-06-05,2026-06-21,PEN,13.87,2.51,16.38,False,16.38,1,False,0.0,16.38,0.0,True,CONCILIADA_EXACTA,True
S1AA-0051946577,2035559917,CLIENT_00985,33245575,563885067,FACTURACION CICLICA,AMDOCS,2026-06-05,2026-06-21,PEN,53.33,9.6,62.93,False,62.93,1,False,0.0,62.93,0.0,True,CONCILIADA_EXACTA,True
S1AA-0051717197,2030767470,CLIENT_00784,79916575,769740973,FACTURACION CICLICA,AMDOCS,2026-06-05,2026-06-21,PEN,13.22,2.39,15.61,False,15.61,1,False,0.0,15.61,0.0,True,CONCILIADA_EXACTA,True
S9AA-0081942420,2049666577,CLIENT_00077,88238406,285908857,FACTURACION CICLICA,AMDOCS,2026-06-01,2026-06-17,PEN,53.33,9.6,62.93,False,62.93,1,False,0.0,62.93,0.0,True,CONCILIADA_EXACTA,True
S1AA-0052226783,2004984092,CLIENT_00883,37931575,312890803,FACTURACION CICLICA,AMDOCS,2026-06-05,2026-06-21,PEN,18.98,3.42,22.4,False,22.4,1,False,0.0,22.4,0.0,True,CONCILIADA_EXACTA,True
S1AA-0051872665,2095824297,CLIENT_00323,12282575,500535503,FACTURACION CICLICA,AMDOCS,2026-06-05,2026-06-21,PEN,35.6,6.4,42.0,False,42.0,1,False,0.0,42.0,0.0,True,CONCILIADA_EXACTA,True
S1AA-0052274746,2054941434,CLIENT_00458,97044575,579613733,FACTURACION CICLICA,AMDOCS,2026-06-05,2026-06-21,PEN,39.69,7.14,46.83,False,46.83,1,False,0.0,46.83,0.0,True,CONCILIADA_EXACTA,True
S1AA-0051900020,2060200980,CLIENT_00350,62740575,114204213,FACTURACION CICLICA,AMDOCS,2026-06-05,2026-06-21,PEN,31.38,5.65,37.03,False,37.03,1,False,0.0,37.03,0.0,True,CONCILIADA_EXACTA,True
S1AA-0051900394,2035835869,CLIENT_00900,62273575,422273443,FACTURACION CICLICA,AMDOCS,2026-06-05,2026-06-21,PEN,27.23,4.9,32.13,False,32.13,1,False,0.0,32.13,0.0,True,CONCILIADA_EXACTA,True
S1AA-0052112276,2017592496,CLIENT_00970,65013575,806844293,FACTURACION CICLICA,AMDOCS,2026-06-05,2026-06-21,PEN,43.25,7.78,51.03,False,51.03,1,False,0.0,51.03,0.0,True,CONCILIADA_EXACTA,True
S1AA-0051774652,2039793515,CLIENT_00045,609635031,366178257,FACTURACION CICLICA,AMDOCS,2026-06-05,2026-06-21,PEN,17.74,3.19,20.93,False,20.93,1,False,0.0,20.93,0.0,True,CONCILIADA_EXACTA,True
S1AA-0051777308,2013237934,CLIENT_00303,80790575,115374103,FACTURACION CICLICA,AMDOCS,2026-06-05,2026-06-21,PEN,31.08,5.6,36.68,False,36.68,1,False,0.0,36.68,0.0,True,CONCILIADA_EXACTA,True
S1AA-0051900019,2060200980,CLIENT_00350,62740575,304204213,FACTURACION CICLICA,AMDOCS,2026-06-05,2026-06-21,PEN,18.92,3.41,22.33,False,22.33,1,False,0.0,22.33,0.0,True,CONCILIADA_EXACTA,True
S1AA-0052294797,2058246578,CLIENT_00853,28725575,710231601,FACTURACION CICLICA,AMDOCS,2026-06-05,2026-06-21,PEN,16.91,3.04,19.95,False,19.95,1,False,0.0,19.95,0.0,True,CONCILIADA_EXACTA,True
S1AA-0051828701,2056897122,CLIENT_00573,217414901,492943157,FACTURACION CICLICA,AMDOCS,2026-06-05,2026-06-21,PEN,53.33,9.6,62.93,False,62.93,1,False,0.0,62.93,0.0,True,CONCILIADA_EXACTA,True
S1AA-0052207399,2097068950,CLIENT_00228,7000575,262897373,FACTURACION CICLICA,AMDOCS,2026-06-05,2026-06-21,PEN,14.76,2.67,17.43,False,17.43,1,False,0.0,17.43,0.0,True,CONCILIADA_EXACTA,True
S1AA-0052054409,2052778896,CLIENT_00395,743636121,130930757,FACTURACION CICLICA,AMDOCS,2026-06-05,2026-06-21,PEN,100.79,18.14,118.93,False,118.93,1,False,0.0,118.93,0.0,True,CONCILIADA_EXACTA,True
S1AA-0052090446,2023799562,CLIENT_00489,35157575,822801601,FACTURACION CICLICA,AMDOCS,2026-06-05,2026-06-21,PEN,17.74,3.19,20.93,False,20.93,1,False,0.0,20.93,0.0,True,CONCILIADA_EXACTA,True
S1AA-0051757654,2024687919,CLIENT_00136,40231575,757293063,FACTURACION CICLICA,AMDOCS,2026-06-05,2026-06-21,PEN,37.02,6.66,43.68,False,43.68,1,False,0.0,43.68,0.0,True,CONCILIADA_EXACTA,True
S1AA-0051900945,2060200980,CLIENT_00350,62740575,101099673,FACTURACION CICLICA,AMDOCS,2026-06-05,2026-06-21,PEN,62.76,11.3,74.06,False,74.06,1,False,0.0,74.06,0.0,True,CONCILIADA_EXACTA,True
S1AA-0051937327,2054238271,CLIENT_00814,233955121,698491847,FACTURACION CICLICA,AMDOCS,2026-06-05,2026-06-21,PEN,106.72,19.21,125.93,False,125.93,1,False,0.0,125.93,0.0,True,CONCILIADA_EXACTA,True
S1AA-0052010738,2040817262,CLIENT_00984,34230575,709365617,FACTURACION CICLICA,AMDOCS,2026-06-05,2026-06-21,PEN,21.36,3.84,25.2,False,25.2,1,False,0.0,25.2,0.0,True,CONCILIADA_EXACTA,True
S1AA-0051981486,2096447129,CLIENT_00321,93461575,390109501,FACTURACION CICLICA,AMDOCS,2026-06-05,2026-06-21,PEN,248.15,44.66,292.81,False,292.81,1,False,0.0,292.81,0.0,True,CONCILIADA_EXACTA,True
S1AA-0052172236,2025086317,CLIENT_00367,56850575,56850303,FACTURACION CICLICA,AMDOCS,2026-06-05,2026-06-21,PEN,35.53,6.4,41.93,False,41.93,1,False,0.0,41.93,0.0,True,CONCILIADA_EXACTA,True
S1AA-0052324412,2066367927,CLIENT_00527,688513121,214988537,FACTURACION CICLICA,AMDOCS,2026-06-05,2026-06-21,PEN,69.05,12.43,81.48,False,81.48,1,False,0.0,81.48,0.0,True,CONCILIADA_EXACTA,True
S1AA-0052072434,2093746302,CLIENT_00658,58707021,650322737,FACTURACION CICLICA,AMDOCS,2026-06-05,2026-06-21,PEN,52.14,9.39,61.53,False,61.53,1,False,0.0,61.53,0.0,True,CONCILIADA_EXACTA,True
S1AA-0051983765,2096447129,CLIENT_00321,93461575,297837137,FACTURACION CICLICA,AMDOCS,2026-06-05,2026-06-21,PEN,44.44,7.99,52.43,False,52.43,1,False,0.0,52.43,0.0,True,CONCILIADA_EXACTA,True
S1AA-0052009056,2071082447,CLIENT_00987,34612575,745692323,FACTURACION CICLICA,AMDOCS,2026-06-05,2026-06-21,PEN,17.74,3.19,20.93,False,20.93,1,False,0.0,20.93,0.0,True,CONCILIADA_EXACTA,True
S1AA-0052105496,2092314059,CLIENT_00618,55685575,60321093,FACTURACION CICLICA,AMDOCS,2026-06-05,2026-06-21,PEN,30.49,5.49,35.98,False,35.98,1,False,0.0,35.98,0.0,True,CONCILIADA_EXACTA,True
S1AA-0052230960,2016982483,CLIENT_00253,371954321,306028357,FACTURACION CICLICA,AMDOCS,2026-06-05,2026-06-21,PEN,56.06,10.09,66.15,False,66.15,1,False,0.0,66.15,0.0,True,CONCILIADA_EXACTA,True
S1AA-0052294796,2058246578,CLIENT_00853,28725575,310231601,FACTURACION CICLICA,AMDOCS,2026-06-05,2026-06-21,PEN,23.67,4.26,27.93,False,27.93,1,False,0.0,27.93,0.0,True,CONCILIADA_EXACTA,True
S1AA-0051764281,2084074807,CLIENT_00310,50984575,598430143,FACTURACION CICLICA,AMDOCS,2026-06-05,2026-06-21,PEN,33.75,6.08,39.83,False,39.83,1,False,0.0,39.83,0.0,True,CONCILIADA_EXACTA,True
S1AA-0051738895,2000279692,CLIENT_00168,612575,12765237,FACTURACION CICLICA,AMDOCS,2026-06-05,2026-06-21,PEN,56.66,10.19,66.85,False,66.85,1,False,0.0,66.85,0.0,True,CONCILIADA_EXACTA,True
S1AA-0052190743,2003858294,CLIENT_00954,763272331,108431757,FACTURACION CICLICA,AMDOCS,2026-06-05,2026-06-21,PEN,17.79,3.21,21.0,False,21.0,1,False,0.0,21.0,0.0,True,CONCILIADA_EXACTA,True
S1AA-0052315663,2062740957,CLIENT_00529,58262575,371999033,FACTURACION CICLICA,AMDOCS,2026-06-05,2026-06-21,PEN,22.48,4.05,26.53,False,26.53,1,False,0.0,26.53,0.0,True,CONCILIADA_EXACTA,True
S1AA-0052260621,2035102698,CLIENT_00950,82037575,767789501,FACTURACION CICLICA,AMDOCS,2026-06-05,2026-06-21,PEN,18.69,3.36,22.05,False,22.05,1,False,0.0,22.05,0.0,True,CONCILIADA_EXACTA,True
S1AA-0051854877,2033527809,CLIENT_00688,818737121,743971247,FACTURACION CICLICA,AMDOCS,2026-06-05,2026-06-21,PEN,56.29,10.14,66.43,False,66.43,1,False,0.0,66.43,0.0,True,CONCILIADA_EXACTA,True
S1AA-0051955629,2043951639,CLIENT_00898,53205575,967384283,FACTURACION CICLICA,AMDOCS,2026-06-05,2026-06-21,PEN,118.59,21.34,139.93,False,139.93,1,False,0.0,139.93,0.0,True,CONCILIADA_EXACTA,True
S1AA-0051757659,2024687919,CLIENT_00136,40231575,815393063,FACTURACION CICLICA,AMDOCS,2026-06-05,2026-06-21,PEN,14.83,2.67,17.5,False,17.5,1,False,0.0,17.5,0.0,True,CONCILIADA_EXACTA,True
S9AA-0082374543,2016722807,CLIENT_00364,838714921,210821957,FACTURACION CICLICA,AMDOCS,2026-06-01,2026-06-17,PEN,17.74,3.19,20.93,False,20.93,1,False,0.0,20.93,0.0,True,CONCILIADA_EXACTA,True
S1AA-0051716139,2084384500,CLIENT_00932,79794575,734671503,FACTURACION CICLICA,AMDOCS,2026-06-05,2026-06-21,PEN,18.92,3.41,22.33,False,22.33,1,False,0.0,22.33,0.0,True,CONCILIADA_EXACTA,True
S1AA-0051757651,2024687919,CLIENT_00136,40231575,951023063,FACTURACION CICLICA,AMDOCS,2026-06-05,2026-06-21,PEN,14.76,2.67,17.43,False,17.43,1,False,0.0,17.43,0.0,True,CONCILIADA_EXACTA,True
S1AA-0052030279,1048743727,CLIENT_00498,54325575,373983473,FACTURACION CICLICA,AMDOCS,2026-06-05,2026-06-21,PEN,35.6,6.4,42.0,False,42.0,1,False,0.0,42.0,0.0,True,CONCILIADA_EXACTA,True
S1AA-0051762733,2075453385,CLIENT_00684,402956121,143573067,FACTURACION CICLICA,AMDOCS,2026-06-05,2026-06-21,PEN,53.33,9.6,62.93,False,62.93,1,False,0.0,62.93,0.0,True,CONCILIADA_EXACTA,True
S1AA-0052240586,2068624950,CLIENT_00710,57851575,343254133,FACTURACION CICLICA,AMDOCS,2026-06-05,2026-06-21,PEN,24.86,4.47,29.33,False,29.33,1,False,0.0,29.33,0.0,True,CONCILIADA_EXACTA,True
S1AA-0052055179,2080122729,CLIENT_00270,743800531,311429957,FACTURACION CICLICA,AMDOCS,2026-06-05,2026-06-21,PEN,115.38,20.77,136.15,False,136.15,1,False,0.0,136.15,0.0,True,CONCILIADA_EXACTA,True
S1AA-0052165371,2093365484,CLIENT_00200,46430575,827069503,FACTURACION CICLICA,AMDOCS,2026-06-05,2026-06-21,PEN,49.18,8.86,58.03,False,58.03,1,False,0.0,58.03,0.0,True,CONCILIADA_EXACTA,True
S1AA-0052109076,2017932836,CLIENT_00414,555045021,982227757,FACTURACION CICLICA,AMDOCS,2026-06-05,2026-06-21,PEN,115.38,20.77,136.15,False,136.15,1,False,0.0,136.15,0.0,True,CONCILIADA_EXACTA,True
S1AA-0052079202,2033295502,CLIENT_00513,159921021,977833337,FACTURACION CICLICA,AMDOCS,2026-06-05,2026-06-21,PEN,22.48,4.05,26.53,False,26.53,1,False,0.0,26.53,0.0,True,CONCILIADA_EXACTA,True
S9AA-0082039717,2086602695,CLIENT_00868,99425785,516467306,FACTURACION CICLICA,AMDOCS,2026-06-01,2026-06-17,PEN,62.88,11.32,74.2,False,74.2,1,False,0.0,74.2,0.0,True,CONCILIADA_EXACTA,True
S1AA-0052190744,2003858294,CLIENT_00954,763272331,857541757,FACTURACION CICLICA,AMDOCS,2026-06-05,2026-06-21,PEN,17.79,3.21,21.0,False,21.0,1,False,0.0,21.0,0.0,True,CONCILIADA_EXACTA,True
S1AA-0051827357,2069451715,CLIENT_00549,217765221,450638837,FACTURACION CICLICA,AMDOCS,2026-06-05,2026-06-21,PEN,33.16,5.97,39.13,False,39.13,1,False,0.0,39.13,0.0,True,CONCILIADA_EXACTA,True
S1AA-0051942756,2022642503,CLIENT_00537,334038211,859645127,FACTURACION CICLICA,AMDOCS,2026-06-05,2026-06-21,PEN,27.23,4.9,32.13,False,32.13,1,False,0.0,32.13,0.0,True,CONCILIADA_EXACTA,True
S1AA-0051702402,2029817021,CLIENT_00178,69717575,309099501,FACTURACION CICLICA,AMDOCS,2026-06-05,2026-06-21,PEN,20.29,3.65,23.94,False,23.94,1,False,0.0,23.94,0.0,True,CONCILIADA_EXACTA,True
S1AA-0051819060,2000150523,CLIENT_00972,11601575,282694363,FACTURACION CICLICA,AMDOCS,2026-06-05,2026-06-21,PEN,77.06,13.87,90.93,False,90.93,1,False,0.0,90.93,0.0,True,CONCILIADA_EXACTA,True
S1AA-0051845396,2016142658,CLIENT_00521,71440575,218426103,FACTURACION CICLICA,AMDOCS,2026-06-05,2026-06-21,PEN,10.39,1.86,12.25,False,12.25,1,False,0.0,12.25,0.0,True,CONCILIADA_EXACTA,True
S1AA-0051952912,2029921832,CLIENT_00162,431609131,255107857,FACTURACION CICLICA,AMDOCS,2026-06-05,2026-06-21,PEN,100.79,18.14,118.93,False,118.93,1,False,0.0,118.93,0.0,True,CONCILIADA_EXACTA,True
S1AA-0051791138,2091514048,CLIENT_00099,1841575,67892113,FACTURACION CICLICA,AMDOCS,2026-06-05,2026-06-21,PEN,18.92,3.41,22.33,False,22.33,1,False,0.0,22.33,0.0,True,CONCILIADA_EXACTA,True
S1AA-0051716189,2084384500,CLIENT_00932,79794575,846989603,FACTURACION CICLICA,AMDOCS,2026-06-05,2026-06-21,PEN,20.52,3.7,24.22,False,24.22,1,False,0.0,24.22,0.0,True,CONCILIADA_EXACTA,True
S1AA-0052260947,2001156117,CLIENT_00442,72425575,624630313,FACTURACION CICLICA,AMDOCS,2026-06-05,2026-06-21,PEN,35.53,6.4,41.93,False,41.93,1,False,0.0,41.93,0.0,True,CONCILIADA_EXACTA,True
S1AA-0051900053,2060200980,CLIENT_00350,62740575,390307413,FACTURACION CICLICA,AMDOCS,2026-06-05,2026-06-21,PEN,31.38,5.65,37.03,False,37.03,1,False,0.0,37.03,0.0,True,CONCILIADA_EXACTA,True
S1AA-0051843497,2057406010,CLIENT_00884,618659521,438653757,FACTURACION CICLICA,AMDOCS,2026-06-05,2026-06-21,PEN,25.38,4.58,29.96,False,29.96,1,False,0.0,29.96,0.0,True,CONCILIADA_EXACTA,True
S1AA-0051756959,2024687919,CLIENT_00136,40231575,515372803,FACTURACION CICLICA,AMDOCS,2026-06-05,2026-06-21,PEN,29.6,5.33,34.93,False,34.93,1,False,0.0,34.93,0.0,True,CONCILIADA_EXACTA,True
S1AA-0052222272,2001681016,CLIENT_00750,279309221,154375937,FACTURACION CICLICA,AMDOCS,2026-06-05,2026-06-21,PEN,15.19,2.73,17.92,False,17.92,1,False,0.0,17.92,0.0,True,CONCILIADA_EXACTA,True
S1AA-0051900146,2060200980,CLIENT_00350,62740575,498997223,FACTURACION CICLICA,AMDOCS,2026-06-05,2026-06-21,PEN,31.38,5.65,37.03,False,37.03,1,False,0.0,37.03,0.0,True,CONCILIADA_EXACTA,True
S1AA-0051900054,2060200980,CLIENT_00350,62740575,354307413,FACTURACION CICLICA,AMDOCS,2026-06-05,2026-06-21,PEN,18.92,3.41,22.33,False,22.33,1,False,0.0,22.33,0.0,True,CONCILIADA_EXACTA,True
S1AA-0051743662,2081042486,CLIENT_00385,10560575,334412823,FACTURACION CICLICA,AMDOCS,2026-06-05,2026-06-21,PEN,663.35,70.39,733.74,False,733.74,2,False,0.0,733.74,0.0,True,CONCILIADA_EXACTA,True
S1AA-0052206527,2097068950,CLIENT_00228,7000575,366960803,FACTURACION CICLICA,AMDOCS,2026-06-05,2026-06-21,PEN,14.83,2.67,17.5,False,17.5,1,False,0.0,17.5,0.0,True,CONCILIADA_EXACTA,True
S1AA-0051900916,2060200980,CLIENT_00350,62740575,616839573,FACTURACION CICLICA,AMDOCS,2026-06-05,2026-06-21,PEN,16.55,2.98,19.53,False,19.53,1,False,0.0,19.53,0.0,True,CONCILIADA_EXACTA,True
S1AA-0051834982,2096031193,CLIENT_00429,511658121,72658647,FACTURACION CICLICA,AMDOCS,2026-06-05,2026-06-21,PEN,18.98,3.42,22.4,False,22.4,1,False,0.0,22.4,0.0,True,CONCILIADA_EXACTA,True
S1AA-0051920224,2050440165,CLIENT_00596,3677575,88331601,FACTURACION CICLICA,AMDOCS,2026-06-05,2026-06-21,PEN,13.58,2.45,16.03,False,16.03,1,False,0.0,16.03,0.0,True,CONCILIADA_EXACTA,True
S1AA-0052328761,2015648856,CLIENT_00530,88180575,33741203,FACTURACION CICLICA,AMDOCS,2026-06-05,2026-06-21,PEN,17.5,3.15,20.65,False,20.65,1,False,0.0,20.65,0.0,True,CONCILIADA_EXACTA,True
S1AA-0051726215,2020274387,CLIENT_00535,898656221,166321847,FACTURACION CICLICA,AMDOCS,2026-06-05,2026-06-21,PEN,28.95,5.22,34.16,False,34.16,1,False,0.0,34.16,0.0,True,CONCILIADA_EXACTA,True
S9AA-0082290543,2070410790,CLIENT_00505,92465095,733660406,FACTURACION CICLICA,AMDOCS,2026-06-01,2026-06-17,PEN,64.77,11.67,76.44,False,76.44,1,False,0.0,76.44,0.0,True,CONCILIADA_EXACTA,True
S1AA-0051778350,2098363854,CLIENT_00063,80290575,900256073,FACTURACION CICLICA,AMDOCS,2026-06-05,2026-06-21,PEN,79.49,14.31,93.8,False,93.8,1,False,0.0,93.8,0.0,True,CONCILIADA_EXACTA,True
S1AA-0051813646,2086851615,CLIENT_00905,70647575,494912237,FACTURACION CICLICA,AMDOCS,2026-06-05,2026-06-21,PEN,40.87,7.36,48.23,False,48.23,1,False,0.0,48.23,0.0,True,CONCILIADA_EXACTA,True
S1AA-0052182638,2029902035,CLIENT_00756,66947575,956960057,FACTURACION CICLICA,AMDOCS,2026-06-05,2026-06-21,PEN,5.88,1.05,6.93,False,6.93,1,False,0.0,6.93,0.0,True,CONCILIADA_EXACTA,True
S1AA-0052049713,2072882399,CLIENT_00032,74784575,887794303,FACTURACION CICLICA,AMDOCS,2026-06-05,2026-06-21,PEN,53.51,9.63,63.14,False,63.14,1,False,0.0,63.14,0.0,True,CONCILIADA_EXACTA,True
S1AA-0051763659,2051341964,CLIENT_00219,50325575,499693401,FACTURACION CICLICA,AMDOCS,2026-06-05,2026-06-21,PEN,9.43,1.7,11.13,False,11.13,1,False,0.0,11.13,0.0,True,CONCILIADA_EXACTA,True
S1AA-0051716949,2021595413,CLIENT_00021,79665575,680473463,FACTURACION CICLICA,AMDOCS,2026-06-05,2026-06-21,PEN,76.99,13.87,90.86,False,90.86,1,False,0.0,90.86,0.0,True,CONCILIADA_EXACTA,True
S1AA-0052092815,2023799562,CLIENT_00489,35157575,380443237,FACTURACION CICLICA,AMDOCS,2026-06-05,2026-06-21,PEN,10.32,1.86,12.18,False,12.18,1,False,0.0,12.18,0.0,True,CONCILIADA_EXACTA,True
S1AA-0051893114,2060200980,CLIENT_00350,62740575,884509303,FACTURACION CICLICA,AMDOCS,2026-06-05,2026-06-21,PEN,31.38,5.65,37.03,False,37.03,1,False,0.0,37.03,0.0,True,CONCILIADA_EXACTA,True
S1AA-0051954676,2058797594,CLIENT_00421,53591575,766920023,FACTURACION CICLICA,AMDOCS,2026-06-05,2026-06-21,PEN,19.88,3.57,23.45,False,23.45,1,False,0.0,23.45,0.0,True,CONCILIADA_EXACTA,True
S1AA-0052119178,2033591606,CLIENT_00518,75136575,305587993,FACTURACION CICLICA,AMDOCS,2026-06-05,2026-06-21,PEN,15.96,2.87,18.83,False,18.83,1,False,0.0,18.83,0.0,True,CONCILIADA_EXACTA,True
S1AA-0052337666,2052142070,CLIENT_00503,887064611,3403727,FACTURACION CICLICA,AMDOCS,2026-06-05,2026-06-21,PEN,26.1,4.7,30.8,False,30.8,1,False,0.0,30.8,0.0,True,CONCILIADA_EXACTA,True
S1AA-0052009093,2086602695,CLIENT_00868,34761575,85092723,FACTURACION CICLICA,AMDOCS,2026-06-05,2026-06-21,PEN,65.79,11.84,77.63,False,77.63,1,False,0.0,77.63,0.0,True,CONCILIADA_EXACTA,True
S1AA-0051893066,2051947639,CLIENT_00103,62947575,211702203,FACTURACION CICLICA,AMDOCS,2026-06-05,2026-06-21,PEN,85.65,15.43,101.08,False,101.08,1,False,0.0,101.08,0.0,True,CONCILIADA_EXACTA,True
S1AA-0051971093,2036223175,CLIENT_00279,737207511,285918547,FACTURACION CICLICA,AMDOCS,2026-06-05,2026-06-21,PEN,21.95,3.96,25.9,False,25.9,1,False,0.0,25.9,0.0,True,CONCILIADA_EXACTA,True
S1AA-0052084072,2091198935,CLIENT_00319,25242575,929982823,FACTURACION CICLICA,AMDOCS,2026-06-05,2026-06-21,PEN,19.81,3.57,23.38,False,23.38,1,False,0.0,23.38,0.0,True,CONCILIADA_EXACTA,True
S1AA-0052011629,2086602695,CLIENT_00868,34761575,119794447,FACTURACION CICLICA,AMDOCS,2026-06-05,2026-06-21,PEN,17.74,3.19,20.93,False,20.93,1,False,0.0,20.93,0.0,True,CONCILIADA_EXACTA,True
S1AA-0052166826,2007950781,CLIENT_00069,46400575,209429993,FACTURACION CICLICA,AMDOCS,2026-06-05,2026-06-21,PEN,18.62,3.36,21.98,False,21.98,1,False,0.0,21.98,0.0,True,CONCILIADA_EXACTA,True
S1AA-0051900051,2060200980,CLIENT_00350,62740575,850307413,FACTURACION CICLICA,AMDOCS,2026-06-05,2026-06-21,PEN,59.26,10.67,69.93,False,69.93,1,False,0.0,69.93,0.0,True,CONCILIADA_EXACTA,True
S1AA-0051893006,2060200980,CLIENT_00350,62740575,530004003,FACTURACION CICLICA,AMDOCS,2026-06-05,2026-06-21,PEN,59.26,10.67,69.93,False,69.93,1,False,0.0,69.93,0.0,True,CONCILIADA_EXACTA,True
S1AA-0051764796,2051341964,CLIENT_00219,50325575,736313473,FACTURACION CICLICA,AMDOCS,2026-06-05,2026-06-21,PEN,194.89,1.6,196.49,False,196.48999999999998,2,False,0.0,196.49,-2.842170943040401e-14,True,CONCILIADA_EXACTA,True
S1AA-0052137700,2088325879,CLIENT_00287,953144321,959676167,FACTURACION CICLICA,AMDOCS,2026-06-05,2026-06-21,PEN,31.37,5.66,37.03,False,37.03,1,False,0.0,37.03,0.0,True,CONCILIADA_EXACTA,True
S9AA-0082458118,2045845197,CLIENT_00771,843878221,842535937,FACTURACION CICLICA,AMDOCS,2026-06-01,2026-06-17,PEN,15.19,2.73,17.92,False,17.92,1,False,0.0,17.92,0.0,True,CONCILIADA_EXACTA,True
S1AA-0052240619,2068624950,CLIENT_00710,57851575,743767433,FACTURACION CICLICA,AMDOCS,2026-06-05,2026-06-21,PEN,197.83,35.62,233.45,False,233.45,1,False,0.0,233.45,0.0,True,CONCILIADA_EXACTA,True
S1AA-0052145011,2023009780,CLIENT_00141,16530575,148920103,FACTURACION CICLICA,AMDOCS,2026-06-05,2026-06-21,PEN,82.99,14.94,97.93,False,97.93,1,False,0.0,97.93,0.0,True,CONCILIADA_EXACTA,True
S1AA-0051954677,2058797594,CLIENT_00421,53591575,786920023,FACTURACION CICLICA,AMDOCS,2026-06-05,2026-06-21,PEN,9.49,1.71,11.2,False,11.2,1,False,0.0,11.2,0.0,True,CONCILIADA_EXACTA,True
S1AA-0052070586,2033397761,CLIENT_00841,5833575,767093043,FACTURACION CICLICA,AMDOCS,2026-06-05,2026-06-21,PEN,24.86,4.47,29.33,False,29.33,1,False,0.0,29.33,0.0,True,CONCILIADA_EXACTA,True
S1AA-0051934009,2056934422,CLIENT_00124,23092575,483264303,FACTURACION CICLICA,AMDOCS,2026-06-05,2026-06-21,PEN,9.42,1.71,11.13,False,11.13,1,False,0.0,11.13,0.0,True,CONCILIADA_EXACTA,True
S1AA-0052076755,2091198935,CLIENT_00319,25242575,430017301,FACTURACION CICLICA,AMDOCS,2026-06-05,2026-06-21,PEN,572.99,103.15,676.13,False,676.13,1,False,0.0,676.13,0.0,True,CONCILIADA_EXACTA,True
S1AA-0051881562,2072727583,CLIENT_00076,32851575,196475917,FACTURACION CICLICA,AMDOCS,2026-06-05,2026-06-21,PEN,51.91,9.34,61.25,False,61.25,1,False,0.0,61.25,0.0,True,CONCILIADA_EXACTA,True
S9AA-0081734630,2087905445,CLIENT_00039,46110895,104211757,FACTURACION CICLICA,AMDOCS,2026-06-01,2026-06-17,PEN,88.92,16.01,104.93,False,104.93,1,False,0.0,104.93,0.0,True,CONCILIADA_EXACTA,True
S1AA-0052172235,2025086317,CLIENT_00367,56850575,436850303,FACTURACION CICLICA,AMDOCS,2026-06-05,2026-06-21,PEN,40.87,7.36,48.23,False,48.23,1,False,0.0,48.23,0.0,True,CONCILIADA_EXACTA,True
S1AA-0051957254,2088352056,CLIENT_00309,539747421,726472347,FACTURACION CICLICA,AMDOCS,2026-06-05,2026-06-21,PEN,15.42,2.78,18.2,False,18.2,1,False,0.0,18.2,0.0,True,CONCILIADA_EXACTA,True
S1AA-0051900426,2060200980,CLIENT_00350,62740575,132039543,FACTURACION CICLICA,AMDOCS,2026-06-05,2026-06-21,PEN,18.92,3.41,22.33,False,22.33,1,False,0.0,22.33,0.0,True,CONCILIADA_EXACTA,True
S1AA-0051718191,2047587904,CLIENT_00534,79590575,314006827,FACTURACION CICLICA,AMDOCS,2026-06-05,2026-06-21,PEN,47.04,8.47,55.51,False,55.51,1,False,0.0,55.51,0.0,True,CONCILIADA_EXACTA,True
S1AA-0051894246,2043779813,CLIENT_00336,52770575,783042083,FACTURACION CICLICA,AMDOCS,2026-06-05,2026-06-21,PEN,32.63,5.87,38.5,False,38.5,1,False,0.0,38.5,0.0,True,CONCILIADA_EXACTA,True
S1AA-0051707137,2037677145,CLIENT_00229,593385521,373943657,FACTURACION CICLICA,AMDOCS,2026-06-05,2026-06-21,PEN,90.7,16.33,107.03,False,107.03,1,False,0.0,107.03,0.0,True,CONCILIADA_EXACTA,True
S1AA-0051757649,2024687919,CLIENT_00136,40231575,351023063,FACTURACION CICLICA,AMDOCS,2026-06-05,2026-06-21,PEN,14.83,2.67,17.5,False,17.5,1,False,0.0,17.5,0.0,True,CONCILIADA_EXACTA,True
S1AA-0052294980,2039137544,CLIENT_00939,28944575,486381503,FACTURACION CICLICA,AMDOCS,2026-06-05,2026-06-21,PEN,27.23,4.9,32.13,False,32.13,1,False,0.0,32.13,0.0,True,CONCILIADA_EXACTA,True
S1AA-0052076890,2096608121,CLIENT_00272,25824575,763551601,FACTURACION CICLICA,AMDOCS,2026-06-05,2026-06-21,PEN,5.94,1.06,7.0,False,7.0,1,False,0.0,7.0,0.0,True,CONCILIADA_EXACTA,True
S1AA-0051915765,2046751787,CLIENT_00193,929969021,420311537,FACTURACION CICLICA,AMDOCS,2026-06-05,2026-06-21,PEN,20.71,3.72,24.43,False,24.43,1,False,0.0,24.43,0.0,True,CONCILIADA_EXACTA,True
S1AA-0051960034,2064808256,CLIENT_00329,535599421,152755957,FACTURACION CICLICA,AMDOCS,2026-06-05,2026-06-21,PEN,77.06,13.87,90.93,False,90.93,1,False,0.0,90.93,0.0,True,CONCILIADA_EXACTA,True
S1AA-0052322613,2005896521,CLIENT_00455,68763575,135767343,FACTURACION CICLICA,AMDOCS,2026-06-05,2026-06-21,PEN,12.69,2.29,14.98,False,14.98,1,False,0.0,14.98,0.0,True,CONCILIADA_EXACTA,True
S9AA-0082054705,2051379016,CLIENT_00444,140116,695047857,FACTURACION CICLICA,AMDOCS,2026-06-01,2026-06-17,PEN,35.29,6.36,41.65,False,41.65,1,False,0.0,41.65,0.0,True,CONCILIADA_EXACTA,True
S1AA-0051924675,2029095052,CLIENT_00476,39297221,230583457,FACTURACION CICLICA,AMDOCS,2026-06-05,2026-06-21,PEN,44.2,7.95,52.15,False,52.15,1,False,0.0,52.15,0.0,True,CONCILIADA_EXACTA,True
S1AA-0052077218,2077608678,CLIENT_00105,15302575,622658713,FACTURACION CICLICA,AMDOCS,2026-06-05,2026-06-21,PEN,103.1,18.56,121.66,False,121.66,1,False,0.0,121.66,0.0,True,CONCILIADA_EXACTA,True
S1AA-0052287845,2018723284,CLIENT_00943,18152575,87358501,FACTURACION CICLICA,AMDOCS,2026-06-05,2026-06-21,PEN,17.79,3.21,21.0,False,21.0,1,False,0.0,21.0,0.0,True,CONCILIADA_EXACTA,True
S1AA-0052124482,2022681851,CLIENT_00304,95901575,124451601,FACTURACION CICLICA,AMDOCS,2026-06-05,2026-06-21,PEN,33.75,6.08,39.83,False,39.83,1,False,0.0,39.83,0.0,True,CONCILIADA_EXACTA,True
S1AA-0052289096,2058522670,CLIENT_00388,18014575,75617973,FACTURACION CICLICA,AMDOCS,2026-06-05,2026-06-21,PEN,62.22,11.21,73.43,False,73.43,1,False,0.0,73.43,0.0,True,CONCILIADA_EXACTA,True
S1AA-0051757658,2024687919,CLIENT_00136,40231575,12393063,FACTURACION CICLICA,AMDOCS,2026-06-05,2026-06-21,PEN,14.83,2.67,17.5,False,17.5,1,False,0.0,17.5,0.0,True,CONCILIADA_EXACTA,True
S1AA-0052030280,1048743727,CLIENT_00498,54325575,908044473,FACTURACION CICLICA,AMDOCS,2026-06-05,2026-06-21,PEN,23.07,4.16,27.23,False,27.23,1,False,0.0,27.23,0.0,True,CONCILIADA_EXACTA,True
S1AA-0051725753,2020274387,CLIENT_00535,898656221,264416447,FACTURACION CICLICA,AMDOCS,2026-06-05,2026-06-21,PEN,59.26,10.67,69.93,False,69.93,1,False,0.0,69.93,0.0,True,CONCILIADA_EXACTA,True
S1AA-0052052232,2072882399,CLIENT_00032,74784575,139197047,FACTURACION CICLICA,AMDOCS,2026-06-05,2026-06-21,PEN,86.85,15.63,102.48,False,102.48,1,False,0.0,102.48,0.0,True,CONCILIADA_EXACTA,True
S1AA-0051716116,2084384500,CLIENT_00932,79794575,50092403,FACTURACION CICLICA,AMDOCS,2026-06-05,2026-06-21,PEN,20.52,3.7,24.22,False,24.22,1,False,0.0,24.22,0.0,True,CONCILIADA_EXACTA,True
S1AA-0052079269,2012159970,CLIENT_00023,150233121,370598537,FACTURACION CICLICA,AMDOCS,2026-06-05,2026-06-21,PEN,47.4,8.53,55.93,False,55.93,1,False,0.0,55.93,0.0,True,CONCILIADA_EXACTA,True
S1AA-0052165581,2006477444,CLIENT_00815,46031575,868897423,FACTURACION CICLICA,AMDOCS,2026-06-05,2026-06-21,PEN,32.4,5.82,38.22,False,38.22,1,False,0.0,38.22,0.0,True,CONCILIADA_EXACTA,True
S1AA-0052071130,2055088087,CLIENT_00301,5541575,654820673,FACTURACION CICLICA,AMDOCS,2026-06-05,2026-06-21,PEN,62.23,11.2,73.43,False,73.43,1,False,0.0,73.43,0.0,True,CONCILIADA_EXACTA,True
S1AA-0051815329,2040860442,CLIENT_00783,704649321,1375157,FACTURACION CICLICA,AMDOCS,2026-06-05,2026-06-21,PEN,47.4,8.53,55.93,False,55.93,1,False,0.0,55.93,0.0,True,CONCILIADA_EXACTA,True
S1AA-0051949596,2045498450,CLIENT_00823,43182575,699473717,FACTURACION CICLICA,AMDOCS,2026-06-05,2026-06-21,PEN,49.18,8.86,58.03,False,58.03,1,False,0.0,58.03,0.0,True,CONCILIADA_EXACTA,True
S1AA-0051702420,2044862591,CLIENT_00895,69942575,834731601,FACTURACION CICLICA,AMDOCS,2026-06-05,2026-06-21,PEN,16.91,3.04,19.95,False,19.95,1,False,0.0,19.95,0.0,True,CONCILIADA_EXACTA,True
S1AA-0051997261,2057227210,CLIENT_00864,14483575,809755127,FACTURACION CICLICA,AMDOCS,2026-06-05,2026-06-21,PEN,17.79,3.21,21.0,False,21.0,1,False,0.0,21.0,0.0,True,CONCILIADA_EXACTA,True
S1AA-0051764279,2084074807,CLIENT_00310,50984575,888430143,FACTURACION CICLICA,AMDOCS,2026-06-05,2026-06-21,PEN,33.75,6.08,39.83,False,39.83,1,False,0.0,39.83,0.0,True,CONCILIADA_EXACTA,True
S1AA-0051900427,2060200980,CLIENT_00350,62740575,232039543,FACTURACION CICLICA,AMDOCS,2026-06-05,2026-06-21,PEN,31.38,5.65,37.03,False,37.03,1,False,0.0,37.03,0.0,True,CONCILIADA_EXACTA,True
S1AA-0051900915,2060200980,CLIENT_00350,62740575,416839573,FACTURACION CICLICA,AMDOCS,2026-06-05,2026-06-21,PEN,31.38,5.65,37.03,False,37.03,1,False,0.0,37.03,0.0,True,CONCILIADA_EXACTA,True
S1AA-0052009969,2015652897,CLIENT_00439,34590575,461022483,FACTURACION CICLICA,AMDOCS,2026-06-05,2026-06-21,PEN,458.32,82.5,540.82,False,540.82,1,False,0.0,540.82,0.0,True,CONCILIADA_EXACTA,True
S1AA-0051763658,2051341964,CLIENT_00219,50325575,359693401,FACTURACION CICLICA,AMDOCS,2026-06-05,2026-06-21,PEN,9.49,1.71,11.2,False,11.2,1,False,0.0,11.2,0.0,True,CONCILIADA_EXACTA,True
S1AA-0052030278,1048743727,CLIENT_00498,54325575,202883473,FACTURACION CICLICA,AMDOCS,2026-06-05,2026-06-21,PEN,23.07,4.16,27.23,False,27.23,1,False,0.0,27.23,0.0,True,CONCILIADA_EXACTA,True
S1AA-0051840911,2044463955,CLIENT_00048,616621911,631351837,FACTURACION CICLICA,AMDOCS,2026-06-05,2026-06-21,PEN,20.71,3.72,24.43,False,24.43,1,False,0.0,24.43,0.0,True,CONCILIADA_EXACTA,True
S1AA-0052272807,2022589688,CLIENT_00286,87163575,710826857,FACTURACION CICLICA,AMDOCS,2026-06-05,2026-06-21,PEN,41.47,7.46,48.93,False,48.93,1,False,0.0,48.93,0.0,True,CONCILIADA_EXACTA,True
S1AA-0051781467,2098363854,CLIENT_00063,80290575,200705357,FACTURACION CICLICA,AMDOCS,2026-06-05,2026-06-21,PEN,88.92,16.01,104.93,False,104.93,1,False,0.0,104.93,0.0,True,CONCILIADA_EXACTA,True
S1AA-0051716975,2084384500,CLIENT_00932,79794575,477432663,FACTURACION CICLICA,AMDOCS,2026-06-05,2026-06-21,PEN,95.98,17.28,113.26,False,113.26,1,False,0.0,113.26,0.0,True,CONCILIADA_EXACTA,True
S1AA-0052209463,2036119586,CLIENT_00605,7063575,715016647,FACTURACION CICLICA,AMDOCS,2026-06-05,2026-06-21,PEN,77.06,13.87,90.93,False,90.93,1,False,0.0,90.93,0.0,True,CONCILIADA_EXACTA,True
S1AA-0051757656,2024687919,CLIENT_00136,40231575,167293063,FACTURACION CICLICA,AMDOCS,2026-06-05,2026-06-21,PEN,13.87,2.51,16.38,False,16.38,1,False,0.0,16.38,0.0,True,CONCILIADA_EXACTA,True
S1AA-0052029251,2099839122,CLIENT_00022,54290575,98678303,FACTURACION CICLICA,AMDOCS,2026-06-05,2026-06-21,PEN,17.74,3.19,20.93,False,20.93,1,False,0.0,20.93,0.0,True,CONCILIADA_EXACTA,True
S1AA-0051818243,2000150523,CLIENT_00972,11601575,874841503,FACTURACION CICLICA,AMDOCS,2026-06-05,2026-06-21,PEN,77.06,13.87,90.93,False,90.93,1,False,0.0,90.93,0.0,True,CONCILIADA_EXACTA,True
S1AA-0051725598,2088352056,CLIENT_00309,894647421,36472347,FACTURACION CICLICA,AMDOCS,2026-06-05,2026-06-21,PEN,15.42,2.78,18.2,False,18.2,1,False,0.0,18.2,0.0,True,CONCILIADA_EXACTA,True
S1AA-0052029133,2012667521,CLIENT_00300,54607575,313348501,FACTURACION CICLICA,AMDOCS,2026-06-05,2026-06-21,PEN,26.34,4.74,31.08,False,31.08,1,False,0.0,31.08,0.0,True,CONCILIADA_EXACTA,True
S1AA-0051881564,2072727583,CLIENT_00076,32851575,507475917,FACTURACION CICLICA,AMDOCS,2026-06-05,2026-06-21,PEN,31.38,5.65,37.03,False,37.03,1,False,0.0,37.03,0.0,True,CONCILIADA_EXACTA,True
S1AA-0051821188,2095018481,CLIENT_00160,113719411,897018447,FACTURACION CICLICA,AMDOCS,2026-06-05,2026-06-21,PEN,35.83,6.45,42.28,False,42.28,1,False,0.0,42.28,0.0,True,CONCILIADA_EXACTA,True
S1AA-0052015426,2044366286,CLIENT_00796,44436575,800127001,FACTURACION CICLICA,AMDOCS,2026-06-05,2026-06-21,PEN,22.02,3.96,25.97,False,25.97,1,False,0.0,25.97,0.0,True,CONCILIADA_EXACTA,True
S1AA-0052111384,2057227210,CLIENT_00864,65023575,737533733,FACTURACION CICLICA,AMDOCS,2026-06-05,2026-06-21,PEN,17.79,3.21,21.0,False,21.0,1,False,0.0,21.0,0.0,True,CONCILIADA_EXACTA,True
S1AA-0051982536,2096447129,CLIENT_00321,93461575,798433963,FACTURACION CICLICA,AMDOCS,2026-06-05,2026-06-21,PEN,33.75,6.08,39.83,False,39.83,1,False,0.0,39.83,0.0,True,CONCILIADA_EXACTA,True
S1AA-0051886278,2043779813,CLIENT_00336,52770575,421568203,FACTURACION CICLICA,AMDOCS,2026-06-05,2026-06-21,PEN,41.22,7.43,48.65,False,48.65,1,False,0.0,48.65,0.0,True,CONCILIADA_EXACTA,True
S1AA-0052079289,2033295502,CLIENT_00513,159921021,240297637,FACTURACION CICLICA,AMDOCS,2026-06-05,2026-06-21,PEN,10.39,1.86,12.25,False,12.25,1,False,0.0,12.25,0.0,True,CONCILIADA_EXACTA,True
S1AA-0052172263,2025086317,CLIENT_00367,56850575,512282403,FACTURACION CICLICA,AMDOCS,2026-06-05,2026-06-21,PEN,46.21,8.32,54.53,False,54.53,1,False,0.0,54.53,0.0,True,CONCILIADA_EXACTA,True
S1AA-0052048390,2071656712,CLIENT_00163,22415575,513696957,FACTURACION CICLICA,AMDOCS,2026-06-05,2026-06-21,PEN,136.38,24.55,160.93,False,160.93,1,False,0.0,160.93,0.0,True,CONCILIADA_EXACTA,True
S1AA-0052221021,2049726118,CLIENT_00693,27750575,492499483,FACTURACION CICLICA,AMDOCS,2026-06-05,2026-06-21,PEN,18.98,3.42,22.4,False,22.4,1,False,0.0,22.4,0.0,True,CONCILIADA_EXACTA,True
S1AA-0052165727,2007950781,CLIENT_00069,46400575,264937833,FACTURACION CICLICA,AMDOCS,2026-06-05,2026-06-21,PEN,24.56,4.42,28.98,False,28.98,1,False,0.0,28.98,0.0,True,CONCILIADA_EXACTA,True
S1AA-0051818119,2000150523,CLIENT_00972,11601575,663015003,FACTURACION CICLICA,AMDOCS,2026-06-05,2026-06-21,PEN,56.29,10.14,66.43,False,66.43,1,False,0.0,66.43,0.0,True,CONCILIADA_EXACTA,True
S1AA-0051725751,2020274387,CLIENT_00535,898656221,846116447,FACTURACION CICLICA,AMDOCS,2026-06-05,2026-06-21,PEN,59.26,10.67,69.93,False,69.93,1,False,0.0,69.93,0.0,True,CONCILIADA_EXACTA,True
S1AA-0052315278,2008268577,CLIENT_00288,58564575,85404303,FACTURACION CICLICA,AMDOCS,2026-06-05,2026-06-21,PEN,18.98,3.42,22.4,False,22.4,1,False,0.0,22.4,0.0,True,CONCILIADA_EXACTA,True
S1AA-0051763589,2083215398,CLIENT_00564,60960575,779026201,FACTURACION CICLICA,AMDOCS,2026-06-05,2026-06-21,PEN,138.64,24.96,163.59,False,163.59,1,False,0.0,163.59,0.0,True,CONCILIADA_EXACTA,True
S1AA-0051780967,2098363854,CLIENT_00063,80290575,478621057,FACTURACION CICLICA,AMDOCS,2026-06-05,2026-06-21,PEN,475.65,85.61,561.26,False,561.26,1,False,0.0,561.26,0.0,True,CONCILIADA_EXACTA,True
S1AA-0052249788,2044789187,CLIENT_00896,678241221,28297247,FACTURACION CICLICA,AMDOCS,2026-06-05,2026-06-21,PEN,49.65,8.94,58.59,False,58.59,1,False,0.0,58.59,0.0,True,CONCILIADA_EXACTA,True
S1AA-0052147298,2033958304,CLIENT_00921,165043021,799167337,FACTURACION CICLICA,AMDOCS,2026-06-05,2026-06-21,PEN,2.25,0.41,2.66,False,2.66,1,False,0.0,2.66,0.0,True,CONCILIADA_EXACTA,True
S1AA-0052197533,2056921911,CLIENT_00644,864899231,294963757,FACTURACION CICLICA,AMDOCS,2026-06-05,2026-06-21,PEN,56.06,10.09,66.15,False,66.15,1,False,0.0,66.15,0.0,True,CONCILIADA_EXACTA,True
S1AA-0051716141,2084384500,CLIENT_00932,79794575,794671503,FACTURACION CICLICA,AMDOCS,2026-06-05,2026-06-21,PEN,20.52,3.7,24.22,False,24.22,1,False,0.0,24.22,0.0,True,CONCILIADA_EXACTA,True
S1AA-0051995838,2057227210,CLIENT_00864,14483575,291076643,FACTURACION CICLICA,AMDOCS,2026-06-05,2026-06-21,PEN,88.92,16.01,104.93,False,104.93,1,False,0.0,104.93,0.0,True,CONCILIADA_EXACTA,True
S1AA-0052009073,2086602695,CLIENT_00868,34761575,588967523,FACTURACION CICLICA,AMDOCS,2026-06-05,2026-06-21,PEN,82.99,14.94,97.93,False,97.93,1,False,0.0,97.93,0.0,True,CONCILIADA_EXACTA,True
S1AA-0051819061,2000150523,CLIENT_00972,11601575,213694363,FACTURACION CICLICA,AMDOCS,2026-06-05,2026-06-21,PEN,77.06,13.87,90.93,False,90.93,1,False,0.0,90.93,0.0,True,CONCILIADA_EXACTA,True
S1AA-0051916639,2021660305,CLIENT_00332,926238221,354697647,FACTURACION CICLICA,AMDOCS,2026-06-05,2026-06-21,PEN,94.86,17.07,111.93,False,111.93,1,False,0.0,111.93,0.0,True,CONCILIADA_EXACTA,True
S1AA-0052182920,2053149169,CLIENT_00413,660219921,299069157,FACTURACION CICLICA,AMDOCS,2026-06-05,2026-06-21,PEN,118.59,21.34,139.93,False,139.93,1,False,0.0,139.93,0.0,True,CONCILIADA_EXACTA,True
S1AA-0051757657,2024687919,CLIENT_00136,40231575,402393063,FACTURACION CICLICA,AMDOCS,2026-06-05,2026-06-21,PEN,14.83,2.67,17.5,False,17.5,1,False,0.0,17.5,0.0,True,CONCILIADA_EXACTA,True
S1AA-0051996616,2057227210,CLIENT_00864,14483575,885741393,FACTURACION CICLICA,AMDOCS,2026-06-05,2026-06-21,PEN,17.79,3.21,21.0,False,21.0,1,False,0.0,21.0,0.0,True,CONCILIADA_EXACTA,True
S1AA-0051900049,2060200980,CLIENT_00350,62740575,210307413,FACTURACION CICLICA,AMDOCS,2026-06-05,2026-06-21,PEN,31.38,5.65,37.03,False,37.03,1,False,0.0,37.03,0.0,True,CONCILIADA_EXACTA,True
S1AA-0051900341,2060200980,CLIENT_00350,62740575,718534043,FACTURACION CICLICA,AMDOCS,2026-06-05,2026-06-21,PEN,31.38,5.65,37.03,False,37.03,1,False,0.0,37.03,0.0,True,CONCILIADA_EXACTA,True
S1AA-0052008912,2086602695,CLIENT_00868,34761575,690551803,FACTURACION CICLICA,AMDOCS,2026-06-05,2026-06-21,PEN,68.75,12.38,81.13,False,81.13,1,False,0.0,81.13,0.0,True,CONCILIADA_EXACTA,True
S1AA-0052197791,2056921911,CLIENT_00644,864899231,159084857,FACTURACION CICLICA,AMDOCS,2026-06-05,2026-06-21,PEN,41.47,7.46,48.93,False,48.93,1,False,0.0,48.93,0.0,True,CONCILIADA_EXACTA,True
S1AA-0052110851,2077617839,CLIENT_00036,75015575,641879501,FACTURACION CICLICA,AMDOCS,2026-06-05,2026-06-21,PEN,31.38,5.65,37.03,False,37.03,1,False,0.0,37.03,0.0,True,CONCILIADA_EXACTA,True
S1AA-0052017166,2029902035,CLIENT_00756,44954575,532128993,FACTURACION CICLICA,AMDOCS,2026-06-05,2026-06-21,PEN,5342.6,961.67,6304.27,False,6304.27,1,False,0.0,6304.27,0.0,True,CONCILIADA_EXACTA,True
S1AA-0051757650,2024687919,CLIENT_00136,40231575,651023063,FACTURACION CICLICA,AMDOCS,2026-06-05,2026-06-21,PEN,13.87,2.51,16.38,False,16.38,1,False,0.0,16.38,0.0,True,CONCILIADA_EXACTA,True
S4AA-0007905896,2029459942,CLIENT_00434,317950531,767269957,FACTURACION CICLICA,AMDOCS,2026-06-09,2026-06-25,PEN,79.79,14.36,94.15,False,94.15,1,False,0.0,94.15,0.0,True,CONCILIADA_EXACTA,True
S4AA-0008136216,2020274387,CLIENT_00535,786498921,966100257,FACTURACION CICLICA,AMDOCS,2026-06-09,2026-06-25,PEN,1.37,0.25,1.61,False,1.61,1,False,0.0,1.61,0.0,True,CONCILIADA_EXACTA,True
S1AA-0051702422,2044862591,CLIENT_00895,69942575,44731601,FACTURACION CICLICA,AMDOCS,2026-06-05,2026-06-21,PEN,16.91,3.04,19.95,False,19.95,1,False,0.0,19.95,0.0,True,CONCILIADA_EXACTA,True
S4AA-0008065617,2074657038,CLIENT_00313,462713531,422243067,FACTURACION CICLICA,AMDOCS,2026-06-09,2026-06-25,PEN,53.33,9.6,62.93,False,62.93,1,False,0.0,62.93,0.0,True,CONCILIADA_EXACTA,True
S4AA-0007915021,2064277467,CLIENT_00871,614056431,830533957,FACTURACION CICLICA,AMDOCS,2026-06-09,2026-06-25,PEN,12.4,2.23,14.63,False,14.63,1,False,0.0,14.63,0.0,True,CONCILIADA_EXACTA,True
S9AA-0081932470,2074327800,CLIENT_00822,78255606,255622057,FACTURACION CICLICA,AMDOCS,2026-06-01,2026-06-17,PEN,91.53,16.49,108.01,False,108.01,1,False,0.0,108.01,0.0,True,CONCILIADA_EXACTA,True
S4AA-0008092813,2039889808,CLIENT_00627,379204421,531906457,FACTURACION CICLICA,AMDOCS,2026-06-09,2026-06-25,PEN,56.06,10.09,66.15,False,66.15,1,False,0.0,66.15,0.0,True,CONCILIADA_EXACTA,True
S1AA-0051948667,2011487576,CLIENT_00046,43763575,399950973,FACTURACION CICLICA,AMDOCS,2026-06-05,2026-06-21,PEN,17.44,3.14,20.58,False,20.58,1,False,0.0,20.58,0.0,True,CONCILIADA_EXACTA,True
S4AA-0007893445,2078847538,CLIENT_00072,900003531,833523067,FACTURACION CICLICA,AMDOCS,2026-06-09,2026-06-25,PEN,82.99,14.94,97.93,False,97.93,1,False,0.0,97.93,0.0,True,CONCILIADA_EXACTA,True
S4AA-0007977192,2097185694,CLIENT_00386,637797321,836051657,FACTURACION CICLICA,AMDOCS,2026-06-09,2026-06-25,PEN,77.06,13.87,90.93,False,90.93,1,False,0.0,90.93,0.0,True,CONCILIADA_EXACTA,True
S4AA-0008160420,2084384500,CLIENT_00932,592217321,344063147,FACTURACION CICLICA,AMDOCS,2026-06-09,2026-06-25,PEN,17.74,3.19,20.93,False,20.93,1,False,0.0,20.93,0.0,True,CONCILIADA_EXACTA,True
S2AA-0000153059,2083104989,CLIENT_00586,190804531,883884067,FACTURACION CICLICA,AMDOCS,2026-06-12,2026-06-24,PEN,106.78,19.22,126.0,False,126.0,1,False,0.0,126.0,0.0,True,CONCILIADA_EXACTA,True
S4AA-0007940004,2077435033,CLIENT_00650,420833431,274188857,FACTURACION CICLICA,AMDOCS,2026-06-09,2026-06-25,PEN,88.92,16.01,104.93,False,104.93,1,False,0.0,104.93,0.0,True,CONCILIADA_EXACTA,True
S4AA-0008166991,2044133904,CLIENT_00571,792185621,712965647,FACTURACION CICLICA,AMDOCS,2026-06-09,2026-06-25,PEN,94.86,17.07,111.93,False,111.93,1,False,0.0,111.93,0.0,True,CONCILIADA_EXACTA,True
S1AA-0052199409,2019351028,CLIENT_00937,96637575,20460601,FACTURACION CICLICA,AMDOCS,2026-06-05,2026-06-21,PEN,23.67,4.26,27.93,False,27.93,1,False,0.0,27.93,0.0,True,CONCILIADA_EXACTA,True
S4AA-0008136215,2020274387,CLIENT_00535,786498921,905489157,FACTURACION CICLICA,AMDOCS,2026-06-09,2026-06-25,PEN,17.79,3.21,21.0,False,21.0,1,False,0.0,21.0,0.0,True,CONCILIADA_EXACTA,True
S1AA-0051920226,2050440165,CLIENT_00596,3677575,388331601,FACTURACION CICLICA,AMDOCS,2026-06-05,2026-06-21,PEN,16.91,3.04,19.95,False,19.95,1,False,0.0,19.95,0.0,True,CONCILIADA_EXACTA,True
S4AA-0008121495,2056163476,CLIENT_00980,285796721,605420857,FACTURACION CICLICA,AMDOCS,2026-06-09,2026-06-25,PEN,136.38,24.55,160.93,False,160.93,1,False,0.0,160.93,0.0,True,CONCILIADA_EXACTA,True
S1AA-0052079251,2033295502,CLIENT_00513,159921021,882812537,FACTURACION CICLICA,AMDOCS,2026-06-05,2026-06-21,PEN,105.53,19.0,124.53,False,124.53,1,False,0.0,124.53,0.0,True,CONCILIADA_EXACTA,True
S4AA-0007942111,2068878174,CLIENT_00009,528629521,44878157,FACTURACION CICLICA,AMDOCS,2026-06-09,2026-06-25,PEN,88.92,16.01,104.93,False,104.93,1,False,0.0,104.93,0.0,True,CONCILIADA_EXACTA,True
S1AA-0051899925,2060200980,CLIENT_00350,62740575,281003703,FACTURACION CICLICA,AMDOCS,2026-06-05,2026-06-21,PEN,31.38,5.65,37.03,False,37.03,1,False,0.0,37.03,0.0,True,CONCILIADA_EXACTA,True
S3AA-0079464694,2006969490,CLIENT_00418,79003575,223963533,FACTURACION CICLICA,AMDOCS,2026-06-15,2026-07-01,PEN,33.16,5.97,39.13,False,39.13,1,False,0.0,39.13,0.0,True,CONCILIADA_EXACTA,True
S3AA-0078946118,2028080362,CLIENT_00042,347990521,964439347,FACTURACION CICLICA,AMDOCS,2026-06-15,2026-07-01,PEN,112.65,20.28,132.93,False,132.93,1,False,0.0,132.93,0.0,True,CONCILIADA_EXACTA,True
S1AA-0052193973,2024654901,CLIENT_00714,86944575,807012493,FACTURACION CICLICA,AMDOCS,2026-06-05,2026-06-21,PEN,412.48,35.74,448.21,False,448.21,2,False,0.0,448.21,0.0,True,CONCILIADA_EXACTA,True
S4AA-0008187139,2047611797,CLIENT_00924,304266331,101118757,FACTURACION CICLICA,AMDOCS,2026-06-09,2026-06-25,PEN,20.53,3.69,24.22,False,24.21,2,False,0.0,24.22,-0.00999999999999801,True,CONCILIADA_EXACTA,True
S4AA-0007989403,2017075761,CLIENT_00777,48725131,863543457,FACTURACION CICLICA,AMDOCS,2026-06-09,2026-06-25,PEN,112.65,20.28,132.93,False,132.93,1,False,0.0,132.93,0.0,True,CONCILIADA_EXACTA,True
S4AA-0008188592,2065722978,CLIENT_00478,403044421,164577247,FACTURACION CICLICA,AMDOCS,2026-06-09,2026-06-25,PEN,49.65,8.94,58.59,False,58.59,1,False,0.0,58.59,0.0,True,CONCILIADA_EXACTA,True
S4AA-0008049123,2094402346,CLIENT_00137,952695231,309610657,FACTURACION CICLICA,AMDOCS,2026-06-09,2026-06-25,PEN,100.86,18.14,119.0,False,119.0,1,False,0.0,119.0,0.0,True,CONCILIADA_EXACTA,True
S3AA-0078714403,2086021462,CLIENT_00730,91494575,917654173,FACTURACION CICLICA,AMDOCS,2026-06-15,2026-07-01,PEN,31.38,5.65,37.03,False,37.03,1,False,0.0,37.03,0.0,True,CONCILIADA_EXACTA,True
S1AA-0051702425,2044862591,CLIENT_00895,69942575,344731601,FACTURACION CICLICA,AMDOCS,2026-06-05,2026-06-21,PEN,16.91,3.04,19.95,False,19.95,1,False,0.0,19.95,0.0,True,CONCILIADA_EXACTA,True
S3AA-0078704413,2013843524,CLIENT_00361,81125575,977872623,FACTURACION CICLICA,AMDOCS,2026-06-15,2026-07-01,PEN,29.96,5.39,35.35,False,35.35,1,False,0.0,35.35,0.0,True,CONCILIADA_EXACTA,True
S1AA-0051739798,2000279692,CLIENT_00168,612575,739030747,FACTURACION CICLICA,AMDOCS,2026-06-05,2026-06-21,PEN,45.98,8.27,54.25,False,54.25,1,False,0.0,54.25,0.0,True,CONCILIADA_EXACTA,True
S9AA-0082281513,2041230831,CLIENT_00071,82071585,654625306,FACTURACION CICLICA,AMDOCS,2026-06-01,2026-06-17,PEN,184.85,33.27,218.12,False,218.12,1,False,0.0,218.12,0.0,True,CONCILIADA_EXACTA,True
S3AA-0079350099,2077915427,CLIENT_00955,68022575,334241601,FACTURACION CICLICA,AMDOCS,2026-06-15,2026-07-01,PEN,16.91,3.04,19.95,False,19.95,1,False,0.0,19.95,0.0,True,CONCILIADA_EXACTA,True
S3AA-0078980759,2006459799,CLIENT_00837,74471575,478329283,FACTURACION CICLICA,AMDOCS,2026-06-15,2026-07-01,PEN,18.98,3.42,22.4,False,22.4,1,False,0.0,22.4,0.0,True,CONCILIADA_EXACTA,True
S4AA-0008062477,2074657038,CLIENT_00313,362713531,322243067,FACTURACION CICLICA,AMDOCS,2026-06-09,2026-06-25,PEN,85.9,15.46,101.36,False,101.36,1,False,0.0,101.36,0.0,True,CONCILIADA_EXACTA,True
S3AA-0079178991,2057100089,CLIENT_00499,96123575,721918001,FACTURACION CICLICA,AMDOCS,2026-06-15,2026-07-01,PEN,53.92,9.71,63.63,False,63.63,1,False,0.0,63.63,0.0,True,CONCILIADA_EXACTA,True
S4AA-0008028366,2086451533,CLIENT_00402,258317531,409349067,FACTURACION CICLICA,AMDOCS,2026-06-09,2026-06-25,PEN,65.19,11.74,76.93,False,76.93,1,False,0.0,76.93,0.0,True,CONCILIADA_EXACTA,True
S4AA-0007940005,2077435033,CLIENT_00650,420833431,373588857,FACTURACION CICLICA,AMDOCS,2026-06-09,2026-06-25,PEN,88.92,16.01,104.93,False,104.93,1,False,0.0,104.93,0.0,True,CONCILIADA_EXACTA,True
S4AA-0008036411,2057932564,CLIENT_00902,558507131,155885457,FACTURACION CICLICA,AMDOCS,2026-06-09,2026-06-25,PEN,53.33,9.6,62.93,False,62.93,1,False,0.0,62.93,0.0,True,CONCILIADA_EXACTA,True
S3AA-0078796651,2006209623,CLIENT_00603,723882231,320925557,FACTURACION CICLICA,AMDOCS,2026-06-15,2026-07-01,PEN,37.31,6.72,44.03,False,44.03,1,False,0.0,44.03,0.0,True,CONCILIADA_EXACTA,True
S4AA-0008120190,2056163476,CLIENT_00980,285796721,710425847,FACTURACION CICLICA,AMDOCS,2026-06-09,2026-06-25,PEN,106.72,19.21,125.93,False,125.93,1,False,0.0,125.93,0.0,True,CONCILIADA_EXACTA,True
S3AA-0079283653,2015648856,CLIENT_00530,8180575,603244403,FACTURACION CICLICA,AMDOCS,2026-06-15,2026-07-01,PEN,14.83,2.67,17.5,False,17.5,1,False,0.0,17.5,0.0,True,CONCILIADA_EXACTA,True
S3AA-0079307311,2021963014,CLIENT_00192,89345575,883265447,FACTURACION CICLICA,AMDOCS,2026-06-15,2026-07-01,PEN,43.25,7.78,51.03,False,51.03,1,False,0.0,51.03,0.0,True,CONCILIADA_EXACTA,True
S9AA-0081883725,2042647818,CLIENT_00266,28064185,533741306,FACTURACION CICLICA,AMDOCS,2026-06-01,2026-06-17,PEN,78.25,14.08,92.33,False,92.33,1,False,0.0,92.33,0.0,True,CONCILIADA_EXACTA,True
S4AA-0008034280,2092594405,CLIENT_00877,455746231,783256957,FACTURACION CICLICA,AMDOCS,2026-06-09,2026-06-25,PEN,79.79,14.36,94.15,False,94.15,1,False,0.0,94.15,0.0,True,CONCILIADA_EXACTA,True
S3AA-0079284781,2068100781,CLIENT_00901,97653575,792551783,FACTURACION CICLICA,AMDOCS,2026-06-15,2026-07-01,PEN,28.11,5.07,33.18,False,33.18,1,False,0.0,33.18,0.0,True,CONCILIADA_EXACTA,True
S4AA-0007940006,2077435033,CLIENT_00650,420833431,241688857,FACTURACION CICLICA,AMDOCS,2026-06-09,2026-06-25,PEN,88.92,16.01,104.93,False,104.93,1,False,0.0,104.93,0.0,True,CONCILIADA_EXACTA,True
S3AA-0078648030,2067647278,CLIENT_00078,21761575,61187963,FACTURACION CICLICA,AMDOCS,2026-06-15,2026-07-01,PEN,27.16,4.9,32.06,False,32.06,1,False,0.0,32.06,0.0,True,CONCILIADA_EXACTA,True
S3AA-0079385239,2003554480,CLIENT_00842,888406011,245345357,FACTURACION CICLICA,AMDOCS,2026-06-15,2026-07-01,PEN,88.92,16.01,104.93,False,104.93,1,False,0.0,104.93,0.0,True,CONCILIADA_EXACTA,True
S1AA-0052160870,2008371952,CLIENT_00582,363035021,840181437,FACTURACION CICLICA,AMDOCS,2026-06-05,2026-06-21,PEN,20.64,3.72,24.36,False,24.36,1,False,0.0,24.36,0.0,True,CONCILIADA_EXACTA,True
S3AA-0078938585,2084680790,CLIENT_00724,248370221,763934357,FACTURACION CICLICA,AMDOCS,2026-06-15,2026-07-01,PEN,41.47,7.46,48.93,False,48.93,1,False,0.0,48.93,0.0,True,CONCILIADA_EXACTA,True
S3AA-0078660245,2020274387,CLIENT_00535,312562221,564211837,FACTURACION CICLICA,AMDOCS,2026-06-15,2026-07-01,PEN,43.25,7.78,51.03,False,51.03,1,False,0.0,51.03,0.0,True,CONCILIADA_EXACTA,True
S4AA-0008125286,2043037576,CLIENT_00102,388334821,742795067,FACTURACION CICLICA,AMDOCS,2026-06-09,2026-06-25,PEN,53.33,9.6,62.93,False,62.93,1,False,0.0,62.93,0.0,True,CONCILIADA_EXACTA,True
S3AA-0079471887,2082422571,CLIENT_00010,792078121,167589757,FACTURACION CICLICA,AMDOCS,2026-06-15,2026-07-01,PEN,41.47,7.46,48.93,False,48.93,1,False,0.0,48.93,0.0,True,CONCILIADA_EXACTA,True
S4AA-0008057076,2054553077,CLIENT_00093,367707321,807053147,FACTURACION CICLICA,AMDOCS,2026-06-09,2026-06-25,PEN,53.92,9.71,63.63,False,63.63,1,False,0.0,63.63,0.0,True,CONCILIADA_EXACTA,True
S4AA-0007991432,2069670596,CLIENT_00647,147374421,200108247,FACTURACION CICLICA,AMDOCS,2026-06-09,2026-06-25,PEN,102.33,18.42,120.75,False,120.75,1,False,0.0,120.75,0.0,True,CONCILIADA_EXACTA,True
S4AA-0007964005,2068423196,CLIENT_00030,237869921,212960257,FACTURACION CICLICA,AMDOCS,2026-06-09,2026-06-25,PEN,41.47,7.46,48.93,False,48.93,1,False,0.0,48.93,0.0,True,CONCILIADA_EXACTA,True
S3AA-0078920007,2037181733,CLIENT_00226,40742521,511774557,FACTURACION CICLICA,AMDOCS,2026-06-15,2026-07-01,PEN,23.67,4.26,27.93,False,27.93,1,False,0.0,27.93,0.0,True,CONCILIADA_EXACTA,True
S3AA-0078789452,2034148976,CLIENT_00370,82556575,922762301,FACTURACION CICLICA,AMDOCS,2026-06-15,2026-07-01,PEN,51.84,9.34,61.18,False,61.18,1,False,0.0,61.18,0.0,True,CONCILIADA_EXACTA,True
S3AA-0078733152,2013697319,CLIENT_00507,12872575,854768543,FACTURACION CICLICA,AMDOCS,2026-06-15,2026-07-01,PEN,37.25,6.71,43.96,False,43.96,1,False,0.0,43.96,0.0,True,CONCILIADA_EXACTA,True
S3AA-0079274092,2068100781,CLIENT_00901,97653575,642431601,FACTURACION CICLICA,AMDOCS,2026-06-15,2026-07-01,PEN,33.75,6.08,39.83,False,39.83,1,False,0.0,39.83,0.0,True,CONCILIADA_EXACTA,True
S3AA-0079305658,2021963014,CLIENT_00192,89345575,287892337,FACTURACION CICLICA,AMDOCS,2026-06-15,2026-07-01,PEN,20.71,3.72,24.43,False,24.43,1,False,0.0,24.43,0.0,True,CONCILIADA_EXACTA,True
S3AA-0078983941,2078922170,CLIENT_00227,741841421,209822247,FACTURACION CICLICA,AMDOCS,2026-06-15,2026-07-01,PEN,63.78,11.47,75.25,False,75.25,1,False,0.0,75.25,0.0,True,CONCILIADA_EXACTA,True
S3AA-0078980907,2006459799,CLIENT_00837,74471575,522164293,FACTURACION CICLICA,AMDOCS,2026-06-15,2026-07-01,PEN,18.98,3.42,22.4,False,22.4,1,False,0.0,22.4,0.0,True,CONCILIADA_EXACTA,True
S3AA-0078694924,2068641471,CLIENT_00978,71690575,434683033,FACTURACION CICLICA,AMDOCS,2026-06-15,2026-07-01,PEN,25.45,4.58,30.03,False,30.03,1,False,0.0,30.03,0.0,True,CONCILIADA_EXACTA,True
S3AA-0079332302,2082043891,CLIENT_00584,38282575,885925783,FACTURACION CICLICA,AMDOCS,2026-06-15,2026-07-01,PEN,49.18,8.86,58.03,False,58.03,1,False,0.0,58.03,0.0,True,CONCILIADA_EXACTA,True
S3AA-0079359993,2077915427,CLIENT_00955,68022575,940035423,FACTURACION CICLICA,AMDOCS,2026-06-15,2026-07-01,PEN,19.88,3.57,23.45,False,23.45,1,False,0.0,23.45,0.0,True,CONCILIADA_EXACTA,True
S1AA-0051954675,2058797594,CLIENT_00421,53591575,146920023,FACTURACION CICLICA,AMDOCS,2026-06-05,2026-06-21,PEN,18.69,3.36,22.05,False,22.05,1,False,0.0,22.05,0.0,True,CONCILIADA_EXACTA,True
S4AA-0008032009,2048390773,CLIENT_00150,455224321,452647047,FACTURACION CICLICA,AMDOCS,2026-06-09,2026-06-25,PEN,136.32,24.54,160.86,False,160.86,1,False,0.0,160.86,0.0,True,CONCILIADA_EXACTA,True
S3AA-0078836208,2093387336,CLIENT_00580,138337721,340321067,FACTURACION CICLICA,AMDOCS,2026-06-15,2026-07-01,PEN,127.3,22.92,150.22,False,150.22,1,False,0.0,150.22,0.0,True,CONCILIADA_EXACTA,True
S9AA-0081937391,2074129386,CLIENT_00882,88569616,365976606,FACTURACION CICLICA,AMDOCS,2026-06-01,2026-06-17,PEN,62.29,11.21,73.5,False,73.5,1,False,0.0,73.5,0.0,True,CONCILIADA_EXACTA,True
S3AA-0078999004,1002033932,CLIENT_00092,5551575,781721923,FACTURACION CICLICA,AMDOCS,2026-06-15,2026-07-01,PEN,39.69,7.14,46.83,False,46.83,1,False,0.0,46.83,0.0,True,CONCILIADA_EXACTA,True
S3AA-0078857097,2067006652,CLIENT_00878,43445575,985512673,FACTURACION CICLICA,AMDOCS,2026-06-15,2026-07-01,PEN,44.43,8.0,52.43,False,52.43,1,False,0.0,52.43,0.0,True,CONCILIADA_EXACTA,True
S3AA-0079026969,2025967685,CLIENT_00216,35646575,197032201,FACTURACION CICLICA,AMDOCS,2026-06-15,2026-07-01,PEN,21.12,3.8,24.92,False,24.92,1,False,0.0,24.92,0.0,True,CONCILIADA_EXACTA,True
S4AA-0007940003,2077435033,CLIENT_00650,420833431,152188857,FACTURACION CICLICA,AMDOCS,2026-06-09,2026-06-25,PEN,88.92,16.01,104.93,False,104.93,1,False,0.0,104.93,0.0,True,CONCILIADA_EXACTA,True
S3AA-0078932032,2071316506,CLIENT_00040,34954575,546690601,FACTURACION CICLICA,AMDOCS,2026-06-15,2026-07-01,PEN,36.48,6.57,43.05,False,43.05,1,False,0.0,43.05,0.0,True,CONCILIADA_EXACTA,True
S3AA-0078837957,2040265328,CLIENT_00922,23224575,21311463,FACTURACION CICLICA,AMDOCS,2026-06-15,2026-07-01,PEN,22.41,4.05,26.46,False,26.46,1,False,0.0,26.46,0.0,True,CONCILIADA_EXACTA,True
S3AA-0078940449,2070960858,CLIENT_00456,244253411,726927957,FACTURACION CICLICA,AMDOCS,2026-06-15,2026-07-01,PEN,50.96,9.17,60.13,False,60.13,1,False,0.0,60.13,0.0,True,CONCILIADA_EXACTA,True
S3AA-0078713774,2001156117,CLIENT_00442,91425575,793447523,FACTURACION CICLICA,AMDOCS,2026-06-15,2026-07-01,PEN,77.06,13.87,90.93,False,90.93,1,False,0.0,90.93,0.0,True,CONCILIADA_EXACTA,True
S3AA-0079175703,2032635276,CLIENT_00664,762647921,859207157,FACTURACION CICLICA,AMDOCS,2026-06-15,2026-07-01,PEN,75.17,13.52,88.69,False,88.69,1,False,0.0,88.69,0.0,True,CONCILIADA_EXACTA,True
S3AA-0079042915,2025967685,CLIENT_00216,35646575,410047257,FACTURACION CICLICA,AMDOCS,2026-06-15,2026-07-01,PEN,41.47,7.46,48.93,False,48.93,1,False,0.0,48.93,0.0,True,CONCILIADA_EXACTA,True
S1AA-0051764280,2084074807,CLIENT_00310,50984575,398430143,FACTURACION CICLICA,AMDOCS,2026-06-05,2026-06-21,PEN,31.38,5.65,37.03,False,37.03,1,False,0.0,37.03,0.0,True,CONCILIADA_EXACTA,True
S4AA-0007903945,2064574452,CLIENT_00897,318317521,645640547,FACTURACION CICLICA,AMDOCS,2026-06-09,2026-06-25,PEN,118.47,21.32,139.79,False,139.79,1,False,0.0,139.79,0.0,True,CONCILIADA_EXACTA,True
S3AA-0078657049,2095824297,CLIENT_00323,31282575,649532333,FACTURACION CICLICA,AMDOCS,2026-06-15,2026-07-01,PEN,35.6,6.4,42.0,False,42.0,1,False,0.0,42.0,0.0,True,CONCILIADA_EXACTA,True
S3AA-0078837867,2040265328,CLIENT_00922,23224575,630266753,FACTURACION CICLICA,AMDOCS,2026-06-15,2026-07-01,PEN,18.92,3.41,22.33,False,22.33,1,False,0.0,22.33,0.0,True,CONCILIADA_EXACTA,True
S3AA-0079160653,2038330759,CLIENT_00758,66433575,10936043,FACTURACION CICLICA,AMDOCS,2026-06-15,2026-07-01,PEN,48.94,8.81,57.75,False,57.75,1,False,0.0,57.75,0.0,True,CONCILIADA_EXACTA,True
S4AA-0007946304,2042324093,CLIENT_00826,625453431,682709857,FACTURACION CICLICA,AMDOCS,2026-06-09,2026-06-25,PEN,100.79,18.14,118.93,False,118.93,1,False,0.0,118.93,0.0,True,CONCILIADA_EXACTA,True
S3AA-0078648207,2067647278,CLIENT_00078,21761575,402521183,FACTURACION CICLICA,AMDOCS,2026-06-15,2026-07-01,PEN,43.18,7.78,50.96,False,50.96,1,False,0.0,50.96,0.0,True,CONCILIADA_EXACTA,True
S4AA-0008024589,2009768742,CLIENT_00967,150612921,407429857,FACTURACION CICLICA,AMDOCS,2026-06-09,2026-06-25,PEN,59.26,10.67,69.93,False,69.93,1,False,0.0,69.93,0.0,True,CONCILIADA_EXACTA,True
S3AA-0079274091,2068100781,CLIENT_00901,97653575,442431601,FACTURACION CICLICA,AMDOCS,2026-06-15,2026-07-01,PEN,33.75,6.08,39.83,False,39.83,1,False,0.0,39.83,0.0,True,CONCILIADA_EXACTA,True
S3AA-0078940450,2070960858,CLIENT_00456,244253411,586927957,FACTURACION CICLICA,AMDOCS,2026-06-15,2026-07-01,PEN,38.19,6.89,45.08,False,45.08,1,False,0.0,45.08,0.0,True,CONCILIADA_EXACTA,True
S3AA-0078713571,2094037394,CLIENT_00744,91516575,143072613,FACTURACION CICLICA,AMDOCS,2026-06-15,2026-07-01,PEN,49.77,8.96,58.73,False,58.73,1,False,0.0,58.73,0.0,True,CONCILIADA_EXACTA,True
S3AA-0078635388,2057750040,CLIENT_00558,11790331,415948657,FACTURACION CICLICA,AMDOCS,2026-06-15,2026-07-01,PEN,41.47,7.46,48.93,False,48.93,1,False,0.0,48.93,0.0,True,CONCILIADA_EXACTA,True
S3AA-0079024315,2028148322,CLIENT_00798,155368321,952262457,FACTURACION CICLICA,AMDOCS,2026-06-15,2026-07-01,PEN,71.13,12.8,83.93,False,83.93,1,False,0.0,83.93,0.0,True,CONCILIADA_EXACTA,True
S3AA-0078599486,2023281496,CLIENT_00538,80317575,542639501,FACTURACION CICLICA,AMDOCS,2026-06-15,2026-07-01,PEN,49.18,8.86,58.03,False,58.03,1,False,0.0,58.03,0.0,True,CONCILIADA_EXACTA,True
S3AA-0078616414,2023281496,CLIENT_00538,80317575,834498657,FACTURACION CICLICA,AMDOCS,2026-06-15,2026-07-01,PEN,168.83,30.39,199.22,False,199.22,1,False,0.0,199.22,0.0,True,CONCILIADA_EXACTA,True
S3AA-0078951568,2072848608,CLIENT_00545,54962575,830335233,FACTURACION CICLICA,AMDOCS,2026-06-15,2026-07-01,PEN,20.83,3.74,24.57,False,24.57,1,False,0.0,24.57,0.0,True,CONCILIADA_EXACTA,True
S3AA-0079207712,2096452817,CLIENT_00208,27153575,315572113,FACTURACION CICLICA,AMDOCS,2026-06-15,2026-07-01,PEN,33.75,6.08,39.83,False,39.83,1,False,0.0,39.83,0.0,True,CONCILIADA_EXACTA,True
S3AA-0078579453,2070960858,CLIENT_00456,401913421,326927957,FACTURACION CICLICA,AMDOCS,2026-06-15,2026-07-01,PEN,38.19,6.89,45.08,False,45.08,1,False,0.0,45.08,0.0,True,CONCILIADA_EXACTA,True
S3AA-0079425402,2025424256,CLIENT_00721,297043021,341943067,FACTURACION CICLICA,AMDOCS,2026-06-15,2026-07-01,PEN,23.67,4.26,27.93,False,27.93,1,False,0.0,27.93,0.0,True,CONCILIADA_EXACTA,True
S3AA-0079093801,2066708502,CLIENT_00083,6594575,903148513,FACTURACION CICLICA,AMDOCS,2026-06-15,2026-07-01,PEN,40.05,7.2,47.25,False,47.25,1,False,0.0,47.25,0.0,True,CONCILIADA_EXACTA,True
S3AA-0078733924,2037889248,CLIENT_00761,12041575,516592593,FACTURACION CICLICA,AMDOCS,2026-06-15,2026-07-01,PEN,29.6,5.33,34.93,False,34.93,1,False,0.0,34.93,0.0,True,CONCILIADA_EXACTA,True
S9AA-0081731400,2021032699,CLIENT_00278,460158211,980490627,FACTURACION CICLICA,AMDOCS,2026-06-01,2026-06-17,PEN,44.2,7.95,52.15,False,52.15,1,False,0.0,52.15,0.0,True,CONCILIADA_EXACTA,True
S9AA-0082461075,2098309864,CLIENT_00512,84251595,288157067,FACTURACION CICLICA,AMDOCS,2026-06-01,2026-06-17,PEN,53.33,9.6,62.93,False,62.93,1,False,0.0,62.93,0.0,True,CONCILIADA_EXACTA,True
S3AA-0078579520,2070960858,CLIENT_00456,401913421,259110067,FACTURACION CICLICA,AMDOCS,2026-06-15,2026-07-01,PEN,26.4,4.75,31.15,False,31.15,1,False,0.0,31.15,0.0,True,CONCILIADA_EXACTA,True
S3AA-0078763064,2007774830,CLIENT_00695,424360011,519759817,FACTURACION CICLICA,AMDOCS,2026-06-15,2026-07-01,PEN,49.18,8.86,58.03,False,58.03,1,False,0.0,58.03,0.0,True,CONCILIADA_EXACTA,True
S3AA-0078579456,2070960858,CLIENT_00456,401913421,861037957,FACTURACION CICLICA,AMDOCS,2026-06-15,2026-07-01,PEN,35.53,6.4,41.93,False,41.93,1,False,0.0,41.93,0.0,True,CONCILIADA_EXACTA,True
S3AA-0078885312,2052009555,CLIENT_00491,53863575,609978353,FACTURACION CICLICA,AMDOCS,2026-06-15,2026-07-01,PEN,19.88,3.57,23.45,False,23.45,1,False,0.0,23.45,0.0,True,CONCILIADA_EXACTA,True
S3AA-0078920008,2037181733,CLIENT_00226,40742521,560084557,FACTURACION CICLICA,AMDOCS,2026-06-15,2026-07-01,PEN,47.4,8.53,55.93,False,55.93,1,False,0.0,55.93,0.0,True,CONCILIADA_EXACTA,True
S3AA-0079472058,2082422571,CLIENT_00010,792078121,510144857,FACTURACION CICLICA,AMDOCS,2026-06-15,2026-07-01,PEN,81.69,14.7,96.39,False,96.39,1,False,0.0,96.39,0.0,True,CONCILIADA_EXACTA,True
S3AA-0079282897,2088412995,CLIENT_00410,87777575,561737067,FACTURACION CICLICA,AMDOCS,2026-06-15,2026-07-01,PEN,41.47,7.46,48.93,False,48.93,1,False,0.0,48.93,0.0,True,CONCILIADA_EXACTA,True
S3AA-0079369122,2036822926,CLIENT_00194,88087575,786761601,FACTURACION CICLICA,AMDOCS,2026-06-15,2026-07-01,PEN,25.45,4.58,30.03,False,30.03,1,False,0.0,30.03,0.0,True,CONCILIADA_EXACTA,True
S3AA-0079274693,2002657495,CLIENT_00013,87633575,456087043,FACTURACION CICLICA,AMDOCS,2026-06-15,2026-07-01,PEN,36.48,6.57,43.05,False,43.05,1,False,0.0,43.05,0.0,True,CONCILIADA_EXACTA,True
S3AA-0079042659,2058548876,CLIENT_00683,355637921,663986157,FACTURACION CICLICA,AMDOCS,2026-06-15,2026-07-01,PEN,53.33,9.6,62.93,False,62.93,1,False,0.0,62.93,0.0,True,CONCILIADA_EXACTA,True
S3AA-0079379213,2044862591,CLIENT_00895,88942575,732812923,FACTURACION CICLICA,AMDOCS,2026-06-15,2026-07-01,PEN,28.11,5.07,33.18,False,33.18,1,False,0.0,33.18,0.0,True,CONCILIADA_EXACTA,True
S3AA-0078647136,2067647278,CLIENT_00078,21761575,488531213,FACTURACION CICLICA,AMDOCS,2026-06-15,2026-07-01,PEN,43.25,7.78,51.03,False,51.03,1,False,0.0,51.03,0.0,True,CONCILIADA_EXACTA,True
S3AA-0079199301,2004755252,CLIENT_00017,7004575,131851673,FACTURACION CICLICA,AMDOCS,2026-06-15,2026-07-01,PEN,89.63,16.14,105.77,False,105.77,1,False,0.0,105.77,0.0,True,CONCILIADA_EXACTA,True
S3AA-0079241650,2003216433,CLIENT_00243,477725311,184680947,FACTURACION CICLICA,AMDOCS,2026-06-15,2026-07-01,PEN,97.76,17.6,115.36,False,115.36,1,False,0.0,115.36,0.0,True,CONCILIADA_EXACTA,True
S3AA-0078932588,2028873503,CLIENT_00053,34531575,10924823,FACTURACION CICLICA,AMDOCS,2026-06-15,2026-07-01,PEN,12.69,2.29,14.98,False,14.98,1,False,0.0,14.98,0.0,True,CONCILIADA_EXACTA,True
S9AA-0082240550,2025935157,CLIENT_00401,323807011,303050817,FACTURACION CICLICA,AMDOCS,2026-06-01,2026-06-17,PEN,138.22,24.88,163.1,False,163.1,1,False,0.0,163.1,0.0,True,CONCILIADA_EXACTA,True
S3AA-0079154256,2079287596,CLIENT_00457,567110221,286284737,FACTURACION CICLICA,AMDOCS,2026-06-15,2026-07-01,PEN,69.88,12.58,82.46,False,82.46,1,False,0.0,82.46,0.0,True,CONCILIADA_EXACTA,True
S9AA-0082344814,2041506167,CLIENT_00025,53091575,56319627,FACTURACION CICLICA,AMDOCS,2026-06-01,2026-06-17,PEN,58.02,10.44,68.46,False,68.46,1,False,0.0,68.46,0.0,True,CONCILIADA_EXACTA,True
S3AA-0078932584,2085420441,CLIENT_00762,34542575,44822823,FACTURACION CICLICA,AMDOCS,2026-06-15,2026-07-01,PEN,19.04,3.43,22.47,False,22.47,1,False,0.0,22.47,0.0,True,CONCILIADA_EXACTA,True
S3AA-0078965400,2038638301,CLIENT_00391,543454421,354077447,FACTURACION CICLICA,AMDOCS,2026-06-15,2026-07-01,PEN,64.01,11.52,75.53,False,75.53,1,False,0.0,75.53,0.0,True,CONCILIADA_EXACTA,True
S3AA-0078803604,2027087229,CLIENT_00844,822584421,871428247,FACTURACION CICLICA,AMDOCS,2026-06-15,2026-07-01,PEN,109.45,19.7,129.15,False,129.15,1,False,0.0,129.15,0.0,True,CONCILIADA_EXACTA,True
S3AA-0078980466,2006459799,CLIENT_00837,74471575,147616463,FACTURACION CICLICA,AMDOCS,2026-06-15,2026-07-01,PEN,18.98,3.42,22.4,False,22.4,1,False,0.0,22.4,0.0,True,CONCILIADA_EXACTA,True
S3AA-0079433644,2091534039,CLIENT_00872,397147921,239879657,FACTURACION CICLICA,AMDOCS,2026-06-15,2026-07-01,PEN,121.97,21.95,143.92,False,143.92000000000002,2,False,0.0,143.92,2.842170943040401e-14,True,CONCILIADA_EXACTA,True
S3AA-0078980845,2006459799,CLIENT_00837,74471575,786140983,FACTURACION CICLICA,AMDOCS,2026-06-15,2026-07-01,PEN,43.25,7.78,51.03,False,51.03,1,False,0.0,51.03,0.0,True,CONCILIADA_EXACTA,True
S9AA-0082374544,2016722807,CLIENT_00364,838714921,300241957,FACTURACION CICLICA,AMDOCS,2026-06-01,2026-06-17,PEN,20.7,3.73,24.43,False,24.43,1,False,0.0,24.43,0.0,True,CONCILIADA_EXACTA,True
S9AA-0081875593,2078692933,CLIENT_00993,18160985,752519306,FACTURACION CICLICA,AMDOCS,2026-06-01,2026-06-17,PEN,47.4,8.53,55.93,False,55.93,1,False,0.0,55.93,0.0,True,CONCILIADA_EXACTA,True
S3AA-0078922518,2041085342,CLIENT_00197,24077575,599021601,FACTURACION CICLICA,AMDOCS,2026-06-15,2026-07-01,PEN,14.24,2.56,16.8,False,16.8,1,False,0.0,16.8,0.0,True,CONCILIADA_EXACTA,True
S3AA-0079360182,2077915427,CLIENT_00955,68022575,596504733,FACTURACION CICLICA,AMDOCS,2026-06-15,2026-07-01,PEN,15.73,2.82,18.55,False,18.55,1,False,0.0,18.55,0.0,True,CONCILIADA_EXACTA,True
S3AA-0079252704,2094902246,CLIENT_00008,571644011,999010657,FACTURACION CICLICA,AMDOCS,2026-06-15,2026-07-01,PEN,94.86,17.07,111.93,False,111.93,1,False,0.0,111.93,0.0,True,CONCILIADA_EXACTA,True
S3AA-0078851427,2090334510,CLIENT_00875,332812621,71849547,FACTURACION CICLICA,AMDOCS,2026-06-15,2026-07-01,PEN,105.53,19.0,124.53,False,124.53,1,False,0.0,124.53,0.0,True,CONCILIADA_EXACTA,True
S3AA-0078915060,2075957069,CLIENT_00305,45109311,536052327,FACTURACION CICLICA,AMDOCS,2026-06-15,2026-07-01,PEN,49.18,8.86,58.03,False,58.03,1,False,0.0,58.03,0.0,True,CONCILIADA_EXACTA,True
S3AA-0078695272,2031091013,CLIENT_00196,71934575,783330853,FACTURACION CICLICA,AMDOCS,2026-06-15,2026-07-01,PEN,25.14,4.54,29.68,False,29.68,1,False,0.0,29.68,0.0,True,CONCILIADA_EXACTA,True
S3AA-0079360183,2077915427,CLIENT_00955,68022575,696504733,FACTURACION CICLICA,AMDOCS,2026-06-15,2026-07-01,PEN,15.73,2.82,18.55,False,18.55,1,False,0.0,18.55,0.0,True,CONCILIADA_EXACTA,True
S3AA-0079274694,2002657495,CLIENT_00013,87633575,956087043,FACTURACION CICLICA,AMDOCS,2026-06-15,2026-07-01,PEN,46.21,8.32,54.53,False,54.53,1,False,0.0,54.53,0.0,True,CONCILIADA_EXACTA,True
S3AA-0079133583,2007774830,CLIENT_00695,367433111,890391917,FACTURACION CICLICA,AMDOCS,2026-06-15,2026-07-01,PEN,54.46,9.8,64.26,False,64.26,1,False,0.0,64.26,0.0,True,CONCILIADA_EXACTA,True
S3AA-0079425404,2025424256,CLIENT_00721,297043021,536553067,FACTURACION CICLICA,AMDOCS,2026-06-15,2026-07-01,PEN,23.67,4.26,27.93,False,27.93,1,False,0.0,27.93,0.0,True,CONCILIADA_EXACTA,True
S3AA-0078885182,2052009555,CLIENT_00491,53863575,854401443,FACTURACION CICLICA,AMDOCS,2026-06-15,2026-07-01,PEN,46.14,8.32,54.46,False,54.46,1,False,0.0,54.46,0.0,True,CONCILIADA_EXACTA,True
S3AA-0079217138,2062201122,CLIENT_00210,37890575,820315303,FACTURACION CICLICA,AMDOCS,2026-06-15,2026-07-01,PEN,33.75,6.08,39.83,False,39.83,1,False,0.0,39.83,0.0,True,CONCILIADA_EXACTA,True
S3AA-0078885180,2052009555,CLIENT_00491,53863575,663401443,FACTURACION CICLICA,AMDOCS,2026-06-15,2026-07-01,PEN,46.21,8.32,54.53,False,54.53,1,False,0.0,54.53,0.0,True,CONCILIADA_EXACTA,True
S3AA-0078657050,2095824297,CLIENT_00323,31282575,849532333,FACTURACION CICLICA,AMDOCS,2026-06-15,2026-07-01,PEN,35.53,6.4,41.93,False,41.93,1,False,0.0,41.93,0.0,True,CONCILIADA_EXACTA,True
S3AA-0079361702,2077915427,CLIENT_00955,68022575,989552917,FACTURACION CICLICA,AMDOCS,2026-06-15,2026-07-01,PEN,15.66,2.82,18.48,False,18.48,1,False,0.0,18.48,0.0,True,CONCILIADA_EXACTA,True
S3AA-0078932566,2028873503,CLIENT_00053,34531575,210355723,FACTURACION CICLICA,AMDOCS,2026-06-15,2026-07-01,PEN,12.69,2.29,14.98,False,14.98,1,False,0.0,14.98,0.0,True,CONCILIADA_EXACTA,True
S9AA-0081651547,2010060777,CLIENT_00473,65329895,614898406,FACTURACION CICLICA,AMDOCS,2026-06-01,2026-06-17,PEN,174.35,31.38,205.73,False,205.73,1,False,0.0,205.73,0.0,True,CONCILIADA_EXACTA,True
S9AA-0081890478,2050440165,CLIENT_00596,28793006,493077857,FACTURACION CICLICA,AMDOCS,2026-06-01,2026-06-17,PEN,100.79,18.14,118.93,False,118.93,1,False,0.0,118.93,0.0,True,CONCILIADA_EXACTA,True
S3AA-0078673192,2044479748,CLIENT_00957,412171921,610099557,FACTURACION CICLICA,AMDOCS,2026-06-15,2026-07-01,PEN,47.46,8.54,56.0,False,56.0,1,False,0.0,56.0,0.0,True,CONCILIADA_EXACTA,True
S3AA-0079467773,2082422571,CLIENT_00010,792078121,391821737,FACTURACION CICLICA,AMDOCS,2026-06-15,2026-07-01,PEN,47.4,8.53,55.93,False,55.93,1,False,0.0,55.93,0.0,True,CONCILIADA_EXACTA,True
S3AA-0078930050,2031853028,CLIENT_00531,148721331,275898657,FACTURACION CICLICA,AMDOCS,2026-06-15,2026-07-01,PEN,59.26,10.67,69.93,False,69.93,1,False,0.0,69.93,0.0,True,CONCILIADA_EXACTA,True
S3AA-0079388836,2028110957,CLIENT_00960,98614575,683070253,FACTURACION CICLICA,AMDOCS,2026-06-15,2026-07-01,PEN,31.38,5.65,37.03,False,37.03,1,False,0.0,37.03,0.0,True,CONCILIADA_EXACTA,True
S3AA-0079464719,2006969490,CLIENT_00418,79003575,931637733,FACTURACION CICLICA,AMDOCS,2026-06-15,2026-07-01,PEN,34.11,6.14,40.25,False,40.25,1,False,0.0,40.25,0.0,True,CONCILIADA_EXACTA,True
S3AA-0078750720,2074242971,CLIENT_00479,220136621,618805067,FACTURACION CICLICA,AMDOCS,2026-06-15,2026-07-01,PEN,100.86,18.14,119.0,False,119.0,1,False,0.0,119.0,0.0,True,CONCILIADA_EXACTA,True
S3AA-0078584539,2026820794,CLIENT_00028,504642321,942433047,FACTURACION CICLICA,AMDOCS,2026-06-15,2026-07-01,PEN,48.87,8.81,57.68,False,57.68,1,False,0.0,57.68,0.0,True,CONCILIADA_EXACTA,True
S3AA-0079303931,2021963014,CLIENT_00192,89345575,303701283,FACTURACION CICLICA,AMDOCS,2026-06-15,2026-07-01,PEN,71.13,12.8,83.93,False,83.93,1,False,0.0,83.93,0.0,True,CONCILIADA_EXACTA,True
S3AA-0079312767,2025216315,CLIENT_00075,18781575,491844333,FACTURACION CICLICA,AMDOCS,2026-06-15,2026-07-01,PEN,29.01,5.22,34.23,False,34.23,1,False,0.0,34.23,0.0,True,CONCILIADA_EXACTA,True
S3AA-0078875952,1031024653,CLIENT_00975,73812575,294918863,FACTURACION CICLICA,AMDOCS,2026-06-15,2026-07-01,PEN,56.29,10.14,66.43,False,66.43,1,False,0.0,66.43,0.0,True,CONCILIADA_EXACTA,True
S3AA-0079436766,2067006652,CLIENT_00878,49235575,459592673,FACTURACION CICLICA,AMDOCS,2026-06-15,2026-07-01,PEN,38.49,6.94,45.43,False,45.43,1,False,0.0,45.43,0.0,True,CONCILIADA_EXACTA,True
S3AA-0079221295,2000097055,CLIENT_00892,272818321,966665147,FACTURACION CICLICA,AMDOCS,2026-06-15,2026-07-01,PEN,18.98,3.42,22.4,False,22.4,1,False,0.0,22.4,0.0,True,CONCILIADA_EXACTA,True
S3AA-0079359994,2077915427,CLIENT_00955,68022575,970035423,FACTURACION CICLICA,AMDOCS,2026-06-15,2026-07-01,PEN,23.14,4.16,27.3,False,27.3,1,False,0.0,27.3,0.0,True,CONCILIADA_EXACTA,True
S3AA-0078559377,2081245613,CLIENT_00129,207627921,199681757,FACTURACION CICLICA,AMDOCS,2026-06-15,2026-07-01,PEN,109.63,19.73,129.36,False,129.36,1,False,0.0,129.36,0.0,True,CONCILIADA_EXACTA,True
S3AA-0079325671,2014220137,CLIENT_00553,287712321,306693047,FACTURACION CICLICA,AMDOCS,2026-06-15,2026-07-01,PEN,54.93,9.89,64.82,False,64.82,1,False,0.0,64.82,0.0,True,CONCILIADA_EXACTA,True
S3AA-0079104314,2091733360,CLIENT_00277,6703575,437263783,FACTURACION CICLICA,AMDOCS,2026-06-15,2026-07-01,PEN,33.75,6.08,39.83,False,39.83,1,False,0.0,39.83,0.0,True,CONCILIADA_EXACTA,True
S3AA-0078980991,2006459799,CLIENT_00837,74471575,848434793,FACTURACION CICLICA,AMDOCS,2026-06-15,2026-07-01,PEN,18.98,3.42,22.4,False,22.4,1,False,0.0,22.4,0.0,True,CONCILIADA_EXACTA,True
S3AA-0078661177,2020274387,CLIENT_00535,312562221,682205447,FACTURACION CICLICA,AMDOCS,2026-06-15,2026-07-01,PEN,25.45,4.58,30.03,False,30.03,1,False,0.0,30.03,0.0,True,CONCILIADA_EXACTA,True
S3AA-0079331506,2082043891,CLIENT_00584,38282575,410910233,FACTURACION CICLICA,AMDOCS,2026-06-15,2026-07-01,PEN,53.92,9.71,63.63,False,63.63,1,False,0.0,63.63,0.0,True,CONCILIADA_EXACTA,True
S3AA-0078932639,2028873503,CLIENT_00053,34531575,813589923,FACTURACION CICLICA,AMDOCS,2026-06-15,2026-07-01,PEN,13.58,2.45,16.03,False,16.03,1,False,0.0,16.03,0.0,True,CONCILIADA_EXACTA,True
S3AA-0079296802,2008935428,CLIENT_00164,87471221,336668737,FACTURACION CICLICA,AMDOCS,2026-06-15,2026-07-01,PEN,71.13,12.8,83.93,False,83.93,1,False,0.0,83.93,0.0,True,CONCILIADA_EXACTA,True
S3AA-0078647137,2067647278,CLIENT_00078,21761575,829531213,FACTURACION CICLICA,AMDOCS,2026-06-15,2026-07-01,PEN,43.25,7.78,51.03,False,51.03,1,False,0.0,51.03,0.0,True,CONCILIADA_EXACTA,True
S9AA-0082060892,2046973081,CLIENT_00855,10261906,298836047,FACTURACION CICLICA,AMDOCS,2026-06-01,2026-06-17,PEN,67.33,12.12,79.45,False,79.45,1,False,0.0,79.45,0.0,True,CONCILIADA_EXACTA,True
S3AA-0078920009,2037181733,CLIENT_00226,40742521,970084557,FACTURACION CICLICA,AMDOCS,2026-06-15,2026-07-01,PEN,23.67,4.26,27.93,False,27.93,1,False,0.0,27.93,0.0,True,CONCILIADA_EXACTA,True
S3AA-0078635098,2094370630,CLIENT_00139,18002321,394901657,FACTURACION CICLICA,AMDOCS,2026-06-15,2026-07-01,PEN,100.79,18.14,118.93,False,118.93,1,False,0.0,118.93,0.0,True,CONCILIADA_EXACTA,True
S3AA-0079425403,2025424256,CLIENT_00721,297043021,435943067,FACTURACION CICLICA,AMDOCS,2026-06-15,2026-07-01,PEN,23.67,4.26,27.93,False,27.93,1,False,0.0,27.93,0.0,True,CONCILIADA_EXACTA,True
S3AA-0079332203,2082043891,CLIENT_00584,38282575,323625283,FACTURACION CICLICA,AMDOCS,2026-06-15,2026-07-01,PEN,68.16,12.27,80.43,False,80.43,1,False,0.0,80.43,0.0,True,CONCILIADA_EXACTA,True
S3AA-0079122964,2080713308,CLIENT_00225,26052575,75594063,FACTURACION CICLICA,AMDOCS,2026-06-15,2026-07-01,PEN,24.86,4.47,29.33,False,29.33,1,False,0.0,29.33,0.0,True,CONCILIADA_EXACTA,True
S3AA-0079360181,2077915427,CLIENT_00955,68022575,396504733,FACTURACION CICLICA,AMDOCS,2026-06-15,2026-07-01,PEN,15.73,2.82,18.55,False,18.55,1,False,0.0,18.55,0.0,True,CONCILIADA_EXACTA,True
S3AA-0078932565,2028873503,CLIENT_00053,34531575,800355723,FACTURACION CICLICA,AMDOCS,2026-06-15,2026-07-01,PEN,13.58,2.45,16.03,False,16.03,1,False,0.0,16.03,0.0,True,CONCILIADA_EXACTA,True
S9AA-0082108076,2028712026,CLIENT_00204,80750575,306216173,FACTURACION CICLICA,AMDOCS,2026-06-01,2026-06-17,PEN,24.56,4.42,28.98,False,28.98,1,False,0.0,28.98,0.0,True,CONCILIADA_EXACTA,True
S3AA-0079274692,2002657495,CLIENT_00013,87633575,665087043,FACTURACION CICLICA,AMDOCS,2026-06-15,2026-07-01,PEN,39.69,7.14,46.83,False,46.83,1,False,0.0,46.83,0.0,True,CONCILIADA_EXACTA,True
S3AA-0078742044,2057768570,CLIENT_00068,32621575,492061703,FACTURACION CICLICA,AMDOCS,2026-06-15,2026-07-01,PEN,44.44,7.99,52.43,False,52.43,1,False,0.0,52.43,0.0,True,CONCILIADA_EXACTA,True
S3AA-0079307058,2021963014,CLIENT_00192,89345575,465296247,FACTURACION CICLICA,AMDOCS,2026-06-15,2026-07-01,PEN,25.45,4.58,30.03,False,30.03,1,False,0.0,30.03,0.0,True,CONCILIADA_EXACTA,True
S3AA-0078980981,2006459799,CLIENT_00837,74471575,68080793,FACTURACION CICLICA,AMDOCS,2026-06-15,2026-07-01,PEN,18.98,3.42,22.4,False,22.4,1,False,0.0,22.4,0.0,True,CONCILIADA_EXACTA,True
S3AA-0078733151,2013697319,CLIENT_00507,12872575,654768543,FACTURACION CICLICA,AMDOCS,2026-06-15,2026-07-01,PEN,37.25,6.71,43.96,False,43.96,1,False,0.0,43.96,0.0,True,CONCILIADA_EXACTA,True
S3AA-0078562065,2016738253,CLIENT_00320,30344575,277349343,FACTURACION CICLICA,AMDOCS,2026-06-15,2026-07-01,PEN,27.23,4.9,32.13,False,32.13,1,False,0.0,32.13,0.0,True,CONCILIADA_EXACTA,True
S3AA-0078808517,2088688350,CLIENT_00267,3725575,530221601,FACTURACION CICLICA,AMDOCS,2026-06-15,2026-07-01,PEN,64.96,11.69,76.65,False,76.65,1,False,0.0,76.65,0.0,True,CONCILIADA_EXACTA,True
S3AA-0079027018,2056934422,CLIENT_00124,35686575,642991501,FACTURACION CICLICA,AMDOCS,2026-06-15,2026-07-01,PEN,18.92,3.41,22.33,False,22.33,1,False,0.0,22.33,0.0,True,CONCILIADA_EXACTA,True
S3AA-0078985196,2031682801,CLIENT_00220,745363821,953106947,FACTURACION CICLICA,AMDOCS,2026-06-15,2026-07-01,PEN,31.38,5.65,37.03,False,37.03,1,False,0.0,37.03,0.0,True,CONCILIADA_EXACTA,True
S3AA-0079449399,2006257040,CLIENT_00405,59957575,125613147,FACTURACION CICLICA,AMDOCS,2026-06-15,2026-07-01,PEN,52.14,9.39,61.53,False,61.53,1,False,0.0,61.53,0.0,True,CONCILIADA_EXACTA,True
S3AA-0078837319,2043314925,CLIENT_00110,33002575,78349023,FACTURACION CICLICA,AMDOCS,2026-06-15,2026-07-01,PEN,20.11,3.62,23.73,False,23.73,1,False,0.0,23.73,0.0,True,CONCILIADA_EXACTA,True
S3AA-0079418089,2033213127,CLIENT_00483,29526575,915715893,FACTURACION CICLICA,AMDOCS,2026-06-15,2026-07-01,PEN,18.98,3.42,22.4,False,22.4,1,False,0.0,22.4,0.0,True,CONCILIADA_EXACTA,True
S9AA-0081641623,2072727583,CLIENT_00076,55121185,341211306,FACTURACION CICLICA,AMDOCS,2026-06-01,2026-06-17,PEN,50.19,9.03,59.22,False,59.22,1,False,0.0,59.22,0.0,True,CONCILIADA_EXACTA,True
S3AA-0078681463,2080971084,CLIENT_00348,512985521,966312157,FACTURACION CICLICA,AMDOCS,2026-06-15,2026-07-01,PEN,88.92,16.01,104.93,False,104.93,1,False,0.0,104.93,0.0,True,CONCILIADA_EXACTA,True
S3AA-0078855554,2011067330,CLIENT_00113,336038121,33224167,FACTURACION CICLICA,AMDOCS,2026-06-15,2026-07-01,PEN,23.43,4.22,27.65,False,27.65,1,False,0.0,27.65,0.0,True,CONCILIADA_EXACTA,True
S5AA-0081448860,2038838681,CLIENT_00691,47304716,667540737,FACTURACION CICLICA,AMDOCS,2026-06-18,2026-07-05,PEN,71.13,12.8,83.93,False,83.93,1,False,0.0,83.93,0.0,True,CONCILIADA_EXACTA,True
S3AA-0079436765,2067006652,CLIENT_00878,49235575,778592673,FACTURACION CICLICA,AMDOCS,2026-06-15,2026-07-01,PEN,19.88,3.57,23.45,False,23.45,1,False,0.0,23.45,0.0,True,CONCILIADA_EXACTA,True
S3AA-0079284921,2068100781,CLIENT_00901,97653575,345764593,FACTURACION CICLICA,AMDOCS,2026-06-15,2026-07-01,PEN,33.75,6.08,39.83,False,39.83,1,False,0.0,39.83,0.0,True,CONCILIADA_EXACTA,True
S3AA-0078649746,2058367129,CLIENT_00948,219821911,952536137,FACTURACION CICLICA,AMDOCS,2026-06-15,2026-07-01,PEN,147.53,26.56,174.09,False,174.09,1,False,0.0,174.09,0.0,True,CONCILIADA_EXACTA,True
S3AA-0078942297,2006563540,CLIENT_00639,34993575,933790943,FACTURACION CICLICA,AMDOCS,2026-06-15,2026-07-01,PEN,29.01,5.22,34.23,False,34.23,1,False,0.0,34.23,0.0,True,CONCILIADA_EXACTA,True
S3AA-0078737609,2037889248,CLIENT_00761,12041575,202389647,FACTURACION CICLICA,AMDOCS,2026-06-15,2026-07-01,PEN,55.06,9.91,64.96,False,64.96,1,False,0.0,64.96,0.0,True,CONCILIADA_EXACTA,True
S3AA-0078751892,2059324355,CLIENT_00481,32562575,800810033,FACTURACION CICLICA,AMDOCS,2026-06-15,2026-07-01,PEN,23.67,4.26,27.93,False,27.93,1,False,0.0,27.93,0.0,True,CONCILIADA_EXACTA,True
S3AA-0078572904,2046269782,CLIENT_00179,408851011,816731717,FACTURACION CICLICA,AMDOCS,2026-06-15,2026-07-01,PEN,24.86,4.47,29.33,False,29.33,1,False,0.0,29.33,0.0,True,CONCILIADA_EXACTA,True
S3AA-0079323744,2014407140,CLIENT_00312,281561611,322328627,FACTURACION CICLICA,AMDOCS,2026-06-15,2026-07-01,PEN,49.18,8.86,58.03,False,58.03,1,False,0.0,58.03,0.0,True,CONCILIADA_EXACTA,True
S3AA-0078571446,2098378939,CLIENT_00598,40702575,907486933,FACTURACION CICLICA,AMDOCS,2026-06-15,2026-07-01,PEN,47.4,8.53,55.93,False,55.93,1,False,0.0,55.93,0.0,True,CONCILIADA_EXACTA,True
S5AA-0081362991,2078310260,CLIENT_00775,261240031,663722257,FACTURACION CICLICA,AMDOCS,2026-06-18,2026-07-05,PEN,53.33,9.6,62.93,False,62.93,1,False,0.0,62.93,0.0,True,CONCILIADA_EXACTA,True
S3AA-0079021884,2028148322,CLIENT_00798,155368321,584076147,FACTURACION CICLICA,AMDOCS,2026-06-15,2026-07-01,PEN,19.4,3.49,22.89,False,22.89,1,False,0.0,22.89,0.0,True,CONCILIADA_EXACTA,True
S3AA-0079359992,2077915427,CLIENT_00955,68022575,878925423,FACTURACION CICLICA,AMDOCS,2026-06-15,2026-07-01,PEN,15.66,2.82,18.48,False,18.48,1,False,0.0,18.48,0.0,True,CONCILIADA_EXACTA,True
S9AA-0082208311,2062185872,CLIENT_00774,913599321,48944447,FACTURACION CICLICA,AMDOCS,2026-06-01,2026-06-17,PEN,58.01,10.45,68.46,False,68.46,1,False,0.0,68.46,0.0,True,CONCILIADA_EXACTA,True
S3AA-0078980927,2006459799,CLIENT_00837,74471575,650399393,FACTURACION CICLICA,AMDOCS,2026-06-15,2026-07-01,PEN,38.2,6.88,45.08,False,45.08,1,False,0.0,45.08,0.0,True,CONCILIADA_EXACTA,True
S3AA-0078975021,2018501249,CLIENT_00107,642694521,347199547,FACTURACION CICLICA,AMDOCS,2026-06-15,2026-07-01,PEN,82.75,14.9,97.65,False,97.65,1,False,0.0,97.65,0.0,True,CONCILIADA_EXACTA,True
S3AA-0079388835,2028110957,CLIENT_00960,98614575,483070253,FACTURACION CICLICA,AMDOCS,2026-06-15,2026-07-01,PEN,49.18,8.86,58.03,False,58.03,1,False,0.0,58.03,0.0,True,CONCILIADA_EXACTA,True
S5AA-0081249494,2039137544,CLIENT_00939,74464985,515459306,FACTURACION CICLICA,AMDOCS,2026-06-18,2026-07-05,PEN,50.66,9.12,59.78,False,59.78,1,False,0.0,59.78,0.0,True,CONCILIADA_EXACTA,True
S5AA-0081392489,2085903598,CLIENT_00188,665256511,453496657,FACTURACION CICLICA,AMDOCS,2026-06-18,2026-07-05,PEN,47.64,8.58,56.21,False,56.21,1,False,0.0,56.21,0.0,True,CONCILIADA_EXACTA,True
S3AA-0078808770,2045309501,CLIENT_00511,3074575,854215713,FACTURACION CICLICA,AMDOCS,2026-06-15,2026-07-01,PEN,51.84,9.34,61.18,False,61.18,1,False,0.0,61.18,0.0,True,CONCILIADA_EXACTA,True
S5AA-0081551554,2079641879,CLIENT_00082,88171716,796961057,FACTURACION CICLICA,AMDOCS,2026-06-18,2026-07-05,PEN,71.13,12.8,83.93,False,83.93,1,False,0.0,83.93,0.0,True,CONCILIADA_EXACTA,True
S5AA-0081420094,2057100089,CLIENT_00499,7661185,996162347,FACTURACION CICLICA,AMDOCS,2026-06-18,2026-07-05,PEN,80.02,14.41,94.43,False,94.43,1,False,0.0,94.43,0.0,True,CONCILIADA_EXACTA,True
S5AA-0081586672,2056140058,CLIENT_00828,39666216,413053437,FACTURACION CICLICA,AMDOCS,2026-06-18,2026-07-05,PEN,104.47,18.8,123.27,False,123.27,1,False,0.0,123.27,0.0,True,CONCILIADA_EXACTA,True
S9AA-0081936814,2082647868,CLIENT_00292,88402006,478720506,FACTURACION CICLICA,AMDOCS,2026-06-01,2026-06-17,PEN,72.02,12.96,84.98,False,84.98,1,False,0.0,84.98,0.0,True,CONCILIADA_EXACTA,True
S3AA-0078647652,2067647278,CLIENT_00078,21761575,57746343,FACTURACION CICLICA,AMDOCS,2026-06-15,2026-07-01,PEN,28.18,5.07,33.25,False,33.25,1,False,0.0,33.25,0.0,True,CONCILIADA_EXACTA,True
S9AA-0082328129,2050799857,CLIENT_00697,332353021,28097337,FACTURACION CICLICA,AMDOCS,2026-06-01,2026-06-17,PEN,186.15,33.51,219.66,False,219.66,1,False,0.0,219.66,0.0,True,CONCILIADA_EXACTA,True
S9AA-0082504693,2013246233,CLIENT_00177,35434385,657250167,FACTURACION CICLICA,AMDOCS,2026-06-01,2026-06-17,PEN,50.13,9.02,59.15,False,59.15,1,False,0.0,59.15,0.0,True,CONCILIADA_EXACTA,True
S9AA-0082481260,2005150947,CLIENT_00073,15791106,738521506,FACTURACION CICLICA,AMDOCS,2026-06-01,2026-06-17,PEN,238.89,43.0,281.89,False,281.89,1,False,0.0,281.89,0.0,True,CONCILIADA_EXACTA,True
S3AA-0079472628,2082422571,CLIENT_00010,792078121,608838957,FACTURACION CICLICA,AMDOCS,2026-06-15,2026-07-01,PEN,44.2,7.95,52.15,False,52.16,2,False,0.0,52.15,0.00999999999999801,True,CONCILIADA_EXACTA,True
S3AA-0079255266,2099090721,CLIENT_00528,77113575,259418013,FACTURACION CICLICA,AMDOCS,2026-06-15,2026-07-01,PEN,46.21,8.32,54.53,False,54.53,1,False,0.0,54.53,0.0,True,CONCILIADA_EXACTA,True
S5AA-0081465381,2085588833,CLIENT_00578,67596985,512168857,FACTURACION CICLICA,AMDOCS,2026-06-18,2026-07-05,PEN,100.79,18.14,118.93,False,118.93,1,False,0.0,118.93,0.0,True,CONCILIADA_EXACTA,True
S5AA-0081169775,2064617159,CLIENT_00426,63245985,612469306,FACTURACION CICLICA,AMDOCS,2026-06-18,2026-07-05,PEN,53.03,9.56,62.58,False,62.58,1,False,0.0,62.58,0.0,True,CONCILIADA_EXACTA,True
S3AA-0078616964,2035721731,CLIENT_00256,802522431,493396857,FACTURACION CICLICA,AMDOCS,2026-06-15,2026-07-01,PEN,82.99,14.94,97.93,False,97.93,1,False,0.0,97.93,0.0,True,CONCILIADA_EXACTA,True
S3AA-0078857096,2067006652,CLIENT_00878,43445575,885512673,FACTURACION CICLICA,AMDOCS,2026-06-15,2026-07-01,PEN,47.1,8.48,55.58,False,55.58,1,False,0.0,55.58,0.0,True,CONCILIADA_EXACTA,True
S3AA-0078932212,2085420441,CLIENT_00762,34542575,447425313,FACTURACION CICLICA,AMDOCS,2026-06-15,2026-07-01,PEN,22.41,4.05,26.46,False,26.46,1,False,0.0,26.46,0.0,True,CONCILIADA_EXACTA,True
S5AA-0081381043,2011701911,CLIENT_00011,56631806,827509506,FACTURACION CICLICA,AMDOCS,2026-06-18,2026-07-05,PEN,122.43,22.05,144.48,False,144.48,1,False,0.0,144.48,0.0,True,CONCILIADA_EXACTA,True
S9AA-0082374541,2016722807,CLIENT_00364,838714921,965311957,FACTURACION CICLICA,AMDOCS,2026-06-01,2026-06-17,PEN,17.74,3.19,20.93,False,20.93,1,False,0.0,20.93,0.0,True,CONCILIADA_EXACTA,True
S9AA-0082354846,2011752824,CLIENT_00623,634694321,742119047,FACTURACION CICLICA,AMDOCS,2026-06-01,2026-06-17,PEN,79.26,14.26,93.52,False,93.52,1,False,0.0,93.52,0.0,True,CONCILIADA_EXACTA,True
S5AA-0081552568,2082043891,CLIENT_00584,88271306,903771957,FACTURACION CICLICA,AMDOCS,2026-06-18,2026-07-05,PEN,94.86,17.07,111.93,False,111.93,1,False,0.0,111.93,0.0,True,CONCILIADA_EXACTA,True
S5AA-0081431770,2011722087,CLIENT_00088,27841006,947620506,FACTURACION CICLICA,AMDOCS,2026-06-18,2026-07-05,PEN,7.53,1.36,8.89,False,8.89,1,False,0.0,8.89,0.0,True,CONCILIADA_EXACTA,True
S5AA-0081569408,2046930363,CLIENT_00514,19676295,174972406,FACTURACION CICLICA,AMDOCS,2026-06-18,2026-07-05,PEN,47.4,8.53,55.93,False,55.93,1,False,0.0,55.93,0.0,True,CONCILIADA_EXACTA,True
S3AA-0078809630,2049019784,CLIENT_00811,92003575,471659563,FACTURACION CICLICA,AMDOCS,2026-06-15,2026-07-01,PEN,27.23,4.9,32.13,False,32.13,1,False,0.0,32.13,0.0,True,CONCILIADA_EXACTA,True
S5AA-0080919063,2044354863,CLIENT_00913,101105521,780218447,FACTURACION CICLICA,AMDOCS,2026-06-18,2026-07-05,PEN,47.4,8.53,55.93,False,55.93,1,False,0.0,55.93,0.0,True,CONCILIADA_EXACTA,True
S3AA-0079264596,2088412995,CLIENT_00410,87777575,763541601,FACTURACION CICLICA,AMDOCS,2026-06-15,2026-07-01,PEN,37.25,6.71,43.96,False,43.96,1,False,0.0,43.96,0.0,True,CONCILIADA_EXACTA,True
S9AA-0082452350,2016722807,CLIENT_00364,64273106,509742957,FACTURACION CICLICA,AMDOCS,2026-06-01,2026-06-17,PEN,11.8,2.13,13.93,False,13.93,1,False,0.0,13.93,0.0,True,CONCILIADA_EXACTA,True
S5AA-0081608651,2003540698,CLIENT_00412,69231985,26181637,FACTURACION CICLICA,AMDOCS,2026-06-18,2026-07-05,PEN,61.04,10.99,72.03,False,72.03,1,False,0.0,72.03,0.0,True,CONCILIADA_EXACTA,True
S5AA-0081136627,2045546222,CLIENT_00594,13024795,162947837,FACTURACION CICLICA,AMDOCS,2026-06-18,2026-07-05,PEN,133.41,24.02,157.43,False,157.43,1,False,0.0,157.43,0.0,True,CONCILIADA_EXACTA,True
S3AA-0078980657,2006459799,CLIENT_00837,74471575,233972773,FACTURACION CICLICA,AMDOCS,2026-06-15,2026-07-01,PEN,18.98,3.42,22.4,False,22.4,1,False,0.0,22.4,0.0,True,CONCILIADA_EXACTA,True
S9AA-0082456430,2051379016,CLIENT_00444,841100701,789582817,FACTURACION CICLICA,AMDOCS,2026-06-01,2026-06-17,PEN,34.11,6.14,40.25,False,40.25,1,False,0.0,40.25,0.0,True,CONCILIADA_EXACTA,True
S9AA-0082386387,2014332657,CLIENT_00751,4139606,534776506,FACTURACION CICLICA,AMDOCS,2026-06-01,2026-06-17,PEN,79.44,14.29,93.73,False,93.73,1,False,0.0,93.73,0.0,True,CONCILIADA_EXACTA,True
S5AA-0081627120,2058246578,CLIENT_00853,99872785,702937306,FACTURACION CICLICA,AMDOCS,2026-06-18,2026-07-05,PEN,64.96,11.69,76.65,False,76.65,1,False,0.0,76.65,0.0,True,CONCILIADA_EXACTA,True
S5AA-0081439265,2008733174,CLIENT_00190,37962116,69922606,FACTURACION CICLICA,AMDOCS,2026-06-18,2026-07-05,PEN,2.77,0.49,3.26,False,3.26,1,False,0.0,3.26,0.0,True,CONCILIADA_EXACTA,True
S5AA-0081467737,2096030030,CLIENT_00475,77460395,923513406,FACTURACION CICLICA,AMDOCS,2026-06-18,2026-07-05,PEN,101.68,18.31,119.98,False,119.98,1,False,0.0,119.98,0.0,True,CONCILIADA_EXACTA,True
S3AA-0079075288,2046155934,CLIENT_00493,75753575,666913643,FACTURACION CICLICA,AMDOCS,2026-06-15,2026-07-01,PEN,46.21,8.32,54.53,False,54.53,1,False,0.0,54.53,0.0,True,CONCILIADA_EXACTA,True
S5AA-0081145626,2041328688,CLIENT_00299,23295216,10749757,FACTURACION CICLICA,AMDOCS,2026-06-18,2026-07-05,PEN,53.33,9.6,62.93,False,62.93,1,False,0.0,62.93,0.0,True,CONCILIADA_EXACTA,True
S5AA-0081457085,2094069953,CLIENT_00856,579701821,636832947,FACTURACION CICLICA,AMDOCS,2026-06-18,2026-07-05,PEN,97.59,17.56,115.15,False,115.15,1,False,0.0,115.15,0.0,True,CONCILIADA_EXACTA,True
S3AA-0079154254,2079287596,CLIENT_00457,567110221,394084737,FACTURACION CICLICA,AMDOCS,2026-06-15,2026-07-01,PEN,144.44,26.01,170.45,False,170.45,1,False,0.0,170.45,0.0,True,CONCILIADA_EXACTA,True
S3AA-0078609410,2001625741,CLIENT_00222,80203575,686639433,FACTURACION CICLICA,AMDOCS,2026-06-15,2026-07-01,PEN,77.06,13.87,90.93,False,90.93,1,False,0.0,90.93,0.0,True,CONCILIADA_EXACTA,True
S5AA-0081133516,2073554752,CLIENT_00325,13671295,591722406,FACTURACION CICLICA,AMDOCS,2026-06-18,2026-07-05,PEN,50.96,9.17,60.13,False,60.13,1,False,0.0,60.13,0.0,True,CONCILIADA_EXACTA,True
S5AA-0080923735,2035226116,CLIENT_00450,20276516,745365606,FACTURACION CICLICA,AMDOCS,2026-06-18,2026-07-05,PEN,103.1,18.56,121.66,False,121.66,1,False,0.0,121.66,0.0,True,CONCILIADA_EXACTA,True
S5AA-0081395773,2086306604,CLIENT_00634,76627216,402342606,FACTURACION CICLICA,AMDOCS,2026-06-18,2026-07-05,PEN,37.32,6.71,44.03,False,44.03,1,False,0.0,44.03,0.0,True,CONCILIADA_EXACTA,True
S5AA-0081257270,2079459148,CLIENT_00345,84006595,696175406,FACTURACION CICLICA,AMDOCS,2026-06-18,2026-07-05,PEN,163.49,29.43,192.92,False,192.92,1,False,0.0,192.92,0.0,True,CONCILIADA_EXACTA,True
S5AA-0081079413,2022887994,CLIENT_00145,32866016,450578847,FACTURACION CICLICA,AMDOCS,2026-06-18,2026-07-05,PEN,65.2,11.73,76.93,False,76.93,1,False,0.0,76.93,0.0,True,CONCILIADA_EXACTA,True
S5AA-0081399983,2029619768,CLIENT_00671,76871695,674491857,FACTURACION CICLICA,AMDOCS,2026-06-18,2026-07-05,PEN,21.29,3.84,25.13,False,25.13,1,False,0.0,25.13,0.0,True,CONCILIADA_EXACTA,True
S5AA-0081583856,2053570348,CLIENT_00998,39598195,941791406,FACTURACION CICLICA,AMDOCS,2026-06-18,2026-07-05,PEN,64.6,11.63,76.23,False,76.23,1,False,0.0,76.23,0.0,True,CONCILIADA_EXACTA,True
S3AA-0078837958,2040265328,CLIENT_00922,23224575,205311463,FACTURACION CICLICA,AMDOCS,2026-06-15,2026-07-01,PEN,18.92,3.41,22.33,False,22.33,1,False,0.0,22.33,0.0,True,CONCILIADA_EXACTA,True
S5AA-0081223648,2047695932,CLIENT_00358,34361416,154989637,FACTURACION CICLICA,AMDOCS,2026-06-18,2026-07-05,PEN,47.4,8.53,55.93,False,55.93,1,False,0.0,55.93,0.0,True,CONCILIADA_EXACTA,True
S5AA-0081068059,2012162297,CLIENT_00079,22421195,898221406,FACTURACION CICLICA,AMDOCS,2026-06-18,2026-07-05,PEN,47.99,8.64,56.63,False,56.63,1,False,0.0,56.63,0.0,True,CONCILIADA_EXACTA,True
S5AA-0081042665,2041506329,CLIENT_00468,81900195,583170547,FACTURACION CICLICA,AMDOCS,2026-06-18,2026-07-05,PEN,58.72,10.58,69.3,False,69.3,1,False,0.0,69.3,0.0,True,CONCILIADA_EXACTA,True
S5AA-0081028394,2011171530,CLIENT_00052,610439211,479644847,FACTURACION CICLICA,AMDOCS,2026-06-18,2026-07-05,PEN,88.92,16.01,104.93,False,104.93,1,False,0.0,104.93,0.0,True,CONCILIADA_EXACTA,True
S5AA-0081456620,2069507116,CLIENT_00675,57902706,568656447,FACTURACION CICLICA,AMDOCS,2026-06-18,2026-07-05,PEN,41.47,7.46,48.93,False,48.93,1,False,0.0,48.93,0.0,True,CONCILIADA_EXACTA,True
S3AA-0078562005,2040008808,CLIENT_00209,30333575,44780043,FACTURACION CICLICA,AMDOCS,2026-06-15,2026-07-01,PEN,39.69,7.14,46.83,False,46.83,1,False,0.0,46.83,0.0,True,CONCILIADA_EXACTA,True
S9AA-0082397283,2028712026,CLIENT_00204,145255911,797497537,FACTURACION CICLICA,AMDOCS,2026-06-01,2026-06-17,PEN,136.09,24.49,160.58,False,160.58,1,False,0.0,160.58,0.0,True,CONCILIADA_EXACTA,True
S9AA-0082300453,2029902035,CLIENT_00756,3530816,398698606,FACTURACION CICLICA,AMDOCS,2026-06-01,2026-06-17,PEN,465.44,83.78,549.22,False,549.22,1,False,0.0,549.22,0.0,True,CONCILIADA_EXACTA,True
S5AA-0081025362,2082202511,CLIENT_00338,61032716,467886606,FACTURACION CICLICA,AMDOCS,2026-06-18,2026-07-05,PEN,100.79,18.14,118.93,False,118.93,1,False,0.0,118.93,0.0,True,CONCILIADA_EXACTA,True
S3AA-0078780308,2005459584,CLIENT_00291,62712575,83730423,FACTURACION CICLICA,AMDOCS,2026-06-15,2026-07-01,PEN,28.18,5.07,33.25,False,33.25,1,False,0.0,33.25,0.0,True,CONCILIADA_EXACTA,True
S9AA-0081853074,2088855451,CLIENT_00667,870732221,781360837,FACTURACION CICLICA,AMDOCS,2026-06-01,2026-06-17,PEN,106.48,19.17,125.65,False,125.65,1,False,0.0,125.65,0.0,True,CONCILIADA_EXACTA,True
S5AA-0081588182,2056140058,CLIENT_00828,39666216,575621357,FACTURACION CICLICA,AMDOCS,2026-06-18,2026-07-05,PEN,80.02,14.41,94.43,False,94.43,1,False,0.0,94.43,0.0,True,CONCILIADA_EXACTA,True
S5AA-0081356036,2083097547,CLIENT_00654,16220516,226184557,FACTURACION CICLICA,AMDOCS,2026-06-18,2026-07-05,PEN,41.47,7.46,48.93,False,48.93,1,False,0.0,48.93,0.0,True,CONCILIADA_EXACTA,True
S5AA-0081482782,2009716777,CLIENT_00151,97228806,111598506,FACTURACION CICLICA,AMDOCS,2026-06-18,2026-07-05,PEN,5.03,0.92,5.95,False,5.95,1,False,0.0,5.95,0.0,True,CONCILIADA_EXACTA,True
S5AA-0081355687,2024993405,CLIENT_00624,169283021,651258157,FACTURACION CICLICA,AMDOCS,2026-06-18,2026-07-05,PEN,44.2,7.95,52.15,False,52.15,1,False,0.0,52.15,0.0,True,CONCILIADA_EXACTA,True
S9AA-0082318631,2057929173,CLIENT_00899,232251311,641460227,FACTURACION CICLICA,AMDOCS,2026-06-01,2026-06-17,PEN,163.32,8.32,171.64,False,171.64000000000001,2,False,0.0,171.64,2.842170943040401e-14,True,CONCILIADA_EXACTA,True
S5AA-0081192223,2091514048,CLIENT_00099,93455606,848147506,FACTURACION CICLICA,AMDOCS,2026-06-18,2026-07-05,PEN,97.82,17.61,115.43,False,115.43,1,False,0.0,115.43,0.0,True,CONCILIADA_EXACTA,True
S5AA-0081537460,1021589348,CLIENT_00084,686327131,176116457,FACTURACION CICLICA,AMDOCS,2026-06-18,2026-07-05,PEN,59.26,10.67,69.93,False,69.93,1,False,0.0,69.93,0.0,True,CONCILIADA_EXACTA,True
S5AA-0081242627,2035835869,CLIENT_00900,64205395,833163406,FACTURACION CICLICA,AMDOCS,2026-06-18,2026-07-05,PEN,152.4,27.43,179.83,False,179.83,1,False,0.0,179.83,0.0,True,CONCILIADA_EXACTA,True
S5AA-0081574340,2059931462,CLIENT_00106,195771431,970426857,FACTURACION CICLICA,AMDOCS,2026-06-18,2026-07-05,PEN,147.95,26.63,174.58,False,174.58,1,False,0.0,174.58,0.0,True,CONCILIADA_EXACTA,True
S5AA-0081264693,2054854170,CLIENT_00245,94709106,12491506,FACTURACION CICLICA,AMDOCS,2026-06-18,2026-07-05,PEN,64.01,11.52,75.53,False,75.53,1,False,0.0,75.53,0.0,True,CONCILIADA_EXACTA,True
S5AA-0081039570,2037039972,CLIENT_00968,81193606,504736506,FACTURACION CICLICA,AMDOCS,2026-06-18,2026-07-05,PEN,95.98,17.28,113.26,False,113.26,1,False,0.0,113.26,0.0,True,CONCILIADA_EXACTA,True
S3AA-0078607544,2004965083,CLIENT_00066,702913431,910148857,FACTURACION CICLICA,AMDOCS,2026-06-15,2026-07-01,PEN,91.66,16.49,108.15,False,108.15,2,False,0.0,108.15,0.0,True,CONCILIADA_EXACTA,True
S5AA-0080944422,2082043891,CLIENT_00584,50111885,145028306,FACTURACION CICLICA,AMDOCS,2026-06-18,2026-07-05,PEN,44.25,7.97,52.22,False,52.22,1,False,0.0,52.22,0.0,True,CONCILIADA_EXACTA,True
S5AA-0081275636,2003418714,CLIENT_00435,50793821,717556947,FACTURACION CICLICA,AMDOCS,2026-06-18,2026-07-05,PEN,257.76,46.39,304.15,False,304.15,1,False,0.0,304.15,0.0,True,CONCILIADA_EXACTA,True
S5AA-0081577198,2017687980,CLIENT_00002,29261506,196015506,FACTURACION CICLICA,AMDOCS,2026-06-18,2026-07-05,PEN,68.16,12.27,80.43,False,80.43,1,False,0.0,80.43,0.0,True,CONCILIADA_EXACTA,True
S5AA-0081017624,2004403801,CLIENT_00180,51668695,822986406,FACTURACION CICLICA,AMDOCS,2026-06-18,2026-07-05,PEN,190.06,34.22,224.28,False,224.28,1,False,0.0,224.28,0.0,True,CONCILIADA_EXACTA,True
S3AA-0078885181,2052009555,CLIENT_00491,53863575,683401443,FACTURACION CICLICA,AMDOCS,2026-06-15,2026-07-01,PEN,46.21,8.32,54.53,False,54.53,1,False,0.0,54.53,0.0,True,CONCILIADA_EXACTA,True
S5AA-0081029270,2044242578,CLIENT_00641,61758016,180317657,FACTURACION CICLICA,AMDOCS,2026-06-18,2026-07-05,PEN,65.2,11.73,76.93,False,76.93,1,False,0.0,76.93,0.0,True,CONCILIADA_EXACTA,True
S5AA-0080984026,2022904680,CLIENT_00494,1762006,709596837,FACTURACION CICLICA,AMDOCS,2026-06-18,2026-07-05,PEN,139.11,25.04,164.15,False,164.15,1,False,0.0,164.15,0.0,True,CONCILIADA_EXACTA,True
S5AA-0081518096,2064786199,CLIENT_00357,48525585,651365306,FACTURACION CICLICA,AMDOCS,2026-06-18,2026-07-05,PEN,72.02,12.96,84.98,False,84.98,1,False,0.0,84.98,0.0,True,CONCILIADA_EXACTA,True
S5AA-0081162994,2049726118,CLIENT_00693,53967106,952071506,FACTURACION CICLICA,AMDOCS,2026-06-18,2026-07-05,PEN,49.77,8.96,58.73,False,58.73,1,False,0.0,58.73,0.0,True,CONCILIADA_EXACTA,True
S5AA-0080959674,2098720538,CLIENT_00619,70805406,916244506,FACTURACION CICLICA,AMDOCS,2026-06-18,2026-07-05,PEN,80.02,14.41,94.43,False,94.43,1,False,0.0,94.43,0.0,True,CONCILIADA_EXACTA,True
S5AA-0081298433,2046766017,CLIENT_00089,35476406,118810067,FACTURACION CICLICA,AMDOCS,2026-06-18,2026-07-05,PEN,53.33,9.6,62.93,False,62.93,1,False,0.0,62.93,0.0,True,CONCILIADA_EXACTA,True
S5AA-0080984028,2022904680,CLIENT_00494,1762006,68427837,FACTURACION CICLICA,AMDOCS,2026-06-18,2026-07-05,PEN,139.11,25.04,164.15,False,164.15,1,False,0.0,164.15,0.0,True,CONCILIADA_EXACTA,True
S5AA-0080984121,2022904680,CLIENT_00494,1762006,960103047,FACTURACION CICLICA,AMDOCS,2026-06-18,2026-07-05,PEN,130.21,23.44,153.65,False,153.65,1,False,0.0,153.65,0.0,True,CONCILIADA_EXACTA,True
S5AA-0081438785,2071502889,CLIENT_00952,37201595,79615406,FACTURACION CICLICA,AMDOCS,2026-06-18,2026-07-05,PEN,216.71,39.0,255.71,False,255.71,1,False,0.0,255.71,0.0,True,CONCILIADA_EXACTA,True
S5AA-0081421720,2013843524,CLIENT_00361,7433506,394923857,FACTURACION CICLICA,AMDOCS,2026-06-18,2026-07-05,PEN,101.98,18.35,120.33,False,120.33,2,False,0.0,120.33,0.0,True,CONCILIADA_EXACTA,True
S5AA-0081562490,2024654901,CLIENT_00714,9444995,309649406,FACTURACION CICLICA,AMDOCS,2026-06-18,2026-07-05,PEN,45.62,8.21,53.83,False,53.83,1,False,0.0,53.83,0.0,True,CONCILIADA_EXACTA,True
S5AA-0081538455,2044862591,CLIENT_00895,68520506,772001167,FACTURACION CICLICA,AMDOCS,2026-06-18,2026-07-05,PEN,20.46,3.69,24.15,False,24.15,2,False,0.0,24.15,0.0,True,CONCILIADA_EXACTA,True
S5AA-0081213723,2018723284,CLIENT_00943,24907795,992587406,FACTURACION CICLICA,AMDOCS,2026-06-18,2026-07-05,PEN,104.95,18.88,123.83,False,123.83,1,False,0.0,123.83,0.0,True,CONCILIADA_EXACTA,True
S5AA-0080949591,2091648036,CLIENT_00736,507047111,167051857,FACTURACION CICLICA,AMDOCS,2026-06-18,2026-07-05,PEN,135.89,21.33,157.22,False,157.22,2,False,0.0,157.22,0.0,True,CONCILIADA_EXACTA,True
S5AA-0081114871,2083097547,CLIENT_00654,82030516,169444047,FACTURACION CICLICA,AMDOCS,2026-06-18,2026-07-05,PEN,97.52,17.56,115.08,False,115.08,1,False,0.0,115.08,0.0,True,CONCILIADA_EXACTA,True
S5AA-0081407252,2073860151,CLIENT_00080,86391895,938064857,FACTURACION CICLICA,AMDOCS,2026-06-18,2026-07-05,PEN,112.36,20.22,132.58,False,132.58,1,False,0.0,132.58,0.0,True,CONCILIADA_EXACTA,True
S5AA-0081315364,2083697675,CLIENT_00702,65940495,6614406,FACTURACION CICLICA,AMDOCS,2026-06-18,2026-07-05,PEN,50.96,9.17,60.13,False,60.13,1,False,0.0,60.13,0.0,True,CONCILIADA_EXACTA,True
S5AA-0081579578,2096031193,CLIENT_00429,295240121,218685637,FACTURACION CICLICA,AMDOCS,2026-06-18,2026-07-05,PEN,378.73,3.61,382.34,False,382.34,2,False,0.0,382.34,0.0,True,CONCILIADA_EXACTA,True
S5AA-0081450204,2050158167,CLIENT_00628,47189206,604697257,FACTURACION CICLICA,AMDOCS,2026-06-18,2026-07-05,PEN,97.76,17.6,115.36,False,115.36,1,False,0.0,115.36,0.0,True,CONCILIADA_EXACTA,True
S9AA-0082499173,2064475821,CLIENT_00583,35777616,254046606,FACTURACION CICLICA,AMDOCS,2026-06-01,2026-06-17,PEN,53.26,9.6,62.86,False,62.86,1,False,0.0,62.86,0.0,True,CONCILIADA_EXACTA,True
S5AA-0081450203,2050158167,CLIENT_00628,47189206,717597257,FACTURACION CICLICA,AMDOCS,2026-06-18,2026-07-05,PEN,139.17,25.05,164.22,False,164.22,1,False,0.0,164.22,0.0,True,CONCILIADA_EXACTA,True
S5AA-0081356244,2094973310,CLIENT_00523,162487121,820342757,FACTURACION CICLICA,AMDOCS,2026-06-18,2026-07-05,PEN,103.52,18.63,122.15,False,122.15,1,False,0.0,122.15,0.0,True,CONCILIADA_EXACTA,True
S5AA-0081009958,2061270007,CLIENT_00298,41329095,201101406,FACTURACION CICLICA,AMDOCS,2026-06-18,2026-07-05,PEN,23.91,4.31,28.21,False,28.21,1,False,0.0,28.21,0.0,True,CONCILIADA_EXACTA,True
S5AA-0081404666,2065971015,CLIENT_00157,862543011,165703427,FACTURACION CICLICA,AMDOCS,2026-06-18,2026-07-05,PEN,49.18,8.86,58.03,False,58.03,1,False,0.0,58.03,0.0,True,CONCILIADA_EXACTA,True
S5AA-0081385589,2050348529,CLIENT_00770,567857431,569905957,FACTURACION CICLICA,AMDOCS,2026-06-18,2026-07-05,PEN,94.74,17.05,111.79,False,111.79,1,False,0.0,111.79,0.0,True,CONCILIADA_EXACTA,True
S5AA-0081310804,2044062182,CLIENT_00560,55692195,27899537,FACTURACION CICLICA,AMDOCS,2026-06-18,2026-07-05,PEN,20.11,3.62,23.73,False,23.73,1,False,0.0,23.73,0.0,True,CONCILIADA_EXACTA,True
S5AA-0081500897,2083952379,CLIENT_00646,187786921,512546157,FACTURACION CICLICA,AMDOCS,2026-06-18,2026-07-05,PEN,66.91,12.05,78.96,False,78.96,1,False,0.0,78.96,0.0,True,CONCILIADA_EXACTA,True
S5AA-0081330126,2098720538,CLIENT_00619,85115406,726244506,FACTURACION CICLICA,AMDOCS,2026-06-18,2026-07-05,PEN,58.67,10.56,69.23,False,69.23,1,False,0.0,69.23,0.0,True,CONCILIADA_EXACTA,True
S5AA-0081039488,2025199500,CLIENT_00474,81624306,258533506,FACTURACION CICLICA,AMDOCS,2026-06-18,2026-07-05,PEN,119.77,21.56,141.33,False,141.33,1,False,0.0,141.33,0.0,True,CONCILIADA_EXACTA,True
S5AA-0080914876,2002846047,CLIENT_00694,10574185,8841306,FACTURACION CICLICA,AMDOCS,2026-06-18,2026-07-05,PEN,41.29,7.43,48.72,False,48.72,1,False,0.0,48.72,0.0,True,CONCILIADA_EXACTA,True
S5AA-0081022431,2023740275,CLIENT_00569,514240531,757049957,FACTURACION CICLICA,AMDOCS,2026-06-18,2026-07-05,PEN,77.06,13.87,90.93,False,90.93,1,False,0.0,90.93,0.0,True,CONCILIADA_EXACTA,True
S9AA-0082291732,2013392711,CLIENT_00135,92388716,62288606,FACTURACION CICLICA,AMDOCS,2026-06-01,2026-06-17,PEN,99.6,17.93,117.53,False,117.53,1,False,0.0,117.53,0.0,True,CONCILIADA_EXACTA,True
S5AA-0081196196,2011337701,CLIENT_00816,938353231,32636557,FACTURACION CICLICA,AMDOCS,2026-06-18,2026-07-05,PEN,56.06,10.09,66.15,False,66.15,1,False,0.0,66.15,0.0,True,CONCILIADA_EXACTA,True
S5AA-0081391718,2096049962,CLIENT_01000,66537116,705563947,FACTURACION CICLICA,AMDOCS,2026-06-18,2026-07-05,PEN,94.86,17.07,111.93,False,111.93,1,False,0.0,111.93,0.0,True,CONCILIADA_EXACTA,True
S5AA-0081094302,2080338247,CLIENT_00934,521923221,756609357,FACTURACION CICLICA,AMDOCS,2026-06-18,2026-07-05,PEN,23.67,4.26,27.93,False,27.93,1,False,0.0,27.93,0.0,True,CONCILIADA_EXACTA,True
S5AA-0081554310,2038909371,CLIENT_00713,98360385,977703306,FACTURACION CICLICA,AMDOCS,2026-06-18,2026-07-05,PEN,77.95,14.03,91.98,False,91.98,1,False,0.0,91.98,0.0,True,CONCILIADA_EXACTA,True
S5AA-0081072718,2002271273,CLIENT_00273,226188921,562791557,FACTURACION CICLICA,AMDOCS,2026-06-18,2026-07-05,PEN,85.9,15.46,101.36,False,101.36,1,False,0.0,101.36,0.0,True,CONCILIADA_EXACTA,True
S5AA-0081007704,2012453412,CLIENT_00293,31688106,712075857,FACTURACION CICLICA,AMDOCS,2026-06-18,2026-07-05,PEN,137.5,24.76,162.26,False,162.26,2,False,0.0,162.26,0.0,True,CONCILIADA_EXACTA,True
S9AA-0081928819,2028712026,CLIENT_00204,78912516,692026606,FACTURACION CICLICA,AMDOCS,2026-06-01,2026-06-17,PEN,33.64,6.06,39.69,False,39.69,2,False,0.0,39.69,0.0,True,CONCILIADA_EXACTA,True
S5AA-0081027402,2011171530,CLIENT_00052,610439211,548734537,FACTURACION CICLICA,AMDOCS,2026-06-18,2026-07-05,PEN,52.14,9.39,61.53,False,61.53,1,False,0.0,61.53,0.0,True,CONCILIADA_EXACTA,True
S5AA-0081256282,2063005127,CLIENT_00354,84063185,476431306,FACTURACION CICLICA,AMDOCS,2026-06-18,2026-07-05,PEN,104.41,18.79,123.2,False,123.2,1,False,0.0,123.2,0.0,True,CONCILIADA_EXACTA,True
S5AA-0081308723,2064658684,CLIENT_00353,55329516,319075606,FACTURACION CICLICA,AMDOCS,2026-06-18,2026-07-05,PEN,91.89,16.54,108.43,False,108.43,1,False,0.0,108.43,0.0,True,CONCILIADA_EXACTA,True
S5AA-0081014728,2060001107,CLIENT_00314,41317295,723314757,FACTURACION CICLICA,AMDOCS,2026-06-18,2026-07-05,PEN,127.13,22.88,150.01,False,150.01,1,False,0.0,150.01,0.0,True,CONCILIADA_EXACTA,True
S9AA-0081706758,2069123981,CLIENT_00352,160410421,78449147,FACTURACION CICLICA,AMDOCS,2026-06-01,2026-06-17,PEN,59.03,10.62,69.65,False,69.65,1,False,0.0,69.65,0.0,True,CONCILIADA_EXACTA,True
S5AA-0081145202,2090808430,CLIENT_00946,239140521,688755457,FACTURACION CICLICA,AMDOCS,2026-06-18,2026-07-05,PEN,118.59,21.34,139.93,False,139.93,1,False,0.0,139.93,0.0,True,CONCILIADA_EXACTA,True
S5AA-0081247480,2049666577,CLIENT_00077,64519885,230808857,FACTURACION CICLICA,AMDOCS,2026-06-18,2026-07-05,PEN,55.99,10.09,66.08,False,66.08,2,False,0.0,66.08,0.0,True,CONCILIADA_EXACTA,True
S5AA-0081296441,2089935977,CLIENT_00509,351242611,58866937,FACTURACION CICLICA,AMDOCS,2026-06-18,2026-07-05,PEN,53.33,9.6,62.93,False,62.93,1,False,0.0,62.93,0.0,True,CONCILIADA_EXACTA,True
S5AA-0081188364,2063960356,CLIENT_00283,83687795,897468947,FACTURACION CICLICA,AMDOCS,2026-06-18,2026-07-05,PEN,115.56,20.8,136.36,False,136.36,1,False,0.0,136.36,0.0,True,CONCILIADA_EXACTA,True
S5AA-0081037114,2032869030,CLIENT_00111,71597416,415225067,FACTURACION CICLICA,AMDOCS,2026-06-18,2026-07-05,PEN,53.33,9.6,62.93,False,62.93,1,False,0.0,62.93,0.0,True,CONCILIADA_EXACTA,True
S5AA-0081551565,2079641879,CLIENT_00082,88171716,345052057,FACTURACION CICLICA,AMDOCS,2026-06-18,2026-07-05,PEN,71.13,12.8,83.93,False,83.93,1,False,0.0,83.93,0.0,True,CONCILIADA_EXACTA,True
S5AA-0081547860,2004670915,CLIENT_00592,88502895,956438406,FACTURACION CICLICA,AMDOCS,2026-06-18,2026-07-05,PEN,115.56,20.8,136.36,False,136.36,1,False,0.0,136.36,0.0,True,CONCILIADA_EXACTA,True
S5AA-0080955893,2086977341,CLIENT_00182,602132321,813797847,FACTURACION CICLICA,AMDOCS,2026-06-18,2026-07-05,PEN,18.91,3.42,22.33,False,22.33,1,False,0.0,22.33,0.0,True,CONCILIADA_EXACTA,True
S5AA-0080971728,2021563134,CLIENT_00471,802909421,978687957,FACTURACION CICLICA,AMDOCS,2026-06-18,2026-07-05,PEN,59.26,10.67,69.93,False,69.93,1,False,0.0,69.93,0.0,True,CONCILIADA_EXACTA,True
S5AA-0081474963,2030329244,CLIENT_00587,87023195,896241406,FACTURACION CICLICA,AMDOCS,2026-06-18,2026-07-05,PEN,16.62,2.98,19.6,False,19.6,1,False,0.0,19.6,0.0,True,CONCILIADA_EXACTA,True
S5AA-0081568879,2013870601,CLIENT_00098,19197485,937884306,FACTURACION CICLICA,AMDOCS,2026-06-18,2026-07-05,PEN,112.42,20.23,132.65,False,132.65,1,False,0.0,132.65,0.0,True,CONCILIADA_EXACTA,True
S5AA-0081285730,2008261235,CLIENT_00881,25071785,808627306,FACTURACION CICLICA,AMDOCS,2026-06-18,2026-07-05,PEN,119.77,21.56,141.33,False,141.33,1,False,0.0,141.33,0.0,True,CONCILIADA_EXACTA,True
S5AA-0080923540,2061726816,CLIENT_00637,20760906,912598506,FACTURACION CICLICA,AMDOCS,2026-06-18,2026-07-05,PEN,58.73,10.57,69.3,False,69.3,1,False,0.0,69.3,0.0,True,CONCILIADA_EXACTA,True
S5AA-0081223842,2026850436,CLIENT_00251,348878221,93835937,FACTURACION CICLICA,AMDOCS,2026-06-18,2026-07-05,PEN,45.98,8.27,54.25,False,54.25,1,False,0.0,54.25,0.0,True,CONCILIADA_EXACTA,True
S5AA-0081508694,2069114417,CLIENT_00617,28716716,894805657,FACTURACION CICLICA,AMDOCS,2026-06-18,2026-07-05,PEN,100.79,18.14,118.93,False,118.93,1,False,0.0,118.93,0.0,True,CONCILIADA_EXACTA,True
S5AA-0081356439,2094973310,CLIENT_00523,162487121,833476857,FACTURACION CICLICA,AMDOCS,2026-06-18,2026-07-05,PEN,100.79,18.14,118.93,False,118.93,1,False,0.0,118.93,0.0,True,CONCILIADA_EXACTA,True
S5AA-0081029003,2035124090,CLIENT_00147,613385621,945667457,FACTURACION CICLICA,AMDOCS,2026-06-18,2026-07-05,PEN,109.63,19.73,129.36,False,129.36,1,False,0.0,129.36,0.0,True,CONCILIADA_EXACTA,True
S5AA-0081525909,2011885774,CLIENT_00490,58474295,777752406,FACTURACION CICLICA,AMDOCS,2026-06-18,2026-07-05,PEN,95.74,17.24,112.98,False,112.98,1,False,0.0,112.98,0.0,True,CONCILIADA_EXACTA,True
S5AA-0080935105,2078721881,CLIENT_00115,304118801,65285857,FACTURACION CICLICA,AMDOCS,2026-06-18,2026-07-05,PEN,65.2,11.73,76.93,False,76.93,1,False,0.0,76.93,0.0,True,CONCILIADA_EXACTA,True
S5AA-0081115204,2062922977,CLIENT_00731,82013506,297748447,FACTURACION CICLICA,AMDOCS,2026-06-18,2026-07-05,PEN,50.13,9.02,59.15,False,55.42999999999999,2,False,3.72,55.43,-7.105427357601002e-15,True,CONCILIADA_EXACTA,True
S5AA-0081207047,2074406544,CLIENT_00417,14931616,241716606,FACTURACION CICLICA,AMDOCS,2026-06-18,2026-07-05,PEN,27.83,5.01,32.83,False,32.83,1,False,0.0,32.83,0.0,True,CONCILIADA_EXACTA,True
S5AA-0080978671,2062205828,CLIENT_00440,90271406,681112857,FACTURACION CICLICA,AMDOCS,2026-06-18,2026-07-05,PEN,56.06,10.09,66.15,False,66.15,1,False,0.0,66.15,0.0,True,CONCILIADA_EXACTA,True
S5AA-0081489755,2011722087,CLIENT_00088,8841006,147620506,FACTURACION CICLICA,AMDOCS,2026-06-18,2026-07-05,PEN,27.83,5.01,32.83,False,32.83,1,False,0.0,32.83,0.0,True,CONCILIADA_EXACTA,True
S5AA-0081108156,2048747968,CLIENT_00130,72759006,89316647,FACTURACION CICLICA,AMDOCS,2026-06-18,2026-07-05,PEN,112.53,20.26,132.79,False,132.79,1,False,0.0,132.79,0.0,True,CONCILIADA_EXACTA,True
S5AA-0081293168,2061505168,CLIENT_00879,35089885,129609306,FACTURACION CICLICA,AMDOCS,2026-06-18,2026-07-05,PEN,50.06,9.02,59.08,False,59.08,1,False,0.0,59.08,0.0,True,CONCILIADA_EXACTA,True
S5AA-0081003096,2056046163,CLIENT_00994,31979006,770501506,FACTURACION CICLICA,AMDOCS,2026-06-18,2026-07-05,PEN,98.83,17.79,116.62,False,116.62,1,False,0.0,116.62,0.0,True,CONCILIADA_EXACTA,True
S9AA-0081772799,2079015167,CLIENT_00836,96503306,987333506,FACTURACION CICLICA,AMDOCS,2026-06-01,2026-06-17,PEN,59.26,10.67,69.93,False,69.93,1,False,0.0,69.93,0.0,True,CONCILIADA_EXACTA,True
S5AA-0081007064,2039576863,CLIENT_00191,316013031,656135257,FACTURACION CICLICA,AMDOCS,2026-06-18,2026-07-05,PEN,17.79,3.21,21.0,False,21.0,1,False,0.0,21.0,0.0,True,CONCILIADA_EXACTA,True
S5AA-0081487287,2053585542,CLIENT_00846,97022606,136314957,FACTURACION CICLICA,AMDOCS,2026-06-18,2026-07-05,PEN,77.06,13.87,90.93,False,90.93,1,False,0.0,90.93,0.0,True,CONCILIADA_EXACTA,True
S9AA-0082398482,2071170607,CLIENT_00207,14288385,567995647,FACTURACION CICLICA,AMDOCS,2026-06-01,2026-06-17,PEN,72.02,12.96,84.98,False,84.98,1,False,0.0,84.98,0.0,True,CONCILIADA_EXACTA,True
S5AA-0081020328,2006121666,CLIENT_00662,51834206,732033837,FACTURACION CICLICA,AMDOCS,2026-06-18,2026-07-05,PEN,56.29,10.14,66.43,False,66.43,1,False,0.0,66.43,0.0,True,CONCILIADA_EXACTA,True
S5AA-0081482727,2091280680,CLIENT_00335,97222706,791917506,FACTURACION CICLICA,AMDOCS,2026-06-18,2026-07-05,PEN,16.62,2.98,19.6,False,19.6,1,False,0.0,19.6,0.0,True,CONCILIADA_EXACTA,True
S5AA-0081122258,2071854449,CLIENT_00591,92218116,435285147,FACTURACION CICLICA,AMDOCS,2026-06-18,2026-07-05,PEN,136.14,24.51,160.65,False,160.65,1,False,0.0,160.65,0.0,True,CONCILIADA_EXACTA,True
S5AA-0081037111,2032869030,CLIENT_00111,71597416,409515067,FACTURACION CICLICA,AMDOCS,2026-06-18,2026-07-05,PEN,118.53,21.33,139.86,False,139.86,1,False,0.0,139.86,0.0,True,CONCILIADA_EXACTA,True
S5AA-0080969950,2021563134,CLIENT_00471,802909421,310955347,FACTURACION CICLICA,AMDOCS,2026-06-18,2026-07-05,PEN,17.74,3.19,20.93,False,20.93,1,False,0.0,20.93,0.0,True,CONCILIADA_EXACTA,True
S5AA-0081124100,2009780710,CLIENT_00275,92755206,691118957,FACTURACION CICLICA,AMDOCS,2026-06-18,2026-07-05,PEN,77.06,13.87,90.93,False,90.93,1,False,0.0,90.93,0.0,True,CONCILIADA_EXACTA,True
S5AA-0081275637,2003418714,CLIENT_00435,50793821,227556947,FACTURACION CICLICA,AMDOCS,2026-06-18,2026-07-05,PEN,44.97,8.09,53.06,False,53.06,1,False,0.0,53.06,0.0,True,CONCILIADA_EXACTA,True
S5AA-0081121496,2002042551,CLIENT_00727,920370711,389442827,FACTURACION CICLICA,AMDOCS,2026-06-18,2026-07-05,PEN,31.38,5.65,37.03,False,37.03,1,False,0.0,37.03,0.0,True,CONCILIADA_EXACTA,True
S9AA-0081816032,2021159453,CLIENT_00381,47003706,123027506,FACTURACION CICLICA,AMDOCS,2026-06-01,2026-06-17,PEN,32.92,5.93,38.85,False,38.85,1,False,0.0,38.85,0.0,True,CONCILIADA_EXACTA,True
S5AA-0081221350,2052913932,CLIENT_00961,34087016,775850606,FACTURACION CICLICA,AMDOCS,2026-06-18,2026-07-05,PEN,20.7,3.73,24.43,False,24.43,1,False,0.0,24.43,0.0,True,CONCILIADA_EXACTA,True
S5AA-0081383270,2006121666,CLIENT_00662,567037021,867895437,FACTURACION CICLICA,AMDOCS,2026-06-18,2026-07-05,PEN,345.86,62.24,408.1,False,408.1,1,False,0.0,408.1,0.0,True,CONCILIADA_EXACTA,True
S5AA-0080923335,2021250702,CLIENT_00176,20807106,776481506,FACTURACION CICLICA,AMDOCS,2026-06-18,2026-07-05,PEN,64.01,11.52,75.53,False,75.53,1,False,0.0,75.53,0.0,True,CONCILIADA_EXACTA,True
S5AA-0081627800,2088424166,CLIENT_00134,99112106,613011506,FACTURACION CICLICA,AMDOCS,2026-06-18,2026-07-05,PEN,69.94,12.59,82.53,False,82.53,1,False,0.0,82.53,0.0,True,CONCILIADA_EXACTA,True
S5AA-0080958515,2063036368,CLIENT_00951,70819185,439191306,FACTURACION CICLICA,AMDOCS,2026-06-18,2026-07-05,PEN,81.21,14.62,95.83,False,95.83,1,False,0.0,95.83,0.0,True,CONCILIADA_EXACTA,True
S9AA-0081815823,2048171681,CLIENT_00795,47443006,541430506,FACTURACION CICLICA,AMDOCS,2026-06-01,2026-06-17,PEN,280.0,50.4,330.4,False,330.4,1,False,0.0,330.4,0.0,True,CONCILIADA_EXACTA,True
S5AA-0081475352,2076142431,CLIENT_00318,87046995,126079406,FACTURACION CICLICA,AMDOCS,2026-06-18,2026-07-05,PEN,72.02,12.96,84.98,False,84.98,1,False,0.0,84.98,0.0,True,CONCILIADA_EXACTA,True
S5AA-0081474914,2064043539,CLIENT_00599,87516095,203070406,FACTURACION CICLICA,AMDOCS,2026-06-18,2026-07-05,PEN,174.35,31.38,205.73,False,205.73,1,False,0.0,205.73,0.0,True,CONCILIADA_EXACTA,True
S5AA-0080935256,2019351028,CLIENT_00937,30414006,230445957,FACTURACION CICLICA,AMDOCS,2026-06-18,2026-07-05,PEN,139.24,25.05,164.29,False,164.29,1,False,0.0,164.29,0.0,True,CONCILIADA_EXACTA,True
S5AA-0081054100,2091198935,CLIENT_00319,2842906,275498506,FACTURACION CICLICA,AMDOCS,2026-06-18,2026-07-05,PEN,48.64,8.76,57.4,False,57.4,1,False,0.0,57.4,0.0,True,CONCILIADA_EXACTA,True
S5AA-0081202982,2011994495,CLIENT_00175,47088821,554325057,FACTURACION CICLICA,AMDOCS,2026-06-18,2026-07-05,PEN,115.56,20.8,136.36,False,132.16,1,False,4.2,132.16000000000003,-2.842170943040401e-14,True,CONCILIADA_EXACTA,True
S5AA-0081238108,2090837613,CLIENT_00803,542168021,707978437,FACTURACION CICLICA,AMDOCS,2026-06-18,2026-07-05,PEN,389.98,70.2,460.18,False,460.18,1,False,0.0,460.18,0.0,True,CONCILIADA_EXACTA,True
S5AA-0081464367,2040664753,CLIENT_00565,67507116,333625947,FACTURACION CICLICA,AMDOCS,2026-06-18,2026-07-05,PEN,5.94,1.06,7.0,False,7.0,1,False,0.0,7.0,0.0,True,CONCILIADA_EXACTA,True
S5AA-0081446612,2077915427,CLIENT_00955,47179116,434412606,FACTURACION CICLICA,AMDOCS,2026-06-18,2026-07-05,PEN,47.4,8.53,55.93,False,55.93,1,False,0.0,55.93,0.0,True,CONCILIADA_EXACTA,True
S5AA-0081104934,2098720538,CLIENT_00619,72894406,536244506,FACTURACION CICLICA,AMDOCS,2026-06-18,2026-07-05,PEN,16.55,2.98,19.53,False,19.53,1,False,0.0,19.53,0.0,True,CONCILIADA_EXACTA,True
S5AA-0081566556,2080420835,CLIENT_00720,93279031,431643457,FACTURACION CICLICA,AMDOCS,2026-06-18,2026-07-05,PEN,53.33,9.6,62.93,False,62.93,1,False,0.0,62.93,0.0,True,CONCILIADA_EXACTA,True
S5AA-0081515446,2020933053,CLIENT_00339,38200585,708760057,FACTURACION CICLICA,AMDOCS,2026-06-18,2026-07-05,PEN,103.45,18.63,122.08,False,122.07000000000001,2,False,0.0,122.08,-0.009999999999990905,True,CONCILIADA_EXACTA,True
S9AA-0082161992,2071377105,CLIENT_00477,41412616,745806606,FACTURACION CICLICA,AMDOCS,2026-06-01,2026-06-17,PEN,201.64,36.3,237.93,False,237.93,1,False,0.0,237.93,0.0,True,CONCILIADA_EXACTA,True
S9AA-0082148512,2088958700,CLIENT_00840,212507011,617670157,FACTURACION CICLICA,AMDOCS,2026-06-01,2026-06-17,PEN,55.99,10.09,66.08,False,66.08,1,False,0.0,66.08,0.0,True,CONCILIADA_EXACTA,True
S5AA-0081463254,2065059290,CLIENT_00015,671814511,977999537,FACTURACION CICLICA,AMDOCS,2026-06-18,2026-07-05,PEN,106.72,19.21,125.93,False,125.93,1,False,0.0,125.93,0.0,True,CONCILIADA_EXACTA,True
S5AA-0080978174,2014214756,CLIENT_00653,90142306,590243457,FACTURACION CICLICA,AMDOCS,2026-06-18,2026-07-05,PEN,103.52,18.63,122.15,False,122.15,1,False,0.0,122.15,0.0,True,CONCILIADA_EXACTA,True
S5AA-0080926968,2036568728,CLIENT_00322,207418801,97103947,FACTURACION CICLICA,AMDOCS,2026-06-18,2026-07-05,PEN,99.01,17.82,116.83,False,116.83,1,False,0.0,116.83,0.0,True,CONCILIADA_EXACTA,True
S5AA-0081419627,2057100089,CLIENT_00499,7661185,233405737,FACTURACION CICLICA,AMDOCS,2026-06-18,2026-07-05,PEN,112.42,20.23,132.65,False,132.65,1,False,0.0,132.65,0.0,True,CONCILIADA_EXACTA,True
S5AA-0081122868,2009780710,CLIENT_00275,92755206,502826847,FACTURACION CICLICA,AMDOCS,2026-06-18,2026-07-05,PEN,111.47,20.06,131.53,False,131.53,1,False,0.0,131.53,0.0,True,CONCILIADA_EXACTA,True
S5AA-0081552642,2050878096,CLIENT_00515,881907031,311976957,FACTURACION CICLICA,AMDOCS,2026-06-18,2026-07-05,PEN,102.51,18.45,120.96,False,120.96,1,False,0.0,120.96,0.0,True,CONCILIADA_EXACTA,True
S5AA-0081240053,2018117869,CLIENT_00044,542323031,808662757,FACTURACION CICLICA,AMDOCS,2026-06-18,2026-07-05,PEN,100.79,18.14,118.93,False,118.93,1,False,0.0,118.93,0.0,True,CONCILIADA_EXACTA,True
S5AA-0081022432,2023740275,CLIENT_00569,514240531,215849957,FACTURACION CICLICA,AMDOCS,2026-06-18,2026-07-05,PEN,77.06,13.87,90.93,False,90.93,1,False,0.0,90.93,0.0,True,CONCILIADA_EXACTA,True
S5AA-0081503801,2078721881,CLIENT_00115,28353885,12548306,FACTURACION CICLICA,AMDOCS,2026-06-18,2026-07-05,PEN,27.83,5.01,32.83,False,32.83,1,False,0.0,32.83,0.0,True,CONCILIADA_EXACTA,True
S5AA-0081163383,2074406544,CLIENT_00417,53941616,51716606,FACTURACION CICLICA,AMDOCS,2026-06-18,2026-07-05,PEN,30.73,5.53,36.26,False,36.26,1,False,0.0,36.26,0.0,True,CONCILIADA_EXACTA,True
S5AA-0081067859,2046916374,CLIENT_00711,22517785,454977306,FACTURACION CICLICA,AMDOCS,2026-06-18,2026-07-05,PEN,148.96,26.81,175.77,False,175.77,1,False,0.0,175.77,0.0,True,CONCILIADA_EXACTA,True
S5AA-0081394604,2008330743,CLIENT_00241,76760385,845703306,FACTURACION CICLICA,AMDOCS,2026-06-18,2026-07-05,PEN,112.29,17.07,129.36,False,129.36,2,False,0.0,129.36,0.0,True,CONCILIADA_EXACTA,True
S5AA-0081620551,2024654901,CLIENT_00714,89444995,119649406,FACTURACION CICLICA,AMDOCS,2026-06-18,2026-07-05,PEN,74.98,13.5,88.48,False,88.48,1,False,0.0,88.48,0.0,True,CONCILIADA_EXACTA,True
S5AA-0080984098,2028234821,CLIENT_00026,12620321,10758937,FACTURACION CICLICA,AMDOCS,2026-06-18,2026-07-05,PEN,69.88,12.58,82.46,False,82.46,1,False,0.0,82.46,0.0,True,CONCILIADA_EXACTA,True
S9AA-0082043290,2045121201,CLIENT_00767,992659121,309293737,FACTURACION CICLICA,AMDOCS,2026-06-01,2026-06-17,PEN,56.29,10.14,66.43,False,66.43,1,False,0.0,66.43,0.0,True,CONCILIADA_EXACTA,True
S9AA-0081643443,2026598806,CLIENT_00317,55190516,950594606,FACTURACION CICLICA,AMDOCS,2026-06-01,2026-06-17,PEN,71.13,12.8,83.93,False,83.93,1,False,0.0,83.93,0.0,True,CONCILIADA_EXACTA,True
S5AA-0080944710,2010399017,CLIENT_00723,50035295,395362406,FACTURACION CICLICA,AMDOCS,2026-06-18,2026-07-05,PEN,67.93,12.22,80.15,False,80.15,1,False,0.0,80.15,0.0,True,CONCILIADA_EXACTA,True
S9AA-0082398039,2028712026,CLIENT_00204,145255911,751494247,FACTURACION CICLICA,AMDOCS,2026-06-01,2026-06-17,PEN,112.65,20.28,132.93,False,132.93,1,False,0.0,132.93,0.0,True,CONCILIADA_EXACTA,True
S5AA-0081167490,2045407090,CLIENT_00403,535621511,489253857,FACTURACION CICLICA,AMDOCS,2026-06-18,2026-07-05,PEN,71.13,12.8,83.93,False,83.93,1,False,0.0,83.93,0.0,True,CONCILIADA_EXACTA,True
S5AA-0080964422,2090613378,CLIENT_00096,70024516,857192067,FACTURACION CICLICA,AMDOCS,2026-06-18,2026-07-05,PEN,85.9,15.46,101.36,False,101.36,1,False,0.0,101.36,0.0,True,CONCILIADA_EXACTA,True
S5AA-0081131495,2054205660,CLIENT_00625,3102706,853761067,FACTURACION CICLICA,AMDOCS,2026-06-18,2026-07-05,PEN,104.34,18.79,123.13,False,123.13,1,False,0.0,123.13,0.0,True,CONCILIADA_EXACTA,True
S5AA-0080988418,2060826481,CLIENT_00672,11187395,135583406,FACTURACION CICLICA,AMDOCS,2026-06-18,2026-07-05,PEN,50.96,9.17,60.13,False,60.13,1,False,0.0,60.13,0.0,True,CONCILIADA_EXACTA,True
S5AA-0081040708,2014689387,CLIENT_00420,813928011,843072817,FACTURACION CICLICA,AMDOCS,2026-06-18,2026-07-05,PEN,68.22,12.28,80.5,False,80.5,1,False,0.0,80.5,0.0,True,CONCILIADA_EXACTA,True
S9AA-0081855836,2028858667,CLIENT_00821,87664306,786348857,FACTURACION CICLICA,AMDOCS,2026-06-01,2026-06-17,PEN,20.71,3.72,24.43,False,24.43,1,False,0.0,24.43,0.0,True,CONCILIADA_EXACTA,True
S5AA-0081398969,2031569282,CLIENT_00055,76618995,143360947,FACTURACION CICLICA,AMDOCS,2026-06-18,2026-07-05,PEN,94.86,17.07,111.93,False,111.93,1,False,0.0,111.93,0.0,True,CONCILIADA_EXACTA,True
S5AA-0081081953,2042836144,CLIENT_00920,42960185,336501306,FACTURACION CICLICA,AMDOCS,2026-06-18,2026-07-05,PEN,164.79,29.67,194.46,False,194.46,1,False,0.0,194.46,0.0,True,CONCILIADA_EXACTA,True
S5AA-0081214907,2028234821,CLIENT_00026,245225901,553500617,FACTURACION CICLICA,AMDOCS,2026-06-18,2026-07-05,PEN,655.84,83.01,738.85,False,738.86,2,False,0.0,738.85,0.009999999999990905,True,CONCILIADA_EXACTA,True
S5AA-0081528630,2034994857,CLIENT_00519,58380706,338325537,FACTURACION CICLICA,AMDOCS,2026-06-18,2026-07-05,PEN,105.53,19.0,124.53,False,124.53,1,False,0.0,124.53,0.0,True,CONCILIADA_EXACTA,True
S5AA-0080932891,2079138145,CLIENT_00735,305198111,487299237,FACTURACION CICLICA,AMDOCS,2026-06-18,2026-07-05,PEN,100.79,18.14,118.93,False,118.93,1,False,0.0,118.93,0.0,True,CONCILIADA_EXACTA,True
S5AA-0080934200,2032717708,CLIENT_00214,30601716,148582057,FACTURACION CICLICA,AMDOCS,2026-06-18,2026-07-05,PEN,94.79,17.07,111.86,False,111.86,1,False,0.0,111.86,0.0,True,CONCILIADA_EXACTA,True
S5AA-0081105273,2074406544,CLIENT_00417,72941616,851716606,FACTURACION CICLICA,AMDOCS,2026-06-18,2026-07-05,PEN,27.82,5.01,32.83,False,32.83,1,False,0.0,32.83,0.0,True,CONCILIADA_EXACTA,True
S5AA-0081097699,2079585159,CLIENT_00559,62957795,726097406,FACTURACION CICLICA,AMDOCS,2026-06-18,2026-07-05,PEN,111.0,19.97,130.97,False,130.97,1,False,0.0,130.97,0.0,True,CONCILIADA_EXACTA,True
S5AA-0081022430,2023740275,CLIENT_00569,514240531,266739957,FACTURACION CICLICA,AMDOCS,2026-06-18,2026-07-05,PEN,77.06,13.87,90.93,False,90.93,1,False,0.0,90.93,0.0,True,CONCILIADA_EXACTA,True
S5AA-0081475381,2039216584,CLIENT_00936,87475006,795560506,FACTURACION CICLICA,AMDOCS,2026-06-18,2026-07-05,PEN,364.24,65.56,429.8,False,429.8,1,False,0.0,429.8,0.0,True,CONCILIADA_EXACTA,True
S5AA-0081271954,2069121500,CLIENT_00717,5968995,550389406,FACTURACION CICLICA,AMDOCS,2026-06-18,2026-07-05,PEN,124.22,22.36,146.58,False,146.58,1,False,0.0,146.58,0.0,True,CONCILIADA_EXACTA,True
S5AA-0081470770,2041116026,CLIENT_00940,77358185,871086937,FACTURACION CICLICA,AMDOCS,2026-06-18,2026-07-05,PEN,52.14,9.39,61.53,False,61.53,1,False,0.0,61.53,0.0,True,CONCILIADA_EXACTA,True
S5AA-0081320406,2038330759,CLIENT_00758,656561531,553521067,FACTURACION CICLICA,AMDOCS,2026-06-18,2026-07-05,PEN,67.93,12.22,80.15,False,80.15,1,False,0.0,80.15,0.0,True,CONCILIADA_EXACTA,True
S5AA-0081387654,2004228948,CLIENT_00018,66621985,97029306,FACTURACION CICLICA,AMDOCS,2026-06-18,2026-07-05,PEN,123.63,22.25,145.88,False,145.88,1,False,0.0,145.88,0.0,True,CONCILIADA_EXACTA,True
S5AA-0081286725,2001063341,CLIENT_00144,25693116,568911606,FACTURACION CICLICA,AMDOCS,2026-06-18,2026-07-05,PEN,50.37,9.06,59.43,False,59.43,1,False,0.0,59.43,0.0,True,CONCILIADA_EXACTA,True
S5AA-0081031829,2014718111,CLIENT_00016,71975885,543768306,FACTURACION CICLICA,AMDOCS,2026-06-18,2026-07-05,PEN,74.69,13.44,88.13,False,88.13,1,False,0.0,88.13,0.0,True,CONCILIADA_EXACTA,True
S9AA-0081732513,2064536829,CLIENT_00259,460878221,195235937,FACTURACION CICLICA,AMDOCS,2026-06-01,2026-06-17,PEN,127.42,22.94,150.36,False,150.36,1,False,0.0,150.36,0.0,True,CONCILIADA_EXACTA,True
S9AA-0082421199,2016142658,CLIENT_00521,44811516,47674606,FACTURACION CICLICA,AMDOCS,2026-06-01,2026-06-17,PEN,55.35,9.96,65.31,False,65.31,1,False,0.0,65.31,0.0,True,CONCILIADA_EXACTA,True
S9AA-0082129089,2028695835,CLIENT_00334,14420021,698221337,FACTURACION CICLICA,AMDOCS,2026-06-01,2026-06-17,PEN,65.2,11.73,76.93,False,76.93,1,False,0.0,76.93,0.0,True,CONCILIADA_EXACTA,True
S9AA-0082411726,2010441811,CLIENT_00839,34610495,721314406,FACTURACION CICLICA,AMDOCS,2026-06-01,2026-06-17,PEN,16.62,2.98,19.6,False,19.6,1,False,0.0,19.6,0.0,True,CONCILIADA_EXACTA,True
S9AA-0081695132,2037021331,CLIENT_00121,6155806,893368506,FACTURACION CICLICA,AMDOCS,2026-06-01,2026-06-17,PEN,83.05,14.95,98.0,False,98.0,1,False,0.0,98.0,0.0,True,CONCILIADA_EXACTA,True
S9AA-0082052817,2043300039,CLIENT_00704,9206321,954881547,FACTURACION CICLICA,AMDOCS,2026-06-01,2026-06-17,PEN,37.32,6.71,44.03,False,44.03,1,False,0.0,44.03,0.0,True,CONCILIADA_EXACTA,True
S9AA-0081914563,2067006652,CLIENT_00878,58971206,598406647,FACTURACION CICLICA,AMDOCS,2026-06-01,2026-06-17,PEN,80.02,14.41,94.43,False,94.43,1,False,0.0,94.43,0.0,True,CONCILIADA_EXACTA,True
S9AA-0081992891,2026853033,CLIENT_00589,493603511,560891157,FACTURACION CICLICA,AMDOCS,2026-06-01,2026-06-17,PEN,41.47,7.46,48.93,False,48.93,1,False,0.0,48.93,0.0,True,CONCILIADA_EXACTA,True
S9AA-0082156070,2035102698,CLIENT_00950,319965321,886860147,FACTURACION CICLICA,AMDOCS,2026-06-01,2026-06-17,PEN,23.07,4.16,27.23,False,27.23,1,False,0.0,27.23,0.0,True,CONCILIADA_EXACTA,True
S9AA-0082052957,2042009956,CLIENT_00165,8544621,252275647,FACTURACION CICLICA,AMDOCS,2026-06-01,2026-06-17,PEN,35.53,6.4,41.93,False,41.93,1,False,0.0,41.93,0.0,True,CONCILIADA_EXACTA,True
S9AA-0082196331,2057609277,CLIENT_00543,81355016,198140606,FACTURACION CICLICA,AMDOCS,2026-06-01,2026-06-17,PEN,56.29,10.14,66.43,False,66.43,1,False,0.0,66.43,0.0,True,CONCILIADA_EXACTA,True
S9AA-0081879990,2084384500,CLIENT_00932,18794285,268639547,FACTURACION CICLICA,AMDOCS,2026-06-01,2026-06-17,PEN,17.79,3.21,21.0,False,21.0,1,False,0.0,21.0,0.0,True,CONCILIADA_EXACTA,True
S9AA-0082271093,2067392845,CLIENT_00917,62874416,746371067,FACTURACION CICLICA,AMDOCS,2026-06-01,2026-06-17,PEN,94.86,17.07,111.93,False,111.93,1,False,0.0,111.93,0.0,True,CONCILIADA_EXACTA,True
S9AA-0082461065,2098309864,CLIENT_00512,84251595,28347067,FACTURACION CICLICA,AMDOCS,2026-06-01,2026-06-17,PEN,53.33,9.6,62.93,False,62.93,1,False,0.0,62.93,0.0,True,CONCILIADA_EXACTA,True
S9AA-0081719950,2082824645,CLIENT_00595,36468785,975397306,FACTURACION CICLICA,AMDOCS,2026-06-01,2026-06-17,PEN,150.14,27.03,177.17,False,177.17,1,False,0.0,177.17,0.0,True,CONCILIADA_EXACTA,True
S9AA-0081841716,2032184225,CLIENT_00719,77912895,333638406,FACTURACION CICLICA,AMDOCS,2026-06-01,2026-06-17,PEN,99.6,17.93,117.53,False,117.53,1,False,0.0,117.53,0.0,True,CONCILIADA_EXACTA,True
S9AA-0081775104,2016855055,CLIENT_00971,962386021,390794437,FACTURACION CICLICA,AMDOCS,2026-06-01,2026-06-17,PEN,175.95,31.67,207.62,False,207.62,1,False,0.0,207.62,0.0,True,CONCILIADA_EXACTA,True
S9AA-0082299333,2078299854,CLIENT_00460,3160295,627412406,FACTURACION CICLICA,AMDOCS,2026-06-01,2026-06-17,PEN,47.4,8.53,55.93,False,55.93,1,False,0.0,55.93,0.0,True,CONCILIADA_EXACTA,True
S9AA-0081855832,2028858667,CLIENT_00821,87664306,300248857,FACTURACION CICLICA,AMDOCS,2026-06-01,2026-06-17,PEN,20.71,3.72,24.43,False,24.43,1,False,0.0,24.43,0.0,True,CONCILIADA_EXACTA,True
S9AA-0081776366,2092536593,CLIENT_00425,964976321,123152647,FACTURACION CICLICA,AMDOCS,2026-06-01,2026-06-17,PEN,65.2,11.73,76.93,False,76.93,1,False,0.0,76.93,0.0,True,CONCILIADA_EXACTA,True
S9AA-0081880372,2084384500,CLIENT_00932,18794285,644363947,FACTURACION CICLICA,AMDOCS,2026-06-01,2026-06-17,PEN,29.6,5.33,34.93,False,34.93,1,False,0.0,34.93,0.0,True,CONCILIADA_EXACTA,True
S9AA-0082420977,2037021331,CLIENT_00121,44265806,93368506,FACTURACION CICLICA,AMDOCS,2026-06-01,2026-06-17,PEN,16.55,2.98,19.53,False,19.53,1,False,0.0,19.53,0.0,True,CONCILIADA_EXACTA,True
S9AA-0081747140,2079774432,CLIENT_00562,66051116,996801606,FACTURACION CICLICA,AMDOCS,2026-06-01,2026-06-17,PEN,47.4,8.53,55.93,False,55.93,1,False,0.0,55.93,0.0,True,CONCILIADA_EXACTA,True
S9AA-0081971344,2046058498,CLIENT_00633,29517795,905297406,FACTURACION CICLICA,AMDOCS,2026-06-01,2026-06-17,PEN,86.97,15.65,102.62,False,102.62,2,False,0.0,102.62,0.0,True,CONCILIADA_EXACTA,True
S9AA-0081786368,2023773061,CLIENT_00328,78823111,368150657,FACTURACION CICLICA,AMDOCS,2026-06-01,2026-06-17,PEN,29.6,5.33,34.93,False,34.93,1,False,0.0,34.93,0.0,True,CONCILIADA_EXACTA,True
S9AA-0081665132,2079583404,CLIENT_00399,457788421,681996457,FACTURACION CICLICA,AMDOCS,2026-06-01,2026-06-17,PEN,48.34,8.71,57.05,False,57.05,1,False,0.0,57.05,0.0,True,CONCILIADA_EXACTA,True
S9AA-0082274450,2074129386,CLIENT_00882,72859616,555976606,FACTURACION CICLICA,AMDOCS,2026-06-01,2026-06-17,PEN,140.0,25.2,165.2,False,165.2,2,False,0.0,165.2,0.0,True,CONCILIADA_EXACTA,True
S9AA-0082351336,2004470530,CLIENT_00006,63862495,84934406,FACTURACION CICLICA,AMDOCS,2026-06-01,2026-06-17,PEN,134.6,24.23,158.83,False,158.83,1,False,0.0,158.83,0.0,True,CONCILIADA_EXACTA,True
S9AA-0082339147,2093064195,CLIENT_00380,432668021,845233557,FACTURACION CICLICA,AMDOCS,2026-06-01,2026-06-17,PEN,65.2,11.73,76.93,False,76.93,1,False,0.0,76.93,0.0,True,CONCILIADA_EXACTA,True
S9AA-0082452248,2017763650,CLIENT_00236,642552431,314247857,FACTURACION CICLICA,AMDOCS,2026-06-01,2026-06-17,PEN,56.06,10.09,66.15,False,66.15,1,False,0.0,66.15,0.0,True,CONCILIADA_EXACTA,True
S9AA-0082461058,2098309864,CLIENT_00512,84251595,754227067,FACTURACION CICLICA,AMDOCS,2026-06-01,2026-06-17,PEN,102.86,18.52,121.38,False,121.38,1,False,0.0,121.38,0.0,True,CONCILIADA_EXACTA,True
S9AA-0082291211,2043300039,CLIENT_00704,92353306,783623506,FACTURACION CICLICA,AMDOCS,2026-06-01,2026-06-17,PEN,88.92,16.01,104.93,False,104.93,1,False,0.0,104.93,0.0,True,CONCILIADA_EXACTA,True
S9AA-0082400115,2028712026,CLIENT_00204,145255911,652803857,FACTURACION CICLICA,AMDOCS,2026-06-01,2026-06-17,PEN,142.32,25.61,167.93,False,167.93,1,False,0.0,167.93,0.0,True,CONCILIADA_EXACTA,True
S9AA-0082087098,2063701019,CLIENT_00709,505324911,249915147,FACTURACION CICLICA,AMDOCS,2026-06-01,2026-06-17,PEN,41.47,7.46,48.93,False,48.93,1,False,0.0,48.93,0.0,True,CONCILIADA_EXACTA,True
S9AA-0082130325,2017763650,CLIENT_00236,1691195,572155447,FACTURACION CICLICA,AMDOCS,2026-06-01,2026-06-17,PEN,54.87,9.88,64.75,False,64.75,1,False,0.0,64.75,0.0,True,CONCILIADA_EXACTA,True
S9AA-0082385944,2045546222,CLIENT_00594,4541595,183725406,FACTURACION CICLICA,AMDOCS,2026-06-01,2026-06-17,PEN,88.27,15.89,104.16,False,104.16,1,False,0.0,104.16,0.0,True,CONCILIADA_EXACTA,True
S9AA-0081988902,2091198935,CLIENT_00319,49462906,885498506,FACTURACION CICLICA,AMDOCS,2026-06-01,2026-06-17,PEN,48.64,8.76,57.4,False,57.4,1,False,0.0,57.4,0.0,True,CONCILIADA_EXACTA,True
S9AA-0082317232,2021159453,CLIENT_00381,23594506,103755506,FACTURACION CICLICA,AMDOCS,2026-06-01,2026-06-17,PEN,350.66,63.11,413.77,False,413.77,2,False,0.0,413.77,0.0,True,CONCILIADA_EXACTA,True
S9AA-0082373879,2006444143,CLIENT_00059,83690706,407884557,FACTURACION CICLICA,AMDOCS,2026-06-01,2026-06-17,PEN,47.4,8.53,55.93,False,55.93,1,False,0.0,55.93,0.0,True,CONCILIADA_EXACTA,True
S9AA-0082451545,2026807327,CLIENT_00677,64288416,896318457,FACTURACION CICLICA,AMDOCS,2026-06-01,2026-06-17,PEN,53.33,9.6,62.93,False,62.93,1,False,0.0,62.93,0.0,True,CONCILIADA_EXACTA,True
S9AA-0082122801,2079899808,CLIENT_00269,90834906,119300257,FACTURACION CICLICA,AMDOCS,2026-06-01,2026-06-17,PEN,65.2,11.73,76.93,False,76.93,1,False,0.0,76.93,0.0,True,CONCILIADA_EXACTA,True
S9AA-0082270297,2009784756,CLIENT_00094,623989711,172639657,FACTURACION CICLICA,AMDOCS,2026-06-01,2026-06-17,PEN,17.74,3.19,20.93,False,20.93,1,False,0.0,20.93,0.0,True,CONCILIADA_EXACTA,True
S9AA-0082455042,2063755498,CLIENT_00835,84725595,249565406,FACTURACION CICLICA,AMDOCS,2026-06-01,2026-06-17,PEN,125.59,22.6,148.19,False,148.19,1,False,0.0,148.19,0.0,True,CONCILIADA_EXACTA,True
S9AA-0081651437,2035102698,CLIENT_00950,65458595,707795406,FACTURACION CICLICA,AMDOCS,2026-06-01,2026-06-17,PEN,24.56,4.42,28.98,False,28.98,1,False,0.0,28.98,0.0,True,CONCILIADA_EXACTA,True
S9AA-0082083871,2066685881,CLIENT_00643,50088206,789082506,FACTURACION CICLICA,AMDOCS,2026-06-01,2026-06-17,PEN,44.97,8.09,53.06,False,53.06,1,False,0.0,53.06,0.0,True,CONCILIADA_EXACTA,True
S9AA-0081759577,2045052005,CLIENT_00109,763571211,174787947,FACTURACION CICLICA,AMDOCS,2026-06-01,2026-06-17,PEN,19.81,3.57,23.38,False,23.38,1,False,0.0,23.38,0.0,True,CONCILIADA_EXACTA,True
S9AA-0082322278,2059951611,CLIENT_00829,23889085,105351757,FACTURACION CICLICA,AMDOCS,2026-06-01,2026-06-17,PEN,100.86,18.14,119.0,False,119.0,1,False,0.0,119.0,0.0,True,CONCILIADA_EXACTA,True
S9AA-0082473015,2040443627,CLIENT_00393,5650016,114999506,FACTURACION CICLICA,AMDOCS,2026-06-01,2026-06-17,PEN,207.5,37.36,244.86,False,244.86,1,False,0.0,244.86,0.0,True,CONCILIADA_EXACTA,True
S9AA-0081997638,2045855183,CLIENT_00181,59950906,607229506,FACTURACION CICLICA,AMDOCS,2026-06-01,2026-06-17,PEN,145.22,26.14,171.36,False,171.36,1,False,0.0,171.36,0.0,True,CONCILIADA_EXACTA,True
S9AA-0081892809,2078414316,CLIENT_00986,38443785,347547306,FACTURACION CICLICA,AMDOCS,2026-06-01,2026-06-17,PEN,86.55,15.58,102.13,False,102.13,1,False,0.0,102.13,0.0,True,CONCILIADA_EXACTA,True
S9AA-0081876218,2098309864,CLIENT_00512,18024795,80447406,FACTURACION CICLICA,AMDOCS,2026-06-01,2026-06-17,PEN,19.4,3.49,22.89,False,22.89,1,False,0.0,22.89,0.0,True,CONCILIADA_EXACTA,True
S9AA-0082053191,2043300039,CLIENT_00704,9206321,745528847,FACTURACION CICLICA,AMDOCS,2026-06-01,2026-06-17,PEN,17.79,3.21,21.0,False,21.0,1,False,0.0,21.0,0.0,True,CONCILIADA_EXACTA,True
S9AA-0081648029,2074423060,CLIENT_00504,557185231,456821657,FACTURACION CICLICA,AMDOCS,2026-06-01,2026-06-17,PEN,35.18,6.34,41.51,False,41.51,1,False,0.0,41.51,0.0,True,CONCILIADA_EXACTA,True
S5AA-0081160815,2040613653,CLIENT_00126,433871231,43944167,FACTURACION CICLICA,AMDOCS,2026-06-18,2026-07-05,PEN,47.4,8.53,55.93,False,35.42,1,False,20.51,35.42,0.0,True,CONCILIADA_EXACTA,True
S5AA-0081561770,2002061694,CLIENT_00005,9699585,602806306,FACTURACION CICLICA,AMDOCS,2026-06-18,2026-07-05,PEN,44.44,7.99,52.43,False,52.43,1,False,0.0,52.43,0.0,True,CONCILIADA_EXACTA,True
S7AA-0068355726,2051502270,CLIENT_00832,574333621,371131647,FACTURACION CICLICA,AMDOCS,2026-06-23,2026-07-09,PEN,91.66,16.49,108.15,False,108.15,1,False,0.0,108.15,0.0,True,CONCILIADA_EXACTA,True
S5AA-0081090705,2005137984,CLIENT_00579,52112216,827423606,FACTURACION CICLICA,AMDOCS,2026-06-18,2026-07-05,PEN,54.87,9.88,64.75,False,64.75,1,False,0.0,64.75,0.0,True,CONCILIADA_EXACTA,True
S5AA-0081296910,2073105592,CLIENT_00280,359903621,757001647,FACTURACION CICLICA,AMDOCS,2026-06-18,2026-07-05,PEN,126.24,22.72,148.96,False,148.96,1,False,0.0,148.96,0.0,True,CONCILIADA_EXACTA,True
S5AA-0081464593,2079899808,CLIENT_00269,67893906,428899157,FACTURACION CICLICA,AMDOCS,2026-06-18,2026-07-05,PEN,65.2,11.73,76.93,False,76.93,1,False,0.0,76.93,0.0,True,CONCILIADA_EXACTA,True
S5AA-0081122392,2048465395,CLIENT_00206,925858421,878165347,FACTURACION CICLICA,AMDOCS,2026-06-18,2026-07-05,PEN,89.29,16.07,105.35,False,105.35,1,False,0.0,105.35,0.0,True,CONCILIADA_EXACTA,True
S5AA-0081434230,2069501836,CLIENT_00263,270249021,473250537,FACTURACION CICLICA,AMDOCS,2026-06-18,2026-07-05,PEN,46.21,8.32,54.53,False,54.53,1,False,0.0,54.53,0.0,True,CONCILIADA_EXACTA,True
S5AA-0081401579,2043931605,CLIENT_00834,86639085,370390306,FACTURACION CICLICA,AMDOCS,2026-06-18,2026-07-05,PEN,56.29,10.14,66.43,False,66.43,1,False,0.0,66.43,0.0,True,CONCILIADA_EXACTA,True
S3AA-0079772573,2001625741,CLIENT_00222,80203575,686639433,FACTURACION CICLICA,AMDOCS,2026-07-15,2026-08-01,PEN,77.06,13.87,90.93,False,90.93,1,False,0.0,90.93,0.0,True,CONCILIADA_EXACTA,True
S3AA-0079726079,2016738253,CLIENT_00320,30344575,277349343,FACTURACION CICLICA,AMDOCS,2026-07-15,2026-08-01,PEN,27.23,4.9,32.13,False,32.13,1,False,0.0,32.13,0.0,True,CONCILIADA_EXACTA,True
S3AA-0079681942,2021963014,CLIENT_00192,89345575,287892337,FACTURACION CICLICA,AMDOCS,2026-07-15,2026-08-01,PEN,21.89,3.94,25.83,False,25.83,1,False,0.0,25.83,0.0,True,CONCILIADA_EXACTA,True
S3AA-0080089864,2028873503,CLIENT_00053,34531575,10924823,FACTURACION CICLICA,AMDOCS,2026-07-15,2026-08-01,PEN,12.69,2.29,14.98,False,14.98,1,False,0.0,14.98,0.0,True,CONCILIADA_EXACTA,True
S3AA-0079835145,2044479748,CLIENT_00957,412171921,610099557,FACTURACION CICLICA,AMDOCS,2026-07-15,2026-08-01,PEN,47.4,8.53,55.93,False,55.93,1,False,0.0,55.93,0.0,True,CONCILIADA_EXACTA,True
S3AA-0079483565,2002657495,CLIENT_00013,87633575,665087043,FACTURACION CICLICA,AMDOCS,2026-07-15,2026-08-01,PEN,39.69,7.14,46.83,False,46.83,1,False,0.0,46.83,0.0,True,CONCILIADA_EXACTA,True
S3AA-0080331825,2057100089,CLIENT_00499,96123575,721918001,FACTURACION CICLICA,AMDOCS,2026-07-15,2026-08-01,PEN,56.66,10.19,66.85,False,66.85,1,False,0.0,66.85,0.0,True,CONCILIADA_EXACTA,True
S3AA-0079865856,2013843524,CLIENT_00361,81125575,977872623,FACTURACION CICLICA,AMDOCS,2026-07-15,2026-08-01,PEN,27.23,4.9,32.13,False,32.13,1,False,0.0,32.13,0.0,True,CONCILIADA_EXACTA,True
S3AA-0079819342,2095824297,CLIENT_00323,31282575,649532333,FACTURACION CICLICA,AMDOCS,2026-07-15,2026-08-01,PEN,35.53,6.4,41.93,False,41.93,1,False,0.0,41.93,0.0,True,CONCILIADA_EXACTA,True
S3AA-0080137324,2006459799,CLIENT_00837,74471575,522164293,FACTURACION CICLICA,AMDOCS,2026-07-15,2026-08-01,PEN,18.98,3.42,22.4,False,22.4,1,False,0.0,22.4,0.0,True,CONCILIADA_EXACTA,True
S3AA-0079670139,2006969490,CLIENT_00418,79003575,931637733,FACTURACION CICLICA,AMDOCS,2026-07-15,2026-08-01,PEN,34.11,6.14,40.25,False,40.25,1,False,0.0,40.25,0.0,True,CONCILIADA_EXACTA,True
S3AA-0079912466,2059324355,CLIENT_00481,32562575,800810033,FACTURACION CICLICA,AMDOCS,2026-07-15,2026-08-01,PEN,23.67,4.26,27.93,False,27.93,1,False,0.0,27.93,0.0,True,CONCILIADA_EXACTA,True
S3AA-0079567489,2077915427,CLIENT_00955,68022575,396504733,FACTURACION CICLICA,AMDOCS,2026-07-15,2026-08-01,PEN,15.66,2.82,18.48,False,18.48,1,False,0.0,18.48,0.0,True,CONCILIADA_EXACTA,True
S3AA-0079875008,2001156117,CLIENT_00442,91425575,793447523,FACTURACION CICLICA,AMDOCS,2026-07-15,2026-08-01,PEN,77.06,13.87,90.93,False,90.93,1,False,0.0,90.93,0.0,True,CONCILIADA_EXACTA,True
S3AA-0080137406,2006459799,CLIENT_00837,74471575,848434793,FACTURACION CICLICA,AMDOCS,2026-07-15,2026-08-01,PEN,18.91,3.42,22.33,False,22.33,1,False,0.0,22.33,0.0,True,CONCILIADA_EXACTA,True
S3AA-0079683311,2021963014,CLIENT_00192,89345575,465296247,FACTURACION CICLICA,AMDOCS,2026-07-15,2026-08-01,PEN,25.45,4.58,30.03,False,30.03,1,False,0.0,30.03,0.0,True,CONCILIADA_EXACTA,True
S3AA-0079812172,2058367129,CLIENT_00948,219821911,952536137,FACTURACION CICLICA,AMDOCS,2026-07-15,2026-08-01,PEN,147.53,26.56,174.09,False,174.09,1,False,0.0,174.09,0.0,True,CONCILIADA_EXACTA,True
S3AA-0080136884,2006459799,CLIENT_00837,74471575,147616463,FACTURACION CICLICA,AMDOCS,2026-07-15,2026-08-01,PEN,18.98,3.42,22.4,False,22.4,1,False,0.0,22.4,0.0,True,CONCILIADA_EXACTA,True
S3AA-0080043662,1031024653,CLIENT_00975,73812575,294918863,FACTURACION CICLICA,AMDOCS,2026-07-15,2026-08-01,PEN,56.29,10.14,66.43,False,66.43,1,False,0.0,66.43,0.0,True,CONCILIADA_EXACTA,True
S3AA-0080077496,2037181733,CLIENT_00226,40742521,970084557,FACTURACION CICLICA,AMDOCS,2026-07-15,2026-08-01,PEN,23.67,4.26,27.93,False,27.93,1,False,0.0,27.93,0.0,True,CONCILIADA_EXACTA,True
S3AA-0080122088,2038638301,CLIENT_00391,543454421,354077447,FACTURACION CICLICA,AMDOCS,2026-07-15,2026-08-01,PEN,64.01,11.52,75.53,False,75.53,1,False,0.0,75.53,0.0,True,CONCILIADA_EXACTA,True
S3AA-0079511077,2015648856,CLIENT_00530,8180575,603244403,FACTURACION CICLICA,AMDOCS,2026-07-15,2026-08-01,PEN,14.76,2.67,17.43,False,17.43,1,False,0.0,17.43,0.0,True,CONCILIADA_EXACTA,True
S3AA-0080089915,2028873503,CLIENT_00053,34531575,813589923,FACTURACION CICLICA,AMDOCS,2026-07-15,2026-08-01,PEN,13.65,2.45,16.1,False,16.1,1,False,0.0,16.1,0.0,True,CONCILIADA_EXACTA,True
S3AA-0079810115,2067647278,CLIENT_00078,21761575,57746343,FACTURACION CICLICA,AMDOCS,2026-07-15,2026-08-01,PEN,25.45,4.58,30.03,False,30.03,1,False,0.0,30.03,0.0,True,CONCILIADA_EXACTA,True
S3AA-0080089842,2028873503,CLIENT_00053,34531575,800355723,FACTURACION CICLICA,AMDOCS,2026-07-15,2026-08-01,PEN,13.65,2.45,16.1,False,16.1,1,False,0.0,16.1,0.0,True,CONCILIADA_EXACTA,True
S3AA-0080089337,2071316506,CLIENT_00040,34954575,546690601,FACTURACION CICLICA,AMDOCS,2026-07-15,2026-08-01,PEN,33.75,6.08,39.83,False,39.83,1,False,0.0,39.83,0.0,True,CONCILIADA_EXACTA,True
S3AA-0079655037,2006257040,CLIENT_00405,59957575,125613147,FACTURACION CICLICA,AMDOCS,2026-07-15,2026-08-01,PEN,52.14,9.39,61.53,False,61.53,1,False,0.0,61.53,0.0,True,CONCILIADA_EXACTA,True
S3AA-0080024659,2052009555,CLIENT_00491,53863575,683401443,FACTURACION CICLICA,AMDOCS,2026-07-15,2026-08-01,PEN,46.21,8.32,54.53,False,54.53,1,False,0.0,54.53,0.0,True,CONCILIADA_EXACTA,True
S3AA-0080258476,2091733360,CLIENT_00277,6703575,437263783,FACTURACION CICLICA,AMDOCS,2026-07-15,2026-08-01,PEN,33.75,6.08,39.83,False,39.83,1,False,0.0,39.83,0.0,True,CONCILIADA_EXACTA,True
S3AA-0080239358,2046155934,CLIENT_00493,75753575,666913643,FACTURACION CICLICA,AMDOCS,2026-07-15,2026-08-01,PEN,46.21,8.32,54.53,False,54.53,1,False,0.0,54.53,0.0,True,CONCILIADA_EXACTA,True
S3AA-0080010165,2090334510,CLIENT_00875,332812621,71849547,FACTURACION CICLICA,AMDOCS,2026-07-15,2026-08-01,PEN,105.53,19.0,124.53,False,124.53,1,False,0.0,124.53,0.0,True,CONCILIADA_EXACTA,True
S3AA-0079557596,2077915427,CLIENT_00955,68022575,334241601,FACTURACION CICLICA,AMDOCS,2026-07-15,2026-08-01,PEN,16.84,3.04,19.88,False,19.88,1,False,0.0,19.88,0.0,True,CONCILIADA_EXACTA,True
S3AA-0079680252,2021963014,CLIENT_00192,89345575,303701283,FACTURACION CICLICA,AMDOCS,2026-07-15,2026-08-01,PEN,71.13,12.8,83.93,False,83.93,1,False,0.0,83.93,0.0,True,CONCILIADA_EXACTA,True
S3AA-0079514670,2008935428,CLIENT_00164,87471221,336668737,FACTURACION CICLICA,AMDOCS,2026-07-15,2026-08-01,PEN,71.13,12.8,83.93,False,83.93,1,False,0.0,83.93,0.0,True,CONCILIADA_EXACTA,True
S3AA-0080024660,2052009555,CLIENT_00491,53863575,854401443,FACTURACION CICLICA,AMDOCS,2026-07-15,2026-08-01,PEN,46.21,8.32,54.53,False,54.53,1,False,0.0,54.53,0.0,True,CONCILIADA_EXACTA,True
S3AA-0079856483,2068641471,CLIENT_00978,71690575,434683033,FACTURACION CICLICA,AMDOCS,2026-07-15,2026-08-01,PEN,25.45,4.58,30.03,False,30.03,1,False,0.0,30.03,0.0,True,CONCILIADA_EXACTA,True
S3AA-0079874809,2094037394,CLIENT_00744,91516575,143072613,FACTURACION CICLICA,AMDOCS,2026-07-15,2026-08-01,PEN,52.5,9.45,61.95,False,61.95,1,False,0.0,61.95,0.0,True,CONCILIADA_EXACTA,True
S3AA-0079677794,2082422571,CLIENT_00010,792078121,608838957,FACTURACION CICLICA,AMDOCS,2026-07-15,2026-08-01,PEN,41.47,7.46,48.93,False,48.93,1,False,0.0,48.93,0.0,True,CONCILIADA_EXACTA,True
S3AA-0079819343,2095824297,CLIENT_00323,31282575,849532333,FACTURACION CICLICA,AMDOCS,2026-07-15,2026-08-01,PEN,35.53,6.4,41.93,False,41.93,1,False,0.0,41.93,0.0,True,CONCILIADA_EXACTA,True
S3AA-0079567490,2077915427,CLIENT_00955,68022575,596504733,FACTURACION CICLICA,AMDOCS,2026-07-15,2026-08-01,PEN,15.66,2.82,18.48,False,18.48,1,False,0.0,18.48,0.0,True,CONCILIADA_EXACTA,True
S3AA-0079923437,2007774830,CLIENT_00695,424360011,519759817,FACTURACION CICLICA,AMDOCS,2026-07-15,2026-08-01,PEN,49.18,8.86,58.03,False,58.03,1,False,0.0,58.03,0.0,True,CONCILIADA_EXACTA,True
S3AA-0079567250,2014718111,CLIENT_00016,68641575,133826123,FACTURACION CICLICA,AMDOCS,2026-07-15,2026-08-01,PEN,82.94,14.92,97.86,False,97.86,1,False,0.0,97.86,0.0,True,CONCILIADA_EXACTA,True
S3AA-0079683560,2021963014,CLIENT_00192,89345575,883265447,FACTURACION CICLICA,AMDOCS,2026-07-15,2026-08-01,PEN,43.18,7.78,50.96,False,50.96,1,False,0.0,50.96,0.0,True,CONCILIADA_EXACTA,True
S3AA-0079822496,2020274387,CLIENT_00535,312562221,564211837,FACTURACION CICLICA,AMDOCS,2026-07-15,2026-08-01,PEN,43.25,7.78,51.03,False,51.03,1,False,0.0,51.03,0.0,True,CONCILIADA_EXACTA,True
S3AA-0080089843,2028873503,CLIENT_00053,34531575,210355723,FACTURACION CICLICA,AMDOCS,2026-07-15,2026-08-01,PEN,12.76,2.29,15.05,False,15.05,1,False,0.0,15.05,0.0,True,CONCILIADA_EXACTA,True
S3AA-0079586178,2044862591,CLIENT_00895,88942575,732812923,FACTURACION CICLICA,AMDOCS,2026-07-15,2026-08-01,PEN,28.18,5.07,33.25,False,33.25,1,False,0.0,33.25,0.0,True,CONCILIADA_EXACTA,True
S3AA-0079843296,2080971084,CLIENT_00348,512985521,966312157,FACTURACION CICLICA,AMDOCS,2026-07-15,2026-08-01,PEN,88.92,16.01,104.93,False,104.93,1,False,0.0,104.93,0.0,True,CONCILIADA_EXACTA,True
S3AA-0079677107,2082422571,CLIENT_00010,792078121,167589757,FACTURACION CICLICA,AMDOCS,2026-07-15,2026-08-01,PEN,41.47,7.46,48.93,False,48.93,1,False,0.0,48.93,0.0,True,CONCILIADA_EXACTA,True
S3AA-0079823396,2020274387,CLIENT_00535,312562221,682205447,FACTURACION CICLICA,AMDOCS,2026-07-15,2026-08-01,PEN,25.45,4.58,30.03,False,30.03,1,False,0.0,30.03,0.0,True,CONCILIADA_EXACTA,True
S3AA-0080137074,2006459799,CLIENT_00837,74471575,233972773,FACTURACION CICLICA,AMDOCS,2026-07-15,2026-08-01,PEN,18.98,3.42,22.4,False,22.4,1,False,0.0,22.4,0.0,True,CONCILIADA_EXACTA,True
S3AA-0080077495,2037181733,CLIENT_00226,40742521,560084557,FACTURACION CICLICA,AMDOCS,2026-07-15,2026-08-01,PEN,47.4,8.53,55.93,False,55.93,1,False,0.0,55.93,0.0,True,CONCILIADA_EXACTA,True
S3AA-0080276843,2080713308,CLIENT_00225,26052575,75594063,FACTURACION CICLICA,AMDOCS,2026-07-15,2026-08-01,PEN,24.86,4.47,29.33,False,29.33,1,False,0.0,29.33,0.0,True,CONCILIADA_EXACTA,True
S3AA-0079473637,2088412995,CLIENT_00410,87777575,763541601,FACTURACION CICLICA,AMDOCS,2026-07-15,2026-08-01,PEN,37.32,6.71,44.03,False,44.03,1,False,0.0,44.03,0.0,True,CONCILIADA_EXACTA,True
S3AA-0079726019,2040008808,CLIENT_00209,30333575,44780043,FACTURACION CICLICA,AMDOCS,2026-07-15,2026-08-01,PEN,39.69,7.14,46.83,False,46.83,1,False,0.0,46.83,0.0,True,CONCILIADA_EXACTA,True
S3AA-0080307530,2079287596,CLIENT_00457,567110221,394084737,FACTURACION CICLICA,AMDOCS,2026-07-15,2026-08-01,PEN,145.7,26.22,171.92,False,171.92,1,False,0.0,171.92,0.0,True,CONCILIADA_EXACTA,True
S3AA-0080360026,2096452817,CLIENT_00208,27153575,315572113,FACTURACION CICLICA,AMDOCS,2026-07-15,2026-08-01,PEN,33.75,6.08,39.83,False,39.83,1,False,0.0,39.83,0.0,True,CONCILIADA_EXACTA,True
S3AA-0080024658,2052009555,CLIENT_00491,53863575,663401443,FACTURACION CICLICA,AMDOCS,2026-07-15,2026-08-01,PEN,46.21,8.32,54.53,False,54.53,1,False,0.0,54.53,0.0,True,CONCILIADA_EXACTA,True
S3AA-0079902774,2057768570,CLIENT_00068,32621575,492061703,FACTURACION CICLICA,AMDOCS,2026-07-15,2026-08-01,PEN,44.44,7.99,52.43,False,52.43,1,False,0.0,52.43,0.0,True,CONCILIADA_EXACTA,True
S3AA-0080248237,2066708502,CLIENT_00083,6594575,903148513,FACTURACION CICLICA,AMDOCS,2026-07-15,2026-08-01,PEN,37.32,6.71,44.03,False,44.03,1,False,0.0,44.03,0.0,True,CONCILIADA_EXACTA,True
S3AA-0080137175,2006459799,CLIENT_00837,74471575,478329283,FACTURACION CICLICA,AMDOCS,2026-07-15,2026-08-01,PEN,18.98,3.42,22.4,False,22.4,1,False,0.0,22.4,0.0,True,CONCILIADA_EXACTA,True
S3AA-0079779377,2023281496,CLIENT_00538,80317575,834498657,FACTURACION CICLICA,AMDOCS,2026-07-15,2026-08-01,PEN,171.56,30.88,202.44,False,202.44,1,False,0.0,202.44,0.0,True,CONCILIADA_EXACTA,True
S3AA-0080014069,2011067330,CLIENT_00113,336038121,33224167,FACTURACION CICLICA,AMDOCS,2026-07-15,2026-08-01,PEN,20.7,3.73,24.43,False,24.43,1,False,0.0,24.43,0.0,True,CONCILIADA_EXACTA,True
S3AA-0079956340,2006209623,CLIENT_00603,723882231,320925557,FACTURACION CICLICA,AMDOCS,2026-07-15,2026-08-01,PEN,37.31,6.72,44.03,False,44.03,1,False,0.0,44.03,0.0,True,CONCILIADA_EXACTA,True
S3AA-0079797728,2094370630,CLIENT_00139,18002321,394901657,FACTURACION CICLICA,AMDOCS,2026-07-15,2026-08-01,PEN,100.79,18.14,118.93,False,118.93,1,False,0.0,118.93,0.0,True,CONCILIADA_EXACTA,True
S3AA-0079723387,2081245613,CLIENT_00129,207627921,199681757,FACTURACION CICLICA,AMDOCS,2026-07-15,2026-08-01,PEN,109.63,19.73,129.36,False,129.36,1,False,0.0,129.36,0.0,True,CONCILIADA_EXACTA,True
S3AA-0079800389,2067647278,CLIENT_00078,21761575,488531213,FACTURACION CICLICA,AMDOCS,2026-07-15,2026-08-01,PEN,43.25,7.78,51.03,False,51.03,1,False,0.0,51.03,0.0,True,CONCILIADA_EXACTA,True
S3AA-0080077494,2037181733,CLIENT_00226,40742521,511774557,FACTURACION CICLICA,AMDOCS,2026-07-15,2026-08-01,PEN,23.67,4.26,27.93,False,27.93,1,False,0.0,27.93,0.0,True,CONCILIADA_EXACTA,True
S3AA-0079568997,2077915427,CLIENT_00955,68022575,989552917,FACTURACION CICLICA,AMDOCS,2026-07-15,2026-08-01,PEN,15.66,2.82,18.48,False,18.48,1,False,0.0,18.48,0.0,True,CONCILIADA_EXACTA,True
S3AA-0079483566,2002657495,CLIENT_00013,87633575,456087043,FACTURACION CICLICA,AMDOCS,2026-07-15,2026-08-01,PEN,33.75,6.08,39.83,False,39.83,1,False,0.0,39.83,0.0,True,CONCILIADA_EXACTA,True
S3AA-0079677271,2082422571,CLIENT_00010,792078121,510144857,FACTURACION CICLICA,AMDOCS,2026-07-15,2026-08-01,PEN,81.62,14.7,96.32,False,96.32,1,False,0.0,96.32,0.0,True,CONCILIADA_EXACTA,True
S3AA-0079576273,2036822926,CLIENT_00194,88087575,786761601,FACTURACION CICLICA,AMDOCS,2026-07-15,2026-08-01,PEN,25.45,4.58,30.03,False,30.03,1,False,0.0,30.03,0.0,True,CONCILIADA_EXACTA,True
S3AA-0080024787,2052009555,CLIENT_00491,53863575,609978353,FACTURACION CICLICA,AMDOCS,2026-07-15,2026-08-01,PEN,19.81,3.57,23.38,False,23.38,1,False,0.0,23.38,0.0,True,CONCILIADA_EXACTA,True
S3AA-0079483567,2002657495,CLIENT_00013,87633575,956087043,FACTURACION CICLICA,AMDOCS,2026-07-15,2026-08-01,PEN,46.21,8.32,54.53,False,54.53,1,False,0.0,54.53,0.0,True,CONCILIADA_EXACTA,True
S3AA-0080089516,2085420441,CLIENT_00762,34542575,447425313,FACTURACION CICLICA,AMDOCS,2026-07-15,2026-08-01,PEN,25.21,4.54,29.75,False,29.75,1,False,0.0,29.75,0.0,True,CONCILIADA_EXACTA,True
S3AA-0080307532,2079287596,CLIENT_00457,567110221,286284737,FACTURACION CICLICA,AMDOCS,2026-07-15,2026-08-01,PEN,71.07,12.79,83.86,False,83.86,1,False,0.0,83.86,0.0,True,CONCILIADA_EXACTA,True
S3AA-0079491531,2088412995,CLIENT_00410,87777575,561737067,FACTURACION CICLICA,AMDOCS,2026-07-15,2026-08-01,PEN,41.47,7.46,48.93,False,48.93,1,False,0.0,48.93,0.0,True,CONCILIADA_EXACTA,True
S3AA-0079624303,2033213127,CLIENT_00483,29526575,915715893,FACTURACION CICLICA,AMDOCS,2026-07-15,2026-08-01,PEN,18.98,3.42,22.4,False,22.4,1,False,0.0,22.4,0.0,True,CONCILIADA_EXACTA,True
S3AA-0080072704,2075957069,CLIENT_00305,45109311,536052327,FACTURACION CICLICA,AMDOCS,2026-07-15,2026-08-01,PEN,51.91,9.34,61.25,False,61.25,1,False,0.0,61.25,0.0,True,CONCILIADA_EXACTA,True
S3AA-0080393339,2003216433,CLIENT_00243,477725311,184680947,FACTURACION CICLICA,AMDOCS,2026-07-15,2026-08-01,PEN,97.76,17.6,115.36,False,115.36,1,False,0.0,115.36,0.0,True,CONCILIADA_EXACTA,True
S3AA-0080137397,2006459799,CLIENT_00837,74471575,68080793,FACTURACION CICLICA,AMDOCS,2026-07-15,2026-08-01,PEN,18.98,3.42,22.4,False,22.4,1,False,0.0,22.4,0.0,True,CONCILIADA_EXACTA,True
S3AA-0080103173,2028080362,CLIENT_00042,347990521,964439347,FACTURACION CICLICA,AMDOCS,2026-07-15,2026-08-01,PEN,112.65,20.28,132.93,False,132.93,1,False,0.0,132.93,0.0,True,CONCILIADA_EXACTA,True
S3AA-0080137262,2006459799,CLIENT_00837,74471575,786140983,FACTURACION CICLICA,AMDOCS,2026-07-15,2026-08-01,PEN,43.25,7.78,51.03,False,51.03,1,False,0.0,51.03,0.0,True,CONCILIADA_EXACTA,True
S3AA-0079673145,2082422571,CLIENT_00010,792078121,391821737,FACTURACION CICLICA,AMDOCS,2026-07-15,2026-08-01,PEN,47.4,8.53,55.93,False,55.93,1,False,0.0,55.93,0.0,True,CONCILIADA_EXACTA,True
S3AA-0080287257,2007774830,CLIENT_00695,367433111,890391917,FACTURACION CICLICA,AMDOCS,2026-07-15,2026-08-01,PEN,54.46,9.8,64.26,False,64.26,1,False,0.0,64.26,0.0,True,CONCILIADA_EXACTA,True
S3AA-0080369283,2062201122,CLIENT_00210,37890575,820315303,FACTURACION CICLICA,AMDOCS,2026-07-15,2026-08-01,PEN,33.75,6.08,39.83,False,39.83,1,False,0.0,39.83,0.0,True,CONCILIADA_EXACTA,True
S3AA-0079567491,2077915427,CLIENT_00955,68022575,696504733,FACTURACION CICLICA,AMDOCS,2026-07-15,2026-08-01,PEN,15.66,2.82,18.48,False,18.48,1,False,0.0,18.48,0.0,True,CONCILIADA_EXACTA,True
S1AA-0052784647,2093365484,CLIENT_00200,46430575,827069503,FACTURACION CICLICA,AMDOCS,2026-07-05,2026-07-21,PEN,49.18,8.86,58.03,False,58.03,1,False,0.0,58.03,0.0,True,CONCILIADA_EXACTA,True
S1AA-0052519782,2035835869,CLIENT_00900,62273575,524273443,FACTURACION CICLICA,AMDOCS,2026-07-05,2026-07-21,PEN,27.23,4.9,32.13,False,32.13,1,False,0.0,32.13,0.0,True,CONCILIADA_EXACTA,True
S1AA-0052512461,2060200980,CLIENT_00350,62740575,340233203,FACTURACION CICLICA,AMDOCS,2026-07-05,2026-07-21,PEN,31.38,5.65,37.03,False,37.03,1,False,0.0,37.03,0.0,True,CONCILIADA_EXACTA,True
S1AA-0052615131,2057227210,CLIENT_00864,14483575,291076643,FACTURACION CICLICA,AMDOCS,2026-07-05,2026-07-21,PEN,88.92,16.01,104.93,False,104.93,1,False,0.0,104.93,0.0,True,CONCILIADA_EXACTA,True
S1AA-0052417313,2095007193,CLIENT_00907,1754575,127596503,FACTURACION CICLICA,AMDOCS,2026-07-05,2026-07-21,PEN,82.99,14.94,97.93,False,97.93,1,False,0.0,97.93,0.0,True,CONCILIADA_EXACTA,True
S1AA-0052591688,2071042073,CLIENT_00706,736720321,436205457,FACTURACION CICLICA,AMDOCS,2026-07-05,2026-07-21,PEN,77.06,13.87,90.93,False,90.93,1,False,0.0,90.93,0.0,True,CONCILIADA_EXACTA,True
S1AA-0052587607,2066331018,CLIENT_00601,73991575,475838023,FACTURACION CICLICA,AMDOCS,2026-07-05,2026-07-21,PEN,71.13,12.8,83.93,False,83.93,1,False,0.0,83.93,0.0,True,CONCILIADA_EXACTA,True
S1AA-0052838781,2054871546,CLIENT_00685,27574575,591972101,FACTURACION CICLICA,AMDOCS,2026-07-05,2026-07-21,PEN,36.95,6.66,43.61,False,43.61,1,False,0.0,43.61,0.0,True,CONCILIADA_EXACTA,True
S1AA-0052579199,2064808256,CLIENT_00329,535599421,96285957,FACTURACION CICLICA,AMDOCS,2026-07-05,2026-07-21,PEN,88.92,16.01,104.93,False,104.93,1,False,0.0,104.93,0.0,True,CONCILIADA_EXACTA,True
S1AA-0052732470,2077617839,CLIENT_00036,75015575,146223937,FACTURACION CICLICA,AMDOCS,2026-07-05,2026-07-21,PEN,74.69,13.44,88.13,False,88.13,1,False,0.0,88.13,0.0,True,CONCILIADA_EXACTA,True
S1AA-0052656335,1048743727,CLIENT_00498,54325575,202883473,FACTURACION CICLICA,AMDOCS,2026-07-05,2026-07-21,PEN,23.07,4.16,27.23,False,27.23,1,False,0.0,27.23,0.0,True,CONCILIADA_EXACTA,True
S1AA-0052426116,2060375617,CLIENT_00383,216638511,302025827,FACTURACION CICLICA,AMDOCS,2026-07-05,2026-07-21,PEN,29.01,5.22,34.23,False,34.23,1,False,0.0,34.23,0.0,True,CONCILIADA_EXACTA,True
S1AA-0052934187,2051224691,CLIENT_00014,58660575,620373103,FACTURACION CICLICA,AMDOCS,2026-07-05,2026-07-21,PEN,29.01,5.22,34.23,False,34.23,1,False,0.0,34.23,0.0,True,CONCILIADA_EXACTA,True
S1AA-0052519445,2060200980,CLIENT_00350,62740575,390307413,FACTURACION CICLICA,AMDOCS,2026-07-05,2026-07-21,PEN,31.38,5.65,37.03,False,37.03,1,False,0.0,37.03,0.0,True,CONCILIADA_EXACTA,True
S1AA-0052641520,2024687919,CLIENT_00136,40231575,891085101,FACTURACION CICLICA,AMDOCS,2026-07-05,2026-07-21,PEN,87.92,15.82,103.74,False,103.74,1,False,0.0,103.74,0.0,True,CONCILIADA_EXACTA,True
S1AA-0052786089,2007950781,CLIENT_00069,46400575,209429993,FACTURACION CICLICA,AMDOCS,2026-07-05,2026-07-21,PEN,18.69,3.36,22.05,False,22.05,1,False,0.0,22.05,0.0,True,CONCILIADA_EXACTA,True
S1AA-0052383922,2024687919,CLIENT_00136,40231575,351023063,FACTURACION CICLICA,AMDOCS,2026-07-05,2026-07-21,PEN,14.76,2.67,17.43,False,17.43,1,False,0.0,17.43,0.0,True,CONCILIADA_EXACTA,True
S1AA-0052388802,2075453385,CLIENT_00684,402956121,143573067,FACTURACION CICLICA,AMDOCS,2026-07-05,2026-07-21,PEN,53.33,9.6,62.93,False,62.93,1,False,0.0,62.93,0.0,True,CONCILIADA_EXACTA,True
S1AA-0052913707,2058246578,CLIENT_00853,28725575,310231601,FACTURACION CICLICA,AMDOCS,2026-07-05,2026-07-21,PEN,23.67,4.26,27.93,False,27.93,1,False,0.0,27.93,0.0,True,CONCILIADA_EXACTA,True
S1AA-0052698365,2033295502,CLIENT_00513,159921021,882812537,FACTURACION CICLICA,AMDOCS,2026-07-05,2026-07-21,PEN,105.53,19.0,124.53,False,124.53,1,False,0.0,124.53,0.0,True,CONCILIADA_EXACTA,True
S1AA-0052784998,2007950781,CLIENT_00069,46400575,264937833,FACTURACION CICLICA,AMDOCS,2026-07-05,2026-07-21,PEN,24.56,4.42,28.98,False,28.98,1,False,0.0,28.98,0.0,True,CONCILIADA_EXACTA,True
S1AA-0052791403,2025086317,CLIENT_00367,56850575,512282403,FACTURACION CICLICA,AMDOCS,2026-07-05,2026-07-21,PEN,46.21,8.32,54.53,False,54.53,1,False,0.0,54.53,0.0,True,CONCILIADA_EXACTA,True
S1AA-0052816522,2056921911,CLIENT_00644,864899231,294963757,FACTURACION CICLICA,AMDOCS,2026-07-05,2026-07-21,PEN,53.33,9.6,62.93,False,62.93,1,False,0.0,62.93,0.0,True,CONCILIADA_EXACTA,True
S1AA-0052488355,2031711814,CLIENT_00408,26702221,599576547,FACTURACION CICLICA,AMDOCS,2026-07-05,2026-07-21,PEN,62.23,11.2,73.43,False,73.43,1,False,0.0,73.43,0.0,True,CONCILIADA_EXACTA,True
S1AA-0052553769,2086906355,CLIENT_00933,23560575,143172533,FACTURACION CICLICA,AMDOCS,2026-07-05,2026-07-21,PEN,30.32,5.45,35.77,False,35.77,1,False,0.0,35.77,0.0,True,CONCILIADA_EXACTA,True
S1AA-0052859815,2068624950,CLIENT_00710,57851575,743767433,FACTURACION CICLICA,AMDOCS,2026-07-05,2026-07-21,PEN,197.9,35.62,233.52,False,233.52,1,False,0.0,233.52,0.0,True,CONCILIADA_EXACTA,True
S1AA-0052777639,2019373121,CLIENT_00747,36672575,569729501,FACTURACION CICLICA,AMDOCS,2026-07-05,2026-07-21,PEN,33.75,6.08,39.83,False,39.83,1,False,0.0,39.83,0.0,True,CONCILIADA_EXACTA,True
S1AA-0052458100,2000150523,CLIENT_00972,11601575,874841503,FACTURACION CICLICA,AMDOCS,2026-07-05,2026-07-21,PEN,77.06,13.87,90.93,False,90.93,1,False,0.0,90.93,0.0,True,CONCILIADA_EXACTA,True
S1AA-0052845768,2013870601,CLIENT_00098,37026575,484984303,FACTURACION CICLICA,AMDOCS,2026-07-05,2026-07-21,PEN,74.45,13.4,87.85,False,87.85,1,False,0.0,87.85,0.0,True,CONCILIADA_EXACTA,True
S1AA-0052535118,2046751787,CLIENT_00193,929969021,420311537,FACTURACION CICLICA,AMDOCS,2026-07-05,2026-07-21,PEN,23.44,4.21,27.65,False,27.65,1,False,0.0,27.65,0.0,True,CONCILIADA_EXACTA,True
S1AA-0052417415,2091514048,CLIENT_00099,1841575,67892113,FACTURACION CICLICA,AMDOCS,2026-07-05,2026-07-21,PEN,18.92,3.41,22.33,False,22.33,1,False,0.0,22.33,0.0,True,CONCILIADA_EXACTA,True
S1AA-0052512455,2051947639,CLIENT_00103,62947575,211702203,FACTURACION CICLICA,AMDOCS,2026-07-05,2026-07-21,PEN,82.99,14.94,97.93,False,97.93,1,False,0.0,97.93,0.0,True,CONCILIADA_EXACTA,True
S1AA-0052634708,2044366286,CLIENT_00796,44436575,800127001,FACTURACION CICLICA,AMDOCS,2026-07-05,2026-07-21,PEN,21.95,3.96,25.9,False,25.9,1,False,0.0,25.9,0.0,True,CONCILIADA_EXACTA,True
S1AA-0053015886,2084384500,CLIENT_00932,79794575,794671503,FACTURACION CICLICA,AMDOCS,2026-07-05,2026-07-21,PEN,20.52,3.7,24.22,False,24.22,1,False,0.0,24.22,0.0,True,CONCILIADA_EXACTA,True
S1AA-0052729960,2077617839,CLIENT_00036,75015575,641879501,FACTURACION CICLICA,AMDOCS,2026-07-05,2026-07-21,PEN,31.38,5.65,37.03,False,37.03,1,False,0.0,37.03,0.0,True,CONCILIADA_EXACTA,True
S1AA-0052737859,2012453412,CLIENT_00293,85194575,733092663,FACTURACION CICLICA,AMDOCS,2026-07-05,2026-07-21,PEN,27.76,5.0,32.76,False,32.76,1,False,0.0,32.76,0.0,True,CONCILIADA_EXACTA,True
S1AA-0052603058,2095867314,CLIENT_00095,937784911,240322237,FACTURACION CICLICA,AMDOCS,2026-07-05,2026-07-21,PEN,20.11,3.62,23.73,False,23.73,1,False,0.0,23.73,0.0,True,CONCILIADA_EXACTA,True
S1AA-0052841407,2001681016,CLIENT_00750,279309221,154375937,FACTURACION CICLICA,AMDOCS,2026-07-05,2026-07-21,PEN,15.19,2.73,17.92,False,17.92,1,False,0.0,17.92,0.0,True,CONCILIADA_EXACTA,True
S1AA-0052546760,2026613493,CLIENT_00916,13004575,815730513,FACTURACION CICLICA,AMDOCS,2026-07-05,2026-07-21,PEN,43.54,7.84,51.38,False,51.38,1,False,0.0,51.38,0.0,True,CONCILIADA_EXACTA,True
S1AA-0052574008,2058797594,CLIENT_00421,53591575,146920023,FACTURACION CICLICA,AMDOCS,2026-07-05,2026-07-21,PEN,18.62,3.36,21.98,False,21.98,1,False,0.0,21.98,0.0,True,CONCILIADA_EXACTA,True
S1AA-0052702773,2091198935,CLIENT_00319,25242575,430017301,FACTURACION CICLICA,AMDOCS,2026-07-05,2026-07-21,PEN,575.51,103.22,678.72,False,678.72,2,False,0.0,678.72,0.0,True,CONCILIADA_EXACTA,True
S1AA-0052520299,2060200980,CLIENT_00350,62740575,416839573,FACTURACION CICLICA,AMDOCS,2026-07-05,2026-07-21,PEN,31.38,5.65,37.03,False,37.03,1,False,0.0,37.03,0.0,True,CONCILIADA_EXACTA,True
S1AA-0052913839,2039137544,CLIENT_00939,28944575,696381503,FACTURACION CICLICA,AMDOCS,2026-07-05,2026-07-21,PEN,48.87,8.81,57.68,False,57.68,1,False,0.0,57.68,0.0,True,CONCILIADA_EXACTA,True
S1AA-0052600792,2096447129,CLIENT_00321,93461575,390109501,FACTURACION CICLICA,AMDOCS,2026-07-05,2026-07-21,PEN,248.15,44.66,292.81,False,292.81,1,False,0.0,292.81,0.0,True,CONCILIADA_EXACTA,True
S1AA-0052615899,2057227210,CLIENT_00864,14483575,885741393,FACTURACION CICLICA,AMDOCS,2026-07-05,2026-07-21,PEN,17.79,3.21,21.0,False,21.0,1,False,0.0,21.0,0.0,True,CONCILIADA_EXACTA,True
S1AA-0052553363,2056934422,CLIENT_00124,23092575,483264303,FACTURACION CICLICA,AMDOCS,2026-07-05,2026-07-21,PEN,9.49,1.71,11.2,False,11.2,1,False,0.0,11.2,0.0,True,CONCILIADA_EXACTA,True
S1AA-0052574010,2058797594,CLIENT_00421,53591575,786920023,FACTURACION CICLICA,AMDOCS,2026-07-05,2026-07-21,PEN,9.49,1.71,11.2,False,11.2,1,False,0.0,11.2,0.0,True,CONCILIADA_EXACTA,True
S1AA-0052519442,2060200980,CLIENT_00350,62740575,730307413,FACTURACION CICLICA,AMDOCS,2026-07-05,2026-07-21,PEN,59.26,10.67,69.93,False,69.93,1,False,0.0,69.93,0.0,True,CONCILIADA_EXACTA,True
S1AA-0052590384,2036223175,CLIENT_00279,737207511,285918547,FACTURACION CICLICA,AMDOCS,2026-07-05,2026-07-21,PEN,22.02,3.96,25.97,False,25.97,1,False,0.0,25.97,0.0,True,CONCILIADA_EXACTA,True
S1AA-0052690417,2055088087,CLIENT_00301,5541575,654820673,FACTURACION CICLICA,AMDOCS,2026-07-05,2026-07-21,PEN,49.77,8.96,58.73,False,58.73,1,False,0.0,58.73,0.0,True,CONCILIADA_EXACTA,True
S1AA-0052934252,2008268577,CLIENT_00288,58564575,85404303,FACTURACION CICLICA,AMDOCS,2026-07-05,2026-07-21,PEN,18.98,3.42,22.4,False,22.4,1,False,0.0,22.4,0.0,True,CONCILIADA_EXACTA,True
S1AA-0052383930,2024687919,CLIENT_00136,40231575,402393063,FACTURACION CICLICA,AMDOCS,2026-07-05,2026-07-21,PEN,15.46,2.67,18.13,False,18.13,2,False,0.0,18.13,0.0,True,CONCILIADA_EXACTA,True
S1AA-0052519321,2060200980,CLIENT_00350,62740575,281003703,FACTURACION CICLICA,AMDOCS,2026-07-05,2026-07-21,PEN,31.38,5.65,37.03,False,37.03,1,False,0.0,37.03,0.0,True,CONCILIADA_EXACTA,True
S1AA-0052764026,2023009780,CLIENT_00141,16530575,622547401,FACTURACION CICLICA,AMDOCS,2026-07-05,2026-07-21,PEN,71.06,12.8,83.86,False,83.86,1,False,0.0,83.86,0.0,True,CONCILIADA_EXACTA,True
S1AA-0052391081,2051341964,CLIENT_00219,50325575,736313473,FACTURACION CICLICA,AMDOCS,2026-07-05,2026-07-21,PEN,206.52,3.69,210.21,False,210.21,2,False,0.0,210.21,0.0,True,CONCILIADA_EXACTA,True
S1AA-0052766358,2033958304,CLIENT_00921,165043021,799167337,FACTURACION CICLICA,AMDOCS,2026-07-05,2026-07-21,PEN,2.18,0.41,2.59,False,2.59,1,False,0.0,2.59,0.0,True,CONCILIADA_EXACTA,True
S1AA-0053015934,2084384500,CLIENT_00932,79794575,846989603,FACTURACION CICLICA,AMDOCS,2026-07-05,2026-07-21,PEN,20.52,3.7,24.22,False,24.22,1,False,0.0,24.22,0.0,True,CONCILIADA_EXACTA,True
S1AA-0052383923,2024687919,CLIENT_00136,40231575,651023063,FACTURACION CICLICA,AMDOCS,2026-07-05,2026-07-21,PEN,13.94,2.51,16.45,False,16.45,1,False,0.0,16.45,0.0,True,CONCILIADA_EXACTA,True
S1AA-0052724666,2092314059,CLIENT_00618,55685575,60321093,FACTURACION CICLICA,AMDOCS,2026-07-05,2026-07-21,PEN,27.83,5.0,32.83,False,32.83,1,False,0.0,32.83,0.0,True,CONCILIADA_EXACTA,True
S1AA-0052745087,2017592496,CLIENT_00970,65013575,806844293,FACTURACION CICLICA,AMDOCS,2026-07-05,2026-07-21,PEN,43.25,7.78,51.03,False,51.03,1,False,0.0,51.03,0.0,True,CONCILIADA_EXACTA,True
S1AA-0052383924,2024687919,CLIENT_00136,40231575,951023063,FACTURACION CICLICA,AMDOCS,2026-07-05,2026-07-21,PEN,14.83,2.67,17.5,False,17.5,1,False,0.0,17.5,0.0,True,CONCILIADA_EXACTA,True
S1AA-0052801951,2053149169,CLIENT_00413,660219921,299069157,FACTURACION CICLICA,AMDOCS,2026-07-05,2026-07-21,PEN,118.59,21.34,139.93,False,139.93,1,False,0.0,139.93,0.0,True,CONCILIADA_EXACTA,True
S1AA-0052539572,2050440165,CLIENT_00596,3677575,188331601,FACTURACION CICLICA,AMDOCS,2026-07-05,2026-07-21,PEN,19.81,3.57,23.38,False,23.38,1,False,0.0,23.38,0.0,True,CONCILIADA_EXACTA,True
S1AA-0053002140,2044862591,CLIENT_00895,69942575,44731601,FACTURACION CICLICA,AMDOCS,2026-07-05,2026-07-21,PEN,16.84,3.04,19.88,False,19.88,1,False,0.0,19.88,0.0,True,CONCILIADA_EXACTA,True
S1AA-0052845861,2004984092,CLIENT_00883,37931575,312890803,FACTURACION CICLICA,AMDOCS,2026-07-05,2026-07-21,PEN,21.71,3.91,25.62,False,25.62,1,False,0.0,25.62,0.0,True,CONCILIADA_EXACTA,True
S1AA-0052500933,2072727583,CLIENT_00076,32851575,507475917,FACTURACION CICLICA,AMDOCS,2026-07-05,2026-07-21,PEN,31.38,5.65,37.03,False,37.03,1,False,0.0,37.03,0.0,True,CONCILIADA_EXACTA,True
S1AA-0052389952,2051341964,CLIENT_00219,50325575,499693401,FACTURACION CICLICA,AMDOCS,2026-07-05,2026-07-21,PEN,18.92,3.41,22.33,False,22.33,1,False,0.0,22.33,0.0,True,CONCILIADA_EXACTA,True
S1AA-0053016713,2084384500,CLIENT_00932,79794575,477432663,FACTURACION CICLICA,AMDOCS,2026-07-05,2026-07-21,PEN,89.46,16.1,105.56,False,105.56,1,False,0.0,105.56,0.0,True,CONCILIADA_EXACTA,True
S1AA-0052519781,2035835869,CLIENT_00900,62273575,422273443,FACTURACION CICLICA,AMDOCS,2026-07-05,2026-07-21,PEN,27.23,4.9,32.13,False,32.13,1,False,0.0,32.13,0.0,True,CONCILIADA_EXACTA,True
S1AA-0052669769,2095370945,CLIENT_00679,74084575,745279363,FACTURACION CICLICA,AMDOCS,2026-07-05,2026-07-21,PEN,13.22,2.39,15.61,False,15.61,1,False,0.0,15.61,0.0,True,CONCILIADA_EXACTA,True
S1AA-0052709639,2023799562,CLIENT_00489,35157575,822801601,FACTURACION CICLICA,AMDOCS,2026-07-05,2026-07-21,PEN,17.74,3.19,20.93,False,20.93,1,False,0.0,20.93,0.0,True,CONCILIADA_EXACTA,True
S1AA-0053002120,2029817021,CLIENT_00178,69717575,309099501,FACTURACION CICLICA,AMDOCS,2026-07-05,2026-07-21,PEN,21.53,3.88,25.41,False,25.41,1,False,0.0,25.41,0.0,True,CONCILIADA_EXACTA,True
S1AA-0052848533,2061607083,CLIENT_00007,375143221,481218347,FACTURACION CICLICA,AMDOCS,2026-07-05,2026-07-21,PEN,66.74,12.01,78.75,False,78.75,1,False,0.0,78.75,0.0,True,CONCILIADA_EXACTA,True
S1AA-0052539695,1038544262,CLIENT_00966,3801575,777024503,FACTURACION CICLICA,AMDOCS,2026-07-05,2026-07-21,PEN,38.56,6.94,45.5,False,45.5,1,False,0.0,45.5,0.0,True,CONCILIADA_EXACTA,True
S1AA-0052520327,2060200980,CLIENT_00350,62740575,101099673,FACTURACION CICLICA,AMDOCS,2026-07-05,2026-07-21,PEN,62.76,11.3,74.06,False,74.06,1,False,0.0,74.06,0.0,True,CONCILIADA_EXACTA,True
S1AA-0052464803,2016142658,CLIENT_00521,71440575,539301103,FACTURACION CICLICA,AMDOCS,2026-07-05,2026-07-21,PEN,10.32,1.86,12.18,False,12.18,1,False,0.0,12.18,0.0,True,CONCILIADA_EXACTA,True
S1AA-0052628192,2086602695,CLIENT_00868,34761575,690551803,FACTURACION CICLICA,AMDOCS,2026-07-05,2026-07-21,PEN,68.75,12.38,81.13,False,81.13,1,False,0.0,81.13,0.0,True,CONCILIADA_EXACTA,True
S1AA-0052492064,2095824297,CLIENT_00323,12282575,500535503,FACTURACION CICLICA,AMDOCS,2026-07-05,2026-07-21,PEN,35.53,6.4,41.93,False,41.93,1,False,0.0,41.93,0.0,True,CONCILIADA_EXACTA,True
S1AA-0052540695,1038544262,CLIENT_00966,3801575,293330473,FACTURACION CICLICA,AMDOCS,2026-07-05,2026-07-21,PEN,14.83,2.67,17.5,False,17.5,1,False,0.0,17.5,0.0,True,CONCILIADA_EXACTA,True
S1AA-0052389895,2083215398,CLIENT_00564,60960575,779026201,FACTURACION CICLICA,AMDOCS,2026-07-05,2026-07-21,PEN,138.64,24.96,163.59,False,163.59,1,False,0.0,163.59,0.0,True,CONCILIADA_EXACTA,True
S1AA-0052629980,2040817262,CLIENT_00984,34230575,709365617,FACTURACION CICLICA,AMDOCS,2026-07-05,2026-07-21,PEN,21.29,3.84,25.13,False,25.13,1,False,0.0,25.13,0.0,True,CONCILIADA_EXACTA,True
S1AA-0052513645,2043779813,CLIENT_00336,52770575,783042083,FACTURACION CICLICA,AMDOCS,2026-07-05,2026-07-21,PEN,32.7,5.87,38.57,False,38.57,1,False,0.0,38.57,0.0,True,CONCILIADA_EXACTA,True
S1AA-0052787094,2050504401,CLIENT_00673,462851321,152941047,FACTURACION CICLICA,AMDOCS,2026-07-05,2026-07-21,PEN,18.92,3.41,22.33,False,22.33,1,False,0.0,22.33,0.0,True,CONCILIADA_EXACTA,True
S1AA-0052426144,2060375617,CLIENT_00383,216638511,69594037,FACTURACION CICLICA,AMDOCS,2026-07-05,2026-07-21,PEN,29.89,5.39,35.28,False,35.28,1,False,0.0,35.28,0.0,True,CONCILIADA_EXACTA,True
S1AA-0052668943,2072882399,CLIENT_00032,74784575,887794303,FACTURACION CICLICA,AMDOCS,2026-07-05,2026-07-21,PEN,53.51,9.63,63.14,False,63.14,1,False,0.0,63.14,0.0,True,CONCILIADA_EXACTA,True
S1AA-0052954540,2015648856,CLIENT_00530,88180575,33741203,FACTURACION CICLICA,AMDOCS,2026-07-05,2026-07-21,PEN,14.76,2.67,17.43,False,17.43,1,False,0.0,17.43,0.0,True,CONCILIADA_EXACTA,True
S1AA-0052661385,1048743727,CLIENT_00498,54325575,302964167,FACTURACION CICLICA,AMDOCS,2026-07-05,2026-07-21,PEN,20.4,3.68,24.08,False,24.07,2,False,0.0,24.08,-0.00999999999999801,True,CONCILIADA_EXACTA,True
S1AA-0052648794,2071656712,CLIENT_00163,22415575,22430803,FACTURACION CICLICA,AMDOCS,2026-07-05,2026-07-21,PEN,62.22,11.21,73.43,False,73.43,1,False,0.0,73.43,0.0,True,CONCILIADA_EXACTA,True
S1AA-0052403595,2013237934,CLIENT_00303,80790575,115374103,FACTURACION CICLICA,AMDOCS,2026-07-05,2026-07-21,PEN,31.15,5.6,36.75,False,36.75,1,False,0.0,36.75,0.0,True,CONCILIADA_EXACTA,True
S1AA-0053002139,2044862591,CLIENT_00895,69942575,934731601,FACTURACION CICLICA,AMDOCS,2026-07-05,2026-07-21,PEN,16.91,3.04,19.95,False,19.95,1,False,0.0,19.95,0.0,True,CONCILIADA_EXACTA,True
S1AA-0052519443,2060200980,CLIENT_00350,62740575,850307413,FACTURACION CICLICA,AMDOCS,2026-07-05,2026-07-21,PEN,59.26,10.67,69.93,False,69.93,1,False,0.0,69.93,0.0,True,CONCILIADA_EXACTA,True
S1AA-0052791376,2025086317,CLIENT_00367,56850575,436850303,FACTURACION CICLICA,AMDOCS,2026-07-05,2026-07-21,PEN,40.87,7.36,48.23,False,48.23,1,False,0.0,48.23,0.0,True,CONCILIADA_EXACTA,True
S1AA-0052698383,2012159970,CLIENT_00023,150233121,370598537,FACTURACION CICLICA,AMDOCS,2026-07-05,2026-07-21,PEN,47.4,8.53,55.93,False,55.93,1,False,0.0,55.93,0.0,True,CONCILIADA_EXACTA,True
S1AA-0052603048,2096447129,CLIENT_00321,93461575,297837137,FACTURACION CICLICA,AMDOCS,2026-07-05,2026-07-21,PEN,44.44,7.99,52.43,False,52.43,1,False,0.0,52.43,0.0,True,CONCILIADA_EXACTA,True
S1AA-0052655322,2099839122,CLIENT_00022,54290575,98678303,FACTURACION CICLICA,AMDOCS,2026-07-05,2026-07-21,PEN,18.92,3.41,22.33,False,22.33,1,False,0.0,22.33,0.0,True,CONCILIADA_EXACTA,True
S1AA-0052572067,2029921832,CLIENT_00162,431609131,255107857,FACTURACION CICLICA,AMDOCS,2026-07-05,2026-07-21,PEN,100.79,18.14,118.93,False,118.93,1,False,0.0,118.93,0.0,True,CONCILIADA_EXACTA,True
S1AA-0052358259,2086851615,CLIENT_00905,70647575,494912237,FACTURACION CICLICA,AMDOCS,2026-07-05,2026-07-21,PEN,40.87,7.36,48.23,False,48.23,1,False,0.0,48.23,0.0,True,CONCILIADA_EXACTA,True
S1AA-0052383929,2024687919,CLIENT_00136,40231575,167293063,FACTURACION CICLICA,AMDOCS,2026-07-05,2026-07-21,PEN,13.94,2.51,16.45,False,16.45,1,False,0.0,16.45,0.0,True,CONCILIADA_EXACTA,True
S1AA-0052941752,2005896521,CLIENT_00455,68763575,444338253,FACTURACION CICLICA,AMDOCS,2026-07-05,2026-07-21,PEN,46.21,8.32,54.53,False,54.53,1,False,0.0,54.53,0.0,True,CONCILIADA_EXACTA,True
S1AA-0052784854,2006477444,CLIENT_00815,46031575,868897423,FACTURACION CICLICA,AMDOCS,2026-07-05,2026-07-21,PEN,32.33,5.82,38.15,False,38.15,1,False,0.0,38.15,0.0,True,CONCILIADA_EXACTA,True
S1AA-0052520298,2060200980,CLIENT_00350,62740575,316839573,FACTURACION CICLICA,AMDOCS,2026-07-05,2026-07-21,PEN,31.38,5.65,37.03,False,37.03,1,False,0.0,37.03,0.0,True,CONCILIADA_EXACTA,True
S1AA-0052579196,2064808256,CLIENT_00329,535599421,152755957,FACTURACION CICLICA,AMDOCS,2026-07-05,2026-07-21,PEN,79.79,14.36,94.15,False,94.15,1,False,0.0,94.15,0.0,True,CONCILIADA_EXACTA,True
S1AA-0053016687,2021595413,CLIENT_00021,79665575,680473463,FACTURACION CICLICA,AMDOCS,2026-07-05,2026-07-21,PEN,77.06,13.87,90.93,False,90.93,1,False,0.0,90.93,0.0,True,CONCILIADA_EXACTA,True
S1AA-0052882500,2044789187,CLIENT_00896,678241221,28297247,FACTURACION CICLICA,AMDOCS,2026-07-05,2026-07-21,PEN,49.65,8.94,58.59,False,58.59,1,False,0.0,58.59,0.0,True,CONCILIADA_EXACTA,True
S1AA-0052458910,2000150523,CLIENT_00972,11601575,282694363,FACTURACION CICLICA,AMDOCS,2026-07-05,2026-07-21,PEN,77.06,13.87,90.93,False,90.93,1,False,0.0,90.93,0.0,True,CONCILIADA_EXACTA,True
S1AA-0052390570,2084074807,CLIENT_00310,50984575,598430143,FACTURACION CICLICA,AMDOCS,2026-07-05,2026-07-21,PEN,33.75,6.08,39.83,False,39.83,1,False,0.0,39.83,0.0,True,CONCILIADA_EXACTA,True
S1AA-0052757497,2019210260,CLIENT_00852,6932575,927387803,FACTURACION CICLICA,AMDOCS,2026-07-05,2026-07-21,PEN,48.87,8.81,57.68,False,57.68,1,False,0.0,57.68,0.0,True,CONCILIADA_EXACTA,True
S1AA-0052813089,2024654901,CLIENT_00714,86944575,807012493,FACTURACION CICLICA,AMDOCS,2026-07-05,2026-07-21,PEN,412.48,35.74,448.21,False,448.21000000000004,2,False,0.0,448.21,5.684341886080802e-14,True,CONCILIADA_EXACTA,True
S1AA-0052519444,2060200980,CLIENT_00350,62740575,270307413,FACTURACION CICLICA,AMDOCS,2026-07-05,2026-07-21,PEN,31.38,5.65,37.03,False,37.03,1,False,0.0,37.03,0.0,True,CONCILIADA_EXACTA,True
S1AA-0052702848,2096608121,CLIENT_00272,25824575,763551601,FACTURACION CICLICA,AMDOCS,2026-07-05,2026-07-21,PEN,5.87,1.06,6.93,False,6.93,1,False,0.0,6.93,0.0,True,CONCILIADA_EXACTA,True
S1AA-0052383932,2024687919,CLIENT_00136,40231575,815393063,FACTURACION CICLICA,AMDOCS,2026-07-05,2026-07-21,PEN,14.76,2.67,17.43,False,17.43,1,False,0.0,17.43,0.0,True,CONCILIADA_EXACTA,True
S1AA-0052519441,2060200980,CLIENT_00350,62740575,210307413,FACTURACION CICLICA,AMDOCS,2026-07-05,2026-07-21,PEN,31.38,5.65,37.03,False,37.03,1,False,0.0,37.03,0.0,True,CONCILIADA_EXACTA,True
S1AA-0053025885,2020274387,CLIENT_00535,898656221,166321847,FACTURACION CICLICA,AMDOCS,2026-07-05,2026-07-21,PEN,27.83,5.01,32.83,False,32.83,1,False,0.0,32.83,0.0,True,CONCILIADA_EXACTA,True
S1AA-0052900309,2045175160,CLIENT_00740,8960575,38324703,FACTURACION CICLICA,AMDOCS,2026-07-05,2026-07-21,PEN,158.21,28.48,186.69,False,186.69,1,False,0.0,186.69,0.0,True,CONCILIADA_EXACTA,True
S1AA-0052512395,2060200980,CLIENT_00350,62740575,530004003,FACTURACION CICLICA,AMDOCS,2026-07-05,2026-07-21,PEN,59.26,10.67,69.93,False,69.93,1,False,0.0,69.93,0.0,True,CONCILIADA_EXACTA,True
S1AA-0052866423,2001156117,CLIENT_00442,72425575,624630313,FACTURACION CICLICA,AMDOCS,2026-07-05,2026-07-21,PEN,76.59,13.78,90.37,False,90.37,1,False,0.0,90.37,0.0,True,CONCILIADA_EXACTA,True
S1AA-0052913838,2039137544,CLIENT_00939,28944575,486381503,FACTURACION CICLICA,AMDOCS,2026-07-05,2026-07-21,PEN,29.96,5.39,35.35,False,35.35,1,False,0.0,35.35,0.0,True,CONCILIADA_EXACTA,True
S1AA-0052840179,2049726118,CLIENT_00693,27750575,492499483,FACTURACION CICLICA,AMDOCS,2026-07-05,2026-07-21,PEN,18.98,3.42,22.4,False,22.4,1,False,0.0,22.4,0.0,True,CONCILIADA_EXACTA,True
S1AA-0052826368,2097068950,CLIENT_00228,7000575,262897373,FACTURACION CICLICA,AMDOCS,2026-07-05,2026-07-21,PEN,14.83,2.67,17.5,False,17.5,1,False,0.0,17.5,0.0,True,CONCILIADA_EXACTA,True
S1AA-0052539573,2050440165,CLIENT_00596,3677575,388331601,FACTURACION CICLICA,AMDOCS,2026-07-05,2026-07-21,PEN,16.84,3.04,19.88,False,19.88,1,False,0.0,19.88,0.0,True,CONCILIADA_EXACTA,True
S1AA-0052359844,2086851615,CLIENT_00905,70647575,621764157,FACTURACION CICLICA,AMDOCS,2026-07-05,2026-07-21,PEN,17.79,3.21,21.0,False,21.0,1,False,0.0,21.0,0.0,True,CONCILIADA_EXACTA,True
S1AA-0052653895,2071656712,CLIENT_00163,22415575,513696957,FACTURACION CICLICA,AMDOCS,2026-07-05,2026-07-21,PEN,136.38,24.55,160.93,False,160.93,1,False,0.0,160.93,0.0,True,CONCILIADA_EXACTA,True
S1AA-0052547129,2090103192,CLIENT_00254,13083575,742969543,FACTURACION CICLICA,AMDOCS,2026-07-05,2026-07-21,PEN,18.92,3.41,22.33,False,22.33,1,False,0.0,22.33,0.0,True,CONCILIADA_EXACTA,True
S1AA-0052629229,2015652897,CLIENT_00439,34590575,461022483,FACTURACION CICLICA,AMDOCS,2026-07-05,2026-07-21,PEN,458.32,82.5,540.82,False,540.82,1,False,0.0,540.82,0.0,True,CONCILIADA_EXACTA,True
S1AA-0052512503,2060200980,CLIENT_00350,62740575,884509303,FACTURACION CICLICA,AMDOCS,2026-07-05,2026-07-21,PEN,34.11,6.14,40.25,False,40.25,1,False,0.0,40.25,0.0,True,CONCILIADA_EXACTA,True
S1AA-0052427673,2056897122,CLIENT_00573,217414901,492943157,FACTURACION CICLICA,AMDOCS,2026-07-05,2026-07-21,PEN,53.33,9.6,62.93,False,62.93,1,False,0.0,62.93,0.0,True,CONCILIADA_EXACTA,True
S1AA-0052791377,2025086317,CLIENT_00367,56850575,56850303,FACTURACION CICLICA,AMDOCS,2026-07-05,2026-07-21,PEN,35.53,6.4,41.93,False,41.93,1,False,0.0,41.93,0.0,True,CONCILIADA_EXACTA,True
S1AA-0052731555,2033591606,CLIENT_00518,75136575,305587993,FACTURACION CICLICA,AMDOCS,2026-07-05,2026-07-21,PEN,13.29,2.39,15.68,False,15.68,1,False,0.0,15.68,0.0,True,CONCILIADA_EXACTA,True
S1AA-0052968768,2082156443,CLIENT_00237,9763575,528665443,FACTURACION CICLICA,AMDOCS,2026-07-05,2026-07-21,PEN,20.35,3.66,24.01,False,24.01,1,False,0.0,24.01,0.0,True,CONCILIADA_EXACTA,True
S1AA-0052447567,2096031193,CLIENT_00429,511658121,72658647,FACTURACION CICLICA,AMDOCS,2026-07-05,2026-07-21,PEN,18.98,3.42,22.4,False,22.4,1,False,0.0,22.4,0.0,True,CONCILIADA_EXACTA,True
S1AA-0052519412,2060200980,CLIENT_00350,62740575,114204213,FACTURACION CICLICA,AMDOCS,2026-07-05,2026-07-21,PEN,34.11,6.14,40.25,False,40.25,1,False,0.0,40.25,0.0,True,CONCILIADA_EXACTA,True
S1AA-0052512416,2060200980,CLIENT_00350,62740575,337301103,FACTURACION CICLICA,AMDOCS,2026-07-05,2026-07-21,PEN,31.38,5.65,37.03,False,37.03,1,False,0.0,37.03,0.0,True,CONCILIADA_EXACTA,True
S1AA-0052601834,2096447129,CLIENT_00321,93461575,798433963,FACTURACION CICLICA,AMDOCS,2026-07-05,2026-07-21,PEN,33.75,6.08,39.83,False,39.83,1,False,0.0,39.83,0.0,True,CONCILIADA_EXACTA,True
S1AA-0052893795,2054941434,CLIENT_00458,97044575,579613733,FACTURACION CICLICA,AMDOCS,2026-07-05,2026-07-21,PEN,39.69,7.14,46.83,False,46.83,1,False,0.0,46.83,0.0,True,CONCILIADA_EXACTA,True
S1AA-0052673525,2052778896,CLIENT_00395,743636121,130930757,FACTURACION CICLICA,AMDOCS,2026-07-05,2026-07-21,PEN,100.79,18.14,118.93,False,118.93,1,False,0.0,118.93,0.0,True,CONCILIADA_EXACTA,True
S1AA-0053016934,2030767470,CLIENT_00784,79916575,769740973,FACTURACION CICLICA,AMDOCS,2026-07-05,2026-07-21,PEN,13.22,2.39,15.61,False,15.61,1,False,0.0,15.61,0.0,True,CONCILIADA_EXACTA,True
S1AA-0052430809,2028216422,CLIENT_00862,31060575,878161103,FACTURACION CICLICA,AMDOCS,2026-07-05,2026-07-21,PEN,59.86,10.77,70.63,False,70.63,1,False,0.0,70.63,0.0,True,CONCILIADA_EXACTA,True
S1AA-0053006726,2037677145,CLIENT_00229,593385521,373943657,FACTURACION CICLICA,AMDOCS,2026-07-05,2026-07-21,PEN,90.77,16.33,107.1,False,107.1,1,False,0.0,107.1,0.0,True,CONCILIADA_EXACTA,True
S1AA-0052539574,2050440165,CLIENT_00596,3677575,488331601,FACTURACION CICLICA,AMDOCS,2026-07-05,2026-07-21,PEN,19.81,3.57,23.38,False,23.38,1,False,0.0,23.38,0.0,True,CONCILIADA_EXACTA,True
S1AA-0052457979,2000150523,CLIENT_00972,11601575,663015003,FACTURACION CICLICA,AMDOCS,2026-07-05,2026-07-21,PEN,56.29,10.14,66.43,False,66.43,1,False,0.0,66.43,0.0,True,CONCILIADA_EXACTA,True
S1AA-0052703319,2091198935,CLIENT_00319,25242575,929982823,FACTURACION CICLICA,AMDOCS,2026-07-05,2026-07-21,PEN,19.88,3.57,23.45,False,23.45,1,False,0.0,23.45,0.0,True,CONCILIADA_EXACTA,True
S1AA-0052505670,2043779813,CLIENT_00336,52770575,421568203,FACTURACION CICLICA,AMDOCS,2026-07-05,2026-07-21,PEN,41.22,7.43,48.65,False,48.65,1,False,0.0,48.65,0.0,True,CONCILIADA_EXACTA,True
S1AA-0052750424,2022681851,CLIENT_00304,95901575,124451601,FACTURACION CICLICA,AMDOCS,2026-07-05,2026-07-21,PEN,33.75,6.08,39.83,False,39.83,1,False,0.0,39.83,0.0,True,CONCILIADA_EXACTA,True
S1AA-0052567946,2011487576,CLIENT_00046,43763575,399950973,FACTURACION CICLICA,AMDOCS,2026-07-05,2026-07-21,PEN,20.17,3.63,23.8,False,23.8,1,False,0.0,23.8,0.0,True,CONCILIADA_EXACTA,True
S1AA-0052519812,2060200980,CLIENT_00350,62740575,132039543,FACTURACION CICLICA,AMDOCS,2026-07-05,2026-07-21,PEN,18.92,3.41,22.33,False,22.33,1,False,0.0,22.33,0.0,True,CONCILIADA_EXACTA,True
S1AA-0053002142,2044862591,CLIENT_00895,69942575,244731601,FACTURACION CICLICA,AMDOCS,2026-07-05,2026-07-21,PEN,23.07,4.16,27.23,False,27.23,1,False,0.0,27.23,0.0,True,CONCILIADA_EXACTA,True
S1AA-0052628193,2086602695,CLIENT_00868,34761575,411551803,FACTURACION CICLICA,AMDOCS,2026-07-05,2026-07-21,PEN,184.18,12.8,196.98,False,196.97,4,False,0.0,196.98,-0.009999999999990905,True,CONCILIADA_EXACTA,True
S1AA-0052784667,2007950781,CLIENT_00069,46400575,648536703,FACTURACION CICLICA,AMDOCS,2026-07-05,2026-07-21,PEN,18.69,3.36,22.05,False,22.05,1,False,0.0,22.05,0.0,True,CONCILIADA_EXACTA,True
S1AA-0052574955,2043951639,CLIENT_00898,53205575,967384283,FACTURACION CICLICA,AMDOCS,2026-07-05,2026-07-21,PEN,118.59,21.34,139.93,False,139.93,1,False,0.0,139.93,0.0,True,CONCILIADA_EXACTA,True
S1AA-0052539571,2050440165,CLIENT_00596,3677575,88331601,FACTURACION CICLICA,AMDOCS,2026-07-05,2026-07-21,PEN,13.58,2.45,16.03,False,16.03,1,False,0.0,16.03,0.0,True,CONCILIADA_EXACTA,True
S1AA-0052943387,2066367927,CLIENT_00527,688513121,214988537,FACTURACION CICLICA,AMDOCS,2026-07-05,2026-07-21,PEN,69.05,12.43,81.48,False,81.48,1,False,0.0,81.48,0.0,True,CONCILIADA_EXACTA,True
S1AA-0052628025,2040817262,CLIENT_00984,34230575,216020103,FACTURACION CICLICA,AMDOCS,2026-07-05,2026-07-21,PEN,22.25,4.0,26.25,False,26.25,1,False,0.0,26.25,0.0,True,CONCILIADA_EXACTA,True
S1AA-0052975133,2062666590,CLIENT_00169,19101575,854447403,FACTURACION CICLICA,AMDOCS,2026-07-05,2026-07-21,PEN,32.98,5.94,38.92,False,38.92,1,False,0.0,38.92,0.0,True,CONCILIADA_EXACTA,True
S1AA-0052535966,2021660305,CLIENT_00332,926238221,354697647,FACTURACION CICLICA,AMDOCS,2026-07-05,2026-07-21,PEN,94.86,17.07,111.93,False,111.93,1,False,0.0,111.93,0.0,True,CONCILIADA_EXACTA,True
S1AA-0052956677,2052142070,CLIENT_00503,887064611,3403727,FACTURACION CICLICA,AMDOCS,2026-07-05,2026-07-21,PEN,28.83,5.19,34.02,False,34.02,1,False,0.0,34.02,0.0,True,CONCILIADA_EXACTA,True
S1AA-0052426361,2069451715,CLIENT_00549,217765221,450638837,FACTURACION CICLICA,AMDOCS,2026-07-05,2026-07-21,PEN,33.16,5.97,39.13,False,39.13,1,False,0.0,39.13,0.0,True,CONCILIADA_EXACTA,True
S1AA-0053025433,2020274387,CLIENT_00535,898656221,264416447,FACTURACION CICLICA,AMDOCS,2026-07-05,2026-07-21,PEN,59.26,10.67,69.93,False,69.93,1,False,0.0,69.93,0.0,True,CONCILIADA_EXACTA,True
S1AA-0052556630,2054238271,CLIENT_00814,233955121,698491847,FACTURACION CICLICA,AMDOCS,2026-07-05,2026-07-21,PEN,106.72,19.21,125.93,False,125.93,1,False,0.0,125.93,0.0,True,CONCILIADA_EXACTA,True
S1AA-0052427915,2060375617,CLIENT_00383,216638511,772868257,FACTURACION CICLICA,AMDOCS,2026-07-05,2026-07-21,PEN,35.36,6.36,41.72,False,41.72,1,False,0.0,41.72,0.0,True,CONCILIADA_EXACTA,True
S1AA-0052691703,2093746302,CLIENT_00658,58707021,650322737,FACTURACION CICLICA,AMDOCS,2026-07-05,2026-07-21,PEN,52.14,9.39,61.53,False,61.53,1,False,0.0,61.53,0.0,True,CONCILIADA_EXACTA,True
S1AA-0052568862,2045498450,CLIENT_00823,43182575,699473717,FACTURACION CICLICA,AMDOCS,2026-07-05,2026-07-21,PEN,49.18,8.86,58.03,False,58.03,1,False,0.0,58.03,0.0,True,CONCILIADA_EXACTA,True
S1AA-0052455954,2057406010,CLIENT_00884,618659521,438653757,FACTURACION CICLICA,AMDOCS,2026-07-05,2026-07-21,PEN,25.45,4.58,30.03,False,30.03,1,False,0.0,30.03,0.0,True,CONCILIADA_EXACTA,True
S1AA-0052550096,2042647818,CLIENT_00266,132847821,845381057,FACTURACION CICLICA,AMDOCS,2026-07-05,2026-07-21,PEN,19.81,3.57,23.38,False,23.38,1,False,0.0,23.38,0.0,True,CONCILIADA_EXACTA,True
S1AA-0052859782,2068624950,CLIENT_00710,57851575,343254133,FACTURACION CICLICA,AMDOCS,2026-07-05,2026-07-21,PEN,24.86,4.47,29.33,False,29.33,1,False,0.0,29.33,0.0,True,CONCILIADA_EXACTA,True
S1AA-0052417276,2095007193,CLIENT_00907,1754575,535241403,FACTURACION CICLICA,AMDOCS,2026-07-05,2026-07-21,PEN,68.75,12.38,81.13,False,81.13,1,False,0.0,81.13,0.0,True,CONCILIADA_EXACTA,True
S1AA-0052711887,2023799562,CLIENT_00489,35157575,380443237,FACTURACION CICLICA,AMDOCS,2026-07-05,2026-07-21,PEN,10.39,1.86,12.25,False,12.25,1,False,0.0,12.25,0.0,True,CONCILIADA_EXACTA,True
S1AA-0053015861,2084384500,CLIENT_00932,79794575,50092403,FACTURACION CICLICA,AMDOCS,2026-07-05,2026-07-21,PEN,20.52,3.7,24.22,False,24.22,1,False,0.0,24.22,0.0,True,CONCILIADA_EXACTA,True
S1AA-0052628194,2086602695,CLIENT_00868,34761575,612551803,FACTURACION CICLICA,AMDOCS,2026-07-05,2026-07-21,PEN,46.21,8.32,54.53,False,54.53,1,False,0.0,54.53,0.0,True,CONCILIADA_EXACTA,True
S1AA-0052880870,2046058498,CLIENT_00633,67570575,483029873,FACTURACION CICLICA,AMDOCS,2026-07-05,2026-07-21,PEN,62.23,11.2,73.43,False,73.43,1,False,0.0,73.43,0.0,True,CONCILIADA_EXACTA,True
S1AA-0052696356,2077608678,CLIENT_00105,15302575,622658713,FACTURACION CICLICA,AMDOCS,2026-07-05,2026-07-21,PEN,103.1,18.56,121.66,False,121.66,1,False,0.0,121.66,0.0,True,CONCILIADA_EXACTA,True
S1AA-0052389951,2051341964,CLIENT_00219,50325575,359693401,FACTURACION CICLICA,AMDOCS,2026-07-05,2026-07-21,PEN,18.98,3.42,22.4,False,22.4,1,False,0.0,22.4,0.0,True,CONCILIADA_EXACTA,True
S1AA-0052390569,2084074807,CLIENT_00310,50984575,398430143,FACTURACION CICLICA,AMDOCS,2026-07-05,2026-07-21,PEN,33.16,5.97,39.13,False,39.13,1,False,0.0,39.13,0.0,True,CONCILIADA_EXACTA,True
S1AA-0052383246,2024687919,CLIENT_00136,40231575,515372803,FACTURACION CICLICA,AMDOCS,2026-07-05,2026-07-21,PEN,29.6,5.33,34.93,False,34.93,1,False,0.0,34.93,0.0,True,CONCILIADA_EXACTA,True
S1AA-0053002138,2044862591,CLIENT_00895,69942575,834731601,FACTURACION CICLICA,AMDOCS,2026-07-05,2026-07-21,PEN,16.84,3.04,19.88,False,19.88,1,False,0.0,19.88,0.0,True,CONCILIADA_EXACTA,True
S1AA-0052891745,2022589688,CLIENT_00286,87163575,710826857,FACTURACION CICLICA,AMDOCS,2026-07-05,2026-07-21,PEN,41.47,7.46,48.93,False,48.93,1,False,0.0,48.93,0.0,True,CONCILIADA_EXACTA,True
S1AA-0053015884,2084384500,CLIENT_00932,79794575,734671503,FACTURACION CICLICA,AMDOCS,2026-07-05,2026-07-21,PEN,18.92,3.41,22.33,False,22.33,1,False,0.0,22.33,0.0,True,CONCILIADA_EXACTA,True
S1AA-0052689866,2033397761,CLIENT_00841,5833575,767093043,FACTURACION CICLICA,AMDOCS,2026-07-05,2026-07-21,PEN,24.86,4.47,29.33,False,29.33,1,False,0.0,29.33,0.0,True,CONCILIADA_EXACTA,True
S1AA-0052628373,2086602695,CLIENT_00868,34761575,85092723,FACTURACION CICLICA,AMDOCS,2026-07-05,2026-07-21,PEN,65.79,11.84,77.63,False,77.63,1,False,0.0,77.63,0.0,True,CONCILIADA_EXACTA,True
S1AA-0053017915,2047587904,CLIENT_00534,79590575,314006827,FACTURACION CICLICA,AMDOCS,2026-07-05,2026-07-21,PEN,47.04,8.47,55.51,False,55.51,1,False,0.0,55.51,0.0,True,CONCILIADA_EXACTA,True
S1AA-0052403575,2013237934,CLIENT_00303,80790575,138430103,FACTURACION CICLICA,AMDOCS,2026-07-05,2026-07-21,PEN,24.56,4.42,28.98,False,28.98,1,False,0.0,28.98,0.0,True,CONCILIADA_EXACTA,True
S1AA-0052879688,2016855055,CLIENT_00971,67050575,184510003,FACTURACION CICLICA,AMDOCS,2026-07-05,2026-07-21,PEN,15.79,2.84,18.62,False,18.62,1,False,0.0,18.62,0.0,True,CONCILIADA_EXACTA,True
S1AA-0052809793,2003858294,CLIENT_00954,763272331,108431757,FACTURACION CICLICA,AMDOCS,2026-07-05,2026-07-21,PEN,17.79,3.21,21.0,False,21.0,1,False,0.0,21.0,0.0,True,CONCILIADA_EXACTA,True
S1AA-0052366065,2000279692,CLIENT_00168,612575,739030747,FACTURACION CICLICA,AMDOCS,2026-07-05,2026-07-21,PEN,45.91,8.27,54.18,False,54.18,1,False,0.0,54.18,0.0,True,CONCILIADA_EXACTA,True
S1AA-0052598940,2063339709,CLIENT_00486,838010221,945824757,FACTURACION CICLICA,AMDOCS,2026-07-05,2026-07-21,PEN,150.67,27.13,177.8,False,177.79000000000002,2,False,0.0,177.8,-0.009999999999990905,True,CONCILIADA_EXACTA,True
S1AA-0052656336,1048743727,CLIENT_00498,54325575,373983473,FACTURACION CICLICA,AMDOCS,2026-07-05,2026-07-21,PEN,35.53,6.4,41.93,False,41.93,1,False,0.0,41.93,0.0,True,CONCILIADA_EXACTA,True
S1AA-0052818483,2019351028,CLIENT_00937,96637575,20460601,FACTURACION CICLICA,AMDOCS,2026-07-05,2026-07-21,PEN,23.67,4.26,27.93,False,27.93,1,False,0.0,27.93,0.0,True,CONCILIADA_EXACTA,True
S1AA-0052837706,2052186925,CLIENT_00931,177250221,168760067,FACTURACION CICLICA,AMDOCS,2026-07-05,2026-07-21,PEN,56.06,10.09,66.15,False,66.14999999999999,2,False,0.0,66.15,-1.4210854715202004e-14,True,CONCILIADA_EXACTA,True
S1AA-0053002143,2044862591,CLIENT_00895,69942575,344731601,FACTURACION CICLICA,AMDOCS,2026-07-05,2026-07-21,PEN,16.84,3.04,19.88,False,19.88,1,False,0.0,19.88,0.0,True,CONCILIADA_EXACTA,True
S1AA-0052383926,2024687919,CLIENT_00136,40231575,901193063,FACTURACION CICLICA,AMDOCS,2026-07-05,2026-07-21,PEN,13.94,2.51,16.45,False,16.45,1,False,0.0,16.45,0.0,True,CONCILIADA_EXACTA,True
S1AA-0053025431,2020274387,CLIENT_00535,898656221,846116447,FACTURACION CICLICA,AMDOCS,2026-07-05,2026-07-21,PEN,59.26,10.67,69.93,False,69.93,1,False,0.0,69.93,0.0,True,CONCILIADA_EXACTA,True
S1AA-0052809794,2003858294,CLIENT_00954,763272331,857541757,FACTURACION CICLICA,AMDOCS,2026-07-05,2026-07-21,PEN,17.79,3.21,21.0,False,21.0,1,False,0.0,21.0,0.0,True,CONCILIADA_EXACTA,True
S1AA-0052836808,2005224522,CLIENT_00746,176314621,760595657,FACTURACION CICLICA,AMDOCS,2026-07-05,2026-07-21,PEN,115.38,20.77,136.15,False,136.15,1,False,0.0,136.15,0.0,True,CONCILIADA_EXACTA,True
S1AA-0052622667,2067006652,CLIENT_00878,24445575,719310593,FACTURACION CICLICA,AMDOCS,2026-07-05,2026-07-21,PEN,59.79,10.77,70.56,False,70.56,1,False,0.0,70.56,0.0,True,CONCILIADA_EXACTA,True
S1AA-0052446773,2096031193,CLIENT_00429,511658121,361090737,FACTURACION CICLICA,AMDOCS,2026-07-05,2026-07-21,PEN,61.38,3.72,65.1,False,65.1,2,False,0.0,65.1,0.0,True,CONCILIADA_EXACTA,True
S1AA-0052630846,2086602695,CLIENT_00868,34761575,119794447,FACTURACION CICLICA,AMDOCS,2026-07-05,2026-07-21,PEN,17.74,3.19,20.93,False,20.93,1,False,0.0,20.93,0.0,True,CONCILIADA_EXACTA,True
S1AA-0052519813,2060200980,CLIENT_00350,62740575,232039543,FACTURACION CICLICA,AMDOCS,2026-07-05,2026-07-21,PEN,31.38,5.65,37.03,False,37.03,1,False,0.0,37.03,0.0,True,CONCILIADA_EXACTA,True
S1AA-0052370006,2081042486,CLIENT_00385,10560575,334412823,FACTURACION CICLICA,AMDOCS,2026-07-05,2026-07-21,PEN,391.12,70.39,461.51,False,461.51,1,False,0.0,461.51,0.0,True,CONCILIADA_EXACTA,True
S1AA-0052383931,2024687919,CLIENT_00136,40231575,12393063,FACTURACION CICLICA,AMDOCS,2026-07-05,2026-07-21,PEN,14.76,2.67,17.43,False,17.43,1,False,0.0,17.43,0.0,True,CONCILIADA_EXACTA,True
S1AA-0052365176,2000279692,CLIENT_00168,612575,12765237,FACTURACION CICLICA,AMDOCS,2026-07-05,2026-07-21,PEN,56.59,10.19,66.78,False,66.78,1,False,0.0,66.78,0.0,True,CONCILIADA_EXACTA,True
S1AA-0052698401,2033295502,CLIENT_00513,159921021,240297637,FACTURACION CICLICA,AMDOCS,2026-07-05,2026-07-21,PEN,10.32,1.86,12.18,False,12.18,1,False,0.0,12.18,0.0,True,CONCILIADA_EXACTA,True
S1AA-0052628908,2052009555,CLIENT_00491,34863575,160706563,FACTURACION CICLICA,AMDOCS,2026-07-05,2026-07-21,PEN,61.99,11.16,73.15,False,73.15,1,False,0.0,73.15,0.0,True,CONCILIADA_EXACTA,True
S1AA-0052519446,2060200980,CLIENT_00350,62740575,354307413,FACTURACION CICLICA,AMDOCS,2026-07-05,2026-07-21,PEN,20.11,3.62,23.73,False,23.73,1,False,0.0,23.73,0.0,True,CONCILIADA_EXACTA,True
S1AA-0052383928,2024687919,CLIENT_00136,40231575,67293063,FACTURACION CICLICA,AMDOCS,2026-07-05,2026-07-21,PEN,14.83,2.67,17.5,False,17.5,1,False,0.0,17.5,0.0,True,CONCILIADA_EXACTA,True
S1AA-0052383927,2024687919,CLIENT_00136,40231575,757293063,FACTURACION CICLICA,AMDOCS,2026-07-05,2026-07-21,PEN,35.6,6.4,42.0,False,42.0,1,False,0.0,42.0,0.0,True,CONCILIADA_EXACTA,True
S1AA-0052453497,2044463955,CLIENT_00048,616621911,631351837,FACTURACION CICLICA,AMDOCS,2026-07-05,2026-07-21,PEN,23.37,4.21,27.58,False,27.58,1,False,0.0,27.58,0.0,True,CONCILIADA_EXACTA,True
S1AA-0052519537,2060200980,CLIENT_00350,62740575,498997223,FACTURACION CICLICA,AMDOCS,2026-07-05,2026-07-21,PEN,31.38,5.65,37.03,False,37.03,1,False,0.0,37.03,0.0,True,CONCILIADA_EXACTA,True
S1AA-0053016538,2044479748,CLIENT_00957,79692575,647072453,FACTURACION CICLICA,AMDOCS,2026-07-05,2026-07-21,PEN,20.53,3.69,24.22,False,24.22,1,False,0.0,24.22,0.0,True,CONCILIADA_EXACTA,True
S1AA-0052698317,2033295502,CLIENT_00513,159921021,977833337,FACTURACION CICLICA,AMDOCS,2026-07-05,2026-07-21,PEN,22.48,4.05,26.53,False,26.53,1,False,0.0,26.53,0.0,True,CONCILIADA_EXACTA,True
S1AA-0053002141,2044862591,CLIENT_00895,69942575,144731601,FACTURACION CICLICA,AMDOCS,2026-07-05,2026-07-21,PEN,16.91,3.04,19.95,False,19.95,1,False,0.0,19.95,0.0,True,CONCILIADA_EXACTA,True
S1AA-0052656337,1048743727,CLIENT_00498,54325575,908044473,FACTURACION CICLICA,AMDOCS,2026-07-05,2026-07-21,PEN,23.07,4.16,27.23,False,27.23,1,False,0.0,27.23,0.0,True,CONCILIADA_EXACTA,True
S1AA-0052519411,2060200980,CLIENT_00350,62740575,304204213,FACTURACION CICLICA,AMDOCS,2026-07-05,2026-07-21,PEN,20.11,3.62,23.73,False,23.73,1,False,0.0,23.73,0.0,True,CONCILIADA_EXACTA,True
S1AA-0052370932,2081042486,CLIENT_00385,10560575,747353583,FACTURACION CICLICA,AMDOCS,2026-07-05,2026-07-21,PEN,71.13,12.8,83.93,False,83.93,1,False,0.0,83.93,0.0,True,CONCILIADA_EXACTA,True
S1AA-0052616534,2057227210,CLIENT_00864,14483575,809755127,FACTURACION CICLICA,AMDOCS,2026-07-05,2026-07-21,PEN,17.79,3.21,21.0,False,21.0,1,False,0.0,21.0,0.0,True,CONCILIADA_EXACTA,True
S1AA-0052816504,2056921911,CLIENT_00644,864899231,258803757,FACTURACION CICLICA,AMDOCS,2026-07-05,2026-07-21,PEN,41.47,7.46,48.93,False,48.93,1,False,0.0,48.93,0.0,True,CONCILIADA_EXACTA,True
S1AA-0052616533,2057227210,CLIENT_00864,14483575,445755127,FACTURACION CICLICA,AMDOCS,2026-07-05,2026-07-21,PEN,17.79,3.21,21.0,False,21.0,1,False,0.0,21.0,0.0,True,CONCILIADA_EXACTA,True
S1AA-0052791274,2005799938,CLIENT_00146,56862575,382951601,FACTURACION CICLICA,AMDOCS,2026-07-05,2026-07-21,PEN,5.94,1.06,7.0,False,7.0,1,False,0.0,7.0,0.0,True,CONCILIADA_EXACTA,True
S1AA-0052551812,2045140447,CLIENT_00274,132079121,940635957,FACTURACION CICLICA,AMDOCS,2026-07-05,2026-07-21,PEN,85.97,15.46,101.43,False,101.43,1,False,0.0,101.43,0.0,True,CONCILIADA_EXACTA,True
S1AA-0052562037,2022642503,CLIENT_00537,334038211,859645127,FACTURACION CICLICA,AMDOCS,2026-07-05,2026-07-21,PEN,27.23,4.9,32.13,False,32.13,1,False,0.0,32.13,0.0,True,CONCILIADA_EXACTA,True
S1AA-0052574009,2058797594,CLIENT_00421,53591575,766920023,FACTURACION CICLICA,AMDOCS,2026-07-05,2026-07-21,PEN,19.81,3.57,23.38,False,23.38,1,False,0.0,23.38,0.0,True,CONCILIADA_EXACTA,True
S1AA-0052941664,2005896521,CLIENT_00455,68763575,417909643,FACTURACION CICLICA,AMDOCS,2026-07-05,2026-07-21,PEN,25.8,4.65,30.45,False,30.45,1,False,0.0,30.45,0.0,True,CONCILIADA_EXACTA,True
S1AA-0052520300,2060200980,CLIENT_00350,62740575,616839573,FACTURACION CICLICA,AMDOCS,2026-07-05,2026-07-21,PEN,16.55,2.98,19.53,False,19.53,1,False,0.0,19.53,0.0,True,CONCILIADA_EXACTA,True
S1AA-0052671422,2072882399,CLIENT_00032,74784575,139197047,FACTURACION CICLICA,AMDOCS,2026-07-05,2026-07-21,PEN,86.85,15.63,102.48,False,102.48,1,False,0.0,102.48,0.0,True,CONCILIADA_EXACTA,True
S1AA-0052913708,2058246578,CLIENT_00853,28725575,710231601,FACTURACION CICLICA,AMDOCS,2026-07-05,2026-07-21,PEN,16.84,3.04,19.88,False,19.88,1,False,0.0,19.88,0.0,True,CONCILIADA_EXACTA,True
S1AA-0052576553,2088352056,CLIENT_00309,539747421,726472347,FACTURACION CICLICA,AMDOCS,2026-07-05,2026-07-21,PEN,15.49,2.78,18.27,False,18.27,1,False,0.0,18.27,0.0,True,CONCILIADA_EXACTA,True
S1AA-0052908144,2058522670,CLIENT_00388,18014575,75617973,FACTURACION CICLICA,AMDOCS,2026-07-05,2026-07-21,PEN,62.29,11.21,73.5,False,73.5,1,False,0.0,73.5,0.0,True,CONCILIADA_EXACTA,True
S1AA-0052901700,2068272028,CLIENT_00792,8726575,286821993,FACTURACION CICLICA,AMDOCS,2026-07-05,2026-07-21,PEN,33.45,6.03,39.48,False,39.48,1,False,0.0,39.48,0.0,True,CONCILIADA_EXACTA,True
S1AA-0052519447,2060200980,CLIENT_00350,62740575,74307413,FACTURACION CICLICA,AMDOCS,2026-07-05,2026-07-21,PEN,31.38,5.65,37.03,False,37.03,1,False,0.0,37.03,0.0,True,CONCILIADA_EXACTA,True
S1AA-0052519730,2060200980,CLIENT_00350,62740575,718534043,FACTURACION CICLICA,AMDOCS,2026-07-05,2026-07-21,PEN,31.38,5.65,37.03,False,37.03,1,False,0.0,37.03,0.0,True,CONCILIADA_EXACTA,True
S1AA-0052390571,2084074807,CLIENT_00310,50984575,898430143,FACTURACION CICLICA,AMDOCS,2026-07-05,2026-07-21,PEN,39.69,7.14,46.83,False,46.83,1,False,0.0,46.83,0.0,True,CONCILIADA_EXACTA,True
S1AA-0052457985,2033511601,CLIENT_00117,11430575,385030103,FACTURACION CICLICA,AMDOCS,2026-07-05,2026-07-21,PEN,62.22,11.21,73.43,False,73.43,1,False,0.0,73.43,0.0,True,CONCILIADA_EXACTA,True
S1AA-0052400854,2039793515,CLIENT_00045,609635031,366178257,FACTURACION CICLICA,AMDOCS,2026-07-05,2026-07-21,PEN,17.74,3.19,20.93,False,20.93,1,False,0.0,20.93,0.0,True,CONCILIADA_EXACTA,True
S1AA-0052941619,2005896521,CLIENT_00455,68763575,135767343,FACTURACION CICLICA,AMDOCS,2026-07-05,2026-07-21,PEN,12.69,2.29,14.98,False,14.98,1,False,0.0,14.98,0.0,True,CONCILIADA_EXACTA,True
S1AA-0052825510,2097068950,CLIENT_00228,7000575,297680803,FACTURACION CICLICA,AMDOCS,2026-07-05,2026-07-21,PEN,14.76,2.67,17.43,False,17.43,1,False,0.0,17.43,0.0,True,CONCILIADA_EXACTA,True
S1AA-0052628336,2071082447,CLIENT_00987,34612575,745692323,FACTURACION CICLICA,AMDOCS,2026-07-05,2026-07-21,PEN,20.4,3.68,24.08,False,24.08,1,False,0.0,24.08,0.0,True,CONCILIADA_EXACTA,True
S1AA-0052464824,2016142658,CLIENT_00521,71440575,218426103,FACTURACION CICLICA,AMDOCS,2026-07-05,2026-07-21,PEN,10.32,1.86,12.18,False,12.18,1,False,0.0,12.18,0.0,True,CONCILIADA_EXACTA,True
S1AA-0052934638,2062740957,CLIENT_00529,58262575,371999033,FACTURACION CICLICA,AMDOCS,2026-07-05,2026-07-21,PEN,22.48,4.05,26.53,False,26.53,1,False,0.0,26.53,0.0,True,CONCILIADA_EXACTA,True
S1AA-0052458911,2000150523,CLIENT_00972,11601575,213694363,FACTURACION CICLICA,AMDOCS,2026-07-05,2026-07-21,PEN,77.06,13.87,90.93,False,90.93,1,False,0.0,90.93,0.0,True,CONCILIADA_EXACTA,True
S1AA-0052417275,2095007193,CLIENT_00907,1754575,35241403,FACTURACION CICLICA,AMDOCS,2026-07-05,2026-07-21,PEN,46.21,8.32,54.53,False,54.53,1,False,0.0,54.53,0.0,True,CONCILIADA_EXACTA,True
S1AA-0052655203,2012667521,CLIENT_00300,54607575,313348501,FACTURACION CICLICA,AMDOCS,2026-07-05,2026-07-21,PEN,26.34,4.74,31.08,False,31.08,1,False,0.0,31.08,0.0,True,CONCILIADA_EXACTA,True
S1AA-0052723406,2099316748,CLIENT_00768,55121575,623481403,FACTURACION CICLICA,AMDOCS,2026-07-05,2026-07-21,PEN,131.53,11.2,142.73,False,142.73000000000002,2,False,0.0,142.73,2.842170943040401e-14,True,CONCILIADA_EXACTA,True
S1AA-0052764092,2023009780,CLIENT_00141,16530575,148920103,FACTURACION CICLICA,AMDOCS,2026-07-05,2026-07-21,PEN,82.99,14.94,97.93,False,97.93,1,False,0.0,97.93,0.0,True,CONCILIADA_EXACTA,True
S1AA-0052866086,2035102698,CLIENT_00950,82037575,767789501,FACTURACION CICLICA,AMDOCS,2026-07-05,2026-07-21,PEN,18.62,3.36,21.98,False,21.98,1,False,0.0,21.98,0.0,True,CONCILIADA_EXACTA,True
S1AA-0052744203,2057227210,CLIENT_00864,65023575,737533733,FACTURACION CICLICA,AMDOCS,2026-07-05,2026-07-21,PEN,17.79,3.21,21.0,False,21.0,1,False,0.0,21.0,0.0,True,CONCILIADA_EXACTA,True
S1AA-0052756676,2088325879,CLIENT_00287,953144321,959676167,FACTURACION CICLICA,AMDOCS,2026-07-05,2026-07-21,PEN,23.5,4.22,27.72,False,27.72,1,False,0.0,27.72,0.0,True,CONCILIADA_EXACTA,True
S1AA-0052825507,2097068950,CLIENT_00228,7000575,366960803,FACTURACION CICLICA,AMDOCS,2026-07-05,2026-07-21,PEN,14.76,2.67,17.43,False,17.43,1,False,0.0,17.43,0.0,True,CONCILIADA_EXACTA,True
S1AA-0052637396,2096933668,CLIENT_00492,449021321,465480047,FACTURACION CICLICA,AMDOCS,2026-07-05,2026-07-21,PEN,17.67,3.19,20.86,False,20.86,1,False,0.0,20.86,0.0,True,CONCILIADA_EXACTA,True
S1AA-0052383925,2024687919,CLIENT_00136,40231575,471023063,FACTURACION CICLICA,AMDOCS,2026-07-05,2026-07-21,PEN,13.94,2.51,16.45,False,16.45,1,False,0.0,16.45,0.0,True,CONCILIADA_EXACTA,True
S1AA-0052786571,2093365484,CLIENT_00200,46430575,316714617,FACTURACION CICLICA,AMDOCS,2026-07-05,2026-07-21,PEN,49.18,8.86,58.03,False,58.03,1,False,0.0,58.03,0.0,True,CONCILIADA_EXACTA,True
S1AA-0052390568,2084074807,CLIENT_00310,50984575,888430143,FACTURACION CICLICA,AMDOCS,2026-07-05,2026-07-21,PEN,36.48,6.57,43.05,False,43.05,1,False,0.0,43.05,0.0,True,CONCILIADA_EXACTA,True
S1AA-0052500932,2072727583,CLIENT_00076,32851575,196475917,FACTURACION CICLICA,AMDOCS,2026-07-05,2026-07-21,PEN,51.91,9.34,61.25,False,61.25,1,False,0.0,61.25,0.0,True,CONCILIADA_EXACTA,True
S1AA-0052364346,2028712026,CLIENT_00204,750575,83214193,FACTURACION CICLICA,AMDOCS,2026-07-05,2026-07-21,PEN,1611.66,280.65,1892.31,False,1892.31,2,False,0.0,1892.31,0.0,True,CONCILIADA_EXACTA,True
S1AA-0053025285,2088352056,CLIENT_00309,894647421,36472347,FACTURACION CICLICA,AMDOCS,2026-07-05,2026-07-21,PEN,15.42,2.78,18.2,False,18.2,1,False,0.0,18.2,0.0,True,CONCILIADA_EXACTA,True
S1AA-0052474267,2033527809,CLIENT_00688,818737121,743971247,FACTURACION CICLICA,AMDOCS,2026-07-05,2026-07-21,PEN,56.29,10.14,66.43,False,66.43,1,False,0.0,66.43,0.0,True,CONCILIADA_EXACTA,True
S1AA-0052766409,2019530122,CLIENT_00047,166794121,681582637,FACTURACION CICLICA,AMDOCS,2026-07-05,2026-07-21,PEN,31.74,5.71,37.45,False,37.46,2,False,0.0,37.45,0.00999999999999801,True,CONCILIADA_EXACTA,True
S8AA-0008397826,2053555214,CLIENT_00159,963595521,864148447,FACTURACION CICLICA,AMDOCS,2026-07-27,2026-08-13,PEN,43.25,7.78,51.03,False,51.03,1,False,0.0,51.03,0.0,True,CONCILIADA_EXACTA,True
S8AA-0008279923,2088901543,CLIENT_00185,624034821,708531067,FACTURACION CICLICA,AMDOCS,2026-07-27,2026-08-13,PEN,88.92,16.01,104.93,False,104.93,1,False,0.0,104.93,0.0,True,CONCILIADA_EXACTA,True
S8AA-0008397827,2053555214,CLIENT_00159,963595521,59748447,FACTURACION CICLICA,AMDOCS,2026-07-27,2026-08-13,PEN,43.25,7.78,51.03,False,51.03,1,False,0.0,51.03,0.0,True,CONCILIADA_EXACTA,True
S8AA-0008335016,2084499858,CLIENT_00232,441453231,918290957,FACTURACION CICLICA,AMDOCS,2026-07-27,2026-08-13,PEN,103.52,18.63,122.15,False,122.15,1,False,0.0,122.15,0.0,True,CONCILIADA_EXACTA,True
S8AA-0008367148,2093258591,CLIENT_00642,555856521,16720547,FACTURACION CICLICA,AMDOCS,2026-07-27,2026-08-13,PEN,52.14,9.39,61.53,False,61.53,1,False,0.0,61.53,0.0,True,CONCILIADA_EXACTA,True
S4AA-0008475840,2009768742,CLIENT_00967,150612921,407429857,FACTURACION CICLICA,AMDOCS,2026-07-09,2026-07-25,PEN,61.99,11.16,73.15,False,73.15,1,False,0.0,73.15,0.0,True,CONCILIADA_EXACTA,True
S4AA-0008485516,2092594405,CLIENT_00877,455746231,783256957,FACTURACION CICLICA,AMDOCS,2026-07-09,2026-07-25,PEN,79.79,14.36,94.15,False,94.15,1,False,0.0,94.15,0.0,True,CONCILIADA_EXACTA,True
S4AA-0008274029,2020274387,CLIENT_00535,786498921,905489157,FACTURACION CICLICA,AMDOCS,2026-07-09,2026-07-25,PEN,17.79,3.21,21.0,False,21.0,1,False,0.0,21.0,0.0,True,CONCILIADA_EXACTA,True
S4AA-0008200112,2074657038,CLIENT_00313,462713531,422243067,FACTURACION CICLICA,AMDOCS,2026-07-09,2026-07-25,PEN,53.33,9.6,62.93,False,62.93,1,False,0.0,62.93,0.0,True,CONCILIADA_EXACTA,True
S4AA-0008391111,2077435033,CLIENT_00650,420833431,241688857,FACTURACION CICLICA,AMDOCS,2026-07-09,2026-07-25,PEN,88.92,16.01,104.93,False,104.93,1,False,0.0,104.93,0.0,True,CONCILIADA_EXACTA,True
S4AA-0008267582,2024608360,CLIENT_00050,588201921,115337057,FACTURACION CICLICA,AMDOCS,2026-07-09,2026-07-25,PEN,31.21,5.61,36.82,False,36.82,1,False,0.0,36.82,0.0,True,CONCILIADA_EXACTA,True
S4AA-0008191655,2054553077,CLIENT_00093,367707321,807053147,FACTURACION CICLICA,AMDOCS,2026-07-09,2026-07-25,PEN,53.92,9.71,63.63,False,63.63,1,False,0.0,63.63,0.0,True,CONCILIADA_EXACTA,True
S4AA-0008483359,2048390773,CLIENT_00150,455224321,452647047,FACTURACION CICLICA,AMDOCS,2026-07-09,2026-07-25,PEN,136.32,24.54,160.86,False,160.86,1,False,0.0,160.86,0.0,True,CONCILIADA_EXACTA,True
S4AA-0008397404,2042324093,CLIENT_00826,625453431,682709857,FACTURACION CICLICA,AMDOCS,2026-07-09,2026-07-25,PEN,103.52,18.63,122.15,False,122.15,1,False,0.0,122.15,0.0,True,CONCILIADA_EXACTA,True
S4AA-0008391110,2077435033,CLIENT_00650,420833431,373588857,FACTURACION CICLICA,AMDOCS,2026-07-09,2026-07-25,PEN,88.92,16.01,104.93,False,104.93,1,False,0.0,104.93,0.0,True,CONCILIADA_EXACTA,True
S4AA-0008344388,2078847538,CLIENT_00072,900003531,833523067,FACTURACION CICLICA,AMDOCS,2026-07-09,2026-07-25,PEN,82.99,14.94,97.93,False,97.93,1,False,0.0,97.93,0.0,True,CONCILIADA_EXACTA,True
S4AA-0008415234,2068423196,CLIENT_00030,237869921,212960257,FACTURACION CICLICA,AMDOCS,2026-07-09,2026-07-25,PEN,41.47,7.46,48.93,False,48.93,1,False,0.0,48.93,0.0,True,CONCILIADA_EXACTA,True
S4AA-0008259269,2056163476,CLIENT_00980,285796721,605420857,FACTURACION CICLICA,AMDOCS,2026-07-09,2026-07-25,PEN,139.11,25.04,164.15,False,164.15,1,False,0.0,164.15,0.0,True,CONCILIADA_EXACTA,True
S4AA-0008304911,2044133904,CLIENT_00571,792185621,712965647,FACTURACION CICLICA,AMDOCS,2026-07-09,2026-07-25,PEN,94.86,17.07,111.93,False,111.93,1,False,0.0,111.93,0.0,True,CONCILIADA_EXACTA,True
S4AA-0008274028,2020274387,CLIENT_00535,786498921,771819157,FACTURACION CICLICA,AMDOCS,2026-07-09,2026-07-25,PEN,34.94,6.29,41.23,False,41.23,1,False,0.0,41.23,0.0,True,CONCILIADA_EXACTA,True
S4AA-0008355058,2064574452,CLIENT_00897,318317521,645640547,FACTURACION CICLICA,AMDOCS,2026-07-09,2026-07-25,PEN,118.47,21.32,139.79,False,139.79,1,False,0.0,139.79,0.0,True,CONCILIADA_EXACTA,True
S4AA-0008326603,2065722978,CLIENT_00478,403044421,164577247,FACTURACION CICLICA,AMDOCS,2026-07-09,2026-07-25,PEN,46.92,8.45,55.37,False,55.37,1,False,0.0,55.37,0.0,True,CONCILIADA_EXACTA,True
S4AA-0008425026,2091901431,CLIENT_00297,537599131,363980557,FACTURACION CICLICA,AMDOCS,2026-07-09,2026-07-25,PEN,32.4,5.82,38.22,False,38.22,1,False,0.0,38.22,0.0,True,CONCILIADA_EXACTA,True
S4AA-0008391109,2077435033,CLIENT_00650,420833431,274188857,FACTURACION CICLICA,AMDOCS,2026-07-09,2026-07-25,PEN,88.92,16.01,104.93,False,104.93,1,False,0.0,104.93,0.0,True,CONCILIADA_EXACTA,True
S4AA-0008428382,2097185694,CLIENT_00386,637797321,836051657,FACTURACION CICLICA,AMDOCS,2026-07-09,2026-07-25,PEN,77.06,13.87,90.93,False,90.93,1,False,0.0,90.93,0.0,True,CONCILIADA_EXACTA,True
S4AA-0008487714,2057932564,CLIENT_00902,558507131,155885457,FACTURACION CICLICA,AMDOCS,2026-07-09,2026-07-25,PEN,53.33,9.6,62.93,False,62.93,1,False,0.0,62.93,0.0,True,CONCILIADA_EXACTA,True
S4AA-0008442727,2069670596,CLIENT_00647,147374421,200108247,FACTURACION CICLICA,AMDOCS,2026-07-09,2026-07-25,PEN,102.26,18.42,120.68,False,120.68,1,False,0.0,120.68,0.0,True,CONCILIADA_EXACTA,True
S4AA-0008298333,2084384500,CLIENT_00932,592217321,344063147,FACTURACION CICLICA,AMDOCS,2026-07-09,2026-07-25,PEN,17.74,3.19,20.93,False,20.93,1,False,0.0,20.93,0.0,True,CONCILIADA_EXACTA,True
S4AA-0008391108,2077435033,CLIENT_00650,420833431,152188857,FACTURACION CICLICA,AMDOCS,2026-07-09,2026-07-25,PEN,88.92,16.01,104.93,False,104.93,1,False,0.0,104.93,0.0,True,CONCILIADA_EXACTA,True
S4AA-0008356881,2029459942,CLIENT_00434,317950531,587859957,FACTURACION CICLICA,AMDOCS,2026-07-09,2026-07-25,PEN,71.13,12.8,83.93,False,83.93,1,False,0.0,83.93,0.0,True,CONCILIADA_EXACTA,True
S4AA-0008258038,2056163476,CLIENT_00980,285796721,710425847,FACTURACION CICLICA,AMDOCS,2026-07-09,2026-07-25,PEN,106.72,19.21,125.93,False,125.93,1,False,0.0,125.93,0.0,True,CONCILIADA_EXACTA,True
S4AA-0008366057,2064277467,CLIENT_00871,614056431,830533957,FACTURACION CICLICA,AMDOCS,2026-07-09,2026-07-25,PEN,12.4,2.23,14.63,False,14.63,1,False,0.0,14.63,0.0,True,CONCILIADA_EXACTA,True
S4AA-0008500449,2094402346,CLIENT_00137,952695231,309610657,FACTURACION CICLICA,AMDOCS,2026-07-09,2026-07-25,PEN,100.79,18.14,118.93,False,118.93,1,False,0.0,118.93,0.0,True,CONCILIADA_EXACTA,True
S4AA-0008440623,2017075761,CLIENT_00777,48725131,863543457,FACTURACION CICLICA,AMDOCS,2026-07-09,2026-07-25,PEN,112.65,20.28,132.93,False,132.93,1,False,0.0,132.93,0.0,True,CONCILIADA_EXACTA,True
S4AA-0008196967,2074657038,CLIENT_00313,362713531,322243067,FACTURACION CICLICA,AMDOCS,2026-07-09,2026-07-25,PEN,85.9,15.46,101.36,False,101.36,1,False,0.0,101.36,0.0,True,CONCILIADA_EXACTA,True
S4AA-0008233694,2039889808,CLIENT_00627,379204421,531906457,FACTURACION CICLICA,AMDOCS,2026-07-09,2026-07-25,PEN,53.33,9.6,62.93,False,62.93,1,False,0.0,62.93,0.0,True,CONCILIADA_EXACTA,True
S4AA-0008393243,2068878174,CLIENT_00009,528629521,44878157,FACTURACION CICLICA,AMDOCS,2026-07-09,2026-07-25,PEN,88.92,16.01,104.93,False,104.93,1,False,0.0,104.93,0.0,True,CONCILIADA_EXACTA,True
S4AA-0008479536,2086451533,CLIENT_00402,258317531,409349067,FACTURACION CICLICA,AMDOCS,2026-07-09,2026-07-25,PEN,65.19,11.74,76.93,False,76.93,1,False,0.0,76.93,0.0,True,CONCILIADA_EXACTA,True
S4AA-0008356893,2029459942,CLIENT_00434,317950531,767269957,FACTURACION CICLICA,AMDOCS,2026-07-09,2026-07-25,PEN,77.06,13.87,90.93,False,90.93,1,False,0.0,90.93,0.0,True,CONCILIADA_EXACTA,True
S2AA-0000216181,2083104989,CLIENT_00586,190804531,883884067,FACTURACION CICLICA,AMDOCS,2026-07-12,2026-07-24,PEN,106.84,19.23,126.07,False,126.07,1,False,0.0,126.07,0.0,True,CONCILIADA_EXACTA,True
S5AA-0082152158,2011722087,CLIENT_00088,27841006,947620506,FACTURACION CICLICA,AMDOCS,2026-07-18,2026-08-05,PEN,7.53,1.36,8.89,False,8.89,1,False,0.0,8.89,0.0,True,CONCILIADA_EXACTA,True
S5AA-0081919229,2011337701,CLIENT_00816,938353231,32636557,FACTURACION CICLICA,AMDOCS,2026-07-18,2026-08-05,PEN,53.33,9.6,62.93,False,62.93,1,False,0.0,62.93,0.0,True,CONCILIADA_EXACTA,True
S5AA-0081994117,2069121500,CLIENT_00717,5968995,550389406,FACTURACION CICLICA,AMDOCS,2026-07-18,2026-08-05,PEN,124.22,22.36,146.58,False,146.58,1,False,0.0,146.58,0.0,True,CONCILIADA_EXACTA,True
S5AA-0082140593,2057100089,CLIENT_00499,7661185,996162347,FACTURACION CICLICA,AMDOCS,2026-07-18,2026-08-05,PEN,88.92,16.01,104.93,False,104.93,1,False,0.0,104.93,0.0,True,CONCILIADA_EXACTA,True
S5AA-0081709538,2022904680,CLIENT_00494,1762006,709596837,FACTURACION CICLICA,AMDOCS,2026-07-18,2026-08-05,PEN,139.11,25.04,164.15,False,164.15,1,False,0.0,164.15,0.0,True,CONCILIADA_EXACTA,True
S5AA-0081661243,2019351028,CLIENT_00937,30414006,230445957,FACTURACION CICLICA,AMDOCS,2026-07-18,2026-08-05,PEN,165.56,29.81,195.37,False,195.37,1,False,0.0,195.37,0.0,True,CONCILIADA_EXACTA,True
S5AA-0081955563,2049666577,CLIENT_00077,64519885,230808857,FACTURACION CICLICA,AMDOCS,2026-07-18,2026-08-05,PEN,53.33,9.6,62.93,False,62.93,1,False,0.0,62.93,0.0,True,CONCILIADA_EXACTA,True
S5AA-0082326913,2003540698,CLIENT_00412,69231985,26181637,FACTURACION CICLICA,AMDOCS,2026-07-18,2026-08-05,PEN,61.04,10.99,72.03,False,72.03,1,False,0.0,72.03,0.0,True,CONCILIADA_EXACTA,True
S5AA-0081742769,2004403801,CLIENT_00180,51668695,822986406,FACTURACION CICLICA,AMDOCS,2026-07-18,2026-08-05,PEN,190.13,34.22,224.35,False,224.35,1,False,0.0,224.35,0.0,True,CONCILIADA_EXACTA,True
S5AA-0081685463,2098720538,CLIENT_00619,70805406,916244506,FACTURACION CICLICA,AMDOCS,2026-07-18,2026-08-05,PEN,80.2,14.44,94.64,False,94.64,1,False,0.0,94.64,0.0,True,CONCILIADA_EXACTA,True
S5AA-0082140138,2057100089,CLIENT_00499,7661185,233405737,FACTURACION CICLICA,AMDOCS,2026-07-18,2026-08-05,PEN,109.69,19.74,129.43,False,129.43,1,False,0.0,129.43,0.0,True,CONCILIADA_EXACTA,True
S5AA-0082209498,2011722087,CLIENT_00088,8841006,147620506,FACTURACION CICLICA,AMDOCS,2026-07-18,2026-08-05,PEN,27.83,5.01,32.83,False,32.83,1,False,0.0,32.83,0.0,True,CONCILIADA_EXACTA,True
S5AA-0082274235,2054854170,CLIENT_00245,98619106,681491506,FACTURACION CICLICA,AMDOCS,2026-07-18,2026-08-05,PEN,39.15,7.05,46.2,False,46.2,1,False,0.0,46.2,0.0,True,CONCILIADA_EXACTA,True
S5AA-0081747452,2023740275,CLIENT_00569,514240531,266739957,FACTURACION CICLICA,AMDOCS,2026-07-18,2026-08-05,PEN,77.06,13.87,90.93,False,90.93,1,False,0.0,90.93,0.0,True,CONCILIADA_EXACTA,True
S5AA-0082185332,2085588833,CLIENT_00578,67596985,512168857,FACTURACION CICLICA,AMDOCS,2026-07-18,2026-08-05,PEN,100.79,18.14,118.93,False,118.93,1,False,0.0,118.93,0.0,True,CONCILIADA_EXACTA,True
S5AA-0081771675,2037039972,CLIENT_00968,81193606,504736506,FACTURACION CICLICA,AMDOCS,2026-07-18,2026-08-05,PEN,95.98,17.28,113.26,False,113.26,1,False,0.0,113.26,0.0,True,CONCILIADA_EXACTA,True
S5AA-0081709631,2022904680,CLIENT_00494,1762006,960103047,FACTURACION CICLICA,AMDOCS,2026-07-18,2026-08-05,PEN,130.21,23.44,153.65,False,153.65,1,False,0.0,153.65,0.0,True,CONCILIADA_EXACTA,True
S5AA-0081797176,2002271273,CLIENT_00273,226188921,562791557,FACTURACION CICLICA,AMDOCS,2026-07-18,2026-08-05,PEN,85.9,15.46,101.36,False,101.36,1,False,0.0,101.36,0.0,True,CONCILIADA_EXACTA,True
S5AA-0081747453,2023740275,CLIENT_00569,514240531,757049957,FACTURACION CICLICA,AMDOCS,2026-07-18,2026-08-05,PEN,77.06,13.87,90.93,False,90.93,1,False,0.0,90.93,0.0,True,CONCILIADA_EXACTA,True
S5AA-0082144317,2037867912,CLIENT_00938,17536685,598376306,FACTURACION CICLICA,AMDOCS,2026-07-18,2026-08-05,PEN,52.44,9.44,61.88,False,61.88,1,False,0.0,61.88,0.0,True,CONCILIADA_EXACTA,True
S5AA-0082032511,2044062182,CLIENT_00560,55692195,27899537,FACTURACION CICLICA,AMDOCS,2026-07-18,2026-08-05,PEN,20.11,3.62,23.73,False,23.73,1,False,0.0,23.73,0.0,True,CONCILIADA_EXACTA,True
S5AA-0082137559,2076142431,CLIENT_00318,7046995,926079406,FACTURACION CICLICA,AMDOCS,2026-07-18,2026-08-05,PEN,59.21,10.65,69.86,False,69.86,1,False,0.0,69.86,0.0,True,CONCILIADA_EXACTA,True
S5AA-0082288379,2062876920,CLIENT_00061,19662695,652136406,FACTURACION CICLICA,AMDOCS,2026-07-18,2026-08-05,PEN,167.69,30.2,197.89,False,197.89,1,False,0.0,197.89,0.0,True,CONCILIADA_EXACTA,True
S5AA-0081845434,2002042551,CLIENT_00727,920370711,389442827,FACTURACION CICLICA,AMDOCS,2026-07-18,2026-08-05,PEN,31.38,5.65,37.03,False,37.03,1,False,0.0,37.03,0.0,True,CONCILIADA_EXACTA,True
S5AA-0081747454,2023740275,CLIENT_00569,514240531,215849957,FACTURACION CICLICA,AMDOCS,2026-07-18,2026-08-05,PEN,77.06,13.87,90.93,False,90.93,1,False,0.0,90.93,0.0,True,CONCILIADA_EXACTA,True
S5AA-0082104186,2006121666,CLIENT_00662,567037021,867895437,FACTURACION CICLICA,AMDOCS,2026-07-18,2026-08-05,PEN,345.79,62.24,408.03,False,408.03,1,False,0.0,408.03,0.0,True,CONCILIADA_EXACTA,True
S5AA-0081846304,2048465395,CLIENT_00206,925858421,878165347,FACTURACION CICLICA,AMDOCS,2026-07-18,2026-08-05,PEN,89.22,16.07,105.28,False,105.28,1,False,0.0,105.28,0.0,True,CONCILIADA_EXACTA,True
S5AA-0081850746,2065635379,CLIENT_00149,3536406,55284506,FACTURACION CICLICA,AMDOCS,2026-07-18,2026-08-05,PEN,167.71,30.18,197.89,False,197.89,1,False,0.0,197.89,0.0,True,CONCILIADA_EXACTA,True
S5AA-0082051697,2098720538,CLIENT_00619,85115406,726244506,FACTURACION CICLICA,AMDOCS,2026-07-18,2026-08-05,PEN,58.67,10.56,69.23,False,69.23,1,False,0.0,69.23,0.0,True,CONCILIADA_EXACTA,True
S5AA-0082120681,2029619768,CLIENT_00671,76871695,674491857,FACTURACION CICLICA,AMDOCS,2026-07-18,2026-08-05,PEN,21.29,3.84,25.13,False,25.13,1,False,0.0,25.13,0.0,True,CONCILIADA_EXACTA,True
S5AA-0082280318,2069655698,CLIENT_00548,9574085,139540306,FACTURACION CICLICA,AMDOCS,2026-07-18,2026-08-05,PEN,103.75,18.68,122.43,False,122.43,1,False,0.0,122.43,0.0,True,CONCILIADA_EXACTA,True
S5AA-0081756813,2014718111,CLIENT_00016,71975885,543768306,FACTURACION CICLICA,AMDOCS,2026-07-18,2026-08-05,PEN,74.69,13.44,88.13,False,88.13,1,False,0.0,88.13,0.0,True,CONCILIADA_EXACTA,True
S5AA-0082270619,2079641879,CLIENT_00082,88171716,345052057,FACTURACION CICLICA,AMDOCS,2026-07-18,2026-08-05,PEN,71.13,12.8,83.93,False,83.93,1,False,0.0,83.93,0.0,True,CONCILIADA_EXACTA,True
S5AA-0082125384,2065971015,CLIENT_00157,862543011,165703427,FACTURACION CICLICA,AMDOCS,2026-07-18,2026-08-05,PEN,49.18,8.86,58.03,False,58.03,1,False,0.0,58.03,0.0,True,CONCILIADA_EXACTA,True
S5AA-0081811671,2030739572,CLIENT_00552,429218231,161173657,FACTURACION CICLICA,AMDOCS,2026-07-18,2026-08-05,PEN,20.04,3.62,23.66,False,23.66,1,False,0.0,23.66,0.0,True,CONCILIADA_EXACTA,True
S5AA-0081675440,2091648036,CLIENT_00736,507047111,167051857,FACTURACION CICLICA,AMDOCS,2026-07-18,2026-08-05,PEN,135.89,21.33,157.22,False,157.22,2,False,0.0,157.22,0.0,True,CONCILIADA_EXACTA,True
S5AA-0081946418,2047695932,CLIENT_00358,34361416,154989637,FACTURACION CICLICA,AMDOCS,2026-07-18,2026-08-05,PEN,47.4,8.53,55.93,False,55.93,1,False,0.0,55.93,0.0,True,CONCILIADA_EXACTA,True
S5AA-0082273292,2038909371,CLIENT_00713,98360385,977703306,FACTURACION CICLICA,AMDOCS,2026-07-18,2026-08-05,PEN,77.95,14.04,91.98,False,91.98,1,False,0.0,91.98,0.0,True,CONCILIADA_EXACTA,True
S5AA-0081857324,2073554752,CLIENT_00325,13671295,591722406,FACTURACION CICLICA,AMDOCS,2026-07-18,2026-08-05,PEN,50.96,9.17,60.13,False,60.13,1,False,0.0,60.13,0.0,True,CONCILIADA_EXACTA,True
S5AA-0081932984,2052784539,CLIENT_00712,14866506,155649847,FACTURACION CICLICA,AMDOCS,2026-07-18,2026-08-05,PEN,65.2,11.73,76.93,False,76.93,1,False,0.0,76.93,0.0,True,CONCILIADA_EXACTA,True
S5AA-0081771593,2025199500,CLIENT_00474,81624306,258533506,FACTURACION CICLICA,AMDOCS,2026-07-18,2026-08-05,PEN,119.77,21.56,141.33,False,141.33,1,False,0.0,141.33,0.0,True,CONCILIADA_EXACTA,True
S5AA-0082113258,2085903598,CLIENT_00188,665256511,453496657,FACTURACION CICLICA,AMDOCS,2026-07-18,2026-08-05,PEN,47.57,8.58,56.14,False,56.14,1,False,0.0,56.14,0.0,True,CONCILIADA_EXACTA,True
S5AA-0082270609,2079641879,CLIENT_00082,88171716,796961057,FACTURACION CICLICA,AMDOCS,2026-07-18,2026-08-05,PEN,71.13,12.8,83.93,False,83.93,1,False,0.0,83.93,0.0,True,CONCILIADA_EXACTA,True
S5AA-0081879000,2071377105,CLIENT_00477,43312495,202034406,FACTURACION CICLICA,AMDOCS,2026-07-18,2026-08-05,PEN,146.52,26.38,172.9,False,172.9,1,False,0.0,172.9,0.0,True,CONCILIADA_EXACTA,True
S5AA-0082037080,2083697675,CLIENT_00702,65940495,6614406,FACTURACION CICLICA,AMDOCS,2026-07-18,2026-08-05,PEN,53.69,9.66,63.35,False,63.35,1,False,0.0,63.35,0.0,True,CONCILIADA_EXACTA,True
S5AA-0081832224,2048747968,CLIENT_00130,72759006,89316647,FACTURACION CICLICA,AMDOCS,2026-07-18,2026-08-05,PEN,112.53,20.26,132.79,False,132.79,1,False,0.0,132.79,0.0,True,CONCILIADA_EXACTA,True
S5AA-0081806396,2042836144,CLIENT_00920,42960185,336501306,FACTURACION CICLICA,AMDOCS,2026-07-18,2026-08-05,PEN,164.79,29.67,194.46,False,194.46,1,False,0.0,194.46,0.0,True,CONCILIADA_EXACTA,True
S5AA-0082194744,2064043539,CLIENT_00599,87516095,203070406,FACTURACION CICLICA,AMDOCS,2026-07-18,2026-08-05,PEN,174.35,31.38,205.73,False,205.73,1,False,0.0,205.73,0.0,True,CONCILIADA_EXACTA,True
S5AA-0081911493,2063960356,CLIENT_00283,83687795,897468947,FACTURACION CICLICA,AMDOCS,2026-07-18,2026-08-05,PEN,115.56,20.8,136.36,False,136.36,1,False,0.0,136.36,0.0,True,CONCILIADA_EXACTA,True
S5AA-0081696519,2014214756,CLIENT_00653,90142306,590243457,FACTURACION CICLICA,AMDOCS,2026-07-18,2026-08-05,PEN,100.79,18.14,118.93,False,118.93,1,False,0.0,118.93,0.0,True,CONCILIADA_EXACTA,True
S5AA-0081971942,2039137544,CLIENT_00939,74464985,515459306,FACTURACION CICLICA,AMDOCS,2026-07-18,2026-08-05,PEN,50.66,9.12,59.78,False,59.78,1,False,0.0,59.78,0.0,True,CONCILIADA_EXACTA,True
S5AA-0081745437,2006121666,CLIENT_00662,51834206,732033837,FACTURACION CICLICA,AMDOCS,2026-07-18,2026-08-05,PEN,56.29,10.14,66.43,False,66.43,1,False,0.0,66.43,0.0,True,CONCILIADA_EXACTA,True
S5AA-0081649532,2021250702,CLIENT_00176,20807106,776481506,FACTURACION CICLICA,AMDOCS,2026-07-18,2026-08-05,PEN,64.01,11.52,75.53,False,75.53,1,False,0.0,75.53,0.0,True,CONCILIADA_EXACTA,True
S5AA-0081709608,2028234821,CLIENT_00026,12620321,10758937,FACTURACION CICLICA,AMDOCS,2026-07-18,2026-08-05,PEN,72.6,13.08,85.68,False,85.68,1,False,0.0,85.68,0.0,True,CONCILIADA_EXACTA,True
S5AA-0082106437,2050348529,CLIENT_00770,567857431,569905957,FACTURACION CICLICA,AMDOCS,2026-07-18,2026-08-05,PEN,118.46,21.33,139.79,False,139.79,1,False,0.0,139.79,0.0,True,CONCILIADA_EXACTA,True
S5AA-0081962977,2097519862,CLIENT_00745,44242206,963991067,FACTURACION CICLICA,AMDOCS,2026-07-18,2026-08-05,PEN,2.66,0.49,3.15,False,3.15,1,False,0.0,3.15,0.0,True,CONCILIADA_EXACTA,True
S5AA-0082065545,2030716976,CLIENT_00848,6261095,650720406,FACTURACION CICLICA,AMDOCS,2026-07-18,2026-08-05,PEN,56.29,10.14,66.43,False,66.43,1,False,0.0,66.43,0.0,True,CONCILIADA_EXACTA,True
S5AA-0081787446,2010441811,CLIENT_00839,122471211,461935027,FACTURACION CICLICA,AMDOCS,2026-07-18,2026-08-05,PEN,53.92,9.71,63.63,False,63.63,1,False,0.0,63.63,0.0,True,CONCILIADA_EXACTA,True
S5AA-0081829052,2098720538,CLIENT_00619,72894406,536244506,FACTURACION CICLICA,AMDOCS,2026-07-18,2026-08-05,PEN,16.62,2.98,19.6,False,19.6,1,False,0.0,19.6,0.0,True,CONCILIADA_EXACTA,True
S5AA-0082116113,2029619768,CLIENT_00671,76871695,1126406,FACTURACION CICLICA,AMDOCS,2026-07-18,2026-08-05,PEN,71.13,12.8,83.93,False,83.93,1,False,0.0,83.93,0.0,True,CONCILIADA_EXACTA,True
S5AA-0081709540,2022904680,CLIENT_00494,1762006,68427837,FACTURACION CICLICA,AMDOCS,2026-07-18,2026-08-05,PEN,139.11,25.04,164.15,False,164.15,1,False,0.0,164.15,0.0,True,CONCILIADA_EXACTA,True
S5AA-0082195205,2039216584,CLIENT_00936,87475006,795560506,FACTURACION CICLICA,AMDOCS,2026-07-18,2026-08-05,PEN,364.24,65.56,429.8,False,429.8,1,False,0.0,429.8,0.0,True,CONCILIADA_EXACTA,True
S5AA-0081937800,2028234821,CLIENT_00026,245225901,553500617,FACTURACION CICLICA,AMDOCS,2026-07-18,2026-08-05,PEN,561.94,79.12,641.06,False,641.0600000000001,2,False,0.0,641.06,1.1368683772161603e-13,True,CONCILIADA_EXACTA,True
S5AA-0081750405,2082202511,CLIENT_00338,61032716,467886606,FACTURACION CICLICA,AMDOCS,2026-07-18,2026-08-05,PEN,100.79,18.14,118.93,False,118.93,1,False,0.0,118.93,0.0,True,CONCILIADA_EXACTA,True
S5AA-0081906811,2019455714,CLIENT_00324,83418085,180180306,FACTURACION CICLICA,AMDOCS,2026-07-18,2026-08-05,PEN,108.8,19.58,128.38,False,128.38,1,False,0.0,128.38,0.0,True,CONCILIADA_EXACTA,True
S7AA-0069533150,2083487599,CLIENT_00850,87302575,836762623,FACTURACION CICLICA,AMDOCS,2026-07-23,2026-08-09,PEN,39.69,7.14,46.83,False,46.83,1,False,0.0,46.83,0.0,True,CONCILIADA_EXACTA,True
S7AA-0069563572,2008733174,CLIENT_00190,189280821,614471947,FACTURACION CICLICA,AMDOCS,2026-07-23,2026-08-09,PEN,442.19,79.59,521.78,False,521.78,1,False,0.0,521.78,0.0,True,CONCILIADA_EXACTA,True
S7AA-0069358274,2021252272,CLIENT_00845,754602811,539811167,FACTURACION CICLICA,AMDOCS,2026-07-23,2026-08-09,PEN,17.43,0.0,17.43,False,17.439999999999998,2,False,0.0,17.43,0.00999999999999801,True,CONCILIADA_EXACTA,True
S7AA-0068974547,2055526321,CLIENT_00661,319461331,702459657,FACTURACION CICLICA,AMDOCS,2026-07-23,2026-08-09,PEN,30.18,5.45,35.63,False,35.63,1,False,0.0,35.63,0.0,True,CONCILIADA_EXACTA,True
S7AA-0069125176,2008212698,CLIENT_00588,13862575,299513263,FACTURACION CICLICA,AMDOCS,2026-07-23,2026-08-09,PEN,28.71,5.17,33.88,False,33.88,1,False,0.0,33.88,0.0,True,CONCILIADA_EXACTA,True
S7AA-0069207760,2058571451,CLIENT_00813,47308221,730302257,FACTURACION CICLICA,AMDOCS,2026-07-23,2026-08-09,PEN,37.31,6.72,44.03,False,44.03,1,False,0.0,44.03,0.0,True,CONCILIADA_EXACTA,True
S7AA-0069180508,2094577730,CLIENT_00415,735052901,336779447,FACTURACION CICLICA,AMDOCS,2026-07-23,2026-08-09,PEN,22.85,4.1,26.95,False,26.95,1,False,0.0,26.95,0.0,True,CONCILIADA_EXACTA,True
S7AA-0069127604,2025969955,CLIENT_00430,138477221,459982937,FACTURACION CICLICA,AMDOCS,2026-07-23,2026-08-09,PEN,86.49,15.57,102.06,False,102.06,1,False,0.0,102.06,0.0,True,CONCILIADA_EXACTA,True
S7AA-0069537461,2090130796,CLIENT_00833,871323321,472868847,FACTURACION CICLICA,AMDOCS,2026-07-23,2026-08-09,PEN,38.26,6.89,45.15,False,45.15,1,False,0.0,45.15,0.0,True,CONCILIADA_EXACTA,True
S7AA-0068935120,2084279674,CLIENT_00091,904772311,252552227,FACTURACION CICLICA,AMDOCS,2026-07-23,2026-08-09,PEN,147.53,26.56,174.09,False,174.09,1,False,0.0,174.09,0.0,True,CONCILIADA_EXACTA,True
S7AA-0068953160,2083087437,CLIENT_00371,118091211,812820337,FACTURACION CICLICA,AMDOCS,2026-07-23,2026-08-09,PEN,21.89,3.94,25.83,False,25.83,1,False,0.0,25.83,0.0,True,CONCILIADA_EXACTA,True
S7AA-0069185414,2025199500,CLIENT_00474,83042575,629980903,FACTURACION CICLICA,AMDOCS,2026-07-23,2026-08-09,PEN,49.18,8.86,58.03,False,58.03,1,False,0.0,58.03,0.0,True,CONCILIADA_EXACTA,True
S7AA-0069422507,2050636428,CLIENT_00398,56835575,851836537,FACTURACION CICLICA,AMDOCS,2026-07-23,2026-08-09,PEN,20.71,3.72,24.43,False,24.43,1,False,0.0,24.43,0.0,True,CONCILIADA_EXACTA,True
FFBG-00153906,2006121666,CLIENT_00662,73792,43581200,FACTURACION ACICLICA,ISIS,2026-05-05,2026-05-25,PEN,155.46,27.98,183.44,True,183.44,1,True,0.0,183.44,0.0,True,CONCILIADA_CON_NORMALIZACION,True
S300-0256044,2050348529,CLIENT_00770,572202,12589100,FACTURACION CICLICA,ISIS,2026-07-15,2026-08-11,PEN,931.83,167.73,1099.56,True,1099.56,1,True,0.0,1099.56,0.0,True,CONCILIADA_CON_NORMALIZACION,True
S300-0254879,2015428590,CLIENT_00696,637943,51439200,FACTURACION CICLICA,ISIS,2026-06-15,2026-07-11,PEN,213.56,38.44,252.0,True,252.0,1,True,0.0,252.0,0.0,True,CONCILIADA_CON_NORMALIZACION,True
S300-0253147,2028712026,CLIENT_00204,511200,35535000,FACTURACION CICLICA,ISIS,2026-06-15,2026-07-11,PEN,700.0,126.0,826.0,True,826.0,1,True,0.0,826.0,0.0,True,CONCILIADA_CON_NORMALIZACION,True
S300-0248251,2028712026,CLIENT_00204,511200,35535000,FACTURACION CICLICA,ISIS,2026-04-15,2026-05-11,PEN,700.0,126.0,826.0,True,826.0,1,True,0.0,826.0,0.0,True,CONCILIADA_CON_NORMALIZACION,True
S300-0256558,2010441811,CLIENT_00839,587692,54571200,FACTURACION CICLICA,ISIS,2026-07-15,2026-08-11,PEN,419.3,75.47,494.76,True,494.76,1,True,0.0,494.76,0.0,True,CONCILIADA_CON_NORMALIZACION,True
S300-0253777,2099767426,CLIENT_00108,643380,28841200,FACTURACION CICLICA,ISIS,2026-06-15,2026-07-11,PEN,629.19,113.25,742.42,True,742.42,1,True,0.0,742.42,0.0,True,CONCILIADA_CON_NORMALIZACION,True
S300-0254493,2096447129,CLIENT_00321,787092,66370200,FACTURACION CICLICA,ISIS,2026-06-15,2026-07-11,PEN,1071.01,192.78,1263.78,True,1263.78,1,True,0.0,1263.78,0.0,True,CONCILIADA_CON_NORMALIZACION,True
S300-0250762,2081042486,CLIENT_00385,159200,74268100,FACTURACION CICLICA,ISIS,2026-05-15,2026-06-11,PEN,861.0,154.98,1015.98,True,1015.98,1,True,0.0,1015.98,0.0,True,CONCILIADA_CON_NORMALIZACION,True
FFBG-00149641,2006917349,CLIENT_00708,365991,4193100,FACTURACION ACICLICA,ISIS,2026-01-15,2026-02-04,PEN,138.92,25.0,163.92,True,163.92,1,True,0.0,163.92,0.0,True,CONCILIADA_CON_NORMALIZACION,True
S300-0254343,2029902035,CLIENT_00756,10382,33988100,FACTURACION CICLICA,ISIS,2026-06-15,2026-07-11,PEN,672.67,121.08,793.8,True,793.8,1,True,0.0,793.8,0.0,True,CONCILIADA_CON_NORMALIZACION,True
S300-0253195,2081042486,CLIENT_00385,159200,74268100,FACTURACION CICLICA,ISIS,2026-06-15,2026-07-11,PEN,861.0,154.98,1015.98,True,1015.98,1,True,0.0,1015.98,0.0,True,CONCILIADA_CON_NORMALIZACION,True
S300-0256455,2063773311,CLIENT_00701,64292,64201200,FACTURACION CICLICA,ISIS,2026-07-15,2026-08-11,PEN,770.6,138.71,909.3,True,909.3,1,True,0.0,909.3,0.0,True,CONCILIADA_CON_NORMALIZACION,True
S300-0255693,2050878096,CLIENT_00515,894070,72188100,FACTURACION CICLICA,ISIS,2026-07-15,2026-08-11,PEN,231.35,41.64,273.0,True,273.0,1,True,0.0,273.0,0.0,True,CONCILIADA_CON_NORMALIZACION,True
S300-0254536,2063773311,CLIENT_00701,64292,64201200,FACTURACION CICLICA,ISIS,2026-06-15,2026-07-11,PEN,770.6,138.71,909.3,True,909.3,1,True,0.0,909.3,0.0,True,CONCILIADA_CON_NORMALIZACION,True
S300-0254118,2050348529,CLIENT_00770,572202,12589100,FACTURACION CICLICA,ISIS,2026-06-15,2026-07-11,PEN,931.84,167.73,1099.56,True,1099.56,1,True,0.0,1099.56,0.0,True,CONCILIADA_CON_NORMALIZACION,True
S300-0251447,2099767426,CLIENT_00108,643380,28841200,FACTURACION CICLICA,ISIS,2026-05-15,2026-06-11,PEN,629.19,113.25,742.49,True,742.49,1,True,0.0,742.49,0.0,True,CONCILIADA_CON_NORMALIZACION,True
S300-0251079,2048171681,CLIENT_00795,184910,10058100,FACTURACION CICLICA,ISIS,2026-05-15,2026-06-11,PEN,374.33,67.38,441.7,True,441.7,1,True,0.0,441.7,0.0,True,CONCILIADA_CON_NORMALIZACION,True
S300-0251852,2050348529,CLIENT_00770,572202,12589100,FACTURACION CICLICA,ISIS,2026-05-15,2026-06-11,PEN,931.85,167.73,1099.63,True,1099.63,1,True,0.0,1099.63,0.0,True,CONCILIADA_CON_NORMALIZACION,True
S300-0256413,2096447129,CLIENT_00321,787092,66370200,FACTURACION CICLICA,ISIS,2026-07-15,2026-08-11,PEN,1071.01,192.78,1263.85,True,1263.85,1,True,0.0,1263.85,0.0,True,CONCILIADA_CON_NORMALIZACION,True
S300-0255043,2039216584,CLIENT_00936,568000,31686100,FACTURACION CICLICA,ISIS,2026-07-15,2026-08-11,PEN,1015.01,182.7,1197.7,True,1197.7,1,True,0.0,1197.7,0.0,True,CONCILIADA_CON_NORMALIZACION,True
S300-0252132,2029902035,CLIENT_00756,10382,33988100,FACTURACION CICLICA,ISIS,2026-05-15,2026-06-11,PEN,3783.54,681.04,4464.53,True,4464.53,1,True,0.0,4464.53,0.0,True,CONCILIADA_CON_NORMALIZACION,True
S300-0251809,2068624950,CLIENT_00710,92002,43698100,FACTURACION CICLICA,ISIS,2026-05-15,2026-06-11,PEN,1400.0,252.0,1652.0,True,1652.0,1,True,0.0,1652.0,0.0,True,CONCILIADA_CON_NORMALIZACION,True
S300-0252131,2029902035,CLIENT_00756,10382,33988100,FACTURACION CICLICA,ISIS,2026-05-15,2026-06-11,PEN,672.67,121.08,793.8,True,793.8,1,True,0.0,793.8,0.0,True,CONCILIADA_CON_NORMALIZACION,True
S300-0251486,2074406544,CLIENT_00417,667421,41171200,FACTURACION CICLICA,ISIS,2026-05-15,2026-06-11,PEN,432.45,77.84,510.3,True,510.3,1,True,0.0,510.3,0.0,True,CONCILIADA_CON_NORMALIZACION,True
S300-0253089,2039216584,CLIENT_00936,568000,31686100,FACTURACION CICLICA,ISIS,2026-06-15,2026-07-11,PEN,1015.01,182.7,1197.7,True,1197.7,1,True,0.0,1197.7,0.0,True,CONCILIADA_CON_NORMALIZACION,True
S300-0254642,2010441811,CLIENT_00839,587692,54571200,FACTURACION CICLICA,ISIS,2026-06-15,2026-07-11,PEN,419.3,75.47,494.76,True,494.76,1,True,0.0,494.76,0.0,True,CONCILIADA_CON_NORMALIZACION,True
FFBG-00149740,2006121666,CLIENT_00662,73792,43581200,FACTURACION ACICLICA,ISIS,2026-01-16,2026-02-05,PEN,194.2,34.96,229.16,True,229.16,1,True,0.0,229.16,0.0,True,CONCILIADA_CON_NORMALIZACION,True
FFBG-00149742,2006917349,CLIENT_00708,365991,4193100,FACTURACION ACICLICA,ISIS,2026-01-16,2026-02-05,PEN,323.4,58.21,381.61,True,381.61,1,True,0.0,381.61,0.0,True,CONCILIADA_CON_NORMALIZACION,True
S300-0254084,2068624950,CLIENT_00710,92002,43698100,FACTURACION CICLICA,ISIS,2026-06-15,2026-07-11,PEN,1400.0,252.0,1652.0,True,1652.0,1,True,0.0,1652.0,0.0,True,CONCILIADA_CON_NORMALIZACION,True
S300-0253827,2088424166,CLIENT_00134,480131,9052200,FACTURACION CICLICA,ISIS,2026-06-15,2026-07-11,PEN,546.0,98.28,644.28,True,644.28,1,True,0.0,644.28,0.0,True,CONCILIADA_CON_NORMALIZACION,True
S300-0251502,2088424166,CLIENT_00134,480131,9052200,FACTURACION CICLICA,ISIS,2026-05-15,2026-06-11,PEN,546.0,98.28,644.28,True,644.28,1,True,0.0,644.28,0.0,True,CONCILIADA_CON_NORMALIZACION,True
S300-0253761,2050878096,CLIENT_00515,894070,72188100,FACTURACION CICLICA,ISIS,2026-06-15,2026-07-11,PEN,231.35,41.64,273.0,True,273.0,1,True,0.0,273.0,0.0,True,CONCILIADA_CON_NORMALIZACION,True
S300-0253483,2048171681,CLIENT_00795,184910,23101200,FACTURACION CICLICA,ISIS,2026-06-15,2026-07-11,PEN,6.31,1.13,7.42,True,7.42,1,True,0.0,7.42,0.0,True,CONCILIADA_CON_NORMALIZACION,True
S300-0254344,2029902035,CLIENT_00756,10382,33988100,FACTURACION CICLICA,ISIS,2026-06-15,2026-07-11,PEN,3035.94,546.47,3582.39,True,3582.39,1,True,0.0,3582.39,0.0,True,CONCILIADA_CON_NORMALIZACION,True
S300-0253482,2048171681,CLIENT_00795,184910,10058100,FACTURACION CICLICA,ISIS,2026-06-15,2026-07-11,PEN,49.91,8.98,58.87,True,58.87,1,True,0.0,58.87,0.0,True,CONCILIADA_CON_NORMALIZACION,True
S300-0256790,2015428590,CLIENT_00696,637943,51439200,FACTURACION CICLICA,ISIS,2026-07-15,2026-08-11,PEN,213.56,38.44,252.0,True,252.0,1,True,0.0,252.0,0.0,True,CONCILIADA_CON_NORMALIZACION,True
S300-0250712,2028712026,CLIENT_00204,511200,35535000,FACTURACION CICLICA,ISIS,2026-05-15,2026-06-11,PEN,700.0,126.0,826.0,True,826.0,1,True,0.0,826.0,0.0,True,CONCILIADA_CON_NORMALIZACION,True
S300-0251080,2048171681,CLIENT_00795,184910,23101200,FACTURACION CICLICA,ISIS,2026-05-15,2026-06-11,PEN,1349.33,242.88,1592.22,True,1592.22,1,True,0.0,1592.22,0.0,True,CONCILIADA_CON_NORMALIZACION,True
FHTP-00033372,2001476166,CLIENT_00915,271943,30729200,FACTURACION ACICLICA,ISIS,2026-05-12,2026-06-01,PEN,47218.64,8499.36,55718.0,True,55718.0,2,True,0.0,55718.0,0.0,True,CONCILIADA_CON_NORMALIZACION,True
FFBG-00153837,2045742723,CLIENT_00001,777232,62197100,FACTURACION ACICLICA,ISIS,2026-05-05,2026-05-25,PEN,588.9,106.0,694.9,True,694.9,2,True,0.0,694.9,0.0,True,CONCILIADA_CON_NORMALIZACION,True
FFBG-00155279,2078847538,CLIENT_00072,697710,72065000,FACTURACION ACICLICA,ISIS,2026-06-10,2026-06-30,PEN,138.76,24.98,163.74,True,163.74,1,True,0.0,163.74,0.0,True,CONCILIADA_CON_NORMALIZACION,True
S300-0248301,2081042486,CLIENT_00385,159200,74268100,FACTURACION CICLICA,ISIS,2026-04-15,2026-05-11,PEN,861.0,154.98,1015.98,True,1015.98,1,True,0.0,1015.98,0.0,True,CONCILIADA_CON_NORMALIZACION,True
S300-0253813,2074406544,CLIENT_00417,667421,41171200,FACTURACION CICLICA,ISIS,2026-06-15,2026-07-11,PEN,432.45,77.84,510.3,True,510.3,1,True,0.0,510.3,0.0,True,CONCILIADA_CON_NORMALIZACION,True
S9AA-0036317590,2028857166,CLIENT_00631,93250706,140886506,FACTURACION CICLICA,AMDOCS,2023-05-01,2023-05-22,PEN,65.2,11.73,76.93,False,76.93,1,False,0.0,76.93,0.0,True,CONCILIADA_EXACTA,True
S9AA-0037217661,2028857166,CLIENT_00631,71720706,330886506,FACTURACION CICLICA,AMDOCS,2023-05-01,2023-05-22,PEN,45.15,8.12,53.27,False,53.27,1,False,0.0,53.27,0.0,True,CONCILIADA_EXACTA,True
S4AA-0004808192,2068263724,CLIENT_00962,951540421,442485357,FACTURACION CICLICA,AMDOCS,2025-08-09,2025-08-25,PEN,10.5,0.0,10.5,False,10.5,2,False,0.0,10.5,0.0,True,CONCILIADA_EXACTA,True
S4AA-0005262707,2068263724,CLIENT_00962,951540421,442485357,FACTURACION CICLICA,AMDOCS,2025-09-09,2025-09-25,PEN,10.5,0.0,10.5,False,10.5,2,False,0.0,10.5,0.0,True,CONCILIADA_EXACTA,True
S4AA-0005481179,2068263724,CLIENT_00962,951540421,442485357,FACTURACION CICLICA,AMDOCS,2025-10-09,2025-10-25,PEN,10.5,0.0,10.5,False,10.5,2,False,0.0,10.5,0.0,True,CONCILIADA_EXACTA,True
S9AA-0081978876,2063869275,CLIENT_00067,39304285,943042306,FACTURACION CICLICA,AMDOCS,2026-06-01,2026-06-17,PEN,35.53,6.4,41.93,False,41.93,1,False,0.0,41.93,0.0,True,CONCILIADA_EXACTA,True
S7AA-0068327460,2080474018,CLIENT_00995,7517575,991544037,FACTURACION CICLICA,AMDOCS,2026-06-23,2026-07-09,PEN,22.48,4.05,26.53,False,26.53,1,False,0.0,26.53,0.0,True,CONCILIADA_EXACTA,True
S9AA-0082013633,2011171530,CLIENT_00052,20246385,96363306,FACTURACION CICLICA,AMDOCS,2026-06-01,2026-06-17,PEN,42.35,7.63,49.98,False,49.98,1,False,0.0,49.98,0.0,True,CONCILIADA_EXACTA,True
S8AA-0008099743,2084347031,CLIENT_00887,435846421,419702347,FACTURACION CICLICA,AMDOCS,2026-06-27,2026-07-13,PEN,100.79,18.14,118.93,False,118.93,1,False,0.0,118.93,0.0,True,CONCILIADA_EXACTA,True
S9AA-0082216982,2057463246,CLIENT_00753,20891011,524171647,FACTURACION CICLICA,AMDOCS,2026-06-01,2026-06-17,PEN,111.47,20.06,131.53,False,131.53,2,False,0.0,131.53,0.0,True,CONCILIADA_EXACTA,True
S9AA-0082342318,2007367776,CLIENT_00411,53765985,348469306,FACTURACION CICLICA,AMDOCS,2026-06-01,2026-06-17,PEN,51.5,9.26,60.76,False,60.76,1,False,0.0,60.76,0.0,True,CONCILIADA_EXACTA,True
S9AA-0081645303,2083750866,CLIENT_00903,556834021,971289337,FACTURACION CICLICA,AMDOCS,2026-06-01,2026-06-17,PEN,29.01,5.22,34.23,False,34.23,1,False,0.0,34.23,0.0,True,CONCILIADA_EXACTA,True
S8AA-0008032519,2062806803,CLIENT_00496,219732621,662884257,FACTURACION CICLICA,AMDOCS,2026-06-27,2026-07-13,PEN,88.92,16.01,104.93,False,104.93,1,False,0.0,104.93,0.0,True,CONCILIADA_EXACTA,True
S1AA-0048175050,2088594219,CLIENT_00472,867231521,930832957,FACTURACION CICLICA,AMDOCS,2026-01-05,2026-01-21,PEN,13.34,2.41,15.75,False,15.75,1,False,0.0,15.75,0.0,True,CONCILIADA_EXACTA,True
S9AA-0081739500,2089508889,CLIENT_00786,564509011,189514817,FACTURACION CICLICA,AMDOCS,2026-06-01,2026-06-17,PEN,46.21,8.32,54.53,False,54.53,1,False,0.0,54.53,0.0,True,CONCILIADA_EXACTA,True
S9AA-0081957867,2093365484,CLIENT_00200,9362016,737281847,FACTURACION CICLICA,AMDOCS,2026-06-01,2026-06-17,PEN,106.72,19.21,125.93,False,125.93,1,False,0.0,125.93,0.0,True,CONCILIADA_EXACTA,True
S8AA-0007834988,2027876144,CLIENT_00343,481304131,873880457,FACTURACION CICLICA,AMDOCS,2026-06-27,2026-07-13,PEN,17.79,3.21,21.0,False,21.0,1,False,0.0,21.0,0.0,True,CONCILIADA_EXACTA,True
S9AA-0082091358,2034895152,CLIENT_00378,60534585,669255306,FACTURACION CICLICA,AMDOCS,2026-06-01,2026-06-17,PEN,72.26,13.0,85.26,False,85.26,1,False,0.0,85.26,0.0,True,CONCILIADA_EXACTA,True
S9AA-0082255836,2014718111,CLIENT_00016,52975885,733768306,FACTURACION CICLICA,AMDOCS,2026-06-01,2026-06-17,PEN,74.69,13.44,88.13,False,88.13,1,False,0.0,88.13,0.0,True,CONCILIADA_EXACTA,True
S9AA-0082238127,2015037424,CLIENT_00556,32477185,64671306,FACTURACION CICLICA,AMDOCS,2026-06-01,2026-06-17,PEN,50.37,9.07,59.43,False,59.43,1,False,0.0,59.43,0.0,True,CONCILIADA_EXACTA,True
S8AA-0007845003,2047601641,CLIENT_00663,788183431,166539857,FACTURACION CICLICA,AMDOCS,2026-06-27,2026-07-13,PEN,168.9,30.39,199.29,False,199.29,1,False,0.0,199.29,0.0,True,CONCILIADA_EXACTA,True
S9AA-0082282842,2039754476,CLIENT_00765,82785016,660080606,FACTURACION CICLICA,AMDOCS,2026-06-01,2026-06-17,PEN,202.71,36.48,239.19,False,239.19,1,False,0.0,239.19,0.0,True,CONCILIADA_EXACTA,True
S9AA-0081859033,2054510534,CLIENT_00526,97081995,653919406,FACTURACION CICLICA,AMDOCS,2026-06-01,2026-06-17,PEN,77.13,13.87,91.0,False,91.0,1,False,0.0,91.0,0.0,True,CONCILIADA_EXACTA,True
S9AA-0081980391,2027256336,CLIENT_00122,39071016,279689506,FACTURACION CICLICA,AMDOCS,2026-06-01,2026-06-17,PEN,62.29,11.21,73.5,False,73.5,1,False,0.0,73.5,0.0,True,CONCILIADA_EXACTA,True
S9AA-0082186237,2040502929,CLIENT_00235,71948185,716381306,FACTURACION CICLICA,AMDOCS,2026-06-01,2026-06-17,PEN,95.98,17.28,113.26,False,113.26,1,False,0.0,113.26,0.0,True,CONCILIADA_EXACTA,True
S1AA-0049369726,2088594219,CLIENT_00472,867231521,930832957,FACTURACION CICLICA,AMDOCS,2026-02-05,2026-02-21,PEN,10.74,1.93,12.66,False,12.66,1,False,0.0,12.66,0.0,True,CONCILIADA_EXACTA,True
S8AA-0007835377,2027876144,CLIENT_00343,481304131,460428657,FACTURACION CICLICA,AMDOCS,2026-06-27,2026-07-13,PEN,17.79,3.21,21.0,False,21.0,1,False,0.0,21.0,0.0,True,CONCILIADA_EXACTA,True
S9AA-0081925227,2040445117,CLIENT_00255,683942421,47585957,FACTURACION CICLICA,AMDOCS,2026-06-01,2026-06-17,PEN,79.79,14.36,94.15,False,94.15,1,False,0.0,94.15,0.0,True,CONCILIADA_EXACTA,True
S9AA-0082183870,2003621431,CLIENT_00120,613467231,809972657,FACTURACION CICLICA,AMDOCS,2026-06-01,2026-06-17,PEN,189.71,34.15,223.86,False,223.86,1,False,0.0,223.86,0.0,True,CONCILIADA_EXACTA,True
S7AA-0068245735,2003740540,CLIENT_00568,36984575,533151601,FACTURACION CICLICA,AMDOCS,2026-06-23,2026-07-09,PEN,56.29,10.14,66.43,False,66.43,1,False,0.0,66.43,0.0,True,CONCILIADA_EXACTA,True
S9AA-0082259550,2064993907,CLIENT_00925,520152811,2776937,FACTURACION CICLICA,AMDOCS,2026-06-01,2026-06-17,PEN,94.86,17.07,111.93,False,111.93,1,False,0.0,111.93,0.0,True,CONCILIADA_EXACTA,True
S1AA-0049369719,2088594219,CLIENT_00472,867231521,618532957,FACTURACION CICLICA,AMDOCS,2026-02-05,2026-02-21,PEN,2.72,0.49,3.21,False,3.21,1,False,0.0,3.21,0.0,True,CONCILIADA_EXACTA,True
S1AA-0049369722,2088594219,CLIENT_00472,867231521,431732957,FACTURACION CICLICA,AMDOCS,2026-02-05,2026-02-21,PEN,2.76,0.49,3.25,False,3.25,1,False,0.0,3.25,0.0,True,CONCILIADA_EXACTA,True
S7AA-0068373624,2053911269,CLIENT_00373,775403901,112767647,FACTURACION CICLICA,AMDOCS,2026-06-23,2026-07-09,PEN,47.4,8.53,55.93,False,55.93,1,False,0.0,55.93,0.0,True,CONCILIADA_EXACTA,True
S1AA-0049369721,2088594219,CLIENT_00472,867231521,748632957,FACTURACION CICLICA,AMDOCS,2026-02-05,2026-02-21,PEN,2.72,0.49,3.21,False,3.21,1,False,0.0,3.21,0.0,True,CONCILIADA_EXACTA,True
S1AA-0049369725,2088594219,CLIENT_00472,867231521,377732957,FACTURACION CICLICA,AMDOCS,2026-02-05,2026-02-21,PEN,2.72,0.49,3.21,False,3.21,1,False,0.0,3.21,0.0,True,CONCILIADA_EXACTA,True
S9AA-0082363552,2029902035,CLIENT_00756,732560421,635050247,FACTURACION CICLICA,AMDOCS,2026-06-01,2026-06-17,PEN,74.69,13.44,88.13,False,88.13,1,False,0.0,88.13,0.0,True,CONCILIADA_EXACTA,True
S9AA-0082235657,2040866126,CLIENT_00173,226930621,956781757,FACTURACION CICLICA,AMDOCS,2026-06-01,2026-06-17,PEN,100.79,18.14,118.93,False,118.93,1,False,0.0,118.93,0.0,True,CONCILIADA_EXACTA,True
S9AA-0082363649,2029902035,CLIENT_00756,732560421,958403347,FACTURACION CICLICA,AMDOCS,2026-06-01,2026-06-17,PEN,142.19,25.6,167.79,False,167.79,1,False,0.0,167.79,0.0,True,CONCILIADA_EXACTA,True
S9AA-0081932471,2074327800,CLIENT_00822,78255606,189922057,FACTURACION CICLICA,AMDOCS,2026-06-01,2026-06-17,PEN,103.52,18.63,122.15,False,122.15,1,False,0.0,122.15,0.0,True,CONCILIADA_EXACTA,True
S9AA-0082486763,2006121666,CLIENT_00662,154096131,324404857,FACTURACION CICLICA,AMDOCS,2026-06-01,2026-06-17,PEN,53.33,9.6,62.93,False,62.93,1,False,0.0,62.93,0.0,True,CONCILIADA_EXACTA,True
S9AA-0082084095,2061726816,CLIENT_00637,50450906,112598506,FACTURACION CICLICA,AMDOCS,2026-06-01,2026-06-17,PEN,54.88,9.87,64.75,False,64.75,1,False,0.0,64.75,0.0,True,CONCILIADA_EXACTA,True
S9AA-0082490297,2048805652,CLIENT_00880,25312706,363707506,FACTURACION CICLICA,AMDOCS,2026-06-01,2026-06-17,PEN,113.25,20.38,133.63,False,133.63,1,False,0.0,133.63,0.0,True,CONCILIADA_EXACTA,True
S9AA-0082002918,2087410427,CLIENT_00749,596294111,365981957,FACTURACION CICLICA,AMDOCS,2026-06-01,2026-06-17,PEN,147.95,26.63,174.58,False,174.58,1,False,0.0,174.58,0.0,True,CONCILIADA_EXACTA,True
S9AA-0081827992,2013129077,CLIENT_00742,57302695,286249447,FACTURACION CICLICA,AMDOCS,2026-06-01,2026-06-17,PEN,103.69,18.67,122.36,False,122.36,1,False,0.0,122.36,0.0,True,CONCILIADA_EXACTA,True
S9AA-0082068386,2087856323,CLIENT_00453,305469511,961094627,FACTURACION CICLICA,AMDOCS,2026-06-01,2026-06-17,PEN,20.35,3.66,24.01,False,24.01,1,False,0.0,24.01,0.0,True,CONCILIADA_EXACTA,True
S8AA-0007939156,2093258591,CLIENT_00642,555856521,16720547,FACTURACION CICLICA,AMDOCS,2026-06-27,2026-07-13,PEN,52.14,9.39,61.53,False,61.53,1,False,0.0,61.53,0.0,True,CONCILIADA_EXACTA,True
S9AA-0082486085,2006121666,CLIENT_00662,154096131,811665457,FACTURACION CICLICA,AMDOCS,2026-06-01,2026-06-17,PEN,47.99,8.64,56.63,False,56.63,1,False,0.0,56.63,0.0,True,CONCILIADA_EXACTA,True
S8AA-0008000763,2021032699,CLIENT_00278,270555321,398451247,FACTURACION CICLICA,AMDOCS,2026-06-27,2026-07-13,PEN,27.23,4.9,32.13,False,32.13,1,False,0.0,32.13,0.0,True,CONCILIADA_EXACTA,True
S8AA-0007935817,2086851615,CLIENT_00905,455932421,976083247,FACTURACION CICLICA,AMDOCS,2026-06-27,2026-07-13,PEN,37.32,6.71,44.03,False,44.03,1,False,0.0,44.03,0.0,True,CONCILIADA_EXACTA,True
S9AA-0081733135,2058334645,CLIENT_00540,465713621,203801647,FACTURACION CICLICA,AMDOCS,2026-06-01,2026-06-17,PEN,34.58,6.23,40.81,False,40.81,1,False,0.0,40.81,0.0,True,CONCILIADA_EXACTA,True
S9AA-0081777705,2050348529,CLIENT_00770,96289595,664568557,FACTURACION CICLICA,AMDOCS,2026-06-01,2026-06-17,PEN,130.33,23.46,153.79,False,153.79,1,False,0.0,153.79,0.0,True,CONCILIADA_EXACTA,True
S9AA-0082060941,2038298370,CLIENT_00249,100636111,727830147,FACTURACION CICLICA,AMDOCS,2026-06-01,2026-06-17,PEN,47.4,8.53,55.93,False,55.93,1,False,0.0,55.93,0.0,True,CONCILIADA_EXACTA,True
S9AA-0082126900,2070083854,CLIENT_00585,1742306,172913506,FACTURACION CICLICA,AMDOCS,2026-06-01,2026-06-17,PEN,65.84,11.86,77.7,False,77.7,1,False,0.0,77.7,0.0,True,CONCILIADA_EXACTA,True
S9AA-0082348327,2045771478,CLIENT_00919,53129095,970373857,FACTURACION CICLICA,AMDOCS,2026-06-01,2026-06-17,PEN,136.38,24.55,160.93,False,160.93,1,False,0.0,160.93,0.0,True,CONCILIADA_EXACTA,True
S9AA-0081916714,2058066767,CLIENT_00743,582149431,403578957,FACTURACION CICLICA,AMDOCS,2026-06-01,2026-06-17,PEN,79.72,14.36,94.08,False,94.08,1,False,0.0,94.08,0.0,True,CONCILIADA_EXACTA,True
S9AA-0082053192,2043300039,CLIENT_00704,9206321,70828847,FACTURACION CICLICA,AMDOCS,2026-06-01,2026-06-17,PEN,17.79,3.21,21.0,False,21.0,1,False,0.0,21.0,0.0,True,CONCILIADA_EXACTA,True
S9AA-0081703726,2042422772,CLIENT_00369,16957706,431187506,FACTURACION CICLICA,AMDOCS,2026-06-01,2026-06-17,PEN,41.52,7.48,49.0,False,49.0,1,False,0.0,49.0,0.0,True,CONCILIADA_EXACTA,True
S9AA-0081804220,2022543695,CLIENT_00820,272246321,542734957,FACTURACION CICLICA,AMDOCS,2026-06-01,2026-06-17,PEN,12.46,2.24,14.7,False,14.7,1,False,0.0,14.7,0.0,True,CONCILIADA_EXACTA,True
S9AA-0082399432,2031830857,CLIENT_00959,149869031,118805357,FACTURACION CICLICA,AMDOCS,2026-06-01,2026-06-17,PEN,109.63,19.73,129.36,False,129.36,1,False,0.0,129.36,0.0,True,CONCILIADA_EXACTA,True
S8AA-0007920722,2057947861,CLIENT_00539,944561521,68808547,FACTURACION CICLICA,AMDOCS,2026-06-27,2026-07-13,PEN,109.63,19.73,129.36,False,129.36,1,False,0.0,129.36,0.0,True,CONCILIADA_EXACTA,True
S9AA-0082293697,2080284452,CLIENT_00739,92131095,632865537,FACTURACION CICLICA,AMDOCS,2026-06-01,2026-06-17,PEN,53.39,9.61,63.0,False,63.0,1,False,0.0,63.0,0.0,True,CONCILIADA_EXACTA,True
S8AA-0007985395,2053555214,CLIENT_00159,963595521,59748447,FACTURACION CICLICA,AMDOCS,2026-06-27,2026-07-13,PEN,43.25,7.78,51.03,False,51.03,1,False,0.0,51.03,0.0,True,CONCILIADA_EXACTA,True
S8AA-0007903080,2084384500,CLIENT_00932,348670421,589093457,FACTURACION CICLICA,AMDOCS,2026-06-27,2026-07-13,PEN,65.13,11.73,76.86,False,76.86,1,False,0.0,76.86,0.0,True,CONCILIADA_EXACTA,True
S9AA-0081970075,2037024710,CLIENT_00800,29790085,913900306,FACTURACION CICLICA,AMDOCS,2026-06-01,2026-06-17,PEN,113.9,20.5,134.4,False,134.4,2,False,0.0,134.4,0.0,True,CONCILIADA_EXACTA,True
S5AA-0079380968,2074657038,CLIENT_00313,39440095,357310406,FACTURACION CICLICA,AMDOCS,2026-03-18,2026-04-05,PEN,58.67,10.56,69.23,False,69.23,1,False,0.0,69.23,0.0,True,CONCILIADA_EXACTA,True
S9AA-0082023414,2037021331,CLIENT_00121,79147306,164773506,FACTURACION CICLICA,AMDOCS,2026-06-01,2026-06-17,PEN,86.07,15.5,101.57,False,101.57,1,False,0.0,101.57,0.0,True,CONCILIADA_EXACTA,True
S9AA-0081681314,2031981897,CLIENT_00248,752557621,668578647,FACTURACION CICLICA,AMDOCS,2026-06-01,2026-06-17,PEN,100.79,18.14,118.93,False,118.93,1,False,0.0,118.93,0.0,True,CONCILIADA_EXACTA,True
S9AA-0082207400,2023773061,CLIENT_00328,911133111,278052637,FACTURACION CICLICA,AMDOCS,2026-06-01,2026-06-17,PEN,27.23,4.9,32.13,False,32.13,1,False,0.0,32.13,0.0,True,CONCILIADA_EXACTA,True
S5AA-0078788021,2012895360,CLIENT_00264,516755121,384214637,FACTURACION CICLICA,AMDOCS,2026-03-18,2026-04-05,PEN,21.71,3.91,25.62,False,25.62,1,False,0.0,25.62,0.0,True,CONCILIADA_EXACTA,True
S9AA-0082452351,2016722807,CLIENT_00364,64273106,709742957,FACTURACION CICLICA,AMDOCS,2026-06-01,2026-06-17,PEN,11.8,2.13,13.93,False,13.93,1,False,0.0,13.93,0.0,True,CONCILIADA_EXACTA,True
S9AA-0081660071,2096148900,CLIENT_00810,45247495,92284406,FACTURACION CICLICA,AMDOCS,2026-06-01,2026-06-17,PEN,115.92,20.86,136.78,False,136.78,1,False,0.0,136.78,0.0,True,CONCILIADA_EXACTA,True
S8AA-0007845825,2039485996,CLIENT_00766,789926621,661336167,FACTURACION CICLICA,AMDOCS,2026-06-27,2026-07-13,PEN,23.67,4.26,27.93,False,27.93,1,False,0.0,27.93,0.0,True,CONCILIADA_EXACTA,True
S9AA-0080402050,2098363854,CLIENT_00063,85883006,81430506,FACTURACION CICLICA,AMDOCS,2026-04-01,2026-04-17,PEN,101.68,18.31,119.98,False,119.98,1,False,0.0,119.98,0.0,True,CONCILIADA_EXACTA,True
S9AA-0080684196,2098363854,CLIENT_00063,9924006,41430506,FACTURACION CICLICA,AMDOCS,2026-04-01,2026-04-17,PEN,59.32,10.68,70.0,False,70.0,1,False,0.0,70.0,0.0,True,CONCILIADA_EXACTA,True
S9AA-0082348322,2045771478,CLIENT_00919,53129095,370173857,FACTURACION CICLICA,AMDOCS,2026-06-01,2026-06-17,PEN,136.38,24.55,160.93,False,160.93,1,False,0.0,160.93,0.0,True,CONCILIADA_EXACTA,True
S9AA-0082207399,2023773061,CLIENT_00328,911133111,358052637,FACTURACION CICLICA,AMDOCS,2026-06-01,2026-06-17,PEN,27.23,4.9,32.13,False,32.13,1,False,0.0,32.13,0.0,True,CONCILIADA_EXACTA,True
S9AA-0082023379,2082824645,CLIENT_00595,79285206,22542506,FACTURACION CICLICA,AMDOCS,2026-06-01,2026-06-17,PEN,155.84,28.05,183.89,False,183.89,1,False,0.0,183.89,0.0,True,CONCILIADA_EXACTA,True
S9AA-0081751603,2056538582,CLIENT_00611,66318716,221040557,FACTURACION CICLICA,AMDOCS,2026-06-01,2026-06-17,PEN,59.26,10.67,69.93,False,69.93,1,False,0.0,69.93,0.0,True,CONCILIADA_EXACTA,True
S9AA-0080346986,2006121666,CLIENT_00662,154096131,102596067,FACTURACION CICLICA,AMDOCS,2026-04-01,2026-04-17,PEN,47.4,8.53,55.93,False,55.93,1,False,0.0,55.93,0.0,True,CONCILIADA_EXACTA,True
S9AA-0081855839,2028858667,CLIENT_00821,87664306,371448857,FACTURACION CICLICA,AMDOCS,2026-06-01,2026-06-17,PEN,20.71,3.72,24.43,False,24.43,1,False,0.0,24.43,0.0,True,CONCILIADA_EXACTA,True
S1AA-0050339382,2098363854,CLIENT_00063,80290575,200705357,FACTURACION CICLICA,AMDOCS,2026-04-05,2026-04-21,PEN,88.92,16.01,104.93,False,104.93,1,False,0.0,104.93,0.0,True,CONCILIADA_EXACTA,True
S5AA-0081555274,2054854170,CLIENT_00245,98619106,681491506,FACTURACION CICLICA,AMDOCS,2026-06-18,2026-07-05,PEN,39.15,7.05,46.2,False,46.2,1,False,0.0,46.2,0.0,True,CONCILIADA_EXACTA,True
S5AA-0081155423,2071377105,CLIENT_00477,43312495,202034406,FACTURACION CICLICA,AMDOCS,2026-06-18,2026-07-05,PEN,146.52,26.38,172.9,False,172.9,1,False,0.0,172.9,0.0,True,CONCILIADA_EXACTA,True
S5AA-0081087354,2030739572,CLIENT_00552,429218231,161173657,FACTURACION CICLICA,AMDOCS,2026-06-18,2026-07-05,PEN,18.92,3.41,22.33,False,22.33,1,False,0.0,22.33,0.0,True,CONCILIADA_EXACTA,True
S5AA-0081581821,2028628577,CLIENT_00851,29951606,705738957,FACTURACION CICLICA,AMDOCS,2026-06-18,2026-07-05,PEN,94.74,17.05,111.79,False,111.79,1,False,0.0,111.79,0.0,True,CONCILIADA_EXACTA,True
S7AA-0068792146,2019876876,CLIENT_00461,428478431,873778957,FACTURACION CICLICA,AMDOCS,2026-06-23,2026-07-09,PEN,56.06,10.09,66.15,False,66.15,1,False,0.0,66.15,0.0,True,CONCILIADA_EXACTA,True
S5AA-0080989065,2074406544,CLIENT_00417,11041616,431716606,FACTURACION CICLICA,AMDOCS,2026-06-18,2026-07-05,PEN,71.13,12.8,83.93,False,83.93,1,False,0.0,83.93,0.0,True,CONCILIADA_EXACTA,True
S5AA-0080964239,2090272538,CLIENT_00506,706451821,949891957,FACTURACION CICLICA,AMDOCS,2026-06-18,2026-07-05,PEN,88.92,16.01,104.93,False,104.93,1,False,0.0,104.93,0.0,True,CONCILIADA_EXACTA,True
S5AA-0080991623,2078921519,CLIENT_00563,11622616,307511347,FACTURACION CICLICA,AMDOCS,2026-06-18,2026-07-05,PEN,31.15,5.6,36.75,False,36.75,1,False,0.0,36.75,0.0,True,CONCILIADA_EXACTA,True
S5AA-0081062834,2010441811,CLIENT_00839,122471211,461935027,FACTURACION CICLICA,AMDOCS,2026-06-18,2026-07-05,PEN,53.92,9.71,63.63,False,63.63,1,False,0.0,63.63,0.0,True,CONCILIADA_EXACTA,True
S5AA-0081458310,2004268042,CLIENT_00362,57881585,601778957,FACTURACION CICLICA,AMDOCS,2026-06-18,2026-07-05,PEN,77.06,13.87,90.93,False,90.93,1,False,0.0,90.93,0.0,True,CONCILIADA_EXACTA,True
S5AA-0081183572,2019455714,CLIENT_00324,83418085,180180306,FACTURACION CICLICA,AMDOCS,2026-06-18,2026-07-05,PEN,109.26,19.68,128.94,False,128.94,1,False,0.0,128.94,0.0,True,CONCILIADA_EXACTA,True
S6AA-0000070863,2096202915,CLIENT_00459,637638531,603421167,FACTURACION CICLICA,AMDOCS,2026-06-20,2026-07-03,PEN,17.74,3.19,20.93,False,20.93,1,False,0.0,20.93,0.0,True,CONCILIADA_EXACTA,True
S5AA-0081624061,2024654901,CLIENT_00714,89444995,469140847,FACTURACION CICLICA,AMDOCS,2026-06-18,2026-07-05,PEN,43.25,7.78,51.03,False,51.03,1,False,0.0,51.03,0.0,True,CONCILIADA_EXACTA,True
S5AA-0081381008,2070054625,CLIENT_00725,56728706,621197506,FACTURACION CICLICA,AMDOCS,2026-06-18,2026-07-05,PEN,102.57,18.46,121.03,False,121.03,1,False,0.0,121.03,0.0,True,CONCILIADA_EXACTA,True
S5AA-0080931515,2078721881,CLIENT_00115,304118801,584937417,FACTURACION CICLICA,AMDOCS,2026-06-18,2026-07-05,PEN,157.02,28.27,185.29,False,185.29,1,False,0.0,185.29,0.0,True,CONCILIADA_EXACTA,True
S5AA-0081240030,2057406010,CLIENT_00884,54809606,577529657,FACTURACION CICLICA,AMDOCS,2026-06-18,2026-07-05,PEN,53.33,9.6,62.93,False,62.93,1,False,0.0,62.93,0.0,True,CONCILIADA_EXACTA,True
S7AA-0068073837,2073093583,CLIENT_00184,347052821,679224947,FACTURACION CICLICA,AMDOCS,2026-06-23,2026-07-09,PEN,37.38,6.72,44.1,False,44.1,1,False,0.0,44.1,0.0,True,CONCILIADA_EXACTA,True
S5AA-0081416081,2024229967,CLIENT_00390,7228285,616382306,FACTURACION CICLICA,AMDOCS,2026-06-18,2026-07-05,PEN,103.46,18.62,122.08,False,122.08,1,False,0.0,122.08,0.0,True,CONCILIADA_EXACTA,True
S5AA-0081042963,2041506329,CLIENT_00468,81900195,147262847,FACTURACION CICLICA,AMDOCS,2026-06-18,2026-07-05,PEN,53.33,9.6,62.93,False,62.93,1,False,0.0,62.93,0.0,True,CONCILIADA_EXACTA,True
S5AA-0081344089,2030716976,CLIENT_00848,6261095,650720406,FACTURACION CICLICA,AMDOCS,2026-06-18,2026-07-05,PEN,56.29,10.14,66.43,False,66.43,1,False,0.0,66.43,0.0,True,CONCILIADA_EXACTA,True
S5AA-0080952399,2067006652,CLIENT_00878,60291206,96022506,FACTURACION CICLICA,AMDOCS,2026-06-18,2026-07-05,PEN,69.35,12.48,81.83,False,81.83,1,False,0.0,81.83,0.0,True,CONCILIADA_EXACTA,True
S5AA-0081591199,2012916743,CLIENT_00424,49115295,899852406,FACTURACION CICLICA,AMDOCS,2026-06-18,2026-07-05,PEN,59.44,10.7,70.14,False,70.14,1,False,0.0,70.14,0.0,True,CONCILIADA_EXACTA,True
S5AA-0081165701,2013887371,CLIENT_00609,53693406,856614047,FACTURACION CICLICA,AMDOCS,2026-06-18,2026-07-05,PEN,21.59,3.89,25.48,False,25.48,1,False,0.0,25.48,0.0,True,CONCILIADA_EXACTA,True
S5AA-0081561360,2069655698,CLIENT_00548,9574085,139540306,FACTURACION CICLICA,AMDOCS,2026-06-18,2026-07-05,PEN,103.88,18.69,122.57,False,122.57,1,False,0.0,122.57,0.0,True,CONCILIADA_EXACTA,True
S5AA-0081290856,2008261235,CLIENT_00881,25071785,132044757,FACTURACION CICLICA,AMDOCS,2026-06-18,2026-07-05,PEN,94.86,17.07,111.93,False,111.93,1,False,0.0,111.93,0.0,True,CONCILIADA_EXACTA,True
S5AA-0081526389,2089943246,CLIENT_00533,58807706,775657506,FACTURACION CICLICA,AMDOCS,2026-06-18,2026-07-05,PEN,113.25,20.38,133.63,False,133.63,1,False,0.0,133.63,0.0,True,CONCILIADA_EXACTA,True
S5AA-0081569591,2062876920,CLIENT_00061,19662695,652136406,FACTURACION CICLICA,AMDOCS,2026-06-18,2026-07-05,PEN,167.76,30.2,197.96,False,197.96,1,False,0.0,197.96,0.0,True,CONCILIADA_EXACTA,True
S5AA-0081460333,1003385935,CLIENT_00953,67354095,691550406,FACTURACION CICLICA,AMDOCS,2026-06-18,2026-07-05,PEN,27.83,5.01,32.83,False,32.83,1,False,0.0,32.83,0.0,True,CONCILIADA_EXACTA,True
S5AA-0081340224,2071170607,CLIENT_00207,95119385,958593247,FACTURACION CICLICA,AMDOCS,2026-06-18,2026-07-05,PEN,100.79,18.14,118.93,False,118.93,1,False,0.0,118.93,0.0,True,CONCILIADA_EXACTA,True
S5AA-0081063399,2085048217,CLIENT_00031,120124111,39509527,FACTURACION CICLICA,AMDOCS,2026-06-18,2026-07-05,PEN,24.86,4.47,29.33,False,29.33,1,False,0.0,29.33,0.0,True,CONCILIADA_EXACTA,True
S5AA-0081445279,2069376951,CLIENT_00700,47259185,616591306,FACTURACION CICLICA,AMDOCS,2026-06-18,2026-07-05,PEN,26.64,4.8,31.43,False,31.43,1,False,0.0,31.43,0.0,True,CONCILIADA_EXACTA,True
S5AA-0081235668,2088424166,CLIENT_00134,54902106,423011506,FACTURACION CICLICA,AMDOCS,2026-06-18,2026-07-05,PEN,134.07,24.13,158.2,False,158.2,1,False,0.0,158.2,0.0,True,CONCILIADA_EXACTA,True
S7AA-0068044811,2067472025,CLIENT_00049,44889811,582704137,FACTURACION CICLICA,AMDOCS,2026-06-23,2026-07-09,PEN,70.71,12.73,83.44,False,83.44,1,False,0.0,83.44,0.0,True,CONCILIADA_EXACTA,True
S7AA-0068454307,2043506981,CLIENT_00449,680803031,320235257,FACTURACION CICLICA,AMDOCS,2026-06-23,2026-07-09,PEN,67.93,12.22,80.15,False,80.15,1,False,0.0,80.15,0.0,True,CONCILIADA_EXACTA,True
S5AA-0081423862,2037867912,CLIENT_00938,17536685,598376306,FACTURACION CICLICA,AMDOCS,2026-06-18,2026-07-05,PEN,52.44,9.44,61.88,False,61.88,1,False,0.0,61.88,0.0,True,CONCILIADA_EXACTA,True
S7AA-0068316750,2071743172,CLIENT_00958,96171575,849726333,FACTURACION CICLICA,AMDOCS,2026-06-23,2026-07-09,PEN,20.11,3.62,23.73,False,23.73,1,False,0.0,23.73,0.0,True,CONCILIADA_EXACTA,True
S5AA-0081515447,2020933053,CLIENT_00339,38200585,336070057,FACTURACION CICLICA,AMDOCS,2026-06-18,2026-07-05,PEN,103.45,18.63,122.08,False,122.07000000000001,2,False,0.0,122.08,-0.009999999999990905,True,CONCILIADA_EXACTA,True
S7AA-0068792147,2019876876,CLIENT_00461,428478431,584878957,FACTURACION CICLICA,AMDOCS,2026-06-23,2026-07-09,PEN,56.06,10.09,66.15,False,66.15,1,False,0.0,66.15,0.0,True,CONCILIADA_EXACTA,True
S5AA-0081169041,2093963249,CLIENT_00250,63903085,111920306,FACTURACION CICLICA,AMDOCS,2026-06-18,2026-07-05,PEN,37.38,6.72,44.1,False,44.1,1,False,0.0,44.1,0.0,True,CONCILIADA_EXACTA,True
S7AA-0068680752,2011902949,CLIENT_00423,219872611,979421037,FACTURACION CICLICA,AMDOCS,2026-06-23,2026-07-09,PEN,27.23,4.9,32.13,False,32.13,1,False,0.0,32.13,0.0,True,CONCILIADA_EXACTA,True
S7AA-0067988819,2058314802,CLIENT_00763,236245531,788986067,FACTURACION CICLICA,AMDOCS,2026-06-23,2026-07-09,PEN,17.79,3.21,21.0,False,21.0,1,False,0.0,21.0,0.0,True,CONCILIADA_EXACTA,True
S5AA-0081210106,2052784539,CLIENT_00712,14866506,155649847,FACTURACION CICLICA,AMDOCS,2026-06-18,2026-07-05,PEN,65.2,11.73,76.93,False,76.93,1,False,0.0,76.93,0.0,True,CONCILIADA_EXACTA,True
S5AA-0081126850,2065635379,CLIENT_00149,3536406,55284506,FACTURACION CICLICA,AMDOCS,2026-06-18,2026-07-05,PEN,167.71,30.18,197.89,False,197.89,1,False,0.0,197.89,0.0,True,CONCILIADA_EXACTA,True
S1AA-0050334876,2098363854,CLIENT_00063,80290575,421513101,FACTURACION CICLICA,AMDOCS,2026-04-05,2026-04-21,PEN,2375.42,427.59,2803.01,False,2803.01,1,False,0.0,2803.01,0.0,True,CONCILIADA_EXACTA,True
S1AA-0050336083,2098363854,CLIENT_00063,80290575,900256073,FACTURACION CICLICA,AMDOCS,2026-04-05,2026-04-21,PEN,79.49,14.31,93.8,False,93.8,1,False,0.0,93.8,0.0,True,CONCILIADA_EXACTA,True
S1AA-0050805310,2081571842,CLIENT_00996,37920575,206538401,FACTURACION CICLICA,AMDOCS,2026-04-05,2026-04-21,PEN,32.56,5.87,38.43,False,38.43,1,False,0.0,38.43,0.0,True,CONCILIADA_EXACTA,True
S9AA-0082386415,2028931903,CLIENT_00019,4635706,36467506,FACTURACION CICLICA,AMDOCS,2026-06-01,2026-06-17,PEN,112.65,20.28,132.93,False,132.93,1,False,0.0,132.93,0.0,True,CONCILIADA_EXACTA,True
S9AA-0082109859,2059054819,CLIENT_00448,80625606,953276506,FACTURACION CICLICA,AMDOCS,2026-06-01,2026-06-17,PEN,57.67,10.37,68.04,False,68.04,1,False,0.0,68.04,0.0,True,CONCILIADA_EXACTA,True
S1AA-0050338829,2098363854,CLIENT_00063,80290575,478621057,FACTURACION CICLICA,AMDOCS,2026-04-05,2026-04-21,PEN,475.65,85.61,561.26,False,561.26,1,False,0.0,561.26,0.0,True,CONCILIADA_EXACTA,True
S9AA-0082149518,2078847538,CLIENT_00072,213179011,948557757,FACTURACION CICLICA,AMDOCS,2026-06-01,2026-06-17,PEN,106.72,19.21,125.93,False,125.93,1,False,0.0,125.93,0.0,True,CONCILIADA_EXACTA,True
S9AA-0082274084,2006444143,CLIENT_00059,72611706,235286506,FACTURACION CICLICA,AMDOCS,2026-06-01,2026-06-17,PEN,75.93,13.67,89.6,False,89.6,1,False,0.0,89.6,0.0,True,CONCILIADA_EXACTA,True
S9AA-0082217977,2052036896,CLIENT_00239,20106721,899192357,FACTURACION CICLICA,AMDOCS,2026-06-01,2026-06-17,PEN,52.14,9.39,61.53,False,61.53,1,False,0.0,61.53,0.0,True,CONCILIADA_EXACTA,True
S7AA-0066808525,2097496783,CLIENT_00785,177349331,280533857,FACTURACION CICLICA,AMDOCS,2026-04-23,2026-05-09,PEN,91.83,16.53,108.36,False,108.36,1,False,0.0,108.36,0.0,True,CONCILIADA_EXACTA,True
S9AA-0082216242,2064019811,CLIENT_00806,2261985,628642937,FACTURACION CICLICA,AMDOCS,2026-06-01,2026-06-17,PEN,74.69,13.44,88.13,False,88.13,1,False,0.0,88.13,0.0,True,CONCILIADA_EXACTA,True
S8AA-0008100531,2027980795,CLIENT_00244,431913521,997214257,FACTURACION CICLICA,AMDOCS,2026-06-27,2026-07-13,PEN,88.92,16.01,104.93,False,104.93,1,False,0.0,104.93,0.0,True,CONCILIADA_EXACTA,True
S7AA-0066490280,2051657671,CLIENT_00660,739587221,326223937,FACTURACION CICLICA,AMDOCS,2026-04-23,2026-05-09,PEN,64.96,11.69,76.65,False,76.65,1,False,0.0,76.65,0.0,True,CONCILIADA_EXACTA,True
S9AA-0081988817,2087028740,CLIENT_00487,49604606,830746506,FACTURACION CICLICA,AMDOCS,2026-06-01,2026-06-17,PEN,23.73,4.27,28.0,False,28.0,1,False,0.0,28.0,0.0,True,CONCILIADA_EXACTA,True
S9AA-0081222642,2006121666,CLIENT_00662,154096131,102596067,FACTURACION CICLICA,AMDOCS,2026-05-01,2026-05-17,PEN,47.4,8.53,55.93,False,55.93,1,False,0.0,55.93,0.0,True,CONCILIADA_EXACTA,True
S9AA-0081294621,2011701911,CLIENT_00011,6538595,646495406,FACTURACION CICLICA,AMDOCS,2026-05-01,2026-05-17,PEN,90.64,16.32,106.96,False,106.96,1,False,0.0,106.96,0.0,True,CONCILIADA_EXACTA,True
S9AA-0081490661,2036631349,CLIENT_00307,289009821,229924057,FACTURACION CICLICA,AMDOCS,2026-05-01,2026-05-17,PEN,64.83,11.68,76.51,False,76.51,1,False,0.0,76.51,0.0,True,CONCILIADA_EXACTA,True
S9AA-0081006717,2015985357,CLIENT_00738,72783985,781749306,FACTURACION CICLICA,AMDOCS,2026-05-01,2026-05-17,PEN,16.55,2.98,19.53,False,19.53,1,False,0.0,19.53,0.0,True,CONCILIADA_EXACTA,True
S9AA-0081062135,2050799857,CLIENT_00697,332353021,28097337,FACTURACION CICLICA,AMDOCS,2026-05-01,2026-05-17,PEN,186.15,33.51,219.66,False,219.66,1,False,0.0,219.66,0.0,True,CONCILIADA_EXACTA,True
S9AA-0080920618,2098171066,CLIENT_00522,71870606,472626506,FACTURACION CICLICA,AMDOCS,2026-05-01,2026-05-17,PEN,26.64,4.8,31.43,False,31.43,1,False,0.0,31.43,0.0,True,CONCILIADA_EXACTA,True
S9AA-0081347074,2098363854,CLIENT_00063,66883006,651430506,FACTURACION CICLICA,AMDOCS,2026-05-01,2026-05-17,PEN,94.86,17.07,111.93,False,111.93,1,False,0.0,111.93,0.0,True,CONCILIADA_EXACTA,True
S9AA-0082372034,2096523728,CLIENT_00797,830413321,863394047,FACTURACION CICLICA,AMDOCS,2026-06-01,2026-06-17,PEN,47.4,8.53,55.93,False,55.93,1,False,0.0,55.93,0.0,True,CONCILIADA_EXACTA,True
S9AA-0081033928,2038929902,CLIENT_00682,3595906,158359506,FACTURACION CICLICA,AMDOCS,2026-05-01,2026-05-17,PEN,52.44,9.44,61.88,False,61.88,1,False,0.0,61.88,0.0,True,CONCILIADA_EXACTA,True
S9AA-0081181566,2098363854,CLIENT_00063,74454006,461430506,FACTURACION CICLICA,AMDOCS,2026-05-01,2026-05-17,PEN,94.86,17.07,111.93,False,111.93,1,False,0.0,111.93,0.0,True,CONCILIADA_EXACTA,True
S9AA-0081547316,2098363854,CLIENT_00063,9924006,41430506,FACTURACION CICLICA,AMDOCS,2026-05-01,2026-05-17,PEN,59.32,10.68,70.0,False,70.0,1,False,0.0,70.0,0.0,True,CONCILIADA_EXACTA,True
S9AA-0081277317,2098363854,CLIENT_00063,85883006,81430506,FACTURACION CICLICA,AMDOCS,2026-05-01,2026-05-17,PEN,101.68,18.31,119.98,False,119.98,1,False,0.0,119.98,0.0,True,CONCILIADA_EXACTA,True
S9AA-0081798629,2025199500,CLIENT_00474,27084306,448533506,FACTURACION CICLICA,AMDOCS,2026-06-01,2026-06-17,PEN,67.86,12.22,80.08,False,80.08,1,False,0.0,80.08,0.0,True,CONCILIADA_EXACTA,True
S1AA-0051490725,2081571842,CLIENT_00996,37920575,206538401,FACTURACION CICLICA,AMDOCS,2026-05-05,2026-05-21,PEN,269.56,48.52,318.08,False,318.08,1,False,0.0,318.08,0.0,True,CONCILIADA_EXACTA,True
S1AA-0051043680,2098363854,CLIENT_00063,80290575,478621057,FACTURACION CICLICA,AMDOCS,2026-05-05,2026-05-21,PEN,475.58,85.61,561.19,False,561.19,1,False,0.0,561.19,0.0,True,CONCILIADA_EXACTA,True
S9AA-0081490662,2036631349,CLIENT_00307,289009821,958134057,FACTURACION CICLICA,AMDOCS,2026-05-01,2026-05-17,PEN,77.06,13.87,90.93,False,90.93,1,False,0.0,90.93,0.0,True,CONCILIADA_EXACTA,True
S9AA-0081258843,2095609618,CLIENT_00060,65393285,295042306,FACTURACION CICLICA,AMDOCS,2026-05-01,2026-05-17,PEN,60.15,10.83,70.98,False,70.98,1,False,0.0,70.98,0.0,True,CONCILIADA_EXACTA,True
S1AA-0051041010,2098363854,CLIENT_00063,80290575,900256073,FACTURACION CICLICA,AMDOCS,2026-05-05,2026-05-21,PEN,79.49,14.31,93.8,False,93.8,1,False,0.0,93.8,0.0,True,CONCILIADA_EXACTA,True
S1AA-0051446705,2029902035,CLIENT_00756,66947575,956960057,FACTURACION CICLICA,AMDOCS,2026-05-05,2026-05-21,PEN,5.88,1.05,6.93,False,6.93,1,False,0.0,6.93,0.0,True,CONCILIADA_EXACTA,True
S9AA-0082412042,2037889248,CLIENT_00761,34903895,113738406,FACTURACION CICLICA,AMDOCS,2026-06-01,2026-06-17,PEN,39.69,7.14,46.83,False,46.83,1,False,0.0,46.83,0.0,True,CONCILIADA_EXACTA,True
S1AA-0051504778,2068624950,CLIENT_00710,57851575,343254133,FACTURACION CICLICA,AMDOCS,2026-05-05,2026-05-21,PEN,24.86,4.47,29.33,False,29.33,1,False,0.0,29.33,0.0,True,CONCILIADA_EXACTA,True
S1AA-0051327251,2091198935,CLIENT_00319,25242575,929982823,FACTURACION CICLICA,AMDOCS,2026-05-05,2026-05-21,PEN,19.81,3.57,23.38,False,23.38,1,False,0.0,23.38,0.0,True,CONCILIADA_EXACTA,True
S1AA-0051069477,2060375617,CLIENT_00383,216638511,69594037,FACTURACION CICLICA,AMDOCS,2026-05-05,2026-05-21,PEN,27.23,4.9,32.13,False,32.13,1,False,0.0,32.13,0.0,True,CONCILIADA_EXACTA,True
S9AA-0082325697,2078606158,CLIENT_00640,33723995,946729406,FACTURACION CICLICA,AMDOCS,2026-06-01,2026-06-17,PEN,103.75,18.68,122.43,False,122.43,2,False,0.0,122.43,0.0,True,CONCILIADA_EXACTA,True
S1AA-0051044205,2098363854,CLIENT_00063,80290575,200705357,FACTURACION CICLICA,AMDOCS,2026-05-05,2026-05-21,PEN,88.92,16.01,104.93,False,104.93,1,False,0.0,104.93,0.0,True,CONCILIADA_EXACTA,True
S5AA-0081412009,2043153301,CLIENT_00849,962311511,318031527,FACTURACION CICLICA,AMDOCS,2026-06-18,2026-07-05,PEN,120.66,21.72,142.38,False,142.38,1,False,0.0,142.38,0.0,True,CONCILIADA_EXACTA,True
S3AA-0078417462,2028110957,CLIENT_00960,98614575,483070253,FACTURACION CICLICA,AMDOCS,2026-05-15,2026-06-01,PEN,49.18,8.86,58.03,False,58.03,1,False,0.0,58.03,0.0,True,CONCILIADA_EXACTA,True
S9AA-0082404669,2025650857,CLIENT_00466,241592011,880771817,FACTURACION CICLICA,AMDOCS,2026-06-01,2026-06-17,PEN,26.99,4.87,31.85,False,31.85,1,False,0.0,31.85,0.0,True,CONCILIADA_EXACTA,True
S1AA-0051504812,2068624950,CLIENT_00710,57851575,743767433,FACTURACION CICLICA,AMDOCS,2026-05-05,2026-05-21,PEN,197.9,35.62,233.52,False,233.52,1,False,0.0,233.52,0.0,True,CONCILIADA_EXACTA,True
S3AA-0078507161,2021963014,CLIENT_00192,89345575,287892337,FACTURACION CICLICA,AMDOCS,2026-05-15,2026-06-01,PEN,20.71,3.72,24.43,False,24.43,1,False,0.0,24.43,0.0,True,CONCILIADA_EXACTA,True
S3AA-0078004041,2031228249,CLIENT_00463,649332521,912571447,FACTURACION CICLICA,AMDOCS,2026-05-15,2026-06-01,PEN,18.98,3.42,22.4,False,22.4,1,False,0.0,22.4,0.0,True,CONCILIADA_EXACTA,True
S3AA-0078209409,2032635276,CLIENT_00664,762647921,859207157,FACTURACION CICLICA,AMDOCS,2026-05-15,2026-06-01,PEN,75.17,13.52,88.69,False,88.69,1,False,0.0,88.69,0.0,True,CONCILIADA_EXACTA,True
S3AA-0077718472,2031091013,CLIENT_00196,71934575,783330853,FACTURACION CICLICA,AMDOCS,2026-05-15,2026-06-01,PEN,22.48,4.05,26.53,False,26.53,1,False,0.0,26.53,0.0,True,CONCILIADA_EXACTA,True
S3AA-0077878033,2090334510,CLIENT_00875,332812621,71849547,FACTURACION CICLICA,AMDOCS,2026-05-15,2026-06-01,PEN,105.53,19.0,124.53,False,124.53,1,False,0.0,124.53,0.0,True,CONCILIADA_EXACTA,True
S3AA-0078350940,2014407140,CLIENT_00312,281561611,322328627,FACTURACION CICLICA,AMDOCS,2026-05-15,2026-06-01,PEN,49.18,8.86,58.03,False,58.03,1,False,0.0,58.03,0.0,True,CONCILIADA_EXACTA,True
S1AA-0051039813,2098363854,CLIENT_00063,80290575,421513101,FACTURACION CICLICA,AMDOCS,2026-05-05,2026-05-21,PEN,2375.49,427.59,2803.08,False,2803.08,1,False,0.0,2803.08,0.0,True,CONCILIADA_EXACTA,True
S3AA-0078054702,2028148322,CLIENT_00798,155368321,952262457,FACTURACION CICLICA,AMDOCS,2026-05-15,2026-06-01,PEN,71.13,12.8,83.93,False,83.93,1,False,0.0,83.93,0.0,True,CONCILIADA_EXACTA,True
S3AA-0078073721,2025967685,CLIENT_00216,35646575,410047257,FACTURACION CICLICA,AMDOCS,2026-05-15,2026-06-01,PEN,41.47,7.46,48.93,False,48.93,1,False,0.0,48.93,0.0,True,CONCILIADA_EXACTA,True
S3AA-0077757167,2013697319,CLIENT_00507,12872575,654768543,FACTURACION CICLICA,AMDOCS,2026-05-15,2026-06-01,PEN,37.32,6.71,44.03,False,44.03,1,False,0.0,44.03,0.0,True,CONCILIADA_EXACTA,True
S3AA-0077961005,2085420441,CLIENT_00762,34542575,44822823,FACTURACION CICLICA,AMDOCS,2026-05-15,2026-06-01,PEN,19.04,3.43,22.47,False,22.47,1,False,0.0,22.47,0.0,True,CONCILIADA_EXACTA,True
S3AA-0077950699,2041085342,CLIENT_00197,24077575,599021601,FACTURACION CICLICA,AMDOCS,2026-05-15,2026-06-01,PEN,14.17,2.56,16.73,False,16.73,1,False,0.0,16.73,0.0,True,CONCILIADA_EXACTA,True
S9AA-0081859198,2051367485,CLIENT_00262,97093406,169234506,FACTURACION CICLICA,AMDOCS,2026-06-01,2026-06-17,PEN,40.94,7.36,48.3,False,48.3,1,False,0.0,48.3,0.0,True,CONCILIADA_EXACTA,True
S5AA-0080312965,2069121500,CLIENT_00717,5968995,550389406,FACTURACION CICLICA,AMDOCS,2026-05-18,2026-06-05,PEN,124.22,22.36,146.58,False,146.58,1,False,0.0,146.58,0.0,True,CONCILIADA_EXACTA,True
S3AA-0077674517,2020143008,CLIENT_00090,215219121,412903747,FACTURACION CICLICA,AMDOCS,2026-05-15,2026-06-01,PEN,50.13,9.02,59.15,False,59.15,1,False,0.0,59.15,0.0,True,CONCILIADA_EXACTA,True
S3AA-0078255975,2000097055,CLIENT_00892,272818321,966665147,FACTURACION CICLICA,AMDOCS,2026-05-15,2026-06-01,PEN,21.71,3.91,25.62,False,25.62,1,False,0.0,25.62,0.0,True,CONCILIADA_EXACTA,True
S3AA-0078508605,2021963014,CLIENT_00192,89345575,465296247,FACTURACION CICLICA,AMDOCS,2026-05-15,2026-06-01,PEN,25.45,4.58,30.03,False,30.03,1,False,0.0,30.03,0.0,True,CONCILIADA_EXACTA,True
S3AA-0078502576,2082422571,CLIENT_00010,792078121,510144857,FACTURACION CICLICA,AMDOCS,2026-05-15,2026-06-01,PEN,81.69,14.7,96.39,False,96.39,1,False,0.0,96.39,0.0,True,CONCILIADA_EXACTA,True
S3AA-0077864304,2040265328,CLIENT_00922,23224575,21311463,FACTURACION CICLICA,AMDOCS,2026-05-15,2026-06-01,PEN,22.48,4.05,26.53,False,26.53,1,False,0.0,26.53,0.0,True,CONCILIADA_EXACTA,True
S3AA-0077757961,2037889248,CLIENT_00761,12041575,516592593,FACTURACION CICLICA,AMDOCS,2026-05-15,2026-06-01,PEN,53.92,9.71,63.63,False,63.63,1,False,0.0,63.63,0.0,True,CONCILIADA_EXACTA,True
S3AA-0077805377,2005459584,CLIENT_00291,62712575,83730423,FACTURACION CICLICA,AMDOCS,2026-05-15,2026-06-01,PEN,28.18,5.07,33.25,False,33.25,1,False,0.0,33.25,0.0,True,CONCILIADA_EXACTA,True
S3AA-0077864305,2040265328,CLIENT_00922,23224575,205311463,FACTURACION CICLICA,AMDOCS,2026-05-15,2026-06-01,PEN,18.92,3.41,22.33,False,22.33,1,False,0.0,22.33,0.0,True,CONCILIADA_EXACTA,True
S3AA-0077727409,2001156117,CLIENT_00442,91425575,562588501,FACTURACION CICLICA,AMDOCS,2026-05-15,2026-06-01,PEN,31.67,5.71,37.38,False,37.38,1,False,0.0,37.38,0.0,True,CONCILIADA_EXACTA,True
S3AA-0078057424,2025967685,CLIENT_00216,35646575,197032201,FACTURACION CICLICA,AMDOCS,2026-05-15,2026-06-01,PEN,21.12,3.8,24.92,False,24.92,1,False,0.0,24.92,0.0,True,CONCILIADA_EXACTA,True
S5AA-0080280664,2057406010,CLIENT_00884,54809606,577529657,FACTURACION CICLICA,AMDOCS,2026-05-18,2026-06-05,PEN,53.33,9.6,62.93,False,62.93,1,False,0.0,62.93,0.0,True,CONCILIADA_EXACTA,True
S3AA-0077882468,2011067330,CLIENT_00113,336038121,33224167,FACTURACION CICLICA,AMDOCS,2026-05-15,2026-06-01,PEN,24.85,4.48,29.33,False,29.33,1,False,0.0,29.33,0.0,True,CONCILIADA_EXACTA,True
S3AA-0077969117,2070960858,CLIENT_00456,244253411,586927957,FACTURACION CICLICA,AMDOCS,2026-05-15,2026-06-01,PEN,35.53,6.4,41.93,False,41.93,1,False,0.0,41.93,0.0,True,CONCILIADA_EXACTA,True
S3AA-0078417463,2028110957,CLIENT_00960,98614575,683070253,FACTURACION CICLICA,AMDOCS,2026-05-15,2026-06-01,PEN,31.38,5.65,37.03,False,37.03,1,False,0.0,37.03,0.0,True,CONCILIADA_EXACTA,True
S3AA-0077958418,2031853028,CLIENT_00531,148721331,275898657,FACTURACION CICLICA,AMDOCS,2026-05-15,2026-06-01,PEN,59.26,10.68,69.93,False,69.93,1,False,0.0,69.93,0.0,True,CONCILIADA_EXACTA,True
S3AA-0077812983,2013284189,CLIENT_00029,623682121,879436757,FACTURACION CICLICA,AMDOCS,2026-05-15,2026-06-01,PEN,20.7,3.73,24.43,False,24.43,1,False,0.0,24.43,0.0,True,CONCILIADA_EXACTA,True
S3AA-0078310586,2002657495,CLIENT_00013,87633575,456087043,FACTURACION CICLICA,AMDOCS,2026-05-15,2026-06-01,PEN,33.75,6.08,39.83,False,39.83,1,False,0.0,39.83,0.0,True,CONCILIADA_EXACTA,True
S3AA-0078013445,2078922170,CLIENT_00227,741841421,209822247,FACTURACION CICLICA,AMDOCS,2026-05-15,2026-06-01,PEN,63.71,11.47,75.18,False,75.18,1,False,0.0,75.18,0.0,True,CONCILIADA_EXACTA,True
S5AA-0080560183,2069114417,CLIENT_00617,28716716,894805657,FACTURACION CICLICA,AMDOCS,2026-05-18,2026-06-05,PEN,100.79,18.14,118.93,False,118.93,1,False,0.0,118.93,0.0,True,CONCILIADA_EXACTA,True
S3AA-0077669315,2067647278,CLIENT_00078,21761575,829531213,FACTURACION CICLICA,AMDOCS,2026-05-15,2026-06-01,PEN,43.25,7.78,51.03,False,51.03,1,False,0.0,51.03,0.0,True,CONCILIADA_EXACTA,True
S3AA-0077969116,2070960858,CLIENT_00456,244253411,726927957,FACTURACION CICLICA,AMDOCS,2026-05-15,2026-06-01,PEN,50.96,9.17,60.13,False,60.13,1,False,0.0,60.13,0.0,True,CONCILIADA_EXACTA,True
S3AA-0078502396,2082422571,CLIENT_00010,792078121,167589757,FACTURACION CICLICA,AMDOCS,2026-05-15,2026-06-01,PEN,41.47,7.46,48.93,False,48.93,1,False,0.0,48.93,0.0,True,CONCILIADA_EXACTA,True
S3AA-0077994514,2038638301,CLIENT_00391,543454421,354077447,FACTURACION CICLICA,AMDOCS,2026-05-15,2026-06-01,PEN,66.74,12.01,78.75,False,78.75,1,False,0.0,78.75,0.0,True,CONCILIADA_EXACTA,True
S3AA-0078494966,2006969490,CLIENT_00418,79003575,223963533,FACTURACION CICLICA,AMDOCS,2026-05-15,2026-06-01,PEN,31.38,5.65,37.03,False,37.03,1,False,0.0,37.03,0.0,True,CONCILIADA_EXACTA,True
S3AA-0078339684,2025216315,CLIENT_00075,18781575,491844333,FACTURACION CICLICA,AMDOCS,2026-05-15,2026-06-01,PEN,29.01,5.22,34.23,False,34.23,1,False,0.0,34.23,0.0,True,CONCILIADA_EXACTA,True
S8AA-0007927477,2072690831,CLIENT_00802,150349921,892599157,FACTURACION CICLICA,AMDOCS,2026-06-27,2026-07-13,PEN,103.69,18.67,122.36,False,122.36,1,False,0.0,122.36,0.0,True,CONCILIADA_EXACTA,True
S3AA-0077863641,2043314925,CLIENT_00110,33002575,78349023,FACTURACION CICLICA,AMDOCS,2026-05-15,2026-06-01,PEN,18.92,3.41,22.33,False,22.33,1,False,0.0,22.33,0.0,True,CONCILIADA_EXACTA,True
S3AA-0077727813,2013843524,CLIENT_00361,81125575,977872623,FACTURACION CICLICA,AMDOCS,2026-05-15,2026-06-01,PEN,27.23,4.9,32.13,False,32.13,1,False,0.0,32.13,0.0,True,CONCILIADA_EXACTA,True
S3AA-0077775269,2074242971,CLIENT_00479,220136621,618805067,FACTURACION CICLICA,AMDOCS,2026-05-15,2026-06-01,PEN,103.45,18.63,122.08,False,122.08,1,False,0.0,122.08,0.0,True,CONCILIADA_EXACTA,True
S5AA-0080742720,2021563134,CLIENT_00471,802909421,310955347,FACTURACION CICLICA,AMDOCS,2026-05-18,2026-06-05,PEN,17.74,3.19,20.93,False,20.93,1,False,0.0,20.93,0.0,True,CONCILIADA_EXACTA,True
S3AA-0077970862,2006563540,CLIENT_00639,34993575,933790943,FACTURACION CICLICA,AMDOCS,2026-05-15,2026-06-01,PEN,31.67,5.71,37.38,False,37.38,1,False,0.0,37.38,0.0,True,CONCILIADA_EXACTA,True
S3AA-0077600274,2070960858,CLIENT_00456,401913421,861037957,FACTURACION CICLICA,AMDOCS,2026-05-15,2026-06-01,PEN,35.53,6.4,41.93,False,41.93,1,False,0.0,41.93,0.0,True,CONCILIADA_EXACTA,True
S3AA-0078393990,2090318936,CLIENT_00333,684991031,824973257,FACTURACION CICLICA,AMDOCS,2026-05-15,2026-06-01,PEN,44.2,7.95,52.15,False,52.15,1,False,0.0,52.15,0.0,True,CONCILIADA_EXACTA,True
S3AA-0078125794,2066708502,CLIENT_00083,6594575,903148513,FACTURACION CICLICA,AMDOCS,2026-05-15,2026-06-01,PEN,39.98,7.2,47.18,False,47.18,1,False,0.0,47.18,0.0,True,CONCILIADA_EXACTA,True
S3AA-0077864215,2040265328,CLIENT_00922,23224575,630266753,FACTURACION CICLICA,AMDOCS,2026-05-15,2026-06-01,PEN,18.92,3.41,22.33,False,22.33,1,False,0.0,22.33,0.0,True,CONCILIADA_EXACTA,True
S3AA-0078454965,2025424256,CLIENT_00721,297043021,435943067,FACTURACION CICLICA,AMDOCS,2026-05-15,2026-06-01,PEN,23.67,4.26,27.93,False,27.93,1,False,0.0,27.93,0.0,True,CONCILIADA_EXACTA,True
S3AA-0077757168,2013697319,CLIENT_00507,12872575,854768543,FACTURACION CICLICA,AMDOCS,2026-05-15,2026-06-01,PEN,37.32,6.71,44.03,False,44.03,1,False,0.0,44.03,0.0,True,CONCILIADA_EXACTA,True
S3AA-0078352911,2014220137,CLIENT_00553,287712321,306693047,FACTURACION CICLICA,AMDOCS,2026-05-15,2026-06-01,PEN,54.93,9.89,64.82,False,64.82,1,False,0.0,64.82,0.0,True,CONCILIADA_EXACTA,True
S3AA-0078187456,2079287596,CLIENT_00457,567110221,286284737,FACTURACION CICLICA,AMDOCS,2026-05-15,2026-06-01,PEN,69.88,12.58,82.46,False,82.46,1,False,0.0,82.46,0.0,True,CONCILIADA_EXACTA,True
S3AA-0077814734,2034148976,CLIENT_00370,82556575,922762301,FACTURACION CICLICA,AMDOCS,2026-05-15,2026-06-01,PEN,51.79,9.32,61.11,False,61.11,1,False,0.0,61.11,0.0,True,CONCILIADA_EXACTA,True
S3AA-0077862628,2093387336,CLIENT_00580,138337721,340321067,FACTURACION CICLICA,AMDOCS,2026-05-15,2026-06-01,PEN,130.03,23.41,153.44,False,153.44,1,False,0.0,153.44,0.0,True,CONCILIADA_EXACTA,True
S5AA-0080489842,2077915427,CLIENT_00955,47179116,434412606,FACTURACION CICLICA,AMDOCS,2026-05-18,2026-06-05,PEN,47.4,8.53,55.93,False,55.93,1,False,0.0,55.93,0.0,True,CONCILIADA_EXACTA,True
S3AA-0078495584,2006969490,CLIENT_00418,79003575,527733873,FACTURACION CICLICA,AMDOCS,2026-05-15,2026-06-01,PEN,52.91,9.53,62.44,False,62.44,1,False,0.0,62.44,0.0,True,CONCILIADA_EXACTA,True
S3AA-0078038347,1002033932,CLIENT_00092,5551575,781721923,FACTURACION CICLICA,AMDOCS,2026-05-15,2026-06-01,PEN,39.69,7.14,46.83,False,46.83,1,False,0.0,46.83,0.0,True,CONCILIADA_EXACTA,True
S3AA-0077834517,2045309501,CLIENT_00511,3074575,854215713,FACTURACION CICLICA,AMDOCS,2026-05-15,2026-06-01,PEN,49.18,8.86,58.03,False,58.03,1,False,0.0,58.03,0.0,True,CONCILIADA_EXACTA,True
S3AA-0078057472,2056934422,CLIENT_00124,35686575,642991501,FACTURACION CICLICA,AMDOCS,2026-05-15,2026-06-01,PEN,18.92,3.41,22.33,False,22.33,1,False,0.0,22.33,0.0,True,CONCILIADA_EXACTA,True
S3AA-0077716061,2050372725,CLIENT_00988,615858811,305722857,FACTURACION CICLICA,AMDOCS,2026-05-15,2026-06-01,PEN,100.79,18.14,118.93,False,118.93,1,False,0.0,118.93,0.0,True,CONCILIADA_EXACTA,True
S3AA-0077761752,2037889248,CLIENT_00761,12041575,202389647,FACTURACION CICLICA,AMDOCS,2026-05-15,2026-06-01,PEN,25.45,4.58,30.03,False,30.03,1,False,0.0,30.03,0.0,True,CONCILIADA_EXACTA,True
S3AA-0077579716,2081245613,CLIENT_00129,207627921,199681757,FACTURACION CICLICA,AMDOCS,2026-05-15,2026-06-01,PEN,109.63,19.73,129.36,False,129.36,1,False,0.0,129.36,0.0,True,CONCILIADA_EXACTA,True
S3AA-0077669879,2067647278,CLIENT_00078,21761575,57746343,FACTURACION CICLICA,AMDOCS,2026-05-15,2026-06-01,PEN,28.11,5.07,33.18,False,33.18,1,False,0.0,33.18,0.0,True,CONCILIADA_EXACTA,True
S5AA-0080187807,2098217998,CLIENT_00516,43944106,598141506,FACTURACION CICLICA,AMDOCS,2026-05-18,2026-06-05,PEN,74.98,13.5,88.48,False,88.48,1,False,0.0,88.48,0.0,True,CONCILIADA_EXACTA,True
S3AA-0077637975,2023281496,CLIENT_00538,80317575,834498657,FACTURACION CICLICA,AMDOCS,2026-05-15,2026-06-01,PEN,168.83,30.39,199.22,False,199.22,1,False,0.0,199.22,0.0,True,CONCILIADA_EXACTA,True
S3AA-0078508867,2021963014,CLIENT_00192,89345575,883265447,FACTURACION CICLICA,AMDOCS,2026-05-15,2026-06-01,PEN,43.25,7.78,51.03,False,51.03,1,False,0.0,51.03,0.0,True,CONCILIADA_EXACTA,True
S3AA-0078505389,2021963014,CLIENT_00192,89345575,303701283,FACTURACION CICLICA,AMDOCS,2026-05-15,2026-06-01,PEN,71.13,12.8,83.93,False,83.93,1,False,0.0,83.93,0.0,True,CONCILIADA_EXACTA,True
S5AA-0080434323,2096049962,CLIENT_01000,66537116,705563947,FACTURACION CICLICA,AMDOCS,2026-05-18,2026-06-05,PEN,94.86,17.07,111.93,False,111.93,1,False,0.0,111.93,0.0,True,CONCILIADA_EXACTA,True
S5AA-0080887117,2074406544,CLIENT_00417,72941616,851716606,FACTURACION CICLICA,AMDOCS,2026-05-18,2026-06-05,PEN,27.83,5.01,32.83,False,32.83,1,False,0.0,32.83,0.0,True,CONCILIADA_EXACTA,True
S5AA-0080327923,2001063341,CLIENT_00144,25693116,568911606,FACTURACION CICLICA,AMDOCS,2026-05-18,2026-06-05,PEN,50.3,9.06,59.36,False,59.36,1,False,0.0,59.36,0.0,True,CONCILIADA_EXACTA,True
S5AA-0080901615,2065635379,CLIENT_00149,3536406,55284506,FACTURACION CICLICA,AMDOCS,2026-05-18,2026-06-05,PEN,167.71,30.18,197.89,False,197.89,1,False,0.0,197.89,0.0,True,CONCILIADA_EXACTA,True
S3AA-0078220568,2000865303,CLIENT_00788,864924721,859748657,FACTURACION CICLICA,AMDOCS,2026-05-15,2026-06-01,PEN,53.33,9.6,62.93,False,62.93,1,False,0.0,62.93,0.0,True,CONCILIADA_EXACTA,True
S3AA-0077605332,2026820794,CLIENT_00028,504642321,942433047,FACTURACION CICLICA,AMDOCS,2026-05-15,2026-06-01,PEN,46.21,8.32,54.53,False,54.53,1,False,0.0,54.53,0.0,True,CONCILIADA_EXACTA,True
S3AA-0077835302,2049019784,CLIENT_00811,92003575,471659563,FACTURACION CICLICA,AMDOCS,2026-05-15,2026-06-01,PEN,27.23,4.9,32.13,False,32.13,1,False,0.0,32.13,0.0,True,CONCILIADA_EXACTA,True
S5AA-0080896990,2071854449,CLIENT_00591,92218116,435285147,FACTURACION CICLICA,AMDOCS,2026-05-18,2026-06-05,PEN,136.14,24.51,160.65,False,160.65,1,False,0.0,160.65,0.0,True,CONCILIADA_EXACTA,True
S3AA-0077600273,2070960858,CLIENT_00456,401913421,940037957,FACTURACION CICLICA,AMDOCS,2026-05-15,2026-06-01,PEN,50.96,9.17,60.13,False,60.13,1,False,0.0,60.13,0.0,True,CONCILIADA_EXACTA,True
S3AA-0078276807,2003216433,CLIENT_00243,477725311,184680947,FACTURACION CICLICA,AMDOCS,2026-05-15,2026-06-01,PEN,100.49,18.09,118.58,False,118.58,1,False,0.0,118.58,0.0,True,CONCILIADA_EXACTA,True
S5AA-0080898914,2009780710,CLIENT_00275,92755206,691118957,FACTURACION CICLICA,AMDOCS,2026-05-18,2026-06-05,PEN,77.06,13.87,90.93,False,90.93,1,False,0.0,90.93,0.0,True,CONCILIADA_EXACTA,True
S5AA-0080890970,2089216910,CLIENT_00949,729370231,598302557,FACTURACION CICLICA,AMDOCS,2026-05-18,2026-06-05,PEN,103.52,18.63,122.15,False,122.15,1,False,0.0,122.15,0.0,True,CONCILIADA_EXACTA,True
S3AA-0077960420,2071316506,CLIENT_00040,34954575,546690601,FACTURACION CICLICA,AMDOCS,2026-05-15,2026-06-01,PEN,33.75,6.08,39.83,False,39.83,1,False,0.0,39.83,0.0,True,CONCILIADA_EXACTA,True
S5AA-0080232230,2091514048,CLIENT_00099,93455606,848147506,FACTURACION CICLICA,AMDOCS,2026-05-18,2026-06-05,PEN,97.82,17.61,115.43,False,115.43,1,False,0.0,115.43,0.0,True,CONCILIADA_EXACTA,True
S3AA-0078503187,2082422571,CLIENT_00010,792078121,608838957,FACTURACION CICLICA,AMDOCS,2026-05-15,2026-06-01,PEN,41.47,7.46,48.93,False,48.93,1,False,0.0,48.93,0.0,True,CONCILIADA_EXACTA,True
S5AA-0080841885,2046916374,CLIENT_00711,22517785,454977306,FACTURACION CICLICA,AMDOCS,2026-05-18,2026-06-05,PEN,148.96,26.81,175.77,False,175.77,1,False,0.0,175.77,0.0,True,CONCILIADA_EXACTA,True
S5AA-0080802545,2035124090,CLIENT_00147,613385621,945667457,FACTURACION CICLICA,AMDOCS,2026-05-18,2026-06-05,PEN,112.36,20.22,132.58,False,132.58,1,False,0.0,132.58,0.0,True,CONCILIADA_EXACTA,True
S5AA-0080737159,2090613378,CLIENT_00096,70024516,857192067,FACTURACION CICLICA,AMDOCS,2026-05-18,2026-06-05,PEN,88.63,15.95,104.58,False,104.58,1,False,0.0,104.58,0.0,True,CONCILIADA_EXACTA,True
S3AA-0078454964,2025424256,CLIENT_00721,297043021,341943067,FACTURACION CICLICA,AMDOCS,2026-05-15,2026-06-01,PEN,23.67,4.26,27.93,False,27.93,1,False,0.0,27.93,0.0,True,CONCILIADA_EXACTA,True
S3AA-0078014752,2031682801,CLIENT_00220,745363821,953106947,FACTURACION CICLICA,AMDOCS,2026-05-15,2026-06-01,PEN,31.38,5.65,37.03,False,37.03,1,False,0.0,37.03,0.0,True,CONCILIADA_EXACTA,True
S3AA-0077757962,2037889248,CLIENT_00761,12041575,736592593,FACTURACION CICLICA,AMDOCS,2026-05-15,2026-06-01,PEN,53.92,9.71,63.63,False,63.63,1,False,0.0,63.63,0.0,True,CONCILIADA_EXACTA,True
S5AA-0080813144,2025199500,CLIENT_00474,81624306,258533506,FACTURACION CICLICA,AMDOCS,2026-05-18,2026-06-05,PEN,119.77,21.56,141.33,False,141.33,1,False,0.0,141.33,0.0,True,CONCILIADA_EXACTA,True
S5AA-0080776274,2056046163,CLIENT_00994,31979006,770501506,FACTURACION CICLICA,AMDOCS,2026-05-18,2026-06-05,PEN,98.83,17.79,116.62,False,116.62,1,False,0.0,116.62,0.0,True,CONCILIADA_EXACTA,True
S5AA-0080628830,2053570348,CLIENT_00998,39598195,941791406,FACTURACION CICLICA,AMDOCS,2026-05-18,2026-06-05,PEN,64.6,11.63,76.23,False,76.23,1,False,0.0,76.23,0.0,True,CONCILIADA_EXACTA,True
S3AA-0078403563,2039660724,CLIENT_00161,784058921,20819157,FACTURACION CICLICA,AMDOCS,2026-05-15,2026-06-01,PEN,194.05,34.92,228.97,False,228.97,1,False,0.0,228.97,0.0,True,CONCILIADA_EXACTA,True
S3AA-0077812982,2013284189,CLIENT_00029,623682121,302436757,FACTURACION CICLICA,AMDOCS,2026-05-15,2026-06-01,PEN,29.6,5.33,34.93,False,34.93,1,False,0.0,34.93,0.0,True,CONCILIADA_EXACTA,True
S5AA-0080531118,2053585542,CLIENT_00846,97022606,136314957,FACTURACION CICLICA,AMDOCS,2026-05-18,2026-06-05,PEN,79.72,14.36,94.08,False,94.08,1,False,0.0,94.08,0.0,True,CONCILIADA_EXACTA,True
S3AA-0078193998,2038330759,CLIENT_00758,66433575,10936043,FACTURACION CICLICA,AMDOCS,2026-05-15,2026-06-01,PEN,48.94,8.81,57.75,False,57.75,1,False,0.0,57.75,0.0,True,CONCILIADA_EXACTA,True
S3AA-0077776277,2022190206,CLIENT_00446,32721575,796471423,FACTURACION CICLICA,AMDOCS,2026-05-15,2026-06-01,PEN,30.37,5.47,35.84,False,35.84,1,False,0.0,35.84,0.0,True,CONCILIADA_EXACTA,True
S3AA-0078504721,2080289526,CLIENT_00976,89031575,576170633,FACTURACION CICLICA,AMDOCS,2026-05-15,2026-06-01,PEN,27.23,4.9,32.13,False,32.13,1,False,0.0,32.13,0.0,True,CONCILIADA_EXACTA,True
S3AA-0078454966,2025424256,CLIENT_00721,297043021,536553067,FACTURACION CICLICA,AMDOCS,2026-05-15,2026-06-01,PEN,23.67,4.26,27.93,False,27.93,1,False,0.0,27.93,0.0,True,CONCILIADA_EXACTA,True
S5AA-0080444200,2043931605,CLIENT_00834,86639085,370390306,FACTURACION CICLICA,AMDOCS,2026-05-18,2026-06-05,PEN,56.29,10.14,66.43,False,66.43,1,False,0.0,66.43,0.0,True,CONCILIADA_EXACTA,True
S3AA-0077670437,2067647278,CLIENT_00078,21761575,402521183,FACTURACION CICLICA,AMDOCS,2026-05-15,2026-06-01,PEN,43.25,7.78,51.03,False,51.03,1,False,0.0,51.03,0.0,True,CONCILIADA_EXACTA,True
S3AA-0077736955,2021717009,CLIENT_00572,812660631,577754167,FACTURACION CICLICA,AMDOCS,2026-05-15,2026-06-01,PEN,18.91,3.42,22.33,False,22.33,1,False,0.0,22.33,0.0,True,CONCILIADA_EXACTA,True
S5AA-0080780985,2012453412,CLIENT_00293,31688106,712075857,FACTURACION CICLICA,AMDOCS,2026-05-18,2026-06-05,PEN,123.34,22.19,145.53,False,145.53,1,False,0.0,145.53,0.0,True,CONCILIADA_EXACTA,True
S5AA-0080278684,2090837613,CLIENT_00803,542168021,707978437,FACTURACION CICLICA,AMDOCS,2026-05-18,2026-06-05,PEN,389.98,70.2,460.18,False,460.18,1,False,0.0,460.18,0.0,True,CONCILIADA_EXACTA,True
S3AA-0078319650,2027945288,CLIENT_00805,8266575,231360601,FACTURACION CICLICA,AMDOCS,2026-05-15,2026-06-01,PEN,32.56,5.87,38.43,False,38.43,1,False,0.0,38.43,0.0,True,CONCILIADA_EXACTA,True
S5AA-0080332154,2008261235,CLIENT_00881,25071785,132044757,FACTURACION CICLICA,AMDOCS,2026-05-18,2026-06-05,PEN,94.86,17.07,111.93,False,111.93,1,False,0.0,111.93,0.0,True,CONCILIADA_EXACTA,True
S5AA-0080764686,2078921519,CLIENT_00563,11622616,307511347,FACTURACION CICLICA,AMDOCS,2026-05-18,2026-06-05,PEN,31.08,5.6,36.68,False,36.68,1,False,0.0,36.68,0.0,True,CONCILIADA_EXACTA,True
S3AA-0077737211,2094037394,CLIENT_00744,91516575,143072613,FACTURACION CICLICA,AMDOCS,2026-05-15,2026-06-01,PEN,49.77,8.96,58.73,False,58.73,1,False,0.0,58.73,0.0,True,CONCILIADA_EXACTA,True
S5AA-0080802828,2044242578,CLIENT_00641,61758016,180317657,FACTURACION CICLICA,AMDOCS,2026-05-18,2026-06-05,PEN,65.2,11.73,76.93,False,76.93,1,False,0.0,76.93,0.0,True,CONCILIADA_EXACTA,True
S5AA-0080507897,2040664753,CLIENT_00565,67507116,333625947,FACTURACION CICLICA,AMDOCS,2026-05-18,2026-06-05,PEN,5.94,1.06,7.0,False,7.0,1,False,0.0,7.0,0.0,True,CONCILIADA_EXACTA,True
S3AA-0078413848,2003554480,CLIENT_00842,888406011,245345357,FACTURACION CICLICA,AMDOCS,2026-05-15,2026-06-01,PEN,88.92,16.01,104.93,False,104.93,1,False,0.0,104.93,0.0,True,CONCILIADA_EXACTA,True
S3AA-0077600270,2070960858,CLIENT_00456,401913421,326927957,FACTURACION CICLICA,AMDOCS,2026-05-15,2026-06-01,PEN,35.53,6.4,41.93,False,41.93,1,False,0.0,41.93,0.0,True,CONCILIADA_EXACTA,True
S3AA-0078494991,2006969490,CLIENT_00418,79003575,931637733,FACTURACION CICLICA,AMDOCS,2026-05-15,2026-06-01,PEN,31.38,5.65,37.03,False,37.03,1,False,0.0,37.03,0.0,True,CONCILIADA_EXACTA,True
S3AA-0077628922,2004965083,CLIENT_00066,702913431,910148857,FACTURACION CICLICA,AMDOCS,2026-05-15,2026-06-01,PEN,88.92,16.01,104.93,False,104.93,1,False,0.0,104.93,0.0,True,CONCILIADA_EXACTA,True
S3AA-0078288120,2094902246,CLIENT_00008,571644011,999010657,FACTURACION CICLICA,AMDOCS,2026-05-15,2026-06-01,PEN,94.86,17.07,111.93,False,111.93,1,False,0.0,111.93,0.0,True,CONCILIADA_EXACTA,True
S3AA-0077586848,2033646347,CLIENT_00497,308952621,376699547,FACTURACION CICLICA,AMDOCS,2026-05-15,2026-06-01,PEN,52.14,9.39,61.53,False,61.53,1,False,0.0,61.53,0.0,True,CONCILIADA_EXACTA,True
S5AA-0080761981,2043525526,CLIENT_00979,11065316,254323606,FACTURACION CICLICA,AMDOCS,2026-05-18,2026-06-05,PEN,128.44,23.11,151.55,False,151.55,1,False,0.0,151.55,0.0,True,CONCILIADA_EXACTA,True
S3AA-0077834218,2088688350,CLIENT_00267,3725575,530221601,FACTURACION CICLICA,AMDOCS,2026-05-15,2026-06-01,PEN,64.96,11.69,76.65,False,76.65,1,False,0.0,76.65,0.0,True,CONCILIADA_EXACTA,True
S3AA-0077600271,2070960858,CLIENT_00456,401913421,319927957,FACTURACION CICLICA,AMDOCS,2026-05-15,2026-06-01,PEN,35.53,6.4,41.93,False,41.93,1,False,0.0,41.93,0.0,True,CONCILIADA_EXACTA,True
S3AA-0077812981,2013284189,CLIENT_00029,623682121,128336757,FACTURACION CICLICA,AMDOCS,2026-05-15,2026-06-01,PEN,20.7,3.73,24.43,False,24.43,1,False,0.0,24.43,0.0,True,CONCILIADA_EXACTA,True
S5AA-0080762076,2074406544,CLIENT_00417,11041616,431716606,FACTURACION CICLICA,AMDOCS,2026-05-18,2026-06-05,PEN,71.13,12.8,83.93,False,83.93,1,False,0.0,83.93,0.0,True,CONCILIADA_EXACTA,True
S9AA-0082187705,2098171066,CLIENT_00522,71870606,472626506,FACTURACION CICLICA,AMDOCS,2026-06-01,2026-06-17,PEN,26.64,4.8,31.43,False,31.43,1,False,0.0,31.43,0.0,True,CONCILIADA_EXACTA,True
S5AA-0080736968,2090272538,CLIENT_00506,706451821,949891957,FACTURACION CICLICA,AMDOCS,2026-05-18,2026-06-05,PEN,88.92,16.01,104.93,False,104.93,1,False,0.0,104.93,0.0,True,CONCILIADA_EXACTA,True
S3AA-0077776823,2059324355,CLIENT_00481,32562575,555908263,FACTURACION CICLICA,AMDOCS,2026-05-15,2026-06-01,PEN,23.67,4.26,27.93,False,27.93,1,False,0.0,27.93,0.0,True,CONCILIADA_EXACTA,True
S5AA-0080872072,2079585159,CLIENT_00559,62957795,726097406,FACTURACION CICLICA,AMDOCS,2026-05-18,2026-06-05,PEN,110.69,19.93,130.62,False,130.62,1,False,0.0,130.62,0.0,True,CONCILIADA_EXACTA,True
S3AA-0078187454,2079287596,CLIENT_00457,567110221,394084737,FACTURACION CICLICA,AMDOCS,2026-05-15,2026-06-01,PEN,144.51,26.01,170.52,False,170.52,1,False,0.0,170.52,0.0,True,CONCILIADA_EXACTA,True
S5AA-0080530121,2081309251,CLIENT_00433,97547106,878589057,FACTURACION CICLICA,AMDOCS,2026-05-18,2026-06-05,PEN,48.06,8.64,56.7,False,56.7,1,False,0.0,56.7,0.0,True,CONCILIADA_EXACTA,True
S3AA-0078498096,2082422571,CLIENT_00010,792078121,391821737,FACTURACION CICLICA,AMDOCS,2026-05-15,2026-06-01,PEN,47.4,8.53,55.93,False,55.93,1,False,0.0,55.93,0.0,True,CONCILIADA_EXACTA,True
S9AA-0082224599,2005559505,CLIENT_00406,121728021,266989637,FACTURACION CICLICA,AMDOCS,2026-06-01,2026-06-17,PEN,88.92,16.01,104.93,False,104.93,1,False,0.0,104.93,0.0,True,CONCILIADA_EXACTA,True
S5AA-0080708985,2012793422,CLIENT_00234,60004085,215930306,FACTURACION CICLICA,AMDOCS,2026-05-18,2026-06-05,PEN,46.92,8.45,55.37,False,55.37,1,False,0.0,55.37,0.0,True,CONCILIADA_EXACTA,True
S5AA-0080721103,2024654901,CLIENT_00714,89444995,469140847,FACTURACION CICLICA,AMDOCS,2026-05-18,2026-06-05,PEN,43.18,7.78,50.96,False,50.96,1,False,0.0,50.96,0.0,True,CONCILIADA_EXACTA,True
S5AA-0080882084,2083097547,CLIENT_00654,82030516,169444047,FACTURACION CICLICA,AMDOCS,2026-05-18,2026-06-05,PEN,97.59,17.56,115.15,False,115.15,1,False,0.0,115.15,0.0,True,CONCILIADA_EXACTA,True
S5AA-0080492143,2038838681,CLIENT_00691,47304716,667540737,FACTURACION CICLICA,AMDOCS,2026-05-18,2026-06-05,PEN,73.86,13.29,87.15,False,87.15,1,False,0.0,87.15,0.0,True,CONCILIADA_EXACTA,True
S5AA-0080447362,2065971015,CLIENT_00157,862543011,165703427,FACTURACION CICLICA,AMDOCS,2026-05-18,2026-06-05,PEN,51.91,9.34,61.25,False,61.25,1,False,0.0,61.25,0.0,True,CONCILIADA_EXACTA,True
S3AA-0078274613,2001699108,CLIENT_00989,473844901,245209537,FACTURACION CICLICA,AMDOCS,2026-05-15,2026-06-01,PEN,47.4,8.53,55.93,False,55.93,1,False,0.0,55.93,0.0,True,CONCILIADA_EXACTA,True
S5AA-0080861642,2030739572,CLIENT_00552,429218231,161173657,FACTURACION CICLICA,AMDOCS,2026-05-18,2026-06-05,PEN,19.75,3.56,23.31,False,23.31,1,False,0.0,23.31,0.0,True,CONCILIADA_EXACTA,True
S5AA-0080398428,2094973310,CLIENT_00523,162487121,820342757,FACTURACION CICLICA,AMDOCS,2026-05-18,2026-06-05,PEN,100.79,18.14,118.93,False,118.93,1,False,0.0,118.93,0.0,True,CONCILIADA_EXACTA,True
S5AA-0080195247,2049726118,CLIENT_00693,53967106,952071506,FACTURACION CICLICA,AMDOCS,2026-05-18,2026-06-05,PEN,49.77,8.96,58.73,False,58.73,1,False,0.0,58.73,0.0,True,CONCILIADA_EXACTA,True
S5AA-0080276212,2088424166,CLIENT_00134,54902106,423011506,FACTURACION CICLICA,AMDOCS,2026-05-18,2026-06-05,PEN,134.07,24.13,158.2,False,158.2,1,False,0.0,158.2,0.0,True,CONCILIADA_EXACTA,True
S5AA-0080288224,2049666577,CLIENT_00077,64519885,230808857,FACTURACION CICLICA,AMDOCS,2026-05-18,2026-06-05,PEN,53.33,9.6,62.93,False,62.93,1,False,0.0,62.93,0.0,True,CONCILIADA_EXACTA,True
S5AA-0080871064,2024388948,CLIENT_00436,62547185,614671306,FACTURACION CICLICA,AMDOCS,2026-05-18,2026-06-05,PEN,62.88,11.32,74.2,False,74.2,1,False,0.0,74.2,0.0,True,CONCILIADA_EXACTA,True
S5AA-0080205335,2045546222,CLIENT_00594,13024795,162947837,FACTURACION CICLICA,AMDOCS,2026-05-18,2026-06-05,PEN,133.41,24.02,157.43,False,157.43,1,False,0.0,157.43,0.0,True,CONCILIADA_EXACTA,True
S5AA-0080454838,2043153301,CLIENT_00849,962311511,318031527,FACTURACION CICLICA,AMDOCS,2026-05-18,2026-06-05,PEN,120.66,21.72,142.38,False,142.38,1,False,0.0,142.38,0.0,True,CONCILIADA_EXACTA,True
S3AA-0078136428,2091733360,CLIENT_00277,6703575,437263783,FACTURACION CICLICA,AMDOCS,2026-05-15,2026-06-01,PEN,33.75,6.08,39.83,False,39.83,1,False,0.0,39.83,0.0,True,CONCILIADA_EXACTA,True
S5AA-0080466806,2037867912,CLIENT_00938,17536685,598376306,FACTURACION CICLICA,AMDOCS,2026-05-18,2026-06-05,PEN,52.44,9.44,61.88,False,61.88,1,False,0.0,61.88,0.0,True,CONCILIADA_EXACTA,True
S5AA-0080503773,1003385935,CLIENT_00953,67354095,691550406,FACTURACION CICLICA,AMDOCS,2026-05-18,2026-06-05,PEN,27.83,5.01,32.83,False,32.83,1,False,0.0,32.83,0.0,True,CONCILIADA_EXACTA,True
S9AA-0082449741,2078386304,CLIENT_00703,645411321,943050047,FACTURACION CICLICA,AMDOCS,2026-06-01,2026-06-17,PEN,151.03,27.19,178.22,False,178.22,1,False,0.0,178.22,0.0,True,CONCILIADA_EXACTA,True
S9AA-0082342870,2079044208,CLIENT_00991,53354695,965456406,FACTURACION CICLICA,AMDOCS,2026-06-01,2026-06-17,PEN,56.88,10.25,67.13,False,62.86,1,False,4.26,62.87,-0.00999999999999801,True,CONCILIADA_EXACTA,True
S5AA-0080210484,2013415082,CLIENT_00927,63888616,527196606,FACTURACION CICLICA,AMDOCS,2026-05-18,2026-06-05,PEN,84.83,15.27,100.1,False,100.1,1,False,0.0,100.1,0.0,True,CONCILIADA_EXACTA,True
S5AA-0080334443,2061505168,CLIENT_00879,35089885,129609306,FACTURACION CICLICA,AMDOCS,2026-05-18,2026-06-05,PEN,47.4,8.53,55.93,False,55.93,1,False,0.0,55.93,0.0,True,CONCILIADA_EXACTA,True
S5AA-0080744592,2021563134,CLIENT_00471,802909421,978687957,FACTURACION CICLICA,AMDOCS,2026-05-18,2026-06-05,PEN,59.26,10.67,69.93,False,69.93,1,False,0.0,69.93,0.0,True,CONCILIADA_EXACTA,True
S5AA-0080681294,2035226116,CLIENT_00450,20276516,745365606,FACTURACION CICLICA,AMDOCS,2026-05-18,2026-06-05,PEN,103.1,18.56,121.66,False,121.66,1,False,0.0,121.66,0.0,True,CONCILIADA_EXACTA,True
S3AA-0078397326,2036822926,CLIENT_00194,88087575,786761601,FACTURACION CICLICA,AMDOCS,2026-05-15,2026-06-01,PEN,25.45,4.58,30.03,False,30.03,1,False,0.0,30.03,0.0,True,CONCILIADA_EXACTA,True
S3AA-0077967133,2084680790,CLIENT_00724,248370221,763934357,FACTURACION CICLICA,AMDOCS,2026-05-15,2026-06-01,PEN,41.47,7.46,48.93,False,48.93,1,False,0.0,48.93,0.0,True,CONCILIADA_EXACTA,True
S5AA-0080273199,2097519862,CLIENT_00745,44242206,42162657,FACTURACION CICLICA,AMDOCS,2026-05-18,2026-06-05,PEN,10.61,1.92,12.53,False,12.53,1,False,0.0,12.53,0.0,True,CONCILIADA_EXACTA,True
S5AA-0080566869,2020933053,CLIENT_00339,38200585,708760057,FACTURACION CICLICA,AMDOCS,2026-05-18,2026-06-05,PEN,103.52,18.63,122.15,False,122.15,1,False,0.0,122.15,0.0,True,CONCILIADA_EXACTA,True
S5AA-0080570115,2011885774,CLIENT_00490,58474295,777752406,FACTURACION CICLICA,AMDOCS,2026-05-18,2026-06-05,PEN,95.81,17.24,113.05,False,113.05,1,False,0.0,113.05,0.0,True,CONCILIADA_EXACTA,True
S5AA-0080717539,2024654901,CLIENT_00714,89444995,119649406,FACTURACION CICLICA,AMDOCS,2026-05-18,2026-06-05,PEN,74.98,13.5,88.48,False,88.48,1,False,0.0,88.48,0.0,True,CONCILIADA_EXACTA,True
S5AA-0080511270,2096030030,CLIENT_00475,77460395,923513406,FACTURACION CICLICA,AMDOCS,2026-05-18,2026-06-05,PEN,101.68,18.31,119.98,False,119.98,1,False,0.0,119.98,0.0,True,CONCILIADA_EXACTA,True
S5AA-0080814386,2014689387,CLIENT_00420,813928011,843072817,FACTURACION CICLICA,AMDOCS,2026-05-18,2026-06-05,PEN,68.22,12.28,80.5,False,80.5,1,False,0.0,80.5,0.0,True,CONCILIADA_EXACTA,True
S5AA-0080906400,2054205660,CLIENT_00625,3102706,853761067,FACTURACION CICLICA,AMDOCS,2026-05-18,2026-06-05,PEN,103.69,18.67,122.36,False,122.36,1,False,0.0,122.36,0.0,True,CONCILIADA_EXACTA,True
S5AA-0080198018,2013887371,CLIENT_00609,53693406,856614047,FACTURACION CICLICA,AMDOCS,2026-05-18,2026-06-05,PEN,18.92,3.41,22.33,False,22.33,1,False,0.0,22.33,0.0,True,CONCILIADA_EXACTA,True
S5AA-0080362097,2038330759,CLIENT_00758,656561531,553521067,FACTURACION CICLICA,AMDOCS,2026-05-18,2026-06-05,PEN,65.2,11.73,76.93,False,76.93,1,False,0.0,76.93,0.0,True,CONCILIADA_EXACTA,True
S5AA-0080264038,2047695932,CLIENT_00358,34361416,154989637,FACTURACION CICLICA,AMDOCS,2026-05-18,2026-06-05,PEN,35.53,6.4,41.93,False,41.93,1,False,0.0,41.93,0.0,True,CONCILIADA_EXACTA,True
S5AA-0080633239,2056140058,CLIENT_00828,39666216,575621357,FACTURACION CICLICA,AMDOCS,2026-05-18,2026-06-05,PEN,88.92,16.01,104.93,False,104.93,1,False,0.0,104.93,0.0,True,CONCILIADA_EXACTA,True
S5AA-0080810815,2032869030,CLIENT_00111,71597416,415225067,FACTURACION CICLICA,AMDOCS,2026-05-18,2026-06-05,PEN,53.33,9.6,62.93,False,62.93,1,False,0.0,62.93,0.0,True,CONCILIADA_EXACTA,True
S5AA-0080464729,2013843524,CLIENT_00361,7433506,394923857,FACTURACION CICLICA,AMDOCS,2026-05-18,2026-06-05,PEN,103.52,18.63,122.15,False,122.15,1,False,0.0,122.15,0.0,True,CONCILIADA_EXACTA,True
S5AA-0080597375,2050878096,CLIENT_00515,881907031,311976957,FACTURACION CICLICA,AMDOCS,2026-05-18,2026-06-05,PEN,71.12,12.81,83.93,False,83.93,1,False,0.0,83.93,0.0,True,CONCILIADA_EXACTA,True
S5AA-0080897623,2009780710,CLIENT_00275,92755206,502826847,FACTURACION CICLICA,AMDOCS,2026-05-18,2026-06-05,PEN,111.47,20.06,131.53,False,131.53,1,False,0.0,131.53,0.0,True,CONCILIADA_EXACTA,True
S5AA-0080177276,2090808430,CLIENT_00946,239140521,688755457,FACTURACION CICLICA,AMDOCS,2026-05-18,2026-06-05,PEN,118.59,21.34,139.93,False,139.93,1,False,0.0,139.93,0.0,True,CONCILIADA_EXACTA,True
S5AA-0080280687,2018117869,CLIENT_00044,542323031,808662757,FACTURACION CICLICA,AMDOCS,2026-05-18,2026-06-05,PEN,100.79,18.14,118.93,False,118.93,1,False,0.0,118.93,0.0,True,CONCILIADA_EXACTA,True
S5AA-0080692839,2078721881,CLIENT_00115,304118801,65285857,FACTURACION CICLICA,AMDOCS,2026-05-18,2026-06-05,PEN,65.2,11.73,76.93,False,76.93,1,False,0.0,76.93,0.0,True,CONCILIADA_EXACTA,True
S5AA-0080239244,2018723284,CLIENT_00943,24907795,992587406,FACTURACION CICLICA,AMDOCS,2026-05-18,2026-06-05,PEN,104.88,18.88,123.76,False,123.76,1,False,0.0,123.76,0.0,True,CONCILIADA_EXACTA,True
S5AA-0080684586,2036568728,CLIENT_00322,207418801,97103947,FACTURACION CICLICA,AMDOCS,2026-05-18,2026-06-05,PEN,99.01,17.82,116.83,False,116.83,1,False,0.0,116.83,0.0,True,CONCILIADA_EXACTA,True
S5AA-0080566870,2020933053,CLIENT_00339,38200585,336070057,FACTURACION CICLICA,AMDOCS,2026-05-18,2026-06-05,PEN,103.52,18.63,122.15,False,122.15,1,False,0.0,122.15,0.0,True,CONCILIADA_EXACTA,True
S5AA-0080805330,2014718111,CLIENT_00016,71975885,543768306,FACTURACION CICLICA,AMDOCS,2026-05-18,2026-06-05,PEN,74.69,13.44,88.13,False,88.13,1,False,0.0,88.13,0.0,True,CONCILIADA_EXACTA,True
S5AA-0080398635,2094973310,CLIENT_00523,162487121,833476857,FACTURACION CICLICA,AMDOCS,2026-05-18,2026-06-05,PEN,77.06,13.87,90.93,False,90.93,1,False,0.0,90.93,0.0,True,CONCILIADA_EXACTA,True
S5AA-0080199875,2045407090,CLIENT_00403,535621511,489253857,FACTURACION CICLICA,AMDOCS,2026-05-18,2026-06-05,PEN,71.13,12.8,83.93,False,83.93,1,False,0.0,83.93,0.0,True,CONCILIADA_EXACTA,True
S5AA-0080250523,2011994495,CLIENT_00175,47088821,554325057,FACTURACION CICLICA,AMDOCS,2026-05-18,2026-06-05,PEN,118.22,21.29,139.51,False,139.51,1,False,0.0,139.51,0.0,True,CONCILIADA_EXACTA,True
S5AA-0080397843,2024993405,CLIENT_00624,169283021,651258157,FACTURACION CICLICA,AMDOCS,2026-05-18,2026-06-05,PEN,41.47,7.46,48.93,False,48.93,1,False,0.0,48.93,0.0,True,CONCILIADA_EXACTA,True
S5AA-0080298087,2079459148,CLIENT_00345,84006595,696175406,FACTURACION CICLICA,AMDOCS,2026-05-18,2026-06-05,PEN,73.37,13.22,86.59,False,86.59,1,False,0.0,86.59,0.0,True,CONCILIADA_EXACTA,True
S5AA-0080842089,2012162297,CLIENT_00079,22421195,898221406,FACTURACION CICLICA,AMDOCS,2026-05-18,2026-06-05,PEN,50.72,9.13,59.85,False,59.85,1,False,0.0,59.85,0.0,True,CONCILIADA_EXACTA,True
S5AA-0080619300,2059931462,CLIENT_00106,195771431,970426857,FACTURACION CICLICA,AMDOCS,2026-05-18,2026-06-05,PEN,147.88,26.63,174.51,False,174.51,1,False,0.0,174.51,0.0,True,CONCILIADA_EXACTA,True
S3AA-0077600342,2070960858,CLIENT_00456,401913421,259110067,FACTURACION CICLICA,AMDOCS,2026-05-15,2026-06-01,PEN,23.67,4.26,27.93,False,27.93,1,False,0.0,27.93,0.0,True,CONCILIADA_EXACTA,True
S5AA-0080261689,2052913932,CLIENT_00961,34087016,775850606,FACTURACION CICLICA,AMDOCS,2026-05-18,2026-06-05,PEN,20.7,3.73,24.43,False,24.43,1,False,0.0,24.43,0.0,True,CONCILIADA_EXACTA,True
S5AA-0080751587,2062205828,CLIENT_00440,90271406,681112857,FACTURACION CICLICA,AMDOCS,2026-05-18,2026-06-05,PEN,53.33,9.6,62.93,False,62.93,1,False,0.0,62.93,0.0,True,CONCILIADA_EXACTA,True
S5AA-0080547581,2064786199,CLIENT_00357,48525585,651365306,FACTURACION CICLICA,AMDOCS,2026-05-18,2026-06-05,PEN,72.02,12.96,84.98,False,84.98,1,False,0.0,84.98,0.0,True,CONCILIADA_EXACTA,True
S5AA-0080177716,2041328688,CLIENT_00299,23295216,10749757,FACTURACION CICLICA,AMDOCS,2026-05-18,2026-06-05,PEN,53.33,9.6,62.93,False,62.93,1,False,0.0,62.93,0.0,True,CONCILIADA_EXACTA,True
S5AA-0080783224,2061270007,CLIENT_00298,41329095,201101406,FACTURACION CICLICA,AMDOCS,2026-05-18,2026-06-05,PEN,23.84,4.3,28.14,False,28.14,1,False,0.0,28.14,0.0,True,CONCILIADA_EXACTA,True
S5AA-0080631698,2056140058,CLIENT_00828,39666216,413053437,FACTURACION CICLICA,AMDOCS,2026-05-18,2026-06-05,PEN,112.53,20.26,132.79,False,132.79,1,False,0.0,132.79,0.0,True,CONCILIADA_EXACTA,True
S5AA-0080297077,2063005127,CLIENT_00354,84063185,476431306,FACTURACION CICLICA,AMDOCS,2026-05-18,2026-06-05,PEN,104.34,18.79,123.13,False,123.13,1,False,0.0,123.13,0.0,True,CONCILIADA_EXACTA,True
S5AA-0080702513,2010399017,CLIENT_00723,50035295,395362406,FACTURACION CICLICA,AMDOCS,2026-05-18,2026-06-05,PEN,65.2,11.73,76.93,False,76.93,1,False,0.0,76.93,0.0,True,CONCILIADA_EXACTA,True
S5AA-0080477319,2069501836,CLIENT_00263,270249021,473250537,FACTURACION CICLICA,AMDOCS,2026-05-18,2026-06-05,PEN,46.21,8.32,54.53,False,54.53,1,False,0.0,54.53,0.0,True,CONCILIADA_EXACTA,True
S5AA-0080337763,2089935977,CLIENT_00509,351242611,58866937,FACTURACION CICLICA,AMDOCS,2026-05-18,2026-06-05,PEN,53.33,9.6,62.93,False,62.93,1,False,0.0,62.93,0.0,True,CONCILIADA_EXACTA,True
S5AA-0080614246,2046930363,CLIENT_00514,19676295,174972406,FACTURACION CICLICA,AMDOCS,2026-05-18,2026-06-05,PEN,50.13,9.02,59.15,False,59.15,1,False,0.0,59.15,0.0,True,CONCILIADA_EXACTA,True
S5AA-0080724071,2058246578,CLIENT_00853,99872785,702937306,FACTURACION CICLICA,AMDOCS,2026-05-18,2026-06-05,PEN,64.96,11.69,76.65,False,76.65,1,False,0.0,76.65,0.0,True,CONCILIADA_EXACTA,True
S5AA-0080865021,2005137984,CLIENT_00579,52112216,827423606,FACTURACION CICLICA,AMDOCS,2026-05-18,2026-06-05,PEN,54.87,9.88,64.75,False,64.75,1,False,0.0,64.75,0.0,True,CONCILIADA_EXACTA,True
S5AA-0080606505,2002061694,CLIENT_00005,9699585,602806306,FACTURACION CICLICA,AMDOCS,2026-05-18,2026-06-05,PEN,44.44,7.99,52.43,False,52.43,1,False,0.0,52.43,0.0,True,CONCILIADA_EXACTA,True
S5AA-0080590420,2044862591,CLIENT_00895,68520506,772001167,FACTURACION CICLICA,AMDOCS,2026-05-18,2026-06-05,PEN,17.79,3.21,21.0,False,21.0,1,False,0.0,21.0,0.0,True,CONCILIADA_EXACTA,True
S5AA-0080816386,2041506329,CLIENT_00468,81900195,583170547,FACTURACION CICLICA,AMDOCS,2026-05-18,2026-06-05,PEN,58.74,10.56,69.3,False,69.3,1,False,0.0,69.3,0.0,True,CONCILIADA_EXACTA,True
S5AA-0080614429,2062876920,CLIENT_00061,19662695,652136406,FACTURACION CICLICA,AMDOCS,2026-05-18,2026-06-05,PEN,167.76,30.2,197.96,False,197.96,1,False,0.0,197.96,0.0,True,CONCILIADA_EXACTA,True
S5AA-0080526454,2091280680,CLIENT_00335,97222706,791917506,FACTURACION CICLICA,AMDOCS,2026-05-18,2026-06-05,PEN,16.55,2.98,19.53,False,19.53,1,False,0.0,19.53,0.0,True,CONCILIADA_EXACTA,True
S5AA-0080437164,2008330743,CLIENT_00241,76760385,845703306,FACTURACION CICLICA,AMDOCS,2026-05-18,2026-06-05,PEN,112.29,17.07,129.36,False,129.36,2,False,0.0,129.36,0.0,True,CONCILIADA_EXACTA,True
S5AA-0080810812,2032869030,CLIENT_00111,71597416,409515067,FACTURACION CICLICA,AMDOCS,2026-05-18,2026-06-05,PEN,94.74,17.05,111.79,False,111.79,1,False,0.0,111.79,0.0,True,CONCILIADA_EXACTA,True
S5AA-0080689147,2078721881,CLIENT_00115,304118801,584937417,FACTURACION CICLICA,AMDOCS,2026-05-18,2026-06-05,PEN,162.55,29.25,191.8,False,191.8,1,False,0.0,191.8,0.0,True,CONCILIADA_EXACTA,True
S5AA-0080430166,2004228948,CLIENT_00018,66621985,97029306,FACTURACION CICLICA,AMDOCS,2026-05-18,2026-06-05,PEN,123.63,22.25,145.88,False,145.88,1,False,0.0,145.88,0.0,True,CONCILIADA_EXACTA,True
S5AA-0080425749,2006121666,CLIENT_00662,567037021,867895437,FACTURACION CICLICA,AMDOCS,2026-05-18,2026-06-05,PEN,345.79,62.24,408.03,False,408.03,1,False,0.0,408.03,0.0,True,CONCILIADA_EXACTA,True
S5AA-0080555158,2078721881,CLIENT_00115,28353885,12548306,FACTURACION CICLICA,AMDOCS,2026-05-18,2026-06-05,PEN,27.83,5.01,32.83,False,32.83,1,False,0.0,32.83,0.0,True,CONCILIADA_EXACTA,True
S5AA-0080493522,2050158167,CLIENT_00628,47189206,717597257,FACTURACION CICLICA,AMDOCS,2026-05-18,2026-06-05,PEN,139.17,25.05,164.22,False,164.22,1,False,0.0,164.22,0.0,True,CONCILIADA_EXACTA,True
S5AA-0080514351,2041116026,CLIENT_00940,77358185,871086937,FACTURACION CICLICA,AMDOCS,2026-05-18,2026-06-05,PEN,52.14,9.39,61.53,False,61.53,1,False,0.0,61.53,0.0,True,CONCILIADA_EXACTA,True
S5AA-0080816689,2041506329,CLIENT_00468,81900195,147262847,FACTURACION CICLICA,AMDOCS,2026-05-18,2026-06-05,PEN,53.33,9.6,62.93,False,62.93,1,False,0.0,62.93,0.0,True,CONCILIADA_EXACTA,True
S5AA-0080897132,2048465395,CLIENT_00206,925858421,878165347,FACTURACION CICLICA,AMDOCS,2026-05-18,2026-06-05,PEN,86.55,15.58,102.13,False,102.13,1,False,0.0,102.13,0.0,True,CONCILIADA_EXACTA,True
S9AA-0081971652,2048046441,CLIENT_00064,29265706,779247506,FACTURACION CICLICA,AMDOCS,2026-06-01,2026-06-17,PEN,171.38,30.85,202.23,False,202.23,1,False,0.0,202.23,0.0,True,CONCILIADA_EXACTA,True
S5AA-0080208713,2093963249,CLIENT_00250,63903085,111920306,FACTURACION CICLICA,AMDOCS,2026-05-18,2026-06-05,PEN,37.31,6.72,44.03,False,44.03,1,False,0.0,44.03,0.0,True,CONCILIADA_EXACTA,True
S5AA-0080681091,2061726816,CLIENT_00637,20760906,912598506,FACTURACION CICLICA,AMDOCS,2026-05-18,2026-06-05,PEN,58.73,10.57,69.3,False,69.3,1,False,0.0,69.3,0.0,True,CONCILIADA_EXACTA,True
S5AA-0080488479,2069376951,CLIENT_00700,47259185,616591306,FACTURACION CICLICA,AMDOCS,2026-05-18,2026-06-05,PEN,26.64,4.8,31.43,False,31.43,1,False,0.0,31.43,0.0,True,CONCILIADA_EXACTA,True
S5AA-0080853590,2022887994,CLIENT_00145,32866016,450578847,FACTURACION CICLICA,AMDOCS,2026-05-18,2026-06-05,PEN,65.2,11.73,76.93,False,76.93,1,False,0.0,76.93,0.0,True,CONCILIADA_EXACTA,True
S5AA-0080793747,2060524559,CLIENT_00389,51654606,253425837,FACTURACION CICLICA,AMDOCS,2026-05-18,2026-06-05,PEN,53.33,9.6,62.93,False,62.93,1,False,0.0,62.93,0.0,True,CONCILIADA_EXACTA,True
S5AA-0080724761,2088424166,CLIENT_00134,99112106,613011506,FACTURACION CICLICA,AMDOCS,2026-05-18,2026-06-05,PEN,69.94,12.59,82.53,False,82.53,1,False,0.0,82.53,0.0,True,CONCILIADA_EXACTA,True
S9AA-0082001432,2024654901,CLIENT_00714,591213821,578815947,FACTURACION CICLICA,AMDOCS,2026-06-01,2026-06-17,PEN,113.79,20.47,134.26,False,134.26,1,False,0.0,134.26,0.0,True,CONCILIADA_EXACTA,True
S5AA-0080254579,2074406544,CLIENT_00417,14931616,241716606,FACTURACION CICLICA,AMDOCS,2026-05-18,2026-06-05,PEN,27.76,5.01,32.76,False,32.76,1,False,0.0,32.76,0.0,True,CONCILIADA_EXACTA,True
S5AA-0080508132,2079899808,CLIENT_00269,67893906,428899157,FACTURACION CICLICA,AMDOCS,2026-05-18,2026-06-05,PEN,65.2,11.73,76.93,False,76.93,1,False,0.0,76.93,0.0,True,CONCILIADA_EXACTA,True
S9AA-0082071646,2076439409,CLIENT_00154,308317231,33302657,FACTURACION CICLICA,AMDOCS,2026-06-01,2026-06-17,PEN,100.79,18.14,118.93,False,118.93,1,False,0.0,118.93,0.0,True,CONCILIADA_EXACTA,True
S5AA-0080837369,2085048217,CLIENT_00031,120124111,39509527,FACTURACION CICLICA,AMDOCS,2026-05-18,2026-06-05,PEN,24.86,4.47,29.33,False,29.33,1,False,0.0,29.33,0.0,True,CONCILIADA_EXACTA,True
S5AA-0080570609,2089943246,CLIENT_00533,58807706,775657506,FACTURACION CICLICA,AMDOCS,2026-05-18,2026-06-05,PEN,113.25,20.38,133.63,False,133.63,1,False,0.0,133.63,0.0,True,CONCILIADA_EXACTA,True
S7AA-0067951050,2029238395,CLIENT_00195,799221901,475125457,FACTURACION CICLICA,AMDOCS,2026-05-23,2026-06-09,PEN,44.2,7.95,52.15,False,52.15,1,False,0.0,52.15,0.0,True,CONCILIADA_EXACTA,True
S5AA-0080795922,2023740275,CLIENT_00569,514240531,757049957,FACTURACION CICLICA,AMDOCS,2026-05-18,2026-06-05,PEN,77.06,13.87,90.93,False,90.93,1,False,0.0,90.93,0.0,True,CONCILIADA_EXACTA,True
S5AA-0080596220,2079641879,CLIENT_00082,88171716,345052057,FACTURACION CICLICA,AMDOCS,2026-05-18,2026-06-05,PEN,71.06,12.8,83.86,False,83.86,1,False,0.0,83.86,0.0,True,CONCILIADA_EXACTA,True
S7AA-0067691926,2080474018,CLIENT_00995,7517575,492328501,FACTURACION CICLICA,AMDOCS,2026-05-23,2026-06-09,PEN,25.45,4.58,30.03,False,30.03,1,False,0.0,30.03,0.0,True,CONCILIADA_EXACTA,True
S5AA-0080405158,2078310260,CLIENT_00775,261240031,663722257,FACTURACION CICLICA,AMDOCS,2026-05-18,2026-06-05,PEN,55.99,10.09,66.08,False,66.08,1,False,0.0,66.08,0.0,True,CONCILIADA_EXACTA,True
S5AA-0080622109,2017687980,CLIENT_00002,29261506,196015506,FACTURACION CICLICA,AMDOCS,2026-05-18,2026-06-05,PEN,68.16,12.27,80.43,False,80.43,1,False,0.0,80.43,0.0,True,CONCILIADA_EXACTA,True
S7AA-0067406970,2094577730,CLIENT_00415,735052901,318794547,FACTURACION CICLICA,AMDOCS,2026-05-23,2026-06-09,PEN,105.53,19.0,124.53,False,124.53,1,False,0.0,124.53,0.0,True,CONCILIADA_EXACTA,True
S7AA-0067293332,2019876876,CLIENT_00461,428478431,585678957,FACTURACION CICLICA,AMDOCS,2026-05-23,2026-06-09,PEN,53.33,9.6,62.93,False,62.93,1,False,0.0,62.93,0.0,True,CONCILIADA_EXACTA,True
S5AA-0080589320,1021589348,CLIENT_00084,686327131,176116457,FACTURACION CICLICA,AMDOCS,2026-05-18,2026-06-05,PEN,59.26,10.67,69.93,False,69.93,1,False,0.0,69.93,0.0,True,CONCILIADA_EXACTA,True
S7AA-0067759118,2016442878,CLIENT_00427,676676521,143879447,FACTURACION CICLICA,AMDOCS,2026-05-23,2026-06-09,PEN,112.53,20.26,132.79,False,132.79,1,False,0.0,132.79,0.0,True,CONCILIADA_EXACTA,True
S5AA-0080326906,2008261235,CLIENT_00881,25071785,808627306,FACTURACION CICLICA,AMDOCS,2026-05-18,2026-06-05,PEN,119.77,21.56,141.33,False,141.33,1,False,0.0,141.33,0.0,True,CONCILIADA_EXACTA,True
S7AA-0067293329,2019876876,CLIENT_00461,428478431,998378957,FACTURACION CICLICA,AMDOCS,2026-05-23,2026-06-09,PEN,53.33,9.6,62.93,False,62.93,1,False,0.0,62.93,0.0,True,CONCILIADA_EXACTA,True
S5AA-0080788104,2060001107,CLIENT_00314,41317295,723314757,FACTURACION CICLICA,AMDOCS,2026-05-18,2026-06-05,PEN,127.13,22.88,150.01,False,150.01,1,False,0.0,150.01,0.0,True,CONCILIADA_EXACTA,True
S5AA-0080690568,2079138145,CLIENT_00735,305198111,487299237,FACTURACION CICLICA,AMDOCS,2026-05-18,2026-06-05,PEN,100.79,18.14,118.93,False,118.93,1,False,0.0,118.93,0.0,True,CONCILIADA_EXACTA,True
S7AA-0067411971,2025199500,CLIENT_00474,83042575,629980903,FACTURACION CICLICA,AMDOCS,2026-05-23,2026-06-09,PEN,49.18,8.86,58.03,False,58.03,1,False,0.0,58.03,0.0,True,CONCILIADA_EXACTA,True
S7AA-0067068994,2076902654,CLIENT_00003,742575,867628823,FACTURACION CICLICA,AMDOCS,2026-05-23,2026-06-09,PEN,46.21,8.32,54.53,False,54.53,1,False,0.0,54.53,0.0,True,CONCILIADA_EXACTA,True
S5AA-0080378300,2071170607,CLIENT_00207,95119385,436783306,FACTURACION CICLICA,AMDOCS,2026-05-18,2026-06-05,PEN,68.16,12.27,80.43,False,80.43,1,False,0.0,80.43,0.0,True,CONCILIADA_EXACTA,True
S5AA-0080518486,2030329244,CLIENT_00587,87023195,896241406,FACTURACION CICLICA,AMDOCS,2026-05-18,2026-06-05,PEN,16.55,2.98,19.53,False,19.53,1,False,0.0,19.53,0.0,True,CONCILIADA_EXACTA,True
S5AA-0080283226,2035835869,CLIENT_00900,64205395,833163406,FACTURACION CICLICA,AMDOCS,2026-05-18,2026-06-05,PEN,152.4,27.43,179.83,False,179.83,1,False,0.0,179.83,0.0,True,CONCILIADA_EXACTA,True
S7AA-0067777675,2081309251,CLIENT_00433,870041721,288955747,FACTURACION CICLICA,AMDOCS,2026-05-23,2026-06-09,PEN,101.8,18.32,120.12,False,120.12,1,False,0.0,120.12,0.0,True,CONCILIADA_EXACTA,True
S7AA-0067416454,2078938243,CLIENT_00676,832104121,333717847,FACTURACION CICLICA,AMDOCS,2026-05-23,2026-06-09,PEN,94.86,17.07,111.93,False,111.93,1,False,0.0,111.93,0.0,True,CONCILIADA_EXACTA,True
S7AA-0067768524,2053911269,CLIENT_00373,775403901,112767647,FACTURACION CICLICA,AMDOCS,2026-05-23,2026-06-09,PEN,47.4,8.53,55.93,False,55.93,1,False,0.0,55.93,0.0,True,CONCILIADA_EXACTA,True
S5AA-0080693000,2019351028,CLIENT_00937,30414006,230445957,FACTURACION CICLICA,AMDOCS,2026-05-18,2026-06-05,PEN,141.83,25.54,167.37,False,167.37,1,False,0.0,167.37,0.0,True,CONCILIADA_EXACTA,True
S5AA-0080505632,2030044604,CLIENT_00861,672794011,529987917,FACTURACION CICLICA,AMDOCS,2026-05-18,2026-06-05,PEN,31.38,5.65,37.03,False,37.03,1,False,0.0,37.03,0.0,True,CONCILIADA_EXACTA,True
S7AA-0067428292,2064524697,CLIENT_00755,938349331,397562857,FACTURACION CICLICA,AMDOCS,2026-05-23,2026-06-09,PEN,65.13,11.73,76.86,False,76.86,1,False,0.0,76.86,0.0,True,CONCILIADA_EXACTA,True
S5AA-0080795923,2023740275,CLIENT_00569,514240531,215849957,FACTURACION CICLICA,AMDOCS,2026-05-18,2026-06-05,PEN,77.06,13.87,90.93,False,90.93,1,False,0.0,90.93,0.0,True,CONCILIADA_EXACTA,True
S5AA-0080236316,2011337701,CLIENT_00816,938353231,32636557,FACTURACION CICLICA,AMDOCS,2026-05-18,2026-06-05,PEN,53.33,9.6,62.93,False,62.93,1,False,0.0,62.93,0.0,True,CONCILIADA_EXACTA,True
S7AA-0067767558,2053911269,CLIENT_00373,775403901,157827047,FACTURACION CICLICA,AMDOCS,2026-05-23,2026-06-09,PEN,62.16,11.2,73.36,False,73.36,1,False,0.0,73.36,0.0,True,CONCILIADA_EXACTA,True
S7AA-0067768356,2053911269,CLIENT_00373,775403901,2929547,FACTURACION CICLICA,AMDOCS,2026-05-23,2026-06-09,PEN,44.13,7.95,52.08,False,52.08,1,False,0.0,52.08,0.0,True,CONCILIADA_EXACTA,True
S7AA-0067768357,2053911269,CLIENT_00373,775403901,447039547,FACTURACION CICLICA,AMDOCS,2026-05-23,2026-06-09,PEN,21.71,3.91,25.62,False,25.62,1,False,0.0,25.62,0.0,True,CONCILIADA_EXACTA,True
S5AA-0080827954,2091198935,CLIENT_00319,2842906,275498506,FACTURACION CICLICA,AMDOCS,2026-05-18,2026-06-05,PEN,48.64,8.76,57.4,False,57.4,1,False,0.0,57.4,0.0,True,CONCILIADA_EXACTA,True
S5AA-0080195652,2074406544,CLIENT_00417,53941616,51716606,FACTURACION CICLICA,AMDOCS,2026-05-18,2026-06-05,PEN,30.73,5.53,36.26,False,36.26,1,False,0.0,36.26,0.0,True,CONCILIADA_EXACTA,True
S7AA-0067900345,2069275365,CLIENT_00125,29031575,43130263,FACTURACION CICLICA,AMDOCS,2026-05-23,2026-06-09,PEN,88.92,16.01,104.93,False,104.93,1,False,0.0,104.93,0.0,True,CONCILIADA_EXACTA,True
S7AA-0067406875,2094577730,CLIENT_00415,735052901,336779447,FACTURACION CICLICA,AMDOCS,2026-05-23,2026-06-09,PEN,45.62,8.21,53.83,False,53.83,1,False,0.0,53.83,0.0,True,CONCILIADA_EXACTA,True
S7AA-0067293348,2019876876,CLIENT_00461,428478431,9340067,FACTURACION CICLICA,AMDOCS,2026-05-23,2026-06-09,PEN,53.33,9.6,62.93,False,62.93,1,False,0.0,62.93,0.0,True,CONCILIADA_EXACTA,True
S5AA-0080613708,2013870601,CLIENT_00098,19197485,937884306,FACTURACION CICLICA,AMDOCS,2026-05-18,2026-06-05,PEN,109.69,19.74,129.43,False,129.43,1,False,0.0,129.43,0.0,True,CONCILIADA_EXACTA,True
S5AA-0080800893,2011171530,CLIENT_00052,610439211,548734537,FACTURACION CICLICA,AMDOCS,2026-05-18,2026-06-05,PEN,52.14,9.39,61.53,False,61.53,1,False,0.0,61.53,0.0,True,CONCILIADA_EXACTA,True
S7AA-0067355115,2078183391,CLIENT_00870,132543231,621246557,FACTURACION CICLICA,AMDOCS,2026-05-23,2026-06-09,PEN,23.43,4.22,27.65,False,27.65,1,False,0.0,27.65,0.0,True,CONCILIADA_EXACTA,True
S7AA-0067293258,2019876876,CLIENT_00461,428478431,977996957,FACTURACION CICLICA,AMDOCS,2026-05-23,2026-06-09,PEN,53.33,9.6,62.93,False,62.93,1,False,0.0,62.93,0.0,True,CONCILIADA_EXACTA,True
S5AA-0080691901,2032717708,CLIENT_00214,30601716,148582057,FACTURACION CICLICA,AMDOCS,2026-05-18,2026-06-05,PEN,94.86,17.07,111.93,False,111.93,1,False,0.0,111.93,0.0,True,CONCILIADA_EXACTA,True
S7AA-0067233756,2087681453,CLIENT_00859,816856611,885634337,FACTURACION CICLICA,AMDOCS,2026-05-23,2026-06-09,PEN,38.8,6.98,45.78,False,45.78,1,False,0.0,45.78,0.0,True,CONCILIADA_EXACTA,True
S5AA-0080493523,2050158167,CLIENT_00628,47189206,604697257,FACTURACION CICLICA,AMDOCS,2026-05-18,2026-06-05,PEN,97.76,17.6,115.36,False,115.36,1,False,0.0,115.36,0.0,True,CONCILIADA_EXACTA,True
S7AA-0067728585,2045653206,CLIENT_00799,37534575,185213753,FACTURACION CICLICA,AMDOCS,2026-05-23,2026-06-09,PEN,73.26,13.19,86.45,False,86.45,1,False,0.0,86.45,0.0,True,CONCILIADA_EXACTA,True
S7AA-0067475065,2054807394,CLIENT_00152,54754575,268922001,FACTURACION CICLICA,AMDOCS,2026-05-23,2026-06-09,PEN,39.69,7.14,46.83,False,46.83,1,False,0.0,46.83,0.0,True,CONCILIADA_EXACTA,True
S7AA-0067125885,2012285306,CLIENT_00349,608231121,838759737,FACTURACION CICLICA,AMDOCS,2026-05-23,2026-06-09,PEN,47.4,8.53,55.93,False,55.93,1,False,0.0,55.93,0.0,True,CONCILIADA_EXACTA,True
S6AA-0000033006,2096202915,CLIENT_00459,637638531,603421167,FACTURACION CICLICA,AMDOCS,2026-05-20,2026-06-03,PEN,17.74,3.19,20.93,False,20.93,1,False,0.0,20.93,0.0,True,CONCILIADA_EXACTA,True
S5AA-0080624525,2096031193,CLIENT_00429,295240121,218685637,FACTURACION CICLICA,AMDOCS,2026-05-18,2026-06-05,PEN,382.05,4.21,386.26,False,386.26,2,False,0.0,386.26,0.0,True,CONCILIADA_EXACTA,True
S7AA-0067728498,2046868113,CLIENT_00397,37404575,331309943,FACTURACION CICLICA,AMDOCS,2026-05-23,2026-06-09,PEN,36.48,6.57,43.05,False,43.05,1,False,0.0,43.05,0.0,True,CONCILIADA_EXACTA,True
S7AA-0067768359,2053911269,CLIENT_00373,775403901,369539547,FACTURACION CICLICA,AMDOCS,2026-05-23,2026-06-09,PEN,21.64,3.91,25.55,False,25.55,1,False,0.0,25.55,0.0,True,CONCILIADA_EXACTA,True
S7AA-0067406029,2051657671,CLIENT_00660,739587221,326223937,FACTURACION CICLICA,AMDOCS,2026-05-23,2026-06-09,PEN,62.23,11.2,73.43,False,73.43,1,False,0.0,73.43,0.0,True,CONCILIADA_EXACTA,True
S7AA-0067375207,2058314802,CLIENT_00763,236245531,636986067,FACTURACION CICLICA,AMDOCS,2026-05-23,2026-06-09,PEN,17.79,3.21,21.0,False,21.0,1,False,0.0,21.0,0.0,True,CONCILIADA_EXACTA,True
S8AA-0007692410,2043931649,CLIENT_00311,176219431,361057957,FACTURACION CICLICA,AMDOCS,2026-05-27,2026-06-13,PEN,41.47,7.46,48.93,False,48.93,1,False,0.0,48.93,0.0,True,CONCILIADA_EXACTA,True
S7AA-0067179443,2011902949,CLIENT_00423,219872611,979421037,FACTURACION CICLICA,AMDOCS,2026-05-23,2026-06-09,PEN,27.23,4.9,32.13,False,32.13,1,False,0.0,32.13,0.0,True,CONCILIADA_EXACTA,True
S7AA-0067375213,2058314802,CLIENT_00763,236245531,585196067,FACTURACION CICLICA,AMDOCS,2026-05-23,2026-06-09,PEN,17.79,3.21,21.0,False,21.0,1,False,0.0,21.0,0.0,True,CONCILIADA_EXACTA,True
S7AA-0067884076,2022887994,CLIENT_00145,97589811,331699137,FACTURACION CICLICA,AMDOCS,2026-05-23,2026-06-09,PEN,65.2,11.73,76.93,False,76.93,1,False,0.0,76.93,0.0,True,CONCILIADA_EXACTA,True
S7AA-0067331078,2002500138,CLIENT_00445,92763575,582891443,FACTURACION CICLICA,AMDOCS,2026-05-23,2026-06-09,PEN,25.21,4.54,29.75,False,29.75,1,False,0.0,29.75,0.0,True,CONCILIADA_EXACTA,True
S5AA-0080596210,2079641879,CLIENT_00082,88171716,796961057,FACTURACION CICLICA,AMDOCS,2026-05-18,2026-06-05,PEN,71.06,12.8,83.86,False,83.86,1,False,0.0,83.86,0.0,True,CONCILIADA_EXACTA,True
S5AA-0080435118,2085903598,CLIENT_00188,665256511,453496657,FACTURACION CICLICA,AMDOCS,2026-05-18,2026-06-05,PEN,47.4,8.53,55.93,False,55.93,1,False,0.0,55.93,0.0,True,CONCILIADA_EXACTA,True
S7AA-0067420963,2073578104,CLIENT_00612,93327575,937709501,FACTURACION CICLICA,AMDOCS,2026-05-23,2026-06-09,PEN,377.66,3.42,381.08,False,381.08,2,False,0.0,381.08,0.0,True,CONCILIADA_EXACTA,True
S7AA-0067355114,2078183391,CLIENT_00870,132543231,421246557,FACTURACION CICLICA,AMDOCS,2026-05-23,2026-06-09,PEN,23.43,4.22,27.65,False,27.65,1,False,0.0,27.65,0.0,True,CONCILIADA_EXACTA,True
S7AA-0067102509,2002115898,CLIENT_00928,300615221,809268657,FACTURACION CICLICA,AMDOCS,2026-05-23,2026-06-09,PEN,97.76,17.6,115.36,False,115.36,1,False,0.0,115.36,0.0,True,CONCILIADA_EXACTA,True
S5AA-0080761404,2060826481,CLIENT_00672,11187395,135583406,FACTURACION CICLICA,AMDOCS,2026-05-18,2026-06-05,PEN,50.96,9.17,60.13,False,60.13,1,False,0.0,60.13,0.0,True,CONCILIADA_EXACTA,True
S5AA-0080672292,2002846047,CLIENT_00694,10574185,8841306,FACTURACION CICLICA,AMDOCS,2026-05-18,2026-06-05,PEN,41.29,7.43,48.72,False,48.72,1,False,0.0,48.72,0.0,True,CONCILIADA_EXACTA,True
S7AA-0067592062,2021252272,CLIENT_00845,754602811,539811167,FACTURACION CICLICA,AMDOCS,2026-05-23,2026-06-09,PEN,103.45,18.63,122.08,False,122.08,1,False,0.0,122.08,0.0,True,CONCILIADA_EXACTA,True
S7AA-0067293240,2019876876,CLIENT_00461,428478431,524396957,FACTURACION CICLICA,AMDOCS,2026-05-23,2026-06-09,PEN,53.33,9.6,62.93,False,62.93,1,False,0.0,62.93,0.0,True,CONCILIADA_EXACTA,True
S7AA-0067471700,2084915354,CLIENT_00997,445198921,387729157,FACTURACION CICLICA,AMDOCS,2026-05-23,2026-06-09,PEN,47.4,8.53,55.93,False,55.93,1,False,0.0,55.93,0.0,True,CONCILIADA_EXACTA,True
S7AA-0067195150,2024388948,CLIENT_00436,41977575,447751601,FACTURACION CICLICA,AMDOCS,2026-05-23,2026-06-09,PEN,65.73,11.83,77.56,False,77.56,1,False,0.0,77.56,0.0,True,CONCILIADA_EXACTA,True
S7AA-0067533618,2001486599,CLIENT_00888,158289911,754274647,FACTURACION CICLICA,AMDOCS,2026-05-23,2026-06-09,PEN,59.92,10.78,70.7,False,70.7,1,False,0.0,70.7,0.0,True,CONCILIADA_EXACTA,True
S7AA-0067961596,2030405929,CLIENT_00212,894308431,179975957,FACTURACION CICLICA,AMDOCS,2026-05-23,2026-06-09,PEN,53.33,9.6,62.93,False,62.93,1,False,0.0,62.93,0.0,True,CONCILIADA_EXACTA,True
S7AA-0067432283,2067472025,CLIENT_00049,44889811,582704137,FACTURACION CICLICA,AMDOCS,2026-05-23,2026-06-09,PEN,68.45,12.33,80.78,False,80.78,1,False,0.0,80.78,0.0,True,CONCILIADA_EXACTA,True
S7AA-0067703256,2080474018,CLIENT_00995,7517575,991544037,FACTURACION CICLICA,AMDOCS,2026-05-23,2026-06-09,PEN,22.48,4.05,26.53,False,26.53,1,False,0.0,26.53,0.0,True,CONCILIADA_EXACTA,True
S7AA-0067383316,2017938134,CLIENT_00866,439077721,866648857,FACTURACION CICLICA,AMDOCS,2026-05-23,2026-06-09,PEN,79.79,14.36,94.15,False,94.15,1,False,0.0,94.15,0.0,True,CONCILIADA_EXACTA,True
S7AA-0067293337,2019876876,CLIENT_00461,428478431,415409957,FACTURACION CICLICA,AMDOCS,2026-05-23,2026-06-09,PEN,53.33,9.6,62.93,False,62.93,1,False,0.0,62.93,0.0,True,CONCILIADA_EXACTA,True
S9AA-0082336915,2043149098,CLIENT_00027,439858611,442690737,FACTURACION CICLICA,AMDOCS,2026-06-01,2026-06-17,PEN,74.62,13.44,88.06,False,88.06,1,False,0.0,88.06,0.0,True,CONCILIADA_EXACTA,True
S5AA-0080273789,2097519862,CLIENT_00745,44242206,963991067,FACTURACION CICLICA,AMDOCS,2026-05-18,2026-06-05,PEN,26.7,4.8,31.5,False,31.5,1,False,0.0,31.5,0.0,True,CONCILIADA_EXACTA,True
S8AA-0007558798,2001809758,CLIENT_00443,621170631,96754167,FACTURACION CICLICA,AMDOCS,2026-05-27,2026-06-13,PEN,60.8,10.95,71.75,False,71.75,1,False,0.0,71.75,0.0,True,CONCILIADA_EXACTA,True
S7AA-0067790277,2064536829,CLIENT_00259,977321531,670770067,FACTURACION CICLICA,AMDOCS,2026-05-23,2026-06-09,PEN,55.99,10.09,66.08,False,66.08,1,False,0.0,66.08,0.0,True,CONCILIADA_EXACTA,True
S5AA-0080506754,2065059290,CLIENT_00015,671814511,977999537,FACTURACION CICLICA,AMDOCS,2026-05-18,2026-06-05,PEN,106.72,19.21,125.93,False,125.93,1,False,0.0,125.93,0.0,True,CONCILIADA_EXACTA,True
S7AA-0067184405,2011902949,CLIENT_00423,219872611,715026857,FACTURACION CICLICA,AMDOCS,2026-05-23,2026-06-09,PEN,29.6,5.33,34.93,False,34.93,1,False,0.0,34.93,0.0,True,CONCILIADA_EXACTA,True
S7AA-0067699851,2046639773,CLIENT_00422,961315821,416989957,FACTURACION CICLICA,AMDOCS,2026-05-23,2026-06-09,PEN,44.2,7.95,52.15,False,52.15,1,False,0.0,52.15,0.0,True,CONCILIADA_EXACTA,True
S7AA-0067777959,2090130796,CLIENT_00833,871323321,472868847,FACTURACION CICLICA,AMDOCS,2026-05-23,2026-06-09,PEN,35.53,6.4,41.93,False,41.93,1,False,0.0,41.93,0.0,True,CONCILIADA_EXACTA,True
S7AA-0067369092,2075533541,CLIENT_00465,333088111,164708037,FACTURACION CICLICA,AMDOCS,2026-05-23,2026-06-09,PEN,142.25,25.61,167.86,False,167.86,1,False,0.0,167.86,0.0,True,CONCILIADA_EXACTA,True
S7AA-0067233758,2087681453,CLIENT_00859,816856611,507734337,FACTURACION CICLICA,AMDOCS,2026-05-23,2026-06-09,PEN,38.8,6.98,45.78,False,45.78,1,False,0.0,45.78,0.0,True,CONCILIADA_EXACTA,True
S7AA-0067070342,2076902654,CLIENT_00003,742575,887507517,FACTURACION CICLICA,AMDOCS,2026-05-23,2026-06-09,PEN,49.18,8.86,58.03,False,58.03,1,False,0.0,58.03,0.0,True,CONCILIADA_EXACTA,True
S5AA-0080592444,2004670915,CLIENT_00592,88502895,956438406,FACTURACION CICLICA,AMDOCS,2026-05-18,2026-06-05,PEN,115.56,20.8,136.36,False,136.36,1,False,0.0,136.36,0.0,True,CONCILIADA_EXACTA,True
S5AA-0080636294,2012916743,CLIENT_00424,49115295,899852406,FACTURACION CICLICA,AMDOCS,2026-05-18,2026-06-05,PEN,59.51,10.7,70.21,False,70.21,1,False,0.0,70.21,0.0,True,CONCILIADA_EXACTA,True
S7AA-0067658554,2050636428,CLIENT_00398,56835575,851836537,FACTURACION CICLICA,AMDOCS,2026-05-23,2026-06-09,PEN,23.44,4.21,27.65,False,27.65,1,False,0.0,27.65,0.0,True,CONCILIADA_EXACTA,True
S7AA-0067773884,2083487599,CLIENT_00850,87302575,681475163,FACTURACION CICLICA,AMDOCS,2026-05-23,2026-06-09,PEN,31.38,5.65,37.03,False,37.03,1,False,0.0,37.03,0.0,True,CONCILIADA_EXACTA,True
S8AA-0007795228,2054531131,CLIENT_00467,994684231,107638557,FACTURACION CICLICA,AMDOCS,2026-05-27,2026-06-13,PEN,17.79,3.21,21.0,False,21.0,1,False,0.0,21.0,0.0,True,CONCILIADA_EXACTA,True
S7AA-0067293328,2019876876,CLIENT_00461,428478431,50378957,FACTURACION CICLICA,AMDOCS,2026-05-23,2026-06-09,PEN,53.33,9.6,62.93,False,62.93,1,False,0.0,62.93,0.0,True,CONCILIADA_EXACTA,True
S8AA-0007609857,2084499858,CLIENT_00232,441453231,918290957,FACTURACION CICLICA,AMDOCS,2026-05-27,2026-06-13,PEN,79.79,14.36,94.15,False,94.15,1,False,0.0,94.15,0.0,True,CONCILIADA_EXACTA,True
S8AA-0007620896,2012438665,CLIENT_00737,844055821,106348157,FACTURACION CICLICA,AMDOCS,2026-05-27,2026-06-13,PEN,112.36,20.22,132.58,False,132.58,1,False,0.0,132.58,0.0,True,CONCILIADA_EXACTA,True
S7AA-0067528807,2065302766,CLIENT_00963,947018531,636241167,FACTURACION CICLICA,AMDOCS,2026-05-23,2026-06-09,PEN,85.65,15.43,101.08,False,101.08,1,False,0.0,101.08,0.0,True,CONCILIADA_EXACTA,True
S7AA-0067293347,2019876876,CLIENT_00461,428478431,604240067,FACTURACION CICLICA,AMDOCS,2026-05-23,2026-06-09,PEN,53.33,9.6,62.93,False,62.93,1,False,0.0,62.93,0.0,True,CONCILIADA_EXACTA,True
S7AA-0067262410,2087019723,CLIENT_00085,124459521,882184547,FACTURACION CICLICA,AMDOCS,2026-05-23,2026-06-09,PEN,100.67,18.12,118.79,False,118.79,1,False,0.0,118.79,0.0,True,CONCILIADA_EXACTA,True
S7AA-0067375206,2058314802,CLIENT_00763,236245531,804686067,FACTURACION CICLICA,AMDOCS,2026-05-23,2026-06-09,PEN,17.79,3.21,21.0,False,21.0,1,False,0.0,21.0,0.0,True,CONCILIADA_EXACTA,True
S7AA-0067726870,2009434261,CLIENT_00759,274096121,10266957,FACTURACION CICLICA,AMDOCS,2026-05-23,2026-06-09,PEN,53.33,9.6,62.93,False,62.93,1,False,0.0,62.93,0.0,True,CONCILIADA_EXACTA,True
S7AA-0067309367,2087942739,CLIENT_00546,62835575,593354357,FACTURACION CICLICA,AMDOCS,2026-05-23,2026-06-09,PEN,27.64,4.98,32.62,False,32.62,1,False,0.0,32.62,0.0,True,CONCILIADA_EXACTA,True
S7AA-0067420964,2073578104,CLIENT_00612,93327575,247709501,FACTURACION CICLICA,AMDOCS,2026-05-23,2026-06-09,PEN,127.97,3.42,131.39,False,131.39,2,False,0.0,131.39,0.0,True,CONCILIADA_EXACTA,True
S7AA-0067331077,2002500138,CLIENT_00445,92763575,382891443,FACTURACION CICLICA,AMDOCS,2026-05-23,2026-06-09,PEN,25.21,4.54,29.75,False,29.75,1,False,0.0,29.75,0.0,True,CONCILIADA_EXACTA,True
S7AA-0067435260,2058571451,CLIENT_00813,47308221,730302257,FACTURACION CICLICA,AMDOCS,2026-05-23,2026-06-09,PEN,37.31,6.72,44.03,False,44.03,1,False,0.0,44.03,0.0,True,CONCILIADA_EXACTA,True
S7AA-0067154874,2038993702,CLIENT_00732,908895821,457589947,FACTURACION CICLICA,AMDOCS,2026-05-23,2026-06-09,PEN,17.79,3.21,21.0,False,21.0,1,False,0.0,21.0,0.0,True,CONCILIADA_EXACTA,True
S7AA-0067678451,2054807394,CLIENT_00152,761492421,784070847,FACTURACION CICLICA,AMDOCS,2026-05-23,2026-06-09,PEN,142.32,25.61,167.93,False,167.93,1,False,0.0,167.93,0.0,True,CONCILIADA_EXACTA,True
S7AA-0067767557,2053911269,CLIENT_00373,775403901,137827047,FACTURACION CICLICA,AMDOCS,2026-05-23,2026-06-09,PEN,59.26,10.67,69.93,False,69.93,1,False,0.0,69.93,0.0,True,CONCILIADA_EXACTA,True
S8AA-0007706152,2039863336,CLIENT_00791,676310921,898795057,FACTURACION CICLICA,AMDOCS,2026-05-27,2026-06-13,PEN,45.87,8.25,54.12,False,54.11,1,False,0.0,54.12,-0.00999999999999801,True,CONCILIADA_EXACTA,True
S8AA-0007770918,2082639572,CLIENT_00284,697374231,179918557,FACTURACION CICLICA,AMDOCS,2026-05-27,2026-06-13,PEN,26.33,4.75,31.08,False,31.08,1,False,0.0,31.08,0.0,True,CONCILIADA_EXACTA,True
S7AA-0067293236,2019876876,CLIENT_00461,428478431,979196957,FACTURACION CICLICA,AMDOCS,2026-05-23,2026-06-09,PEN,53.33,9.6,62.93,False,62.93,1,False,0.0,62.93,0.0,True,CONCILIADA_EXACTA,True
S8AA-0007715522,2033817024,CLIENT_00437,974724031,772417257,FACTURACION CICLICA,AMDOCS,2026-05-27,2026-06-13,PEN,25.21,4.54,29.75,False,29.75,1,False,0.0,29.75,0.0,True,CONCILIADA_EXACTA,True
S7AA-0067204088,2053765186,CLIENT_00416,51327575,870309501,FACTURACION CICLICA,AMDOCS,2026-05-23,2026-06-09,PEN,64.6,11.63,76.23,False,76.23,1,False,0.0,76.23,0.0,True,CONCILIADA_EXACTA,True
S7AA-0067374475,2030170496,CLIENT_00469,339091911,641226957,FACTURACION CICLICA,AMDOCS,2026-05-23,2026-06-09,PEN,50.06,9.02,59.08,False,59.08,1,False,0.0,59.08,0.0,True,CONCILIADA_EXACTA,True
S7AA-0067375212,2058314802,CLIENT_00763,236245531,924196067,FACTURACION CICLICA,AMDOCS,2026-05-23,2026-06-09,PEN,17.79,3.21,21.0,False,21.0,1,False,0.0,21.0,0.0,True,CONCILIADA_EXACTA,True
S7AA-0067293330,2019876876,CLIENT_00461,428478431,201678957,FACTURACION CICLICA,AMDOCS,2026-05-23,2026-06-09,PEN,53.33,9.6,62.93,False,62.93,1,False,0.0,62.93,0.0,True,CONCILIADA_EXACTA,True
S7AA-0067375214,2058314802,CLIENT_00763,236245531,860296067,FACTURACION CICLICA,AMDOCS,2026-05-23,2026-06-09,PEN,17.79,3.21,21.0,False,21.0,1,False,0.0,21.0,0.0,True,CONCILIADA_EXACTA,True
S7AA-0067293253,2019876876,CLIENT_00461,428478431,112896957,FACTURACION CICLICA,AMDOCS,2026-05-23,2026-06-09,PEN,53.33,9.6,62.93,False,62.93,1,False,0.0,62.93,0.0,True,CONCILIADA_EXACTA,True
S7AA-0067579383,2024687919,CLIENT_00136,657982821,839284947,FACTURACION CICLICA,AMDOCS,2026-05-23,2026-06-09,PEN,14.76,2.67,17.43,False,17.43,1,False,0.0,17.43,0.0,True,CONCILIADA_EXACTA,True
S5AA-0080795921,2023740275,CLIENT_00569,514240531,266739957,FACTURACION CICLICA,AMDOCS,2026-05-18,2026-06-05,PEN,77.06,13.87,90.93,False,90.93,1,False,0.0,90.93,0.0,True,CONCILIADA_EXACTA,True
S8AA-0007511183,2062806803,CLIENT_00496,219732621,662884257,FACTURACION CICLICA,AMDOCS,2026-05-27,2026-06-13,PEN,88.92,16.01,104.93,False,104.93,1,False,0.0,104.93,0.0,True,CONCILIADA_EXACTA,True
S8AA-0007728717,2090067728,CLIENT_00394,381932431,540017857,FACTURACION CICLICA,AMDOCS,2026-05-27,2026-06-13,PEN,37.91,6.83,44.73,False,44.73,1,False,0.0,44.73,0.0,True,CONCILIADA_EXACTA,True
S7AA-0067375208,2058314802,CLIENT_00763,236245531,788986067,FACTURACION CICLICA,AMDOCS,2026-05-23,2026-06-09,PEN,17.79,3.21,21.0,False,21.0,1,False,0.0,21.0,0.0,True,CONCILIADA_EXACTA,True
S8AA-0007697869,2085903598,CLIENT_00188,377600331,663396657,FACTURACION CICLICA,AMDOCS,2026-05-27,2026-06-13,PEN,23.67,4.26,27.93,False,27.93,1,False,0.0,27.93,0.0,True,CONCILIADA_EXACTA,True
S7AA-0067524920,2066842380,CLIENT_00337,51238721,86657847,FACTURACION CICLICA,AMDOCS,2026-05-23,2026-06-09,PEN,52.14,9.39,61.53,False,61.53,1,False,0.0,61.53,0.0,True,CONCILIADA_EXACTA,True
S8AA-0007578315,2027980795,CLIENT_00244,431913521,997214257,FACTURACION CICLICA,AMDOCS,2026-05-27,2026-06-13,PEN,88.92,16.01,104.93,False,104.93,1,False,0.0,104.93,0.0,True,CONCILIADA_EXACTA,True
S7AA-0067575326,2084347031,CLIENT_00887,65625575,596121473,FACTURACION CICLICA,AMDOCS,2026-05-23,2026-06-09,PEN,118.52,21.34,139.86,False,139.86,1,False,0.0,139.86,0.0,True,CONCILIADA_EXACTA,True
S7AA-0067579418,2024687919,CLIENT_00136,657982821,607498947,FACTURACION CICLICA,AMDOCS,2026-05-23,2026-06-09,PEN,14.83,2.67,17.5,False,17.5,1,False,0.0,17.5,0.0,True,CONCILIADA_EXACTA,True
S7AA-0067424804,2082132796,CLIENT_00138,931871221,131645447,FACTURACION CICLICA,AMDOCS,2026-05-23,2026-06-09,PEN,18.98,3.42,22.4,False,22.4,1,False,0.0,22.4,0.0,True,CONCILIADA_EXACTA,True
S8AA-0007664074,2004792943,CLIENT_00818,261453231,813596557,FACTURACION CICLICA,AMDOCS,2026-05-27,2026-06-13,PEN,106.72,19.21,125.93,False,125.93,1,False,0.0,125.93,0.0,True,CONCILIADA_EXACTA,True
S8AA-0007522628,2005357307,CLIENT_00223,619846321,40684547,FACTURACION CICLICA,AMDOCS,2026-05-27,2026-06-13,PEN,43.25,7.78,51.03,False,51.03,1,False,0.0,51.03,0.0,True,CONCILIADA_EXACTA,True
S5AA-0080428144,2050348529,CLIENT_00770,567857431,569905957,FACTURACION CICLICA,AMDOCS,2026-05-18,2026-06-05,PEN,94.74,17.05,111.79,False,111.79,1,False,0.0,111.79,0.0,True,CONCILIADA_EXACTA,True
S7AA-0067338450,2022213767,CLIENT_00116,927628431,225016957,FACTURACION CICLICA,AMDOCS,2026-05-23,2026-06-09,PEN,94.86,17.07,111.93,False,111.93,1,False,0.0,111.93,0.0,True,CONCILIADA_EXACTA,True
S7AA-0067846086,1042311948,CLIENT_00722,68154575,480054063,FACTURACION CICLICA,AMDOCS,2026-05-23,2026-06-09,PEN,31.38,5.65,37.03,False,37.03,1,False,0.0,37.03,0.0,True,CONCILIADA_EXACTA,True
S8AA-0007545730,2005956371,CLIENT_00911,328548921,896983857,FACTURACION CICLICA,AMDOCS,2026-05-27,2026-06-13,PEN,139.04,25.04,164.08,False,164.08,1,False,0.0,164.08,0.0,True,CONCILIADA_EXACTA,True
S8AA-0007554817,2074525786,CLIENT_00733,626387331,649870857,FACTURACION CICLICA,AMDOCS,2026-05-27,2026-06-13,PEN,65.2,11.73,76.93,False,76.93,1,False,0.0,76.93,0.0,True,CONCILIADA_EXACTA,True
S7AA-0067420940,2045396307,CLIENT_00536,93721575,367487401,FACTURACION CICLICA,AMDOCS,2026-05-23,2026-06-09,PEN,26.4,4.75,31.15,False,31.15,1,False,0.0,31.15,0.0,True,CONCILIADA_EXACTA,True
S8AA-0007696707,2040313126,CLIENT_00058,373089521,485148747,FACTURACION CICLICA,AMDOCS,2026-05-27,2026-06-13,PEN,26.69,4.81,31.5,False,31.5,1,False,0.0,31.5,0.0,True,CONCILIADA_EXACTA,True
S8AA-0007577481,2084347031,CLIENT_00887,435846421,343721347,FACTURACION CICLICA,AMDOCS,2026-05-27,2026-06-13,PEN,237.23,42.7,279.93,False,279.93,1,False,0.0,279.93,0.0,True,CONCILIADA_EXACTA,True
S8AA-0007751947,2053487352,CLIENT_00912,193190921,923907057,FACTURACION CICLICA,AMDOCS,2026-05-27,2026-06-13,PEN,56.06,10.09,66.15,False,66.15,1,False,0.0,66.15,0.0,True,CONCILIADA_EXACTA,True
S7AA-0067293336,2019876876,CLIENT_00461,428478431,992088957,FACTURACION CICLICA,AMDOCS,2026-05-23,2026-06-09,PEN,53.33,9.6,62.93,False,62.93,1,False,0.0,62.93,0.0,True,CONCILIADA_EXACTA,True
S9AA-0081991691,2071395567,CLIENT_00118,491813321,475225047,FACTURACION CICLICA,AMDOCS,2026-06-01,2026-06-17,PEN,69.88,12.58,82.46,False,82.46,1,False,0.0,82.46,0.0,True,CONCILIADA_EXACTA,True
S8AA-0007666869,2009737179,CLIENT_00686,361279031,102535357,FACTURACION CICLICA,AMDOCS,2026-05-27,2026-06-13,PEN,19.87,3.58,23.45,False,23.45,1,False,0.0,23.45,0.0,True,CONCILIADA_EXACTA,True
S8AA-0007577503,2084347031,CLIENT_00887,435846421,419702347,FACTURACION CICLICA,AMDOCS,2026-05-27,2026-06-13,PEN,100.79,18.14,118.93,False,118.93,1,False,0.0,118.93,0.0,True,CONCILIADA_EXACTA,True
S8AA-0007496018,2077915409,CLIENT_00992,708407031,813111357,FACTURACION CICLICA,AMDOCS,2026-05-27,2026-06-13,PEN,6.29,1.13,7.42,False,7.42,1,False,0.0,7.42,0.0,True,CONCILIADA_EXACTA,True
S8AA-0007738164,2011020714,CLIENT_00404,685639431,280877957,FACTURACION CICLICA,AMDOCS,2026-05-27,2026-06-13,PEN,20.47,3.68,24.15,False,24.15,1,False,0.0,24.15,0.0,True,CONCILIADA_EXACTA,True
S7AA-0067637750,2003740540,CLIENT_00568,36984575,533151601,FACTURACION CICLICA,AMDOCS,2026-05-23,2026-06-09,PEN,56.29,10.14,66.43,False,66.43,1,False,0.0,66.43,0.0,True,CONCILIADA_EXACTA,True
S8AA-0008026217,2023184952,CLIENT_00156,12480921,236896057,FACTURACION CICLICA,AMDOCS,2026-06-27,2026-07-13,PEN,20.53,3.69,24.22,False,24.22,1,False,0.0,24.22,0.0,True,CONCILIADA_EXACTA,True
S8AA-0007651167,2058153118,CLIENT_00729,853875821,741139947,FACTURACION CICLICA,AMDOCS,2026-05-27,2026-06-13,PEN,40.04,7.21,47.25,False,47.25,1,False,0.0,47.25,0.0,True,CONCILIADA_EXACTA,True
S8AA-0007601867,2082378549,CLIENT_00977,247828421,766824347,FACTURACION CICLICA,AMDOCS,2026-05-27,2026-06-13,PEN,137.57,24.76,162.33,False,162.33,1,False,0.0,162.33,0.0,True,CONCILIADA_EXACTA,True
S7AA-0067806643,2031395900,CLIENT_00781,181668011,139106557,FACTURACION CICLICA,AMDOCS,2026-05-23,2026-06-09,PEN,100.49,18.09,118.58,False,118.58,1,False,0.0,118.58,0.0,True,CONCILIADA_EXACTA,True
S7AA-0067772773,2053911269,CLIENT_00373,775403901,520911167,FACTURACION CICLICA,AMDOCS,2026-05-23,2026-06-09,PEN,23.67,4.26,27.93,False,27.93,1,False,0.0,27.93,0.0,True,CONCILIADA_EXACTA,True
S7AA-0067293238,2019876876,CLIENT_00461,428478431,132296957,FACTURACION CICLICA,AMDOCS,2026-05-23,2026-06-09,PEN,53.33,9.6,62.93,False,62.93,1,False,0.0,62.93,0.0,True,CONCILIADA_EXACTA,True
S8AA-0007531918,2019848889,CLIENT_00982,915098421,46892647,FACTURACION CICLICA,AMDOCS,2026-05-27,2026-06-13,PEN,42.35,7.63,49.98,False,49.98,1,False,0.0,49.98,0.0,True,CONCILIADA_EXACTA,True
S8AA-0007577504,2084347031,CLIENT_00887,435846421,136952347,FACTURACION CICLICA,AMDOCS,2026-05-27,2026-06-13,PEN,112.65,20.28,132.93,False,132.93,1,False,0.0,132.93,0.0,True,CONCILIADA_EXACTA,True
S8AA-0007693292,2021032699,CLIENT_00278,270555321,398451247,FACTURACION CICLICA,AMDOCS,2026-05-27,2026-06-13,PEN,27.23,4.9,32.13,False,32.13,1,False,0.0,32.13,0.0,True,CONCILIADA_EXACTA,True
S9AA-0081854894,2088706641,CLIENT_00419,87007116,461196257,FACTURACION CICLICA,AMDOCS,2026-06-01,2026-06-17,PEN,41.47,7.46,48.93,False,48.93,1,False,0.0,48.93,0.0,True,CONCILIADA_EXACTA,True
S8AA-0007786729,2073030272,CLIENT_00502,407044131,445350957,FACTURACION CICLICA,AMDOCS,2026-05-27,2026-06-13,PEN,83.64,15.06,98.7,False,98.7,1,False,0.0,98.7,0.0,True,CONCILIADA_EXACTA,True
S8AA-0007692454,2027249828,CLIENT_00172,175639431,395777957,FACTURACION CICLICA,AMDOCS,2026-05-27,2026-06-13,PEN,17.79,3.21,21.0,False,21.0,1,False,0.0,21.0,0.0,True,CONCILIADA_EXACTA,True
S8AA-0007628139,2004941501,CLIENT_00776,50502621,445019857,FACTURACION CICLICA,AMDOCS,2026-05-27,2026-06-13,PEN,83.06,14.95,98.0,False,98.0,1,False,0.0,98.0,0.0,True,CONCILIADA_EXACTA,True
S8AA-0007519413,2005357307,CLIENT_00223,619846321,878242147,FACTURACION CICLICA,AMDOCS,2026-05-27,2026-06-13,PEN,59.86,10.77,70.63,False,70.63,1,False,0.0,70.63,0.0,True,CONCILIADA_EXACTA,True
S9AA-0081804936,2041506167,CLIENT_00025,176577131,451085167,FACTURACION CICLICA,AMDOCS,2026-06-01,2026-06-17,PEN,23.43,4.22,27.65,False,27.65,1,False,0.0,27.65,0.0,True,CONCILIADA_EXACTA,True
S7AA-0067750218,2051502270,CLIENT_00832,574333621,371131647,FACTURACION CICLICA,AMDOCS,2026-05-23,2026-06-09,PEN,88.92,16.01,104.93,False,104.93,1,False,0.0,104.93,0.0,True,CONCILIADA_EXACTA,True
S8AA-0007642701,2031026995,CLIENT_00400,453879131,507810557,FACTURACION CICLICA,AMDOCS,2026-05-27,2026-06-13,PEN,100.79,18.14,118.93,False,118.93,1,False,0.0,118.93,0.0,True,CONCILIADA_EXACTA,True
S9AA-0081746749,2098363854,CLIENT_00063,66883006,651430506,FACTURACION CICLICA,AMDOCS,2026-06-01,2026-06-17,PEN,94.86,17.07,111.93,False,111.93,1,False,0.0,111.93,0.0,True,CONCILIADA_EXACTA,True
S8AA-0007627540,2053805361,CLIENT_00167,51203231,315635557,FACTURACION CICLICA,AMDOCS,2026-05-27,2026-06-13,PEN,23.67,4.26,27.93,False,27.93,1,False,0.0,27.93,0.0,True,CONCILIADA_EXACTA,True
S8AA-0007985394,2053555214,CLIENT_00159,963595521,864148447,FACTURACION CICLICA,AMDOCS,2026-06-27,2026-07-13,PEN,43.25,7.78,51.03,False,51.03,1,False,0.0,51.03,0.0,True,CONCILIADA_EXACTA,True
S8AA-0007630728,2070952060,CLIENT_00669,159389821,305959657,FACTURACION CICLICA,AMDOCS,2026-05-27,2026-06-13,PEN,17.74,3.19,20.93,False,20.93,1,False,0.0,20.93,0.0,True,CONCILIADA_EXACTA,True
S7AA-0067293333,2019876876,CLIENT_00461,428478431,873778957,FACTURACION CICLICA,AMDOCS,2026-05-23,2026-06-09,PEN,53.33,9.6,62.93,False,62.93,1,False,0.0,62.93,0.0,True,CONCILIADA_EXACTA,True
S8AA-0007741974,2039485996,CLIENT_00766,789926621,661336167,FACTURACION CICLICA,AMDOCS,2026-05-27,2026-06-13,PEN,1.53,0.29,1.82,False,1.82,1,False,0.0,1.82,0.0,True,CONCILIADA_EXACTA,True
S9AA-0082441003,2084384500,CLIENT_00932,548262321,965273047,FACTURACION CICLICA,AMDOCS,2026-06-01,2026-06-17,PEN,44.44,7.99,52.43,False,52.43,1,False,0.0,52.43,0.0,True,CONCILIADA_EXACTA,True
S9AA-0082229737,2015571136,CLIENT_00819,22251785,645227306,FACTURACION CICLICA,AMDOCS,2026-06-01,2026-06-17,PEN,84.83,15.27,100.1,False,100.1,1,False,0.0,100.1,0.0,True,CONCILIADA_EXACTA,True
S9AA-0082300067,2042422772,CLIENT_00369,3027706,11187506,FACTURACION CICLICA,AMDOCS,2026-06-01,2026-06-17,PEN,32.63,5.87,38.5,False,38.5,1,False,0.0,38.5,0.0,True,CONCILIADA_EXACTA,True
S8AA-0007554818,2074525786,CLIENT_00733,626387331,741541857,FACTURACION CICLICA,AMDOCS,2026-05-27,2026-06-13,PEN,82.99,14.94,97.93,False,97.93,1,False,0.0,97.93,0.0,True,CONCILIADA_EXACTA,True
S8AA-0007630119,2072690831,CLIENT_00802,150349921,892599157,FACTURACION CICLICA,AMDOCS,2026-05-27,2026-06-13,PEN,103.69,18.67,122.36,False,122.36,1,False,0.0,122.36,0.0,True,CONCILIADA_EXACTA,True
S7AA-0068382846,2090130796,CLIENT_00833,871323321,472868847,FACTURACION CICLICA,AMDOCS,2026-06-23,2026-07-09,PEN,38.26,6.89,45.15,False,45.15,1,False,0.0,45.15,0.0,True,CONCILIADA_EXACTA,True
S7AA-0067293331,2019876876,CLIENT_00461,428478431,264678957,FACTURACION CICLICA,AMDOCS,2026-05-23,2026-06-09,PEN,53.33,9.6,62.93,False,62.93,1,False,0.0,62.93,0.0,True,CONCILIADA_EXACTA,True
S8AA-0007600567,2070236567,CLIENT_00464,147174821,156534857,FACTURACION CICLICA,AMDOCS,2026-05-27,2026-06-13,PEN,65.2,11.73,76.93,False,76.93,1,False,0.0,76.93,0.0,True,CONCILIADA_EXACTA,True
S9AA-0081897466,2036568728,CLIENT_00322,38331516,680339747,FACTURACION CICLICA,AMDOCS,2026-06-01,2026-06-17,PEN,88.92,16.01,104.93,False,104.93,1,False,0.0,104.93,0.0,True,CONCILIADA_EXACTA,True
S7AA-0067293334,2019876876,CLIENT_00461,428478431,584878957,FACTURACION CICLICA,AMDOCS,2026-05-23,2026-06-09,PEN,53.33,9.6,62.93,False,62.93,1,False,0.0,62.93,0.0,True,CONCILIADA_EXACTA,True
S8AA-0007602046,2029816520,CLIENT_00874,244414621,676462647,FACTURACION CICLICA,AMDOCS,2026-05-27,2026-06-13,PEN,31.38,5.65,37.03,False,37.03,1,False,0.0,37.03,0.0,True,CONCILIADA_EXACTA,True
S8AA-0007640654,2049062431,CLIENT_00233,359002531,962071067,FACTURACION CICLICA,AMDOCS,2026-05-27,2026-06-13,PEN,23.44,4.21,27.65,False,27.65,1,False,0.0,27.65,0.0,True,CONCILIADA_EXACTA,True
S8AA-0007555234,2088901543,CLIENT_00185,624034821,708531067,FACTURACION CICLICA,AMDOCS,2026-05-27,2026-06-13,PEN,88.92,16.01,104.93,False,104.93,1,False,0.0,104.93,0.0,True,CONCILIADA_EXACTA,True
S9AA-0082398480,2071170607,CLIENT_00207,14288385,267995647,FACTURACION CICLICA,AMDOCS,2026-06-01,2026-06-17,PEN,72.02,12.96,84.98,False,84.98,1,False,0.0,84.98,0.0,True,CONCILIADA_EXACTA,True
S8AA-0007760563,2029524666,CLIENT_00651,491668521,301333547,FACTURACION CICLICA,AMDOCS,2026-05-27,2026-06-13,PEN,61.04,10.99,72.03,False,72.03,1,False,0.0,72.03,0.0,True,CONCILIADA_EXACTA,True
S8AA-0007924837,2053805361,CLIENT_00167,51203231,315635557,FACTURACION CICLICA,AMDOCS,2026-06-27,2026-07-13,PEN,23.67,4.26,27.93,False,27.93,1,False,0.0,27.93,0.0,True,CONCILIADA_EXACTA,True
S9AA-0081683069,2059791752,CLIENT_00929,75231785,312517857,FACTURACION CICLICA,AMDOCS,2026-06-01,2026-06-17,PEN,123.21,22.18,145.39,False,145.39,1,False,0.0,145.39,0.0,True,CONCILIADA_EXACTA,True
S9AA-0081930936,2063869275,CLIENT_00067,78225906,547183737,FACTURACION CICLICA,AMDOCS,2026-06-01,2026-06-17,PEN,47.4,8.53,55.93,False,55.93,1,False,0.0,55.93,0.0,True,CONCILIADA_EXACTA,True
S7AA-0068628473,2012285306,CLIENT_00349,608231121,838759737,FACTURACION CICLICA,AMDOCS,2026-06-23,2026-07-09,PEN,47.4,8.53,55.93,False,55.93,1,False,0.0,55.93,0.0,True,CONCILIADA_EXACTA,True
S7AA-0067351863,2025969955,CLIENT_00430,138477221,459982937,FACTURACION CICLICA,AMDOCS,2026-05-23,2026-06-09,PEN,86.49,15.57,102.06,False,102.06,1,False,0.0,102.06,0.0,True,CONCILIADA_EXACTA,True
S8AA-0007897451,2070236567,CLIENT_00464,147174821,156534857,FACTURACION CICLICA,AMDOCS,2026-06-27,2026-07-13,PEN,65.2,11.73,76.93,False,76.93,1,False,0.0,76.93,0.0,True,CONCILIADA_EXACTA,True
S7AA-0067790276,2064536829,CLIENT_00259,977321531,298570067,FACTURACION CICLICA,AMDOCS,2026-05-23,2026-06-09,PEN,79.79,14.36,94.15,False,94.15,1,False,0.0,94.15,0.0,True,CONCILIADA_EXACTA,True
S9AA-0081855840,2028858667,CLIENT_00821,87664306,771448857,FACTURACION CICLICA,AMDOCS,2026-06-01,2026-06-17,PEN,23.67,4.26,27.93,False,27.93,1,False,0.0,27.93,0.0,True,CONCILIADA_EXACTA,True
S8AA-0007757681,2050562330,CLIENT_00282,398260721,394614747,FACTURACION CICLICA,AMDOCS,2026-05-27,2026-06-13,PEN,52.14,9.39,61.53,False,61.53,1,False,0.0,61.53,0.0,True,CONCILIADA_EXACTA,True
S8AA-0007726931,2077292308,CLIENT_00945,380329421,311026347,FACTURACION CICLICA,AMDOCS,2026-05-27,2026-06-13,PEN,18.1,3.26,21.35,False,21.35,1,False,0.0,21.35,0.0,True,CONCILIADA_EXACTA,True
S9AA-0082412666,2045106571,CLIENT_00547,34818616,650877606,FACTURACION CICLICA,AMDOCS,2026-06-01,2026-06-17,PEN,32.39,5.83,38.22,False,38.22,1,False,0.0,38.22,0.0,True,CONCILIADA_EXACTA,True
S8AA-0007770919,2082639572,CLIENT_00284,697374231,834028557,FACTURACION CICLICA,AMDOCS,2026-05-27,2026-06-13,PEN,26.33,4.75,31.08,False,31.08,1,False,0.0,31.08,0.0,True,CONCILIADA_EXACTA,True
S8AA-0007627541,2053805361,CLIENT_00167,51203231,727735557,FACTURACION CICLICA,AMDOCS,2026-05-27,2026-06-13,PEN,23.67,4.26,27.93,False,27.93,1,False,0.0,27.93,0.0,True,CONCILIADA_EXACTA,True
S8AA-0007906861,2084499858,CLIENT_00232,441453231,918290957,FACTURACION CICLICA,AMDOCS,2026-06-27,2026-07-13,PEN,103.52,18.63,122.15,False,122.15,1,False,0.0,122.15,0.0,True,CONCILIADA_EXACTA,True
S9AA-0081950759,2053891306,CLIENT_00166,983219311,870950757,FACTURACION CICLICA,AMDOCS,2026-06-01,2026-06-17,PEN,14.24,2.56,16.8,False,16.8,1,False,0.0,16.8,0.0,True,CONCILIADA_EXACTA,True
S9AA-0081966639,2085992497,CLIENT_00065,19585595,563121747,FACTURACION CICLICA,AMDOCS,2026-06-01,2026-06-17,PEN,94.86,17.07,111.93,False,111.93,1,False,0.0,111.93,0.0,True,CONCILIADA_EXACTA,True
S8AA-0007640659,2049062431,CLIENT_00233,359002531,781671067,FACTURACION CICLICA,AMDOCS,2026-05-27,2026-06-13,PEN,23.44,4.21,27.65,False,27.65,1,False,0.0,27.65,0.0,True,CONCILIADA_EXACTA,True
S8AA-0007926971,2000357153,CLIENT_00510,157860721,105625747,FACTURACION CICLICA,AMDOCS,2026-06-27,2026-07-13,PEN,88.92,16.01,104.93,False,104.93,1,False,0.0,104.93,0.0,True,CONCILIADA_EXACTA,True
S9AA-0082392053,2001115330,CLIENT_00908,935732531,860232067,FACTURACION CICLICA,AMDOCS,2026-06-01,2026-06-17,PEN,103.1,18.56,121.66,False,121.66,1,False,0.0,121.66,0.0,True,CONCILIADA_EXACTA,True
S8AA-0007888122,2002866357,CLIENT_00707,833798331,800712857,FACTURACION CICLICA,AMDOCS,2026-06-27,2026-07-13,PEN,100.79,18.14,118.93,False,118.93,1,False,0.0,118.93,0.0,True,CONCILIADA_EXACTA,True
S8AA-0007581347,2078272562,CLIENT_00198,530659421,808326257,FACTURACION CICLICA,AMDOCS,2026-05-27,2026-06-13,PEN,133.36,24.0,157.36,False,157.36,1,False,0.0,157.36,0.0,True,CONCILIADA_EXACTA,True
S8AA-0007623369,2057947861,CLIENT_00539,944561521,68808547,FACTURACION CICLICA,AMDOCS,2026-05-27,2026-06-13,PEN,109.63,19.73,129.36,False,129.36,1,False,0.0,129.36,0.0,True,CONCILIADA_EXACTA,True
S8AA-0007633832,2061945853,CLIENT_00964,255218521,225916657,FACTURACION CICLICA,AMDOCS,2026-05-27,2026-06-13,PEN,53.33,9.6,62.93,False,62.93,1,False,0.0,62.93,0.0,True,CONCILIADA_EXACTA,True
S8AA-0008077079,2088901543,CLIENT_00185,624034821,708531067,FACTURACION CICLICA,AMDOCS,2026-06-27,2026-07-13,PEN,88.92,16.01,104.93,False,104.93,1,False,0.0,104.93,0.0,True,CONCILIADA_EXACTA,True
S9AA-0081772648,2032184225,CLIENT_00719,96912895,713638406,FACTURACION CICLICA,AMDOCS,2026-06-01,2026-06-17,PEN,218.07,39.25,257.32,False,257.32,1,False,0.0,257.32,0.0,True,CONCILIADA_EXACTA,True
S9AA-0082239170,2058943768,CLIENT_00054,32045595,727955406,FACTURACION CICLICA,AMDOCS,2026-06-01,2026-06-17,PEN,78.84,14.19,93.03,False,93.03,1,False,0.0,93.03,0.0,True,CONCILIADA_EXACTA,True
S9AA-0082272610,2078692933,CLIENT_00993,72356185,353361306,FACTURACION CICLICA,AMDOCS,2026-06-01,2026-06-17,PEN,56.29,10.14,66.43,False,66.43,1,False,0.0,66.43,0.0,True,CONCILIADA_EXACTA,True
S7AA-0067078493,2039728300,CLIENT_00575,10215575,273905173,FACTURACION CICLICA,AMDOCS,2026-05-23,2026-06-09,PEN,33.75,6.08,39.83,False,39.83,1,False,0.0,39.83,0.0,True,CONCILIADA_EXACTA,True
S8AA-0007872311,2082639572,CLIENT_00284,697374231,179918557,FACTURACION CICLICA,AMDOCS,2026-06-27,2026-07-13,PEN,26.4,4.75,31.15,False,31.15,1,False,0.0,31.15,0.0,True,CONCILIADA_EXACTA,True
S8AA-0007766858,2090597659,CLIENT_00606,509664721,717790847,FACTURACION CICLICA,AMDOCS,2026-05-27,2026-06-13,PEN,66.26,11.93,78.19,False,78.19,1,False,0.0,78.19,0.0,True,CONCILIADA_EXACTA,True
S8AA-0008044159,2005357307,CLIENT_00223,619846321,40684547,FACTURACION CICLICA,AMDOCS,2026-06-27,2026-07-13,PEN,43.25,7.78,51.03,False,51.03,1,False,0.0,51.03,0.0,True,CONCILIADA_EXACTA,True
S8AA-0007606060,2084384500,CLIENT_00932,348670421,589093457,FACTURACION CICLICA,AMDOCS,2026-05-27,2026-06-13,PEN,65.2,11.73,76.93,False,76.93,1,False,0.0,76.93,0.0,True,CONCILIADA_EXACTA,True
S8AA-0007641443,2086851615,CLIENT_00905,455932421,976083247,FACTURACION CICLICA,AMDOCS,2026-05-27,2026-06-13,PEN,40.05,7.2,47.25,False,47.25,1,False,0.0,47.25,0.0,True,CONCILIADA_EXACTA,True
S8AA-0008099788,2095839381,CLIENT_00231,433723521,437853447,FACTURACION CICLICA,AMDOCS,2026-06-27,2026-07-13,PEN,59.26,10.67,69.93,False,69.93,1,False,0.0,69.93,0.0,True,CONCILIADA_EXACTA,True
S8AA-0007591360,2002866357,CLIENT_00707,833798331,800712857,FACTURACION CICLICA,AMDOCS,2026-05-27,2026-06-13,PEN,100.79,18.14,118.93,False,118.93,1,False,0.0,118.93,0.0,True,CONCILIADA_EXACTA,True
S9AA-0081945796,2093830022,CLIENT_00544,98001806,151528506,FACTURACION CICLICA,AMDOCS,2026-06-01,2026-06-17,PEN,81.56,14.69,96.25,False,96.25,1,False,0.0,96.25,0.0,True,CONCILIADA_EXACTA,True
S9AA-0081821679,2082156443,CLIENT_00237,478999431,480988957,FACTURACION CICLICA,AMDOCS,2026-06-01,2026-06-17,PEN,30.02,5.4,35.42,False,35.42,1,False,0.0,35.42,0.0,True,CONCILIADA_EXACTA,True
S9AA-0082043342,2076412738,CLIENT_00914,99741685,789189737,FACTURACION CICLICA,AMDOCS,2026-06-01,2026-06-17,PEN,47.4,8.53,55.93,False,55.93,1,False,0.0,55.93,0.0,True,CONCILIADA_EXACTA,True
S8AA-0007647080,2046639773,CLIENT_00422,659895821,33750167,FACTURACION CICLICA,AMDOCS,2026-05-27,2026-06-13,PEN,50.13,9.02,59.15,False,59.15,1,False,0.0,59.15,0.0,True,CONCILIADA_EXACTA,True
S9AA-0082045904,2050652193,CLIENT_00104,99098006,905422857,FACTURACION CICLICA,AMDOCS,2026-06-01,2026-06-17,PEN,118.59,21.34,139.93,False,139.93,1,False,0.0,139.93,0.0,True,CONCILIADA_EXACTA,True
S8AA-0007872312,2082639572,CLIENT_00284,697374231,834028557,FACTURACION CICLICA,AMDOCS,2026-06-27,2026-07-13,PEN,26.4,4.75,31.15,False,31.15,1,False,0.0,31.15,0.0,True,CONCILIADA_EXACTA,True
S9AA-0081887844,2042647818,CLIENT_00266,28064185,601803837,FACTURACION CICLICA,AMDOCS,2026-06-01,2026-06-17,PEN,31.74,5.71,37.45,False,37.45,1,False,0.0,37.45,0.0,True,CONCILIADA_EXACTA,True
S8AA-0007537799,2083393986,CLIENT_00825,128846421,419521347,FACTURACION CICLICA,AMDOCS,2026-05-27,2026-06-13,PEN,42.65,7.68,50.33,False,50.33,1,False,0.0,50.33,0.0,True,CONCILIADA_EXACTA,True
S9AA-0081820600,2068848408,CLIENT_00004,472307131,692206457,FACTURACION CICLICA,AMDOCS,2026-06-01,2026-06-17,PEN,65.13,11.73,76.86,False,76.86,1,False,0.0,76.86,0.0,True,CONCILIADA_EXACTA,True
S9AA-0081711638,2042176157,CLIENT_00570,26577195,667581406,FACTURACION CICLICA,AMDOCS,2026-06-01,2026-06-17,PEN,125.64,22.62,148.26,False,148.26,1,False,0.0,148.26,0.0,True,CONCILIADA_EXACTA,True
S9AA-0081902572,2066464531,CLIENT_00087,48105906,87129506,FACTURACION CICLICA,AMDOCS,2026-06-01,2026-06-17,PEN,103.52,18.63,122.15,False,122.15,1,False,0.0,122.15,0.0,True,CONCILIADA_EXACTA,True
S9AA-0082229979,2061270007,CLIENT_00298,22329095,11101406,FACTURACION CICLICA,AMDOCS,2026-06-01,2026-06-17,PEN,113.25,20.38,133.63,False,133.63,1,False,0.0,133.63,0.0,True,CONCILIADA_EXACTA,True
S9AA-0082365799,2005090949,CLIENT_00830,731945331,979976857,FACTURACION CICLICA,AMDOCS,2026-06-01,2026-06-17,PEN,33.94,6.1,40.04,False,40.04,1,False,0.0,40.04,0.0,True,CONCILIADA_EXACTA,True
S8AA-0007761251,2077048357,CLIENT_00123,494871031,192283257,FACTURACION CICLICA,AMDOCS,2026-05-27,2026-06-13,PEN,100.79,18.14,118.93,False,118.93,1,False,0.0,118.93,0.0,True,CONCILIADA_EXACTA,True
S9AA-0081858291,2026562260,CLIENT_00100,97851885,747228306,FACTURACION CICLICA,AMDOCS,2026-06-01,2026-06-17,PEN,63.29,11.4,74.69,False,74.69,1,False,0.0,74.69,0.0,True,CONCILIADA_EXACTA,True
S9AA-0082234271,2087931136,CLIENT_00555,229539621,416642747,FACTURACION CICLICA,AMDOCS,2026-06-01,2026-06-17,PEN,20.35,3.66,24.01,False,24.01,1,False,0.0,24.01,0.0,True,CONCILIADA_EXACTA,True
S8AA-0007640657,2049062431,CLIENT_00233,359002531,609571067,FACTURACION CICLICA,AMDOCS,2026-05-27,2026-06-13,PEN,23.44,4.21,27.65,False,27.65,1,False,0.0,27.65,0.0,True,CONCILIADA_EXACTA,True
S9AA-0082450960,2026807327,CLIENT_00677,64288416,286845057,FACTURACION CICLICA,AMDOCS,2026-06-01,2026-06-17,PEN,23.67,4.26,27.93,False,27.93,1,False,0.0,27.93,0.0,True,CONCILIADA_EXACTA,True
S9AA-0081847290,2058943768,CLIENT_00054,77299695,98279857,FACTURACION CICLICA,AMDOCS,2026-06-01,2026-06-17,PEN,77.06,13.87,90.93,False,90.93,1,False,0.0,90.93,0.0,True,CONCILIADA_EXACTA,True
S9AA-0081826717,1003385935,CLIENT_00953,57782806,460217237,FACTURACION CICLICA,AMDOCS,2026-06-01,2026-06-17,PEN,111.76,20.12,131.88,False,131.88,1,False,0.0,131.88,0.0,True,CONCILIADA_EXACTA,True
S9AA-0081854895,2088706641,CLIENT_00419,87007116,449196257,FACTURACION CICLICA,AMDOCS,2026-06-01,2026-06-17,PEN,41.47,7.46,48.93,False,48.93,1,False,0.0,48.93,0.0,True,CONCILIADA_EXACTA,True
S9AA-0082262296,2015648856,CLIENT_00530,52223795,620789857,FACTURACION CICLICA,AMDOCS,2026-06-01,2026-06-17,PEN,91.83,16.53,108.36,False,108.36,1,False,0.0,108.36,0.0,True,CONCILIADA_EXACTA,True
S9AA-0081841105,1031024653,CLIENT_00975,77371095,521620406,FACTURACION CICLICA,AMDOCS,2026-06-01,2026-06-17,PEN,93.08,16.75,109.83,False,109.83,1,False,0.0,109.83,0.0,True,CONCILIADA_EXACTA,True
S9AA-0082084350,2028712026,CLIENT_00204,50691516,652026606,FACTURACION CICLICA,AMDOCS,2026-06-01,2026-06-17,PEN,152.4,27.43,179.83,False,179.83,1,False,0.0,179.83,0.0,True,CONCILIADA_EXACTA,True
S9AA-0082334916,2056036658,CLIENT_00097,43899716,793398606,FACTURACION CICLICA,AMDOCS,2026-06-01,2026-06-17,PEN,74.69,13.44,88.13,False,88.13,1,False,0.0,88.13,0.0,True,CONCILIADA_EXACTA,True
S9AA-0082103906,2050836779,CLIENT_00070,702465221,263158937,FACTURACION CICLICA,AMDOCS,2026-06-01,2026-06-17,PEN,115.26,20.75,136.01,False,136.01,1,False,0.0,136.01,0.0,True,CONCILIADA_EXACTA,True
S8AA-0007641442,2086851615,CLIENT_00905,455932421,176083247,FACTURACION CICLICA,AMDOCS,2026-05-27,2026-06-13,PEN,40.05,7.2,47.25,False,47.25,1,False,0.0,47.25,0.0,True,CONCILIADA_EXACTA,True
S9AA-0082188090,2028712026,CLIENT_00204,71891516,82026606,FACTURACION CICLICA,AMDOCS,2026-06-01,2026-06-17,PEN,95.87,17.26,113.12,False,113.12,1,False,0.0,113.12,0.0,True,CONCILIADA_EXACTA,True
S9AA-0082271094,2067392845,CLIENT_00917,62874416,429371067,FACTURACION CICLICA,AMDOCS,2026-06-01,2026-06-17,PEN,94.86,17.07,111.93,False,111.93,1,False,0.0,111.93,0.0,True,CONCILIADA_EXACTA,True
S9AA-0081899772,2089896350,CLIENT_00217,38546016,135880167,FACTURACION CICLICA,AMDOCS,2026-06-01,2026-06-17,PEN,68.16,12.27,80.43,False,80.43,1,False,0.0,80.43,0.0,True,CONCILIADA_EXACTA,True
S9AA-0081772450,2010399017,CLIENT_00723,96621595,683815406,FACTURACION CICLICA,AMDOCS,2026-06-01,2026-06-17,PEN,100.55,18.1,118.65,False,118.65,1,False,0.0,118.65,0.0,True,CONCILIADA_EXACTA,True
S9AA-0081763816,2042422772,CLIENT_00369,86640595,770715406,FACTURACION CICLICA,AMDOCS,2026-06-01,2026-06-17,PEN,90.71,16.32,107.03,False,107.03,1,False,0.0,107.03,0.0,True,CONCILIADA_EXACTA,True
S9AA-0082140758,2073133607,CLIENT_00035,119545331,16136757,FACTURACION CICLICA,AMDOCS,2026-06-01,2026-06-17,PEN,47.4,8.53,55.93,False,55.93,1,False,0.0,55.93,0.0,True,CONCILIADA_EXACTA,True
S9AA-0081889821,2002302343,CLIENT_00020,281114021,509180557,FACTURACION CICLICA,AMDOCS,2026-06-01,2026-06-17,PEN,44.2,7.95,52.15,False,52.15,1,False,0.0,52.15,0.0,True,CONCILIADA_EXACTA,True
S8AA-0007577549,2095839381,CLIENT_00231,433723521,437853447,FACTURACION CICLICA,AMDOCS,2026-05-27,2026-06-13,PEN,59.26,10.67,69.93,False,69.93,1,False,0.0,69.93,0.0,True,CONCILIADA_EXACTA,True
S8AA-0007629596,2000357153,CLIENT_00510,157860721,105625747,FACTURACION CICLICA,AMDOCS,2026-05-27,2026-06-13,PEN,66.75,12.01,78.75,False,78.75,1,False,0.0,78.75,0.0,True,CONCILIADA_EXACTA,True
S9AA-0081671369,2010945037,CLIENT_00252,95990595,158692337,FACTURACION CICLICA,AMDOCS,2026-06-01,2026-06-17,PEN,90.71,16.32,107.03,False,107.03,1,False,0.0,107.03,0.0,True,CONCILIADA_EXACTA,True
S9AA-0081979255,2039714658,CLIENT_00290,39441885,564428306,FACTURACION CICLICA,AMDOCS,2026-06-01,2026-06-17,PEN,159.33,28.69,188.02,False,188.02,1,False,0.0,188.02,0.0,True,CONCILIADA_EXACTA,True
S9AA-0082117647,2063051543,CLIENT_00629,90065095,504460406,FACTURACION CICLICA,AMDOCS,2026-06-01,2026-06-17,PEN,72.02,12.96,84.98,False,84.98,1,False,0.0,84.98,0.0,True,CONCILIADA_EXACTA,True
S8AA-0007504937,2023184952,CLIENT_00156,12480921,236896057,FACTURACION CICLICA,AMDOCS,2026-05-27,2026-06-13,PEN,17.79,3.21,21.0,False,21.0,1,False,0.0,21.0,0.0,True,CONCILIADA_EXACTA,True
S8AA-0007640656,2049062431,CLIENT_00233,359002531,908571067,FACTURACION CICLICA,AMDOCS,2026-05-27,2026-06-13,PEN,23.44,4.21,27.65,False,27.65,1,False,0.0,27.65,0.0,True,CONCILIADA_EXACTA,True
S8AA-0007782391,2000414951,CLIENT_00221,305626821,438010057,FACTURACION CICLICA,AMDOCS,2026-05-27,2026-06-13,PEN,17.79,3.21,21.0,False,21.0,1,False,0.0,21.0,0.0,True,CONCILIADA_EXACTA,True
S9AA-0081913288,2096711703,CLIENT_00428,581765021,189262437,FACTURACION CICLICA,AMDOCS,2026-06-01,2026-06-17,PEN,122.08,21.98,144.06,False,144.06,1,False,0.0,144.06,0.0,True,CONCILIADA_EXACTA,True
S9AA-0081758584,2067006652,CLIENT_00878,76781206,77143147,FACTURACION CICLICA,AMDOCS,2026-06-01,2026-06-17,PEN,10.39,1.86,12.25,False,12.25,1,False,0.0,12.25,0.0,True,CONCILIADA_EXACTA,True
S9AA-0082103780,2050836779,CLIENT_00070,702465221,633428837,FACTURACION CICLICA,AMDOCS,2026-06-01,2026-06-17,PEN,73.86,13.29,87.15,False,87.15,1,False,0.0,87.15,0.0,True,CONCILIADA_EXACTA,True
S9AA-0082373878,2006444143,CLIENT_00059,83690706,65884557,FACTURACION CICLICA,AMDOCS,2026-06-01,2026-06-17,PEN,47.4,8.53,55.93,False,55.93,1,False,0.0,55.93,0.0,True,CONCILIADA_EXACTA,True
S9AA-0082398846,2030936191,CLIENT_00715,149263621,898524947,FACTURACION CICLICA,AMDOCS,2026-06-01,2026-06-17,PEN,142.32,25.61,167.93,False,167.93,1,False,0.0,167.93,0.0,True,CONCILIADA_EXACTA,True
S9AA-0081889332,2042647818,CLIENT_00266,28064185,904743157,FACTURACION CICLICA,AMDOCS,2026-06-01,2026-06-17,PEN,11.63,2.09,13.72,False,13.72,1,False,0.0,13.72,0.0,True,CONCILIADA_EXACTA,True
S8AA-0007635538,2093258591,CLIENT_00642,555856521,16720547,FACTURACION CICLICA,AMDOCS,2026-05-27,2026-06-13,PEN,52.14,9.39,61.53,False,61.53,1,False,0.0,61.53,0.0,True,CONCILIADA_EXACTA,True
S9AA-0082067056,2028712026,CLIENT_00204,30022516,2026606,FACTURACION CICLICA,AMDOCS,2026-06-01,2026-06-17,PEN,437.02,78.67,515.69,False,515.69,2,False,0.0,515.69,0.0,True,CONCILIADA_EXACTA,True
S9AA-0082206175,2023773061,CLIENT_00328,911133111,511291917,FACTURACION CICLICA,AMDOCS,2026-06-01,2026-06-17,PEN,39.33,7.08,46.41,False,46.41,1,False,0.0,46.41,0.0,True,CONCILIADA_EXACTA,True
S9AA-0082219337,2047585517,CLIENT_00754,914343231,116763067,FACTURACION CICLICA,AMDOCS,2026-06-01,2026-06-17,PEN,62.87,11.33,74.2,False,74.2,1,False,0.0,74.2,0.0,True,CONCILIADA_EXACTA,True
S9AA-0082343609,2082202511,CLIENT_00338,53080816,885009606,FACTURACION CICLICA,AMDOCS,2026-06-01,2026-06-17,PEN,104.59,18.82,123.41,False,123.41,1,False,0.0,123.41,0.0,True,CONCILIADA_EXACTA,True
S9AA-0081854893,2088706641,CLIENT_00419,87007116,725096257,FACTURACION CICLICA,AMDOCS,2026-06-01,2026-06-17,PEN,41.47,7.46,48.93,False,48.93,1,False,0.0,48.93,0.0,True,CONCILIADA_EXACTA,True
S9AA-0081827049,2013870601,CLIENT_00098,572674121,926932637,FACTURACION CICLICA,AMDOCS,2026-06-01,2026-06-17,PEN,41.47,7.46,48.93,False,48.93,1,False,0.0,48.93,0.0,True,CONCILIADA_EXACTA,True
S9AA-0081841399,2034958413,CLIENT_00366,77661495,794524406,FACTURACION CICLICA,AMDOCS,2026-06-01,2026-06-17,PEN,60.15,10.83,70.98,False,70.98,1,False,0.0,70.98,0.0,True,CONCILIADA_EXACTA,True
S9AA-0081812496,2091907227,CLIENT_00779,37698395,462643757,FACTURACION CICLICA,AMDOCS,2026-06-01,2026-06-17,PEN,106.95,19.26,126.21,False,117.81,1,False,8.39,117.82,-0.009999999999990905,True,CONCILIADA_EXACTA,True
S9AA-0082126917,2006444294,CLIENT_00359,1797306,954073506,FACTURACION CICLICA,AMDOCS,2026-06-01,2026-06-17,PEN,119.77,21.56,141.33,False,141.33,1,False,0.0,141.33,0.0,True,CONCILIADA_EXACTA,True
S9AA-0082253765,2000875718,CLIENT_00769,42605416,79421067,FACTURACION CICLICA,AMDOCS,2026-06-01,2026-06-17,PEN,8.01,1.44,9.45,False,9.45,1,False,0.0,9.45,0.0,True,CONCILIADA_EXACTA,True
S9AA-0082092899,2046859398,CLIENT_00764,60084616,92066606,FACTURACION CICLICA,AMDOCS,2026-06-01,2026-06-17,PEN,23.73,4.27,28.0,False,28.0,1,False,0.0,28.0,0.0,True,CONCILIADA_EXACTA,True
S9AA-0082476179,2037039972,CLIENT_00968,56068111,605125447,FACTURACION CICLICA,AMDOCS,2026-06-01,2026-06-17,PEN,62.94,11.33,74.27,False,74.27,1,False,0.0,74.27,0.0,True,CONCILIADA_EXACTA,True
S9AA-0082018377,2074355904,CLIENT_00935,203984621,629993647,FACTURACION CICLICA,AMDOCS,2026-06-01,2026-06-17,PEN,43.25,7.78,51.03,False,51.03,1,False,0.0,51.03,0.0,True,CONCILIADA_EXACTA,True
S9AA-0081836947,2011804641,CLIENT_00396,676669621,776152747,FACTURACION CICLICA,AMDOCS,2026-06-01,2026-06-17,PEN,118.59,21.34,139.93,False,139.93,1,False,0.0,139.93,0.0,True,CONCILIADA_EXACTA,True
S9AA-0082372229,2043659343,CLIENT_00128,830250421,724910247,FACTURACION CICLICA,AMDOCS,2026-06-01,2026-06-17,PEN,52.14,9.39,61.53,False,61.53,1,False,0.0,61.53,0.0,True,CONCILIADA_EXACTA,True
S9AA-0081755444,2067006652,CLIENT_00878,76781206,896022506,FACTURACION CICLICA,AMDOCS,2026-06-01,2026-06-17,PEN,39.69,7.14,46.83,False,46.83,1,False,0.0,46.83,0.0,True,CONCILIADA_EXACTA,True
S9AA-0082078300,2086007246,CLIENT_00809,40727195,10068147,FACTURACION CICLICA,AMDOCS,2026-06-01,2026-06-17,PEN,74.69,13.44,88.13,False,88.13,1,False,0.0,88.13,0.0,True,CONCILIADA_EXACTA,True
S9AA-0082267140,2009784756,CLIENT_00094,623989711,104536927,FACTURACION CICLICA,AMDOCS,2026-06-01,2026-06-17,PEN,13.59,2.44,16.03,False,16.03,1,False,0.0,16.03,0.0,True,CONCILIADA_EXACTA,True
S9AA-0081994657,2071395567,CLIENT_00118,491813321,801947067,FACTURACION CICLICA,AMDOCS,2026-06-01,2026-06-17,PEN,20.7,3.73,24.43,False,24.43,1,False,0.0,24.43,0.0,True,CONCILIADA_EXACTA,True
S9AA-0082106067,2046269782,CLIENT_00179,70424285,316814657,FACTURACION CICLICA,AMDOCS,2026-06-01,2026-06-17,PEN,41.47,7.46,48.93,False,48.93,1,False,0.0,48.93,0.0,True,CONCILIADA_EXACTA,True
S9AA-0081993126,2019351028,CLIENT_00937,49543006,179417257,FACTURACION CICLICA,AMDOCS,2026-06-01,2026-06-17,PEN,23.67,4.26,27.93,False,27.93,1,False,0.0,27.93,0.0,True,CONCILIADA_EXACTA,True
S9AA-0082109848,2087028740,CLIENT_00487,80293606,450746506,FACTURACION CICLICA,AMDOCS,2026-06-01,2026-06-17,PEN,26.64,4.8,31.43,False,31.43,1,False,0.0,31.43,0.0,True,CONCILIADA_EXACTA,True
S9AA-0081924145,2040445117,CLIENT_00255,683942421,682517257,FACTURACION CICLICA,AMDOCS,2026-06-01,2026-06-17,PEN,56.06,10.09,66.15,False,66.15,1,False,0.0,66.15,0.0,True,CONCILIADA_EXACTA,True
S9AA-0082403796,2077915427,CLIENT_00955,24009116,624412606,FACTURACION CICLICA,AMDOCS,2026-06-01,2026-06-17,PEN,41.47,7.46,48.93,False,48.93,1,False,0.0,48.93,0.0,True,CONCILIADA_EXACTA,True
S9AA-0082338777,2001109147,CLIENT_00012,43224195,276595257,FACTURACION CICLICA,AMDOCS,2026-06-01,2026-06-17,PEN,44.13,7.95,52.08,False,52.08,1,False,0.0,52.08,0.0,True,CONCILIADA_EXACTA,True
S9AA-0081855841,2028858667,CLIENT_00821,87664306,181448857,FACTURACION CICLICA,AMDOCS,2026-06-01,2026-06-17,PEN,34.76,6.26,41.02,False,41.02,1,False,0.0,41.02,0.0,True,CONCILIADA_EXACTA,True
S7AA-0068033722,2073578104,CLIENT_00612,93327575,247709501,FACTURACION CICLICA,AMDOCS,2026-06-23,2026-07-09,PEN,18.98,3.42,22.4,False,22.4,1,False,0.0,22.4,0.0,True,CONCILIADA_EXACTA,True
S9AA-0081778006,2089657456,CLIENT_00807,967295331,786476757,FACTURACION CICLICA,AMDOCS,2026-06-01,2026-06-17,PEN,112.65,20.28,132.93,False,132.93,1,False,0.0,132.93,0.0,True,CONCILIADA_EXACTA,True
S7AA-0068595973,2097998127,CLIENT_00891,108688031,435704357,FACTURACION CICLICA,AMDOCS,2026-06-23,2026-07-09,PEN,88.92,16.01,104.93,False,104.93,1,False,0.0,104.93,0.0,True,CONCILIADA_EXACTA,True
S9AA-0082023364,2027491743,CLIENT_00524,79291106,840691506,FACTURACION CICLICA,AMDOCS,2026-06-01,2026-06-17,PEN,93.08,16.75,109.83,False,109.83,1,False,0.0,109.83,0.0,True,CONCILIADA_EXACTA,True
S9AA-0082312445,2043288258,CLIENT_00956,13550895,3107947,FACTURACION CICLICA,AMDOCS,2026-06-01,2026-06-17,PEN,112.65,20.28,132.93,False,132.93,1,False,0.0,132.93,0.0,True,CONCILIADA_EXACTA,True
S9AA-0082232772,2013237934,CLIENT_00303,22518216,653521337,FACTURACION CICLICA,AMDOCS,2026-06-01,2026-06-17,PEN,71.13,12.8,83.93,False,83.93,1,False,0.0,83.93,0.0,True,CONCILIADA_EXACTA,True
S9AA-0082226386,2050878096,CLIENT_00515,127683021,469765257,FACTURACION CICLICA,AMDOCS,2026-06-01,2026-06-17,PEN,41.47,7.46,48.93,False,48.93,1,False,0.0,48.93,0.0,True,CONCILIADA_EXACTA,True
S7AA-0068188662,2024687919,CLIENT_00136,657982821,839284947,FACTURACION CICLICA,AMDOCS,2026-06-23,2026-07-09,PEN,14.83,2.67,17.5,False,17.5,1,False,0.0,17.5,0.0,True,CONCILIADA_EXACTA,True
S9AA-0081755774,2077915427,CLIENT_00955,76599116,854412606,FACTURACION CICLICA,AMDOCS,2026-06-01,2026-06-17,PEN,37.31,6.72,44.03,False,44.03,1,False,0.0,44.03,0.0,True,CONCILIADA_EXACTA,True
S9AA-0081988574,2032184225,CLIENT_00719,49671895,943638406,FACTURACION CICLICA,AMDOCS,2026-06-01,2026-06-17,PEN,84.83,15.27,100.1,False,100.1,1,False,0.0,100.1,0.0,True,CONCILIADA_EXACTA,True
S9AA-0081889219,2036631349,CLIENT_00307,289009821,229924057,FACTURACION CICLICA,AMDOCS,2026-06-01,2026-06-17,PEN,64.9,11.68,76.58,False,76.58,1,False,0.0,76.58,0.0,True,CONCILIADA_EXACTA,True
S9AA-0082106877,2028858667,CLIENT_00821,700649801,596759957,FACTURACION CICLICA,AMDOCS,2026-06-01,2026-06-17,PEN,20.77,3.73,24.5,False,24.5,1,False,0.0,24.5,0.0,True,CONCILIADA_EXACTA,True
S9AA-0082446917,2042422772,CLIENT_00369,64027706,811187506,FACTURACION CICLICA,AMDOCS,2026-06-01,2026-06-17,PEN,32.63,5.87,38.5,False,38.5,1,False,0.0,38.5,0.0,True,CONCILIADA_EXACTA,True
S9AA-0081784835,2072282953,CLIENT_00604,73927521,613780547,FACTURACION CICLICA,AMDOCS,2026-06-01,2026-06-17,PEN,66.74,12.01,78.75,False,78.75,1,False,0.0,78.75,0.0,True,CONCILIADA_EXACTA,True
S5AA-0081416997,2076142431,CLIENT_00318,7046995,926079406,FACTURACION CICLICA,AMDOCS,2026-06-18,2026-07-05,PEN,59.21,10.65,69.86,False,69.86,1,False,0.0,69.86,0.0,True,CONCILIADA_EXACTA,True
S7AA-0068033699,2045396307,CLIENT_00536,93721575,367487401,FACTURACION CICLICA,AMDOCS,2026-06-23,2026-07-09,PEN,26.4,4.75,31.15,False,31.15,1,False,0.0,31.15,0.0,True,CONCILIADA_EXACTA,True
S7AA-0068792060,2019876876,CLIENT_00461,428478431,524396957,FACTURACION CICLICA,AMDOCS,2026-06-23,2026-07-09,PEN,56.06,10.09,66.15,False,66.15,1,False,0.0,66.15,0.0,True,CONCILIADA_EXACTA,True
S9AA-0081700959,2079684847,CLIENT_00889,69212021,162411167,FACTURACION CICLICA,AMDOCS,2026-06-01,2026-06-17,PEN,23.44,4.21,27.65,False,27.65,1,False,0.0,27.65,0.0,True,CONCILIADA_EXACTA,True
S7AA-0068653783,2084279674,CLIENT_00091,904772311,252552227,FACTURACION CICLICA,AMDOCS,2026-06-23,2026-07-09,PEN,147.53,26.56,174.09,False,174.09,1,False,0.0,174.09,0.0,True,CONCILIADA_EXACTA,True
S7AA-0068321380,2056323517,CLIENT_00831,967913321,478601057,FACTURACION CICLICA,AMDOCS,2026-06-23,2026-07-09,PEN,71.13,12.8,83.93,False,83.93,1,False,0.0,83.93,0.0,True,CONCILIADA_EXACTA,True
S7AA-0068574131,2076902654,CLIENT_00003,742575,887507517,FACTURACION CICLICA,AMDOCS,2026-06-23,2026-07-09,PEN,49.18,8.86,58.03,False,58.03,1,False,0.0,58.03,0.0,True,CONCILIADA_EXACTA,True
S7AA-0068843213,2096447129,CLIENT_00321,13461575,777122357,FACTURACION CICLICA,AMDOCS,2026-06-23,2026-07-09,PEN,23.67,4.26,27.93,False,27.93,1,False,0.0,27.93,0.0,True,CONCILIADA_EXACTA,True
S7AA-0068838324,2096447129,CLIENT_00321,13461575,528114673,FACTURACION CICLICA,AMDOCS,2026-06-23,2026-07-09,PEN,33.75,6.08,39.83,False,39.83,1,False,0.0,39.83,0.0,True,CONCILIADA_EXACTA,True
S7AA-0068372683,2053911269,CLIENT_00373,775403901,157827047,FACTURACION CICLICA,AMDOCS,2026-06-23,2026-07-09,PEN,62.23,11.2,73.43,False,73.43,1,False,0.0,73.43,0.0,True,CONCILIADA_EXACTA,True
S7AA-0068143894,2001486599,CLIENT_00888,158289911,754274647,FACTURACION CICLICA,AMDOCS,2026-06-23,2026-07-09,PEN,59.92,10.78,70.7,False,70.7,1,False,0.0,70.7,0.0,True,CONCILIADA_EXACTA,True
S7AA-0068083319,2084915354,CLIENT_00997,445198921,387729157,FACTURACION CICLICA,AMDOCS,2026-06-23,2026-07-09,PEN,47.4,8.53,55.93,False,55.93,1,False,0.0,55.93,0.0,True,CONCILIADA_EXACTA,True
S7AA-0068305772,2097496783,CLIENT_00785,177349331,280533857,FACTURACION CICLICA,AMDOCS,2026-06-23,2026-07-09,PEN,118.22,21.29,139.51,False,139.51,1,False,0.0,139.51,0.0,True,CONCILIADA_EXACTA,True
S7AA-0068334504,2046868113,CLIENT_00397,37404575,331309943,FACTURACION CICLICA,AMDOCS,2026-06-23,2026-07-09,PEN,33.75,6.08,39.83,False,39.83,1,False,0.0,39.83,0.0,True,CONCILIADA_EXACTA,True
S7AA-0068334589,2045653206,CLIENT_00799,37534575,185213753,FACTURACION CICLICA,AMDOCS,2026-06-23,2026-07-09,PEN,70.6,12.7,83.3,False,83.3,1,False,0.0,83.3,0.0,True,CONCILIADA_EXACTA,True
S7AA-0068103176,2062849793,CLIENT_00574,549491531,861761067,FACTURACION CICLICA,AMDOCS,2026-06-23,2026-07-09,PEN,41.47,7.46,48.93,False,48.93,1,False,0.0,48.93,0.0,True,CONCILIADA_EXACTA,True
S7AA-0068840616,2025969955,CLIENT_00430,138477221,459982937,FACTURACION CICLICA,AMDOCS,2026-06-23,2026-07-09,PEN,86.49,15.57,102.06,False,102.06,1,False,0.0,102.06,0.0,True,CONCILIADA_EXACTA,True
S7AA-0067988825,2058314802,CLIENT_00763,236245531,860296067,FACTURACION CICLICA,AMDOCS,2026-06-23,2026-07-09,PEN,17.79,3.21,21.0,False,21.0,1,False,0.0,21.0,0.0,True,CONCILIADA_EXACTA,True
S7AA-0068792143,2019876876,CLIENT_00461,428478431,201678957,FACTURACION CICLICA,AMDOCS,2026-06-23,2026-07-09,PEN,55.99,10.09,66.08,False,66.08,1,False,0.0,66.08,0.0,True,CONCILIADA_EXACTA,True
S7AA-0067983002,2075533541,CLIENT_00465,333088111,164708037,FACTURACION CICLICA,AMDOCS,2026-06-23,2026-07-09,PEN,142.25,25.61,167.86,False,167.86,1,False,0.0,167.86,0.0,True,CONCILIADA_EXACTA,True
S7AA-0068019964,2094577730,CLIENT_00415,735052901,336779447,FACTURACION CICLICA,AMDOCS,2026-06-23,2026-07-09,PEN,45.62,8.21,53.83,False,53.83,1,False,0.0,53.83,0.0,True,CONCILIADA_EXACTA,True
S7AA-0068394829,2064536829,CLIENT_00259,977321531,670770067,FACTURACION CICLICA,AMDOCS,2026-06-23,2026-07-09,PEN,53.33,9.6,62.93,False,62.93,1,False,0.0,62.93,0.0,True,CONCILIADA_EXACTA,True
S7AA-0068033721,2073578104,CLIENT_00612,93327575,937709501,FACTURACION CICLICA,AMDOCS,2026-06-23,2026-07-09,PEN,377.59,3.42,381.01,False,381.01,2,False,0.0,381.01,0.0,True,CONCILIADA_EXACTA,True
S7AA-0068762011,2087019723,CLIENT_00085,124459521,882184547,FACTURACION CICLICA,AMDOCS,2026-06-23,2026-07-09,PEN,100.67,18.12,118.79,False,118.79,1,False,0.0,118.79,0.0,True,CONCILIADA_EXACTA,True
S7AA-0068377597,2053911269,CLIENT_00373,775403901,520911167,FACTURACION CICLICA,AMDOCS,2026-06-23,2026-07-09,PEN,23.67,4.26,27.93,False,27.93,1,False,0.0,27.93,0.0,True,CONCILIADA_EXACTA,True
S7AA-0068378848,2083487599,CLIENT_00850,87302575,681475163,FACTURACION CICLICA,AMDOCS,2026-06-23,2026-07-09,PEN,34.11,6.14,40.25,False,40.25,1,False,0.0,40.25,0.0,True,CONCILIADA_EXACTA,True
S7AA-0068373463,2053911269,CLIENT_00373,775403901,369539547,FACTURACION CICLICA,AMDOCS,2026-06-23,2026-07-09,PEN,18.98,3.42,22.4,False,22.4,1,False,0.0,22.4,0.0,True,CONCILIADA_EXACTA,True
S7AA-0068590951,2039728300,CLIENT_00575,10215575,273905173,FACTURACION CICLICA,AMDOCS,2026-06-23,2026-07-09,PEN,33.75,6.08,39.83,False,39.83,1,False,0.0,39.83,0.0,True,CONCILIADA_EXACTA,True
S7AA-0068792142,2019876876,CLIENT_00461,428478431,998378957,FACTURACION CICLICA,AMDOCS,2026-06-23,2026-07-09,PEN,56.06,10.09,66.15,False,66.15,1,False,0.0,66.15,0.0,True,CONCILIADA_EXACTA,True
S7AA-0068693925,2055526321,CLIENT_00661,319461331,702459657,FACTURACION CICLICA,AMDOCS,2026-06-23,2026-07-09,PEN,30.25,5.45,35.7,False,35.7,1,False,0.0,35.7,0.0,True,CONCILIADA_EXACTA,True
S7AA-0068394828,2064536829,CLIENT_00259,977321531,298570067,FACTURACION CICLICA,AMDOCS,2026-06-23,2026-07-09,PEN,77.06,13.87,90.93,False,90.93,1,False,0.0,90.93,0.0,True,CONCILIADA_EXACTA,True
S7AA-0068410884,2031395900,CLIENT_00781,181668011,139106557,FACTURACION CICLICA,AMDOCS,2026-06-23,2026-07-09,PEN,100.49,18.09,118.58,False,118.58,1,False,0.0,118.58,0.0,True,CONCILIADA_EXACTA,True
S7AA-0068373461,2053911269,CLIENT_00373,775403901,447039547,FACTURACION CICLICA,AMDOCS,2026-06-23,2026-07-09,PEN,18.98,3.42,22.4,False,22.4,1,False,0.0,22.4,0.0,True,CONCILIADA_EXACTA,True
S7AA-0068135405,2066842380,CLIENT_00337,51238721,86657847,FACTURACION CICLICA,AMDOCS,2026-06-23,2026-07-09,PEN,52.14,9.39,61.53,False,61.53,1,False,0.0,61.53,0.0,True,CONCILIADA_EXACTA,True
S7AA-0068316384,2080474018,CLIENT_00995,7517575,492328501,FACTURACION CICLICA,AMDOCS,2026-06-23,2026-07-09,PEN,25.45,4.58,30.03,False,30.03,1,False,0.0,30.03,0.0,True,CONCILIADA_EXACTA,True
S7AA-0068024931,2025199500,CLIENT_00474,83042575,629980903,FACTURACION CICLICA,AMDOCS,2026-06-23,2026-07-09,PEN,49.18,8.86,58.03,False,58.03,1,False,0.0,58.03,0.0,True,CONCILIADA_EXACTA,True
S7AA-0068463661,2089094497,CLIENT_00230,785924131,788831457,FACTURACION CICLICA,AMDOCS,2026-06-23,2026-07-09,PEN,65.2,11.73,76.93,False,76.93,1,False,0.0,76.93,0.0,True,CONCILIADA_EXACTA,True
S7AA-0068792145,2019876876,CLIENT_00461,428478431,585678957,FACTURACION CICLICA,AMDOCS,2026-06-23,2026-07-09,PEN,56.06,10.09,66.15,False,66.15,1,False,0.0,66.15,0.0,True,CONCILIADA_EXACTA,True
S7AA-0068378447,2083487599,CLIENT_00850,87302575,836762623,FACTURACION CICLICA,AMDOCS,2026-06-23,2026-07-09,PEN,39.69,7.14,46.83,False,46.83,1,False,0.0,46.83,0.0,True,CONCILIADA_EXACTA,True
S7AA-0067988818,2058314802,CLIENT_00763,236245531,636986067,FACTURACION CICLICA,AMDOCS,2026-06-23,2026-07-09,PEN,17.79,3.21,21.0,False,21.0,1,False,0.0,21.0,0.0,True,CONCILIADA_EXACTA,True
S7AA-0067988823,2058314802,CLIENT_00763,236245531,924196067,FACTURACION CICLICA,AMDOCS,2026-06-23,2026-07-09,PEN,17.79,3.21,21.0,False,21.0,1,False,0.0,21.0,0.0,True,CONCILIADA_EXACTA,True
S7AA-0067988817,2058314802,CLIENT_00763,236245531,804686067,FACTURACION CICLICA,AMDOCS,2026-06-23,2026-07-09,PEN,17.79,3.21,21.0,False,21.0,1,False,0.0,21.0,0.0,True,CONCILIADA_EXACTA,True
S7AA-0068572792,2076902654,CLIENT_00003,742575,867628823,FACTURACION CICLICA,AMDOCS,2026-06-23,2026-07-09,PEN,46.14,8.32,54.46,False,54.46,1,False,0.0,54.46,0.0,True,CONCILIADA_EXACTA,True
S7AA-0068266161,2050636428,CLIENT_00398,56835575,851836537,FACTURACION CICLICA,AMDOCS,2026-06-23,2026-07-09,PEN,20.71,3.72,24.43,False,24.43,1,False,0.0,24.43,0.0,True,CONCILIADA_EXACTA,True
S7AA-0068792141,2019876876,CLIENT_00461,428478431,50378957,FACTURACION CICLICA,AMDOCS,2026-06-23,2026-07-09,PEN,56.06,10.09,66.15,False,66.15,1,False,0.0,66.15,0.0,True,CONCILIADA_EXACTA,True
S7AA-0068792144,2019876876,CLIENT_00461,428478431,264678957,FACTURACION CICLICA,AMDOCS,2026-06-23,2026-07-09,PEN,56.06,10.09,66.15,False,66.15,1,False,0.0,66.15,0.0,True,CONCILIADA_EXACTA,True
S7AA-0068223048,2008001207,CLIENT_00593,62759521,117084547,FACTURACION CICLICA,AMDOCS,2026-06-23,2026-07-09,PEN,47.4,8.53,55.93,False,55.93,1,False,0.0,55.93,0.0,True,CONCILIADA_EXACTA,True
S7AA-0068029340,2078938243,CLIENT_00676,832104121,333717847,FACTURACION CICLICA,AMDOCS,2026-06-23,2026-07-09,PEN,94.86,17.07,111.93,False,111.93,1,False,0.0,111.93,0.0,True,CONCILIADA_EXACTA,True
S7AA-0068792160,2019876876,CLIENT_00461,428478431,9340067,FACTURACION CICLICA,AMDOCS,2026-06-23,2026-07-09,PEN,55.99,10.09,66.08,False,66.08,1,False,0.0,66.08,0.0,True,CONCILIADA_EXACTA,True
S7AA-0068037491,2082132796,CLIENT_00138,931871221,131645447,FACTURACION CICLICA,AMDOCS,2026-06-23,2026-07-09,PEN,18.98,3.42,22.4,False,14.18,1,False,8.21,14.189999999999998,-0.00999999999999801,True,CONCILIADA_EXACTA,True
S7AA-0068020056,2094577730,CLIENT_00415,735052901,318794547,FACTURACION CICLICA,AMDOCS,2026-06-23,2026-07-09,PEN,105.53,19.0,124.53,False,124.53,1,False,0.0,124.53,0.0,True,CONCILIADA_EXACTA,True
S7AA-0068373460,2053911269,CLIENT_00373,775403901,2929547,FACTURACION CICLICA,AMDOCS,2026-06-23,2026-07-09,PEN,41.47,7.46,48.93,False,48.93,1,False,0.0,48.93,0.0,True,CONCILIADA_EXACTA,True
S7AA-0068792159,2019876876,CLIENT_00461,428478431,604240067,FACTURACION CICLICA,AMDOCS,2026-06-23,2026-07-09,PEN,56.06,10.09,66.15,False,66.15,1,False,0.0,66.15,0.0,True,CONCILIADA_EXACTA,True
S7AA-0068587917,2002115898,CLIENT_00928,300615221,809268657,FACTURACION CICLICA,AMDOCS,2026-06-23,2026-07-09,PEN,97.83,17.6,115.43,False,115.43,1,False,0.0,115.43,0.0,True,CONCILIADA_EXACTA,True
S7AA-0068836224,2022213767,CLIENT_00116,927628431,225016957,FACTURACION CICLICA,AMDOCS,2026-06-23,2026-07-09,PEN,94.86,17.07,111.93,False,111.93,1,False,0.0,111.93,0.0,True,CONCILIADA_EXACTA,True
S7AA-0068409372,2008733174,CLIENT_00190,189280821,614471947,FACTURACION CICLICA,AMDOCS,2026-06-23,2026-07-09,PEN,442.19,79.59,521.78,False,521.78,1,False,0.0,521.78,0.0,True,CONCILIADA_EXACTA,True
S7AA-0068382566,2081309251,CLIENT_00433,870041721,288955747,FACTURACION CICLICA,AMDOCS,2026-06-23,2026-07-09,PEN,101.73,18.32,120.05,False,120.05,1,False,0.0,120.05,0.0,True,CONCILIADA_EXACTA,True
S7AA-0068792056,2019876876,CLIENT_00461,428478431,979196957,FACTURACION CICLICA,AMDOCS,2026-06-23,2026-07-09,PEN,56.06,10.09,66.15,False,66.15,1,False,0.0,66.15,0.0,True,CONCILIADA_EXACTA,True
S7AA-0068372682,2053911269,CLIENT_00373,775403901,137827047,FACTURACION CICLICA,AMDOCS,2026-06-23,2026-07-09,PEN,59.26,10.67,69.93,False,69.93,1,False,0.0,69.93,0.0,True,CONCILIADA_EXACTA,True
S7AA-0068792149,2019876876,CLIENT_00461,428478431,992088957,FACTURACION CICLICA,AMDOCS,2026-06-23,2026-07-09,PEN,56.06,10.09,66.15,False,66.15,1,False,0.0,66.15,0.0,True,CONCILIADA_EXACTA,True
S7AA-0068685545,2011902949,CLIENT_00423,219872611,715026857,FACTURACION CICLICA,AMDOCS,2026-06-23,2026-07-09,PEN,29.6,5.33,34.93,False,34.93,1,False,0.0,34.93,0.0,True,CONCILIADA_EXACTA,True
S7AA-0067988824,2058314802,CLIENT_00763,236245531,585196067,FACTURACION CICLICA,AMDOCS,2026-06-23,2026-07-09,PEN,17.79,3.21,21.0,False,21.0,1,False,0.0,21.0,0.0,True,CONCILIADA_EXACTA,True
S7AA-0068188698,2024687919,CLIENT_00136,657982821,607498947,FACTURACION CICLICA,AMDOCS,2026-06-23,2026-07-09,PEN,14.76,2.67,17.43,False,17.43,1,False,0.0,17.43,0.0,True,CONCILIADA_EXACTA,True
S7AA-0068449493,1042311948,CLIENT_00722,68154575,480054063,FACTURACION CICLICA,AMDOCS,2026-06-23,2026-07-09,PEN,31.38,5.65,37.03,False,37.03,1,False,0.0,37.03,0.0,True,CONCILIADA_EXACTA,True
S7AA-0068656826,2038993702,CLIENT_00732,908895821,457589947,FACTURACION CICLICA,AMDOCS,2026-06-23,2026-07-09,PEN,17.79,3.21,21.0,False,21.0,1,False,0.0,21.0,0.0,True,CONCILIADA_EXACTA,True
S7AA-0068792058,2019876876,CLIENT_00461,428478431,132296957,FACTURACION CICLICA,AMDOCS,2026-06-23,2026-07-09,PEN,56.06,10.09,66.15,False,66.15,1,False,0.0,66.15,0.0,True,CONCILIADA_EXACTA,True
S7AA-0068095466,2054807394,CLIENT_00152,54754575,268922001,FACTURACION CICLICA,AMDOCS,2026-06-23,2026-07-09,PEN,39.69,7.14,46.83,False,46.83,1,False,0.0,46.83,0.0,True,CONCILIADA_EXACTA,True
S7AA-0068640485,2081744801,CLIENT_00542,70825575,745571557,FACTURACION CICLICA,AMDOCS,2026-06-23,2026-07-09,PEN,53.33,9.6,62.93,False,62.93,1,False,0.0,62.93,0.0,True,CONCILIADA_EXACTA,True
S7AA-0068552123,2029238395,CLIENT_00195,799221901,475125457,FACTURACION CICLICA,AMDOCS,2026-06-23,2026-07-09,PEN,44.2,7.95,52.15,False,52.15,1,False,0.0,52.15,0.0,True,CONCILIADA_EXACTA,True
S7AA-0068733970,2087681453,CLIENT_00859,816856611,885634337,FACTURACION CICLICA,AMDOCS,2026-06-23,2026-07-09,PEN,40.05,7.2,47.25,False,47.25,1,False,0.0,47.25,0.0,True,CONCILIADA_EXACTA,True
S7AA-0068502552,2069275365,CLIENT_00125,29031575,43130263,FACTURACION CICLICA,AMDOCS,2026-06-23,2026-07-09,PEN,88.92,16.01,104.93,False,104.93,1,False,0.0,104.93,0.0,True,CONCILIADA_EXACTA,True
S7AA-0068047684,2058571451,CLIENT_00813,47308221,730302257,FACTURACION CICLICA,AMDOCS,2026-06-23,2026-07-09,PEN,37.38,6.72,44.1,False,44.1,1,False,0.0,44.1,0.0,True,CONCILIADA_EXACTA,True
S7AA-0068792150,2019876876,CLIENT_00461,428478431,415409957,FACTURACION CICLICA,AMDOCS,2026-06-23,2026-07-09,PEN,56.06,10.09,66.15,False,66.15,1,False,0.0,66.15,0.0,True,CONCILIADA_EXACTA,True
S7AA-0068838148,2008212698,CLIENT_00588,13862575,299513263,FACTURACION CICLICA,AMDOCS,2026-06-23,2026-07-09,PEN,28.71,5.17,33.88,False,33.88,1,False,0.0,33.88,0.0,True,CONCILIADA_EXACTA,True
S7AA-0068285570,2054807394,CLIENT_00152,761492421,784070847,FACTURACION CICLICA,AMDOCS,2026-06-23,2026-07-09,PEN,142.25,25.61,167.86,False,167.86,1,False,0.0,167.86,0.0,True,CONCILIADA_EXACTA,True
S7AA-0068792075,2019876876,CLIENT_00461,428478431,977996957,FACTURACION CICLICA,AMDOCS,2026-06-23,2026-07-09,PEN,56.06,10.09,66.15,False,66.15,1,False,0.0,66.15,0.0,True,CONCILIADA_EXACTA,True
